Simulator report for lab8
Thu Mar 21 19:27:37 2024
Quartus II Version 9.1 Build 222 10/21/2009 SJ Web Edition


---------------------
; Table of Contents ;
---------------------
  1. Legal Notice
  2. Simulator Summary
  3. Simulator Settings
  4. Simulation Waveforms
  5. |main|lpm_ram_dq0:inst1|altsyncram:altsyncram_component|altsyncram_l9a1:auto_generated|ALTSYNCRAM
  6. Coverage Summary
  7. Complete 1/0-Value Coverage
  8. Missing 1-Value Coverage
  9. Missing 0-Value Coverage
 10. Simulator INI Usage
 11. Simulator Messages



----------------
; Legal Notice ;
----------------
Copyright (C) 1991-2009 Altera Corporation
Your use of Altera Corporation's design tools, logic functions 
and other software and tools, and its AMPP partner logic 
functions, and any output files from any of the foregoing 
(including device programming or simulation files), and any 
associated documentation or information are expressly subject 
to the terms and conditions of the Altera Program License 
Subscription Agreement, Altera MegaCore Function License 
Agreement, or other applicable license agreement, including, 
without limitation, that your use is for the sole purpose of 
programming logic devices manufactured by Altera and sold by 
Altera or its authorized distributors.  Please refer to the 
applicable agreement for further details.



+--------------------------------------------+
; Simulator Summary                          ;
+-----------------------------+--------------+
; Type                        ; Value        ;
+-----------------------------+--------------+
; Simulation Start Time       ; 0 ps         ;
; Simulation End Time         ; 1.0 us       ;
; Simulation Netlist Size     ; 426 nodes    ;
; Simulation Coverage         ;      58.14 % ;
; Total Number of Transitions ; 4158         ;
; Simulation Breakpoints      ; 0            ;
; Family                      ; Stratix II   ;
+-----------------------------+--------------+


+-------------------------------------------------------------------------------------------------------------------------+
; Simulator Settings                                                                                                      ;
+--------------------------------------------------------------------------------------------+------------+---------------+
; Option                                                                                     ; Setting    ; Default Value ;
+--------------------------------------------------------------------------------------------+------------+---------------+
; Simulation mode                                                                            ; Functional ; Timing        ;
; Start time                                                                                 ; 0 ns       ; 0 ns          ;
; Simulation results format                                                                  ; CVWF       ;               ;
; Vector input source                                                                        ; main.vwf   ;               ;
; Add pins automatically to simulation output waveforms                                      ; On         ; On            ;
; Check outputs                                                                              ; Off        ; Off           ;
; Report simulation coverage                                                                 ; On         ; On            ;
; Display complete 1/0 value coverage report                                                 ; On         ; On            ;
; Display missing 1-value coverage report                                                    ; On         ; On            ;
; Display missing 0-value coverage report                                                    ; On         ; On            ;
; Detect setup and hold time violations                                                      ; Off        ; Off           ;
; Detect glitches                                                                            ; Off        ; Off           ;
; Disable timing delays in Timing Simulation                                                 ; Off        ; Off           ;
; Generate Signal Activity File                                                              ; Off        ; Off           ;
; Generate VCD File for PowerPlay Power Analyzer                                             ; Off        ; Off           ;
; Group bus channels in simulation results                                                   ; Off        ; Off           ;
; Preserve fewer signal transitions to reduce memory requirements                            ; On         ; On            ;
; Trigger vector comparison with the specified mode                                          ; INPUT_EDGE ; INPUT_EDGE    ;
; Disable setup and hold time violations detection in input registers of bi-directional pins ; Off        ; Off           ;
; Overwrite Waveform Inputs With Simulation Outputs                                          ; Off        ;               ;
; Perform Glitch Filtering in Timing Simulation                                              ; Auto       ; Auto          ;
+--------------------------------------------------------------------------------------------+------------+---------------+


+----------------------+
; Simulation Waveforms ;
+----------------------+
Waveform report data cannot be output to ASCII.
Please use Quartus II to view the waveform report data.


+---------------------------------------------------------------------------------------------------+
; |main|lpm_ram_dq0:inst1|altsyncram:altsyncram_component|altsyncram_l9a1:auto_generated|ALTSYNCRAM ;
+---------------------------------------------------------------------------------------------------+
Please refer to fitter text-based report (*.fit.rpt) to view logical memory report content in ASCII.


+--------------------------------------------------------------------+
; Coverage Summary                                                   ;
+-----------------------------------------------------+--------------+
; Type                                                ; Value        ;
+-----------------------------------------------------+--------------+
; Total coverage as a percentage                      ;      58.14 % ;
; Total nodes checked                                 ; 426          ;
; Total output ports checked                          ; 430          ;
; Total output ports with complete 1/0-value coverage ; 250          ;
; Total output ports with no 1/0-value coverage       ; 114          ;
; Total output ports with no 1-value coverage         ; 147          ;
; Total output ports with no 0-value coverage         ; 147          ;
+-----------------------------------------------------+--------------+


The following table displays output ports that toggle between 1 and 0 during simulation.
+------------------------------------------------------------------------------------------------------------------------------------------------------------------------------------------------------------------------------------------------------------------------------------------+
; Complete 1/0-Value Coverage                                                                                                                                                                                                                                                              ;
+-----------------------------------------------------------------------------------------------------------------------------------+-----------------------------------------------------------------------------------------------------------------------------------+------------------+
; Node Name                                                                                                                         ; Output Port Name                                                                                                                  ; Output Port Type ;
+-----------------------------------------------------------------------------------------------------------------------------------+-----------------------------------------------------------------------------------------------------------------------------------+------------------+
; |main|MISS                                                                                                                        ; |main|MISS                                                                                                                        ; pin_out          ;
; |main|clk                                                                                                                         ; |main|clk                                                                                                                         ; out              ;
; |main|read                                                                                                                        ; |main|read                                                                                                                        ; out              ;
; |main|write                                                                                                                       ; |main|write                                                                                                                       ; out              ;
; |main|address[6]                                                                                                                  ; |main|address[6]                                                                                                                  ; out              ;
; |main|address[5]                                                                                                                  ; |main|address[5]                                                                                                                  ; out              ;
; |main|address[4]                                                                                                                  ; |main|address[4]                                                                                                                  ; out              ;
; |main|address[3]                                                                                                                  ; |main|address[3]                                                                                                                  ; out              ;
; |main|address_out_ram[6]                                                                                                          ; |main|address_out_ram[6]                                                                                                          ; pin_out          ;
; |main|address_out_ram[5]                                                                                                          ; |main|address_out_ram[5]                                                                                                          ; pin_out          ;
; |main|address_out_ram[4]                                                                                                          ; |main|address_out_ram[4]                                                                                                          ; pin_out          ;
; |main|address_out_ram[3]                                                                                                          ; |main|address_out_ram[3]                                                                                                          ; pin_out          ;
; |main|address_out_ram[1]                                                                                                          ; |main|address_out_ram[1]                                                                                                          ; pin_out          ;
; |main|address_out_ram[0]                                                                                                          ; |main|address_out_ram[0]                                                                                                          ; pin_out          ;
; |main|data_out_ram[4]                                                                                                             ; |main|data_out_ram[4]                                                                                                             ; pin_out          ;
; |main|data_out_ram[3]                                                                                                             ; |main|data_out_ram[3]                                                                                                             ; pin_out          ;
; |main|data_out_ram[2]                                                                                                             ; |main|data_out_ram[2]                                                                                                             ; pin_out          ;
; |main|data_out_ram[1]                                                                                                             ; |main|data_out_ram[1]                                                                                                             ; pin_out          ;
; |main|data_out_ram[0]                                                                                                             ; |main|data_out_ram[0]                                                                                                             ; pin_out          ;
; |main|write_data[4]                                                                                                               ; |main|write_data[4]                                                                                                               ; out              ;
; |main|write_data[3]                                                                                                               ; |main|write_data[3]                                                                                                               ; out              ;
; |main|write_data[2]                                                                                                               ; |main|write_data[2]                                                                                                               ; out              ;
; |main|HIT                                                                                                                         ; |main|HIT                                                                                                                         ; pin_out          ;
; |main|monitor                                                                                                                     ; |main|monitor                                                                                                                     ; pin_out          ;
; |main|cache_data[4]                                                                                                               ; |main|cache_data[4]                                                                                                               ; pin_out          ;
; |main|cache_data[3]                                                                                                               ; |main|cache_data[3]                                                                                                               ; pin_out          ;
; |main|offset[1]                                                                                                                   ; |main|offset[1]                                                                                                                   ; pin_out          ;
; |main|offset[0]                                                                                                                   ; |main|offset[0]                                                                                                                   ; pin_out          ;
; |main|ram_data[4]                                                                                                                 ; |main|ram_data[4]                                                                                                                 ; pin_out          ;
; |main|ram_data[3]                                                                                                                 ; |main|ram_data[3]                                                                                                                 ; pin_out          ;
; |main|ram_data[2]                                                                                                                 ; |main|ram_data[2]                                                                                                                 ; pin_out          ;
; |main|ram_data[1]                                                                                                                 ; |main|ram_data[1]                                                                                                                 ; pin_out          ;
; |main|ram_data[0]                                                                                                                 ; |main|ram_data[0]                                                                                                                 ; pin_out          ;
; |main|selected_line[1]                                                                                                            ; |main|selected_line[1]                                                                                                            ; pin_out          ;
; |main|selected_line[0]                                                                                                            ; |main|selected_line[0]                                                                                                            ; pin_out          ;
; |main|lpm_ram_dq0:inst1|altsyncram:altsyncram_component|altsyncram_l9a1:auto_generated|ram_block1a0                               ; |main|lpm_ram_dq0:inst1|altsyncram:altsyncram_component|altsyncram_l9a1:auto_generated|q_a[0]                                     ; portadataout0    ;
; |main|lpm_ram_dq0:inst1|altsyncram:altsyncram_component|altsyncram_l9a1:auto_generated|ram_block1a1                               ; |main|lpm_ram_dq0:inst1|altsyncram:altsyncram_component|altsyncram_l9a1:auto_generated|q_a[1]                                     ; portadataout0    ;
; |main|lpm_ram_dq0:inst1|altsyncram:altsyncram_component|altsyncram_l9a1:auto_generated|ram_block1a2                               ; |main|lpm_ram_dq0:inst1|altsyncram:altsyncram_component|altsyncram_l9a1:auto_generated|q_a[2]                                     ; portadataout0    ;
; |main|lpm_ram_dq0:inst1|altsyncram:altsyncram_component|altsyncram_l9a1:auto_generated|ram_block1a3                               ; |main|lpm_ram_dq0:inst1|altsyncram:altsyncram_component|altsyncram_l9a1:auto_generated|q_a[3]                                     ; portadataout0    ;
; |main|lpm_ram_dq0:inst1|altsyncram:altsyncram_component|altsyncram_l9a1:auto_generated|ram_block1a4                               ; |main|lpm_ram_dq0:inst1|altsyncram:altsyncram_component|altsyncram_l9a1:auto_generated|q_a[4]                                     ; portadataout0    ;
; |main|cache:inst|inst128                                                                                                          ; |main|cache:inst|inst128                                                                                                          ; out0             ;
; |main|cache:inst|inst127                                                                                                          ; |main|cache:inst|inst127                                                                                                          ; out0             ;
; |main|cache:inst|inst31                                                                                                           ; |main|cache:inst|inst31                                                                                                           ; out0             ;
; |main|cache:inst|inst24                                                                                                           ; |main|cache:inst|inst24                                                                                                           ; regout           ;
; |main|cache:inst|inst7                                                                                                            ; |main|cache:inst|inst7                                                                                                            ; out0             ;
; |main|cache:inst|inst14                                                                                                           ; |main|cache:inst|inst14                                                                                                           ; regout           ;
; |main|cache:inst|inst14~0                                                                                                         ; |main|cache:inst|inst14~0                                                                                                         ; out0             ;
; |main|cache:inst|inst14~1                                                                                                         ; |main|cache:inst|inst14~1                                                                                                         ; out0             ;
; |main|cache:inst|inst14~2                                                                                                         ; |main|cache:inst|inst14~2                                                                                                         ; out0             ;
; |main|cache:inst|inst138                                                                                                          ; |main|cache:inst|inst138                                                                                                          ; regout           ;
; |main|cache:inst|inst8                                                                                                            ; |main|cache:inst|inst8                                                                                                            ; out0             ;
; |main|cache:inst|inst17                                                                                                           ; |main|cache:inst|inst17                                                                                                           ; out0             ;
; |main|cache:inst|inst136                                                                                                          ; |main|cache:inst|inst136                                                                                                          ; regout           ;
; |main|cache:inst|inst136~0                                                                                                        ; |main|cache:inst|inst136~0                                                                                                        ; out0             ;
; |main|cache:inst|inst136~1                                                                                                        ; |main|cache:inst|inst136~1                                                                                                        ; out0             ;
; |main|cache:inst|inst136~2                                                                                                        ; |main|cache:inst|inst136~2                                                                                                        ; out0             ;
; |main|cache:inst|inst18                                                                                                           ; |main|cache:inst|inst18                                                                                                           ; out0             ;
; |main|cache:inst|inst6                                                                                                            ; |main|cache:inst|inst6                                                                                                            ; out0             ;
; |main|cache:inst|inst16                                                                                                           ; |main|cache:inst|inst16                                                                                                           ; regout           ;
; |main|cache:inst|inst16~0                                                                                                         ; |main|cache:inst|inst16~0                                                                                                         ; out0             ;
; |main|cache:inst|inst16~1                                                                                                         ; |main|cache:inst|inst16~1                                                                                                         ; out0             ;
; |main|cache:inst|inst16~2                                                                                                         ; |main|cache:inst|inst16~2                                                                                                         ; out0             ;
; |main|cache:inst|inst1                                                                                                            ; |main|cache:inst|inst1                                                                                                            ; out0             ;
; |main|cache:inst|inst130                                                                                                          ; |main|cache:inst|inst130                                                                                                          ; out0             ;
; |main|cache:inst|inst43                                                                                                           ; |main|cache:inst|inst43                                                                                                           ; out0             ;
; |main|cache:inst|inst131                                                                                                          ; |main|cache:inst|inst131                                                                                                          ; out0             ;
; |main|cache:inst|inst49                                                                                                           ; |main|cache:inst|inst49                                                                                                           ; out0             ;
; |main|cache:inst|inst129                                                                                                          ; |main|cache:inst|inst129                                                                                                          ; out0             ;
; |main|cache:inst|inst37                                                                                                           ; |main|cache:inst|inst37                                                                                                           ; out0             ;
; |main|cache:inst|address_out_ram[6]                                                                                               ; |main|cache:inst|address_out_ram[6]                                                                                               ; out0             ;
; |main|cache:inst|address_out_ram[5]                                                                                               ; |main|cache:inst|address_out_ram[5]                                                                                               ; out0             ;
; |main|cache:inst|address_out_ram[4]                                                                                               ; |main|cache:inst|address_out_ram[4]                                                                                               ; out0             ;
; |main|cache:inst|address_out_ram[3]                                                                                               ; |main|cache:inst|address_out_ram[3]                                                                                               ; out0             ;
; |main|cache:inst|address_out_ram[1]                                                                                               ; |main|cache:inst|address_out_ram[1]                                                                                               ; out0             ;
; |main|cache:inst|address_out_ram[0]                                                                                               ; |main|cache:inst|address_out_ram[0]                                                                                               ; out0             ;
; |main|cache:inst|inst26                                                                                                           ; |main|cache:inst|inst26                                                                                                           ; out0             ;
; |main|cache:inst|inst4                                                                                                            ; |main|cache:inst|inst4                                                                                                            ; out0             ;
; |main|cache:inst|current_data[4]                                                                                                  ; |main|cache:inst|current_data[4]                                                                                                  ; out0             ;
; |main|cache:inst|current_data[3]                                                                                                  ; |main|cache:inst|current_data[3]                                                                                                  ; out0             ;
; |main|cache:inst|current_data[2]                                                                                                  ; |main|cache:inst|current_data[2]                                                                                                  ; out0             ;
; |main|cache:inst|current_data[1]                                                                                                  ; |main|cache:inst|current_data[1]                                                                                                  ; out0             ;
; |main|cache:inst|current_data[0]                                                                                                  ; |main|cache:inst|current_data[0]                                                                                                  ; out0             ;
; |main|cache:inst|inst121                                                                                                          ; |main|cache:inst|inst121                                                                                                          ; regout           ;
; |main|cache:inst|inst121~0                                                                                                        ; |main|cache:inst|inst121~0                                                                                                        ; out0             ;
; |main|cache:inst|inst121~2                                                                                                        ; |main|cache:inst|inst121~2                                                                                                        ; out0             ;
; |main|cache:inst|data_out[4]                                                                                                      ; |main|cache:inst|data_out[4]                                                                                                      ; out0             ;
; |main|cache:inst|data_out[3]                                                                                                      ; |main|cache:inst|data_out[3]                                                                                                      ; out0             ;
; |main|cache:inst|data_out[2]                                                                                                      ; |main|cache:inst|data_out[2]                                                                                                      ; out0             ;
; |main|cache:inst|data_out[1]                                                                                                      ; |main|cache:inst|data_out[1]                                                                                                      ; out0             ;
; |main|cache:inst|data_out[0]                                                                                                      ; |main|cache:inst|data_out[0]                                                                                                      ; out0             ;
; |main|cache:inst|inst58                                                                                                           ; |main|cache:inst|inst58                                                                                                           ; out0             ;
; |main|cache:inst|inst35                                                                                                           ; |main|cache:inst|inst35                                                                                                           ; out0             ;
; |main|cache:inst|inst36                                                                                                           ; |main|cache:inst|inst36                                                                                                           ; out0             ;
; |main|cache:inst|gdfx_temp0[1]                                                                                                    ; |main|cache:inst|gdfx_temp0[1]                                                                                                    ; out0             ;
; |main|cache:inst|gdfx_temp0[0]                                                                                                    ; |main|cache:inst|gdfx_temp0[0]                                                                                                    ; out0             ;
; |main|cache:inst|inst56                                                                                                           ; |main|cache:inst|inst56                                                                                                           ; out0             ;
; |main|cache:inst|inst137                                                                                                          ; |main|cache:inst|inst137                                                                                                          ; out0             ;
; |main|cache:inst|inst135                                                                                                          ; |main|cache:inst|inst135                                                                                                          ; out0             ;
; |main|cache:inst|inst27                                                                                                           ; |main|cache:inst|inst27                                                                                                           ; out0             ;
; |main|cache:inst|inst60                                                                                                           ; |main|cache:inst|inst60                                                                                                           ; out0             ;
; |main|cache:inst|inst64                                                                                                           ; |main|cache:inst|inst64                                                                                                           ; out0             ;
; |main|cache:inst|inst68                                                                                                           ; |main|cache:inst|inst68                                                                                                           ; out0             ;
; |main|cache:inst|inst74                                                                                                           ; |main|cache:inst|inst74                                                                                                           ; out0             ;
; |main|cache:inst|inst41                                                                                                           ; |main|cache:inst|inst41                                                                                                           ; out0             ;
; |main|cache:inst|inst42                                                                                                           ; |main|cache:inst|inst42                                                                                                           ; out0             ;
; |main|cache:inst|inst72                                                                                                           ; |main|cache:inst|inst72                                                                                                           ; out0             ;
; |main|cache:inst|inst76                                                                                                           ; |main|cache:inst|inst76                                                                                                           ; out0             ;
; |main|cache:inst|inst80                                                                                                           ; |main|cache:inst|inst80                                                                                                           ; out0             ;
; |main|cache:inst|inst84                                                                                                           ; |main|cache:inst|inst84                                                                                                           ; out0             ;
; |main|cache:inst|inst90                                                                                                           ; |main|cache:inst|inst90                                                                                                           ; out0             ;
; |main|cache:inst|inst48                                                                                                           ; |main|cache:inst|inst48                                                                                                           ; out0             ;
; |main|cache:inst|inst88                                                                                                           ; |main|cache:inst|inst88                                                                                                           ; out0             ;
; |main|cache:inst|inst92                                                                                                           ; |main|cache:inst|inst92                                                                                                           ; out0             ;
; |main|cache:inst|inst96                                                                                                           ; |main|cache:inst|inst96                                                                                                           ; out0             ;
; |main|cache:inst|inst100                                                                                                          ; |main|cache:inst|inst100                                                                                                          ; out0             ;
; |main|cache:inst|inst106                                                                                                          ; |main|cache:inst|inst106                                                                                                          ; out0             ;
; |main|cache:inst|inst53                                                                                                           ; |main|cache:inst|inst53                                                                                                           ; out0             ;
; |main|cache:inst|inst54                                                                                                           ; |main|cache:inst|inst54                                                                                                           ; out0             ;
; |main|cache:inst|inst104                                                                                                          ; |main|cache:inst|inst104                                                                                                          ; out0             ;
; |main|cache:inst|inst108                                                                                                          ; |main|cache:inst|inst108                                                                                                          ; out0             ;
; |main|cache:inst|inst112                                                                                                          ; |main|cache:inst|inst112                                                                                                          ; out0             ;
; |main|cache:inst|inst116                                                                                                          ; |main|cache:inst|inst116                                                                                                          ; out0             ;
; |main|cache:inst|lpm_dff1:inst115|lpm_ff:lpm_ff_component|dffs[0]                                                                 ; |main|cache:inst|lpm_dff1:inst115|lpm_ff:lpm_ff_component|dffs[0]                                                                 ; regout           ;
; |main|cache:inst|lpm_dff1:inst111|lpm_ff:lpm_ff_component|dffs[1]                                                                 ; |main|cache:inst|lpm_dff1:inst111|lpm_ff:lpm_ff_component|dffs[1]                                                                 ; regout           ;
; |main|cache:inst|lpm_dff1:inst111|lpm_ff:lpm_ff_component|dffs[0]                                                                 ; |main|cache:inst|lpm_dff1:inst111|lpm_ff:lpm_ff_component|dffs[0]                                                                 ; regout           ;
; |main|cache:inst|lpm_dff1:inst107|lpm_ff:lpm_ff_component|dffs[0]                                                                 ; |main|cache:inst|lpm_dff1:inst107|lpm_ff:lpm_ff_component|dffs[0]                                                                 ; regout           ;
; |main|cache:inst|lpm_dff1:inst103|lpm_ff:lpm_ff_component|dffs[4]                                                                 ; |main|cache:inst|lpm_dff1:inst103|lpm_ff:lpm_ff_component|dffs[4]                                                                 ; regout           ;
; |main|cache:inst|lpm_dff1:inst103|lpm_ff:lpm_ff_component|dffs[3]                                                                 ; |main|cache:inst|lpm_dff1:inst103|lpm_ff:lpm_ff_component|dffs[3]                                                                 ; regout           ;
; |main|cache:inst|lpm_dff1:inst103|lpm_ff:lpm_ff_component|dffs[2]                                                                 ; |main|cache:inst|lpm_dff1:inst103|lpm_ff:lpm_ff_component|dffs[2]                                                                 ; regout           ;
; |main|cache:inst|lpm_dff1:inst103|lpm_ff:lpm_ff_component|dffs[1]                                                                 ; |main|cache:inst|lpm_dff1:inst103|lpm_ff:lpm_ff_component|dffs[1]                                                                 ; regout           ;
; |main|cache:inst|lpm_dff1:inst103|lpm_ff:lpm_ff_component|dffs[0]                                                                 ; |main|cache:inst|lpm_dff1:inst103|lpm_ff:lpm_ff_component|dffs[0]                                                                 ; regout           ;
; |main|cache:inst|lpm_bustri1:inst105|lpm_bustri:lpm_bustri_component|dout[4]                                                      ; |main|cache:inst|lpm_bustri1:inst105|lpm_bustri:lpm_bustri_component|dout[4]                                                      ; out              ;
; |main|cache:inst|lpm_bustri1:inst105|lpm_bustri:lpm_bustri_component|dout[3]                                                      ; |main|cache:inst|lpm_bustri1:inst105|lpm_bustri:lpm_bustri_component|dout[3]                                                      ; out              ;
; |main|cache:inst|lpm_bustri1:inst105|lpm_bustri:lpm_bustri_component|dout[2]                                                      ; |main|cache:inst|lpm_bustri1:inst105|lpm_bustri:lpm_bustri_component|dout[2]                                                      ; out              ;
; |main|cache:inst|lpm_bustri1:inst105|lpm_bustri:lpm_bustri_component|dout[1]                                                      ; |main|cache:inst|lpm_bustri1:inst105|lpm_bustri:lpm_bustri_component|dout[1]                                                      ; out              ;
; |main|cache:inst|lpm_bustri1:inst105|lpm_bustri:lpm_bustri_component|dout[0]                                                      ; |main|cache:inst|lpm_bustri1:inst105|lpm_bustri:lpm_bustri_component|dout[0]                                                      ; out              ;
; |main|cache:inst|lpm_dff1:inst95|lpm_ff:lpm_ff_component|dffs[0]                                                                  ; |main|cache:inst|lpm_dff1:inst95|lpm_ff:lpm_ff_component|dffs[0]                                                                  ; regout           ;
; |main|cache:inst|lpm_dff1:inst83|lpm_ff:lpm_ff_component|dffs[3]                                                                  ; |main|cache:inst|lpm_dff1:inst83|lpm_ff:lpm_ff_component|dffs[3]                                                                  ; regout           ;
; |main|cache:inst|lpm_dff1:inst83|lpm_ff:lpm_ff_component|dffs[0]                                                                  ; |main|cache:inst|lpm_dff1:inst83|lpm_ff:lpm_ff_component|dffs[0]                                                                  ; regout           ;
; |main|cache:inst|lpm_dff1:inst79|lpm_ff:lpm_ff_component|dffs[3]                                                                  ; |main|cache:inst|lpm_dff1:inst79|lpm_ff:lpm_ff_component|dffs[3]                                                                  ; regout           ;
; |main|cache:inst|lpm_dff1:inst79|lpm_ff:lpm_ff_component|dffs[1]                                                                  ; |main|cache:inst|lpm_dff1:inst79|lpm_ff:lpm_ff_component|dffs[1]                                                                  ; regout           ;
; |main|cache:inst|lpm_dff1:inst79|lpm_ff:lpm_ff_component|dffs[0]                                                                  ; |main|cache:inst|lpm_dff1:inst79|lpm_ff:lpm_ff_component|dffs[0]                                                                  ; regout           ;
; |main|cache:inst|lpm_dff1:inst75|lpm_ff:lpm_ff_component|dffs[3]                                                                  ; |main|cache:inst|lpm_dff1:inst75|lpm_ff:lpm_ff_component|dffs[3]                                                                  ; regout           ;
; |main|cache:inst|lpm_dff1:inst75|lpm_ff:lpm_ff_component|dffs[0]                                                                  ; |main|cache:inst|lpm_dff1:inst75|lpm_ff:lpm_ff_component|dffs[0]                                                                  ; regout           ;
; |main|cache:inst|lpm_dff1:inst71|lpm_ff:lpm_ff_component|dffs[4]                                                                  ; |main|cache:inst|lpm_dff1:inst71|lpm_ff:lpm_ff_component|dffs[4]                                                                  ; regout           ;
; |main|cache:inst|lpm_dff1:inst71|lpm_ff:lpm_ff_component|dffs[3]                                                                  ; |main|cache:inst|lpm_dff1:inst71|lpm_ff:lpm_ff_component|dffs[3]                                                                  ; regout           ;
; |main|cache:inst|lpm_dff1:inst71|lpm_ff:lpm_ff_component|dffs[2]                                                                  ; |main|cache:inst|lpm_dff1:inst71|lpm_ff:lpm_ff_component|dffs[2]                                                                  ; regout           ;
; |main|cache:inst|lpm_dff1:inst71|lpm_ff:lpm_ff_component|dffs[1]                                                                  ; |main|cache:inst|lpm_dff1:inst71|lpm_ff:lpm_ff_component|dffs[1]                                                                  ; regout           ;
; |main|cache:inst|lpm_dff1:inst71|lpm_ff:lpm_ff_component|dffs[0]                                                                  ; |main|cache:inst|lpm_dff1:inst71|lpm_ff:lpm_ff_component|dffs[0]                                                                  ; regout           ;
; |main|cache:inst|lpm_bustri1:inst73|lpm_bustri:lpm_bustri_component|dout[4]                                                       ; |main|cache:inst|lpm_bustri1:inst73|lpm_bustri:lpm_bustri_component|dout[4]                                                       ; out              ;
; |main|cache:inst|lpm_bustri1:inst73|lpm_bustri:lpm_bustri_component|dout[3]                                                       ; |main|cache:inst|lpm_bustri1:inst73|lpm_bustri:lpm_bustri_component|dout[3]                                                       ; out              ;
; |main|cache:inst|lpm_bustri1:inst73|lpm_bustri:lpm_bustri_component|dout[2]                                                       ; |main|cache:inst|lpm_bustri1:inst73|lpm_bustri:lpm_bustri_component|dout[2]                                                       ; out              ;
; |main|cache:inst|lpm_bustri1:inst73|lpm_bustri:lpm_bustri_component|dout[1]                                                       ; |main|cache:inst|lpm_bustri1:inst73|lpm_bustri:lpm_bustri_component|dout[1]                                                       ; out              ;
; |main|cache:inst|lpm_bustri1:inst73|lpm_bustri:lpm_bustri_component|dout[0]                                                       ; |main|cache:inst|lpm_bustri1:inst73|lpm_bustri:lpm_bustri_component|dout[0]                                                       ; out              ;
; |main|cache:inst|lpm_dff1:inst67|lpm_ff:lpm_ff_component|dffs[3]                                                                  ; |main|cache:inst|lpm_dff1:inst67|lpm_ff:lpm_ff_component|dffs[3]                                                                  ; regout           ;
; |main|cache:inst|lpm_dff1:inst67|lpm_ff:lpm_ff_component|dffs[0]                                                                  ; |main|cache:inst|lpm_dff1:inst67|lpm_ff:lpm_ff_component|dffs[0]                                                                  ; regout           ;
; |main|cache:inst|lpm_dff1:inst63|lpm_ff:lpm_ff_component|dffs[3]                                                                  ; |main|cache:inst|lpm_dff1:inst63|lpm_ff:lpm_ff_component|dffs[3]                                                                  ; regout           ;
; |main|cache:inst|lpm_dff1:inst63|lpm_ff:lpm_ff_component|dffs[1]                                                                  ; |main|cache:inst|lpm_dff1:inst63|lpm_ff:lpm_ff_component|dffs[1]                                                                  ; regout           ;
; |main|cache:inst|lpm_dff1:inst63|lpm_ff:lpm_ff_component|dffs[0]                                                                  ; |main|cache:inst|lpm_dff1:inst63|lpm_ff:lpm_ff_component|dffs[0]                                                                  ; regout           ;
; |main|cache:inst|lpm_dff1:inst59|lpm_ff:lpm_ff_component|dffs[3]                                                                  ; |main|cache:inst|lpm_dff1:inst59|lpm_ff:lpm_ff_component|dffs[3]                                                                  ; regout           ;
; |main|cache:inst|lpm_dff1:inst59|lpm_ff:lpm_ff_component|dffs[0]                                                                  ; |main|cache:inst|lpm_dff1:inst59|lpm_ff:lpm_ff_component|dffs[0]                                                                  ; regout           ;
; |main|cache:inst|lpm_dff1:inst55|lpm_ff:lpm_ff_component|dffs[4]                                                                  ; |main|cache:inst|lpm_dff1:inst55|lpm_ff:lpm_ff_component|dffs[4]                                                                  ; regout           ;
; |main|cache:inst|lpm_dff1:inst55|lpm_ff:lpm_ff_component|dffs[3]                                                                  ; |main|cache:inst|lpm_dff1:inst55|lpm_ff:lpm_ff_component|dffs[3]                                                                  ; regout           ;
; |main|cache:inst|lpm_bustri0:inst30|lpm_bustri:lpm_bustri_component|dout[1]                                                       ; |main|cache:inst|lpm_bustri0:inst30|lpm_bustri:lpm_bustri_component|dout[1]                                                       ; out              ;
; |main|cache:inst|lpm_bustri0:inst30|lpm_bustri:lpm_bustri_component|dout[0]                                                       ; |main|cache:inst|lpm_bustri0:inst30|lpm_bustri:lpm_bustri_component|dout[0]                                                       ; out              ;
; |main|cache:inst|lpm_decode1:inst28|lpm_decode:lpm_decode_component|decode_p7f:auto_generated|w_anode15w[2]                       ; |main|cache:inst|lpm_decode1:inst28|lpm_decode:lpm_decode_component|decode_p7f:auto_generated|w_anode15w[2]                       ; out0             ;
; |main|cache:inst|lpm_decode1:inst28|lpm_decode:lpm_decode_component|decode_p7f:auto_generated|w_anode1w[2]                        ; |main|cache:inst|lpm_decode1:inst28|lpm_decode:lpm_decode_component|decode_p7f:auto_generated|w_anode1w[2]                        ; out0             ;
; |main|cache:inst|lpm_decode1:inst28|lpm_decode:lpm_decode_component|decode_p7f:auto_generated|w_anode24w[2]                       ; |main|cache:inst|lpm_decode1:inst28|lpm_decode:lpm_decode_component|decode_p7f:auto_generated|w_anode24w[2]                       ; out0             ;
; |main|cache:inst|lpm_decode1:inst28|lpm_decode:lpm_decode_component|decode_p7f:auto_generated|w_anode33w[2]                       ; |main|cache:inst|lpm_decode1:inst28|lpm_decode:lpm_decode_component|decode_p7f:auto_generated|w_anode33w[2]                       ; out0             ;
; |main|cache:inst|lpm_bustri1:inst57|lpm_bustri:lpm_bustri_component|dout[4]                                                       ; |main|cache:inst|lpm_bustri1:inst57|lpm_bustri:lpm_bustri_component|dout[4]                                                       ; out              ;
; |main|cache:inst|lpm_bustri1:inst57|lpm_bustri:lpm_bustri_component|dout[3]                                                       ; |main|cache:inst|lpm_bustri1:inst57|lpm_bustri:lpm_bustri_component|dout[3]                                                       ; out              ;
; |main|cache:inst|lpm_bustri3:inst124|lpm_bustri:lpm_bustri_component|dout[4]                                                      ; |main|cache:inst|lpm_bustri3:inst124|lpm_bustri:lpm_bustri_component|dout[4]                                                      ; out              ;
; |main|cache:inst|lpm_bustri3:inst124|lpm_bustri:lpm_bustri_component|dout[3]                                                      ; |main|cache:inst|lpm_bustri3:inst124|lpm_bustri:lpm_bustri_component|dout[3]                                                      ; out              ;
; |main|cache:inst|lpm_bustri2:inst120|lpm_bustri:lpm_bustri_component|dout[4]                                                      ; |main|cache:inst|lpm_bustri2:inst120|lpm_bustri:lpm_bustri_component|dout[4]                                                      ; out              ;
; |main|cache:inst|lpm_bustri2:inst120|lpm_bustri:lpm_bustri_component|dout[3]                                                      ; |main|cache:inst|lpm_bustri2:inst120|lpm_bustri:lpm_bustri_component|dout[3]                                                      ; out              ;
; |main|cache:inst|lpm_bustri2:inst120|lpm_bustri:lpm_bustri_component|dout[2]                                                      ; |main|cache:inst|lpm_bustri2:inst120|lpm_bustri:lpm_bustri_component|dout[2]                                                      ; out              ;
; |main|cache:inst|lpm_bustri2:inst120|lpm_bustri:lpm_bustri_component|dout[1]                                                      ; |main|cache:inst|lpm_bustri2:inst120|lpm_bustri:lpm_bustri_component|dout[1]                                                      ; out              ;
; |main|cache:inst|lpm_bustri2:inst120|lpm_bustri:lpm_bustri_component|dout[0]                                                      ; |main|cache:inst|lpm_bustri2:inst120|lpm_bustri:lpm_bustri_component|dout[0]                                                      ; out              ;
; |main|cache:inst|lpm_bustri2:inst119|lpm_bustri:lpm_bustri_component|dout[4]                                                      ; |main|cache:inst|lpm_bustri2:inst119|lpm_bustri:lpm_bustri_component|dout[4]                                                      ; out              ;
; |main|cache:inst|lpm_bustri2:inst119|lpm_bustri:lpm_bustri_component|dout[3]                                                      ; |main|cache:inst|lpm_bustri2:inst119|lpm_bustri:lpm_bustri_component|dout[3]                                                      ; out              ;
; |main|cache:inst|lpm_bustri2:inst119|lpm_bustri:lpm_bustri_component|dout[2]                                                      ; |main|cache:inst|lpm_bustri2:inst119|lpm_bustri:lpm_bustri_component|dout[2]                                                      ; out              ;
; |main|cache:inst|lpm_bustri5:inst126|lpm_bustri:lpm_bustri_component|dout[5]                                                      ; |main|cache:inst|lpm_bustri5:inst126|lpm_bustri:lpm_bustri_component|dout[5]                                                      ; out              ;
; |main|cache:inst|lpm_bustri5:inst126|lpm_bustri:lpm_bustri_component|dout[4]                                                      ; |main|cache:inst|lpm_bustri5:inst126|lpm_bustri:lpm_bustri_component|dout[4]                                                      ; out              ;
; |main|cache:inst|lpm_bustri5:inst126|lpm_bustri:lpm_bustri_component|dout[3]                                                      ; |main|cache:inst|lpm_bustri5:inst126|lpm_bustri:lpm_bustri_component|dout[3]                                                      ; out              ;
; |main|cache:inst|lpm_bustri5:inst125|lpm_bustri:lpm_bustri_component|dout[6]                                                      ; |main|cache:inst|lpm_bustri5:inst125|lpm_bustri:lpm_bustri_component|dout[6]                                                      ; out              ;
; |main|cache:inst|lpm_bustri5:inst125|lpm_bustri:lpm_bustri_component|dout[5]                                                      ; |main|cache:inst|lpm_bustri5:inst125|lpm_bustri:lpm_bustri_component|dout[5]                                                      ; out              ;
; |main|cache:inst|lpm_bustri5:inst125|lpm_bustri:lpm_bustri_component|dout[4]                                                      ; |main|cache:inst|lpm_bustri5:inst125|lpm_bustri:lpm_bustri_component|dout[4]                                                      ; out              ;
; |main|cache:inst|lpm_bustri5:inst125|lpm_bustri:lpm_bustri_component|dout[3]                                                      ; |main|cache:inst|lpm_bustri5:inst125|lpm_bustri:lpm_bustri_component|dout[3]                                                      ; out              ;
; |main|cache:inst|lpm_bustri5:inst125|lpm_bustri:lpm_bustri_component|dout[1]                                                      ; |main|cache:inst|lpm_bustri5:inst125|lpm_bustri:lpm_bustri_component|dout[1]                                                      ; out              ;
; |main|cache:inst|lpm_bustri5:inst125|lpm_bustri:lpm_bustri_component|dout[0]                                                      ; |main|cache:inst|lpm_bustri5:inst125|lpm_bustri:lpm_bustri_component|dout[0]                                                      ; out              ;
; |main|cache:inst|lpm_compare1:inst40|lpm_compare:lpm_compare_component|cmpr_cig:auto_generated|aneb_result_wire[0]~0              ; |main|cache:inst|lpm_compare1:inst40|lpm_compare:lpm_compare_component|cmpr_cig:auto_generated|aneb_result_wire[0]~0              ; out0             ;
; |main|cache:inst|lpm_compare1:inst40|lpm_compare:lpm_compare_component|cmpr_cig:auto_generated|aneb_result_wire[0]                ; |main|cache:inst|lpm_compare1:inst40|lpm_compare:lpm_compare_component|cmpr_cig:auto_generated|aneb_result_wire[0]                ; out0             ;
; |main|cache:inst|lpm_compare1:inst40|lpm_compare:lpm_compare_component|cmpr_cig:auto_generated|data_wire[2]                       ; |main|cache:inst|lpm_compare1:inst40|lpm_compare:lpm_compare_component|cmpr_cig:auto_generated|data_wire[2]                       ; out0             ;
; |main|cache:inst|lpm_compare1:inst40|lpm_compare:lpm_compare_component|cmpr_cig:auto_generated|data_wire[1]~0                     ; |main|cache:inst|lpm_compare1:inst40|lpm_compare:lpm_compare_component|cmpr_cig:auto_generated|data_wire[1]~0                     ; out0             ;
; |main|cache:inst|lpm_compare1:inst40|lpm_compare:lpm_compare_component|cmpr_cig:auto_generated|data_wire[1]~1                     ; |main|cache:inst|lpm_compare1:inst40|lpm_compare:lpm_compare_component|cmpr_cig:auto_generated|data_wire[1]~1                     ; out0             ;
; |main|cache:inst|lpm_compare1:inst40|lpm_compare:lpm_compare_component|cmpr_cig:auto_generated|data_wire[1]                       ; |main|cache:inst|lpm_compare1:inst40|lpm_compare:lpm_compare_component|cmpr_cig:auto_generated|data_wire[1]                       ; out0             ;
; |main|cache:inst|lpm_compare1:inst40|lpm_compare:lpm_compare_component|cmpr_cig:auto_generated|data_wire[0]~3                     ; |main|cache:inst|lpm_compare1:inst40|lpm_compare:lpm_compare_component|cmpr_cig:auto_generated|data_wire[0]~3                     ; out0             ;
; |main|cache:inst|lpm_compare1:inst40|lpm_compare:lpm_compare_component|cmpr_cig:auto_generated|data_wire[0]                       ; |main|cache:inst|lpm_compare1:inst40|lpm_compare:lpm_compare_component|cmpr_cig:auto_generated|data_wire[0]                       ; out0             ;
; |main|cache:inst|lpm_dff0:inst51|lpm_ff:lpm_ff_component|dffs[3]                                                                  ; |main|cache:inst|lpm_dff0:inst51|lpm_ff:lpm_ff_component|dffs[3]                                                                  ; regout           ;
; |main|cache:inst|lpm_compare1:inst52|lpm_compare:lpm_compare_component|cmpr_cig:auto_generated|aneb_result_wire[0]~0              ; |main|cache:inst|lpm_compare1:inst52|lpm_compare:lpm_compare_component|cmpr_cig:auto_generated|aneb_result_wire[0]~0              ; out0             ;
; |main|cache:inst|lpm_compare1:inst52|lpm_compare:lpm_compare_component|cmpr_cig:auto_generated|aneb_result_wire[0]                ; |main|cache:inst|lpm_compare1:inst52|lpm_compare:lpm_compare_component|cmpr_cig:auto_generated|aneb_result_wire[0]                ; out0             ;
; |main|cache:inst|lpm_compare1:inst52|lpm_compare:lpm_compare_component|cmpr_cig:auto_generated|data_wire[2]                       ; |main|cache:inst|lpm_compare1:inst52|lpm_compare:lpm_compare_component|cmpr_cig:auto_generated|data_wire[2]                       ; out0             ;
; |main|cache:inst|lpm_compare1:inst52|lpm_compare:lpm_compare_component|cmpr_cig:auto_generated|data_wire[1]~0                     ; |main|cache:inst|lpm_compare1:inst52|lpm_compare:lpm_compare_component|cmpr_cig:auto_generated|data_wire[1]~0                     ; out0             ;
; |main|cache:inst|lpm_compare1:inst52|lpm_compare:lpm_compare_component|cmpr_cig:auto_generated|data_wire[1]~1                     ; |main|cache:inst|lpm_compare1:inst52|lpm_compare:lpm_compare_component|cmpr_cig:auto_generated|data_wire[1]~1                     ; out0             ;
; |main|cache:inst|lpm_compare1:inst52|lpm_compare:lpm_compare_component|cmpr_cig:auto_generated|data_wire[1]                       ; |main|cache:inst|lpm_compare1:inst52|lpm_compare:lpm_compare_component|cmpr_cig:auto_generated|data_wire[1]                       ; out0             ;
; |main|cache:inst|lpm_compare1:inst52|lpm_compare:lpm_compare_component|cmpr_cig:auto_generated|data_wire[0]~3                     ; |main|cache:inst|lpm_compare1:inst52|lpm_compare:lpm_compare_component|cmpr_cig:auto_generated|data_wire[0]~3                     ; out0             ;
; |main|cache:inst|lpm_compare1:inst52|lpm_compare:lpm_compare_component|cmpr_cig:auto_generated|data_wire[0]                       ; |main|cache:inst|lpm_compare1:inst52|lpm_compare:lpm_compare_component|cmpr_cig:auto_generated|data_wire[0]                       ; out0             ;
; |main|cache:inst|lpm_compare1:inst46|lpm_compare:lpm_compare_component|cmpr_cig:auto_generated|data_wire[2]                       ; |main|cache:inst|lpm_compare1:inst46|lpm_compare:lpm_compare_component|cmpr_cig:auto_generated|data_wire[2]                       ; out0             ;
; |main|cache:inst|lpm_compare1:inst46|lpm_compare:lpm_compare_component|cmpr_cig:auto_generated|data_wire[1]~0                     ; |main|cache:inst|lpm_compare1:inst46|lpm_compare:lpm_compare_component|cmpr_cig:auto_generated|data_wire[1]~0                     ; out0             ;
; |main|cache:inst|lpm_compare1:inst46|lpm_compare:lpm_compare_component|cmpr_cig:auto_generated|data_wire[1]~1                     ; |main|cache:inst|lpm_compare1:inst46|lpm_compare:lpm_compare_component|cmpr_cig:auto_generated|data_wire[1]~1                     ; out0             ;
; |main|cache:inst|lpm_compare1:inst46|lpm_compare:lpm_compare_component|cmpr_cig:auto_generated|data_wire[1]                       ; |main|cache:inst|lpm_compare1:inst46|lpm_compare:lpm_compare_component|cmpr_cig:auto_generated|data_wire[1]                       ; out0             ;
; |main|cache:inst|lpm_compare1:inst46|lpm_compare:lpm_compare_component|cmpr_cig:auto_generated|data_wire[0]~3                     ; |main|cache:inst|lpm_compare1:inst46|lpm_compare:lpm_compare_component|cmpr_cig:auto_generated|data_wire[0]~3                     ; out0             ;
; |main|cache:inst|lpm_compare1:inst46|lpm_compare:lpm_compare_component|cmpr_cig:auto_generated|data_wire[0]                       ; |main|cache:inst|lpm_compare1:inst46|lpm_compare:lpm_compare_component|cmpr_cig:auto_generated|data_wire[0]                       ; out0             ;
; |main|cache:inst|lpm_counter0:inst|lpm_counter:lpm_counter_component|cntr_4ai:auto_generated|counter_comb_bita0                   ; |main|cache:inst|lpm_counter0:inst|lpm_counter:lpm_counter_component|cntr_4ai:auto_generated|counter_comb_bita0                   ; sumout           ;
; |main|cache:inst|lpm_counter0:inst|lpm_counter:lpm_counter_component|cntr_4ai:auto_generated|counter_comb_bita0                   ; |main|cache:inst|lpm_counter0:inst|lpm_counter:lpm_counter_component|cntr_4ai:auto_generated|counter_comb_bita0~COUT              ; cout             ;
; |main|cache:inst|lpm_counter0:inst|lpm_counter:lpm_counter_component|cntr_4ai:auto_generated|counter_comb_bita1                   ; |main|cache:inst|lpm_counter0:inst|lpm_counter:lpm_counter_component|cntr_4ai:auto_generated|counter_comb_bita1                   ; sumout           ;
; |main|cache:inst|lpm_counter0:inst|lpm_counter:lpm_counter_component|cntr_4ai:auto_generated|counter_reg_bit1a[1]                 ; |main|cache:inst|lpm_counter0:inst|lpm_counter:lpm_counter_component|cntr_4ai:auto_generated|safe_q[1]                            ; regout           ;
; |main|cache:inst|lpm_counter0:inst|lpm_counter:lpm_counter_component|cntr_4ai:auto_generated|counter_reg_bit1a[0]                 ; |main|cache:inst|lpm_counter0:inst|lpm_counter:lpm_counter_component|cntr_4ai:auto_generated|safe_q[0]                            ; regout           ;
; |main|cache:inst|lpm_decode0:inst11|lpm_decode:lpm_decode_component|decode_p7f:auto_generated|w_anode15w[2]                       ; |main|cache:inst|lpm_decode0:inst11|lpm_decode:lpm_decode_component|decode_p7f:auto_generated|w_anode15w[2]                       ; out0             ;
; |main|cache:inst|lpm_decode0:inst11|lpm_decode:lpm_decode_component|decode_p7f:auto_generated|w_anode1w[2]                        ; |main|cache:inst|lpm_decode0:inst11|lpm_decode:lpm_decode_component|decode_p7f:auto_generated|w_anode1w[2]                        ; out0             ;
; |main|cache:inst|lpm_decode0:inst11|lpm_decode:lpm_decode_component|decode_p7f:auto_generated|w_anode24w[2]                       ; |main|cache:inst|lpm_decode0:inst11|lpm_decode:lpm_decode_component|decode_p7f:auto_generated|w_anode24w[2]                       ; out0             ;
; |main|cache:inst|lpm_decode0:inst11|lpm_decode:lpm_decode_component|decode_p7f:auto_generated|w_anode33w[2]                       ; |main|cache:inst|lpm_decode0:inst11|lpm_decode:lpm_decode_component|decode_p7f:auto_generated|w_anode33w[2]                       ; out0             ;
; |main|cache:inst|lpm_counter2:inst133|lpm_counter:lpm_counter_component|cntr_6oi:auto_generated|counter_comb_bita0                ; |main|cache:inst|lpm_counter2:inst133|lpm_counter:lpm_counter_component|cntr_6oi:auto_generated|counter_comb_bita0                ; sumout           ;
; |main|cache:inst|lpm_counter2:inst133|lpm_counter:lpm_counter_component|cntr_6oi:auto_generated|counter_comb_bita0                ; |main|cache:inst|lpm_counter2:inst133|lpm_counter:lpm_counter_component|cntr_6oi:auto_generated|counter_comb_bita0~COUT           ; cout             ;
; |main|cache:inst|lpm_counter2:inst133|lpm_counter:lpm_counter_component|cntr_6oi:auto_generated|counter_comb_bita1                ; |main|cache:inst|lpm_counter2:inst133|lpm_counter:lpm_counter_component|cntr_6oi:auto_generated|counter_comb_bita1                ; sumout           ;
; |main|cache:inst|lpm_counter2:inst133|lpm_counter:lpm_counter_component|cntr_6oi:auto_generated|counter_reg_bit1a[1]              ; |main|cache:inst|lpm_counter2:inst133|lpm_counter:lpm_counter_component|cntr_6oi:auto_generated|safe_q[1]                         ; regout           ;
; |main|cache:inst|lpm_counter2:inst133|lpm_counter:lpm_counter_component|cntr_6oi:auto_generated|counter_reg_bit1a[0]              ; |main|cache:inst|lpm_counter2:inst133|lpm_counter:lpm_counter_component|cntr_6oi:auto_generated|safe_q[0]                         ; regout           ;
; |main|cache:inst|lpm_compare2:inst134|lpm_compare:lpm_compare_component|cmpr_vij:auto_generated|aeb_int~0                         ; |main|cache:inst|lpm_compare2:inst134|lpm_compare:lpm_compare_component|cmpr_vij:auto_generated|aeb_int~0                         ; out0             ;
; |main|cache:inst|lpm_counter1:inst22|lpm_counter:lpm_counter_component|cntr_a2k:auto_generated|cout_actual                        ; |main|cache:inst|lpm_counter1:inst22|lpm_counter:lpm_counter_component|cntr_a2k:auto_generated|cout_actual                        ; out0             ;
; |main|cache:inst|lpm_counter1:inst22|lpm_counter:lpm_counter_component|cntr_a2k:auto_generated|counter_comb_bita0                 ; |main|cache:inst|lpm_counter1:inst22|lpm_counter:lpm_counter_component|cntr_a2k:auto_generated|counter_comb_bita0                 ; sumout           ;
; |main|cache:inst|lpm_counter1:inst22|lpm_counter:lpm_counter_component|cntr_a2k:auto_generated|counter_comb_bita0                 ; |main|cache:inst|lpm_counter1:inst22|lpm_counter:lpm_counter_component|cntr_a2k:auto_generated|counter_comb_bita0~COUT            ; cout             ;
; |main|cache:inst|lpm_counter1:inst22|lpm_counter:lpm_counter_component|cntr_a2k:auto_generated|counter_comb_bita1                 ; |main|cache:inst|lpm_counter1:inst22|lpm_counter:lpm_counter_component|cntr_a2k:auto_generated|counter_comb_bita1                 ; sumout           ;
; |main|cache:inst|lpm_counter1:inst22|lpm_counter:lpm_counter_component|cntr_a2k:auto_generated|counter_comb_bita1                 ; |main|cache:inst|lpm_counter1:inst22|lpm_counter:lpm_counter_component|cntr_a2k:auto_generated|counter_comb_bita1~COUT            ; cout             ;
; |main|cache:inst|lpm_counter1:inst22|lpm_counter:lpm_counter_component|cntr_a2k:auto_generated|counter_comb_bita2                 ; |main|cache:inst|lpm_counter1:inst22|lpm_counter:lpm_counter_component|cntr_a2k:auto_generated|counter_comb_bita2                 ; sumout           ;
; |main|cache:inst|lpm_counter1:inst22|lpm_counter:lpm_counter_component|cntr_a2k:auto_generated|counter_comb_bita2                 ; |main|cache:inst|lpm_counter1:inst22|lpm_counter:lpm_counter_component|cntr_a2k:auto_generated|counter_comb_bita2~COUT            ; cout             ;
; |main|cache:inst|lpm_counter1:inst22|lpm_counter:lpm_counter_component|cntr_a2k:auto_generated|counter_reg_bit1a[2]               ; |main|cache:inst|lpm_counter1:inst22|lpm_counter:lpm_counter_component|cntr_a2k:auto_generated|safe_q[2]                          ; regout           ;
; |main|cache:inst|lpm_counter1:inst22|lpm_counter:lpm_counter_component|cntr_a2k:auto_generated|counter_reg_bit1a[1]               ; |main|cache:inst|lpm_counter1:inst22|lpm_counter:lpm_counter_component|cntr_a2k:auto_generated|safe_q[1]                          ; regout           ;
; |main|cache:inst|lpm_counter1:inst22|lpm_counter:lpm_counter_component|cntr_a2k:auto_generated|counter_reg_bit1a[0]               ; |main|cache:inst|lpm_counter1:inst22|lpm_counter:lpm_counter_component|cntr_a2k:auto_generated|safe_q[0]                          ; regout           ;
; |main|cache:inst|lpm_counter1:inst22|lpm_counter:lpm_counter_component|cntr_a2k:auto_generated|cmpr_9dc:cmpr2|aneb_result_wire[0] ; |main|cache:inst|lpm_counter1:inst22|lpm_counter:lpm_counter_component|cntr_a2k:auto_generated|cmpr_9dc:cmpr2|aneb_result_wire[0] ; out0             ;
; |main|cache:inst|lpm_counter1:inst22|lpm_counter:lpm_counter_component|cntr_a2k:auto_generated|cmpr_9dc:cmpr2|data_wire[0]        ; |main|cache:inst|lpm_counter1:inst22|lpm_counter:lpm_counter_component|cntr_a2k:auto_generated|cmpr_9dc:cmpr2|data_wire[0]        ; out0             ;
; |main|cache:inst|lpm_compare0:inst21|lpm_compare:lpm_compare_component|cmpr_0jj:auto_generated|aeb_int~0                          ; |main|cache:inst|lpm_compare0:inst21|lpm_compare:lpm_compare_component|cmpr_0jj:auto_generated|aeb_int~0                          ; out0             ;
; |main|cache:inst|lpm_dff0:inst33|lpm_ff:lpm_ff_component|dffs[1]                                                                  ; |main|cache:inst|lpm_dff0:inst33|lpm_ff:lpm_ff_component|dffs[1]                                                                  ; regout           ;
; |main|cache:inst|lpm_compare1:inst34|lpm_compare:lpm_compare_component|cmpr_cig:auto_generated|aneb_result_wire[0]~0              ; |main|cache:inst|lpm_compare1:inst34|lpm_compare:lpm_compare_component|cmpr_cig:auto_generated|aneb_result_wire[0]~0              ; out0             ;
; |main|cache:inst|lpm_compare1:inst34|lpm_compare:lpm_compare_component|cmpr_cig:auto_generated|aneb_result_wire[0]                ; |main|cache:inst|lpm_compare1:inst34|lpm_compare:lpm_compare_component|cmpr_cig:auto_generated|aneb_result_wire[0]                ; out0             ;
; |main|cache:inst|lpm_compare1:inst34|lpm_compare:lpm_compare_component|cmpr_cig:auto_generated|data_wire[2]                       ; |main|cache:inst|lpm_compare1:inst34|lpm_compare:lpm_compare_component|cmpr_cig:auto_generated|data_wire[2]                       ; out0             ;
; |main|cache:inst|lpm_compare1:inst34|lpm_compare:lpm_compare_component|cmpr_cig:auto_generated|data_wire[1]~0                     ; |main|cache:inst|lpm_compare1:inst34|lpm_compare:lpm_compare_component|cmpr_cig:auto_generated|data_wire[1]~0                     ; out0             ;
; |main|cache:inst|lpm_compare1:inst34|lpm_compare:lpm_compare_component|cmpr_cig:auto_generated|data_wire[1]~1                     ; |main|cache:inst|lpm_compare1:inst34|lpm_compare:lpm_compare_component|cmpr_cig:auto_generated|data_wire[1]~1                     ; out0             ;
; |main|cache:inst|lpm_compare1:inst34|lpm_compare:lpm_compare_component|cmpr_cig:auto_generated|data_wire[1]                       ; |main|cache:inst|lpm_compare1:inst34|lpm_compare:lpm_compare_component|cmpr_cig:auto_generated|data_wire[1]                       ; out0             ;
; |main|cache:inst|lpm_compare1:inst34|lpm_compare:lpm_compare_component|cmpr_cig:auto_generated|data_wire[0]~3                     ; |main|cache:inst|lpm_compare1:inst34|lpm_compare:lpm_compare_component|cmpr_cig:auto_generated|data_wire[0]~3                     ; out0             ;
; |main|cache:inst|lpm_compare1:inst34|lpm_compare:lpm_compare_component|cmpr_cig:auto_generated|data_wire[0]                       ; |main|cache:inst|lpm_compare1:inst34|lpm_compare:lpm_compare_component|cmpr_cig:auto_generated|data_wire[0]                       ; out0             ;
+-----------------------------------------------------------------------------------------------------------------------------------+-----------------------------------------------------------------------------------------------------------------------------------+------------------+


The following table displays output ports that do not toggle to 1 during simulation.
+--------------------------------------------------------------------------------------------------------------------------------------------------------------------------------------------------------------------------------------------------+
; Missing 1-Value Coverage                                                                                                                                                                                                                         ;
+---------------------------------------------------------------------------------------------------------------+---------------------------------------------------------------------------------------------------------------+------------------+
; Node Name                                                                                                     ; Output Port Name                                                                                              ; Output Port Type ;
+---------------------------------------------------------------------------------------------------------------+---------------------------------------------------------------------------------------------------------------+------------------+
; |main|address[2]                                                                                              ; |main|address[2]                                                                                              ; out              ;
; |main|address[1]                                                                                              ; |main|address[1]                                                                                              ; out              ;
; |main|address[0]                                                                                              ; |main|address[0]                                                                                              ; out              ;
; |main|address_out_ram[2]                                                                                      ; |main|address_out_ram[2]                                                                                      ; pin_out          ;
; |main|write_data[1]                                                                                           ; |main|write_data[1]                                                                                           ; out              ;
; |main|write_data[0]                                                                                           ; |main|write_data[0]                                                                                           ; out              ;
; |main|cache_data[2]                                                                                           ; |main|cache_data[2]                                                                                           ; pin_out          ;
; |main|cache_data[1]                                                                                           ; |main|cache_data[1]                                                                                           ; pin_out          ;
; |main|cache_data[0]                                                                                           ; |main|cache_data[0]                                                                                           ; pin_out          ;
; |main|cache:inst|address_out_ram[2]                                                                           ; |main|cache:inst|address_out_ram[2]                                                                           ; out0             ;
; |main|cache:inst|inst62                                                                                       ; |main|cache:inst|inst62                                                                                       ; out0             ;
; |main|cache:inst|inst66                                                                                       ; |main|cache:inst|inst66                                                                                       ; out0             ;
; |main|cache:inst|inst70                                                                                       ; |main|cache:inst|inst70                                                                                       ; out0             ;
; |main|cache:inst|inst78                                                                                       ; |main|cache:inst|inst78                                                                                       ; out0             ;
; |main|cache:inst|inst82                                                                                       ; |main|cache:inst|inst82                                                                                       ; out0             ;
; |main|cache:inst|inst86                                                                                       ; |main|cache:inst|inst86                                                                                       ; out0             ;
; |main|cache:inst|inst47                                                                                       ; |main|cache:inst|inst47                                                                                       ; out0             ;
; |main|cache:inst|inst94                                                                                       ; |main|cache:inst|inst94                                                                                       ; out0             ;
; |main|cache:inst|inst98                                                                                       ; |main|cache:inst|inst98                                                                                       ; out0             ;
; |main|cache:inst|inst102                                                                                      ; |main|cache:inst|inst102                                                                                      ; out0             ;
; |main|cache:inst|inst110                                                                                      ; |main|cache:inst|inst110                                                                                      ; out0             ;
; |main|cache:inst|inst114                                                                                      ; |main|cache:inst|inst114                                                                                      ; out0             ;
; |main|cache:inst|inst118                                                                                      ; |main|cache:inst|inst118                                                                                      ; out0             ;
; |main|cache:inst|lpm_dff1:inst115|lpm_ff:lpm_ff_component|dffs[2]                                             ; |main|cache:inst|lpm_dff1:inst115|lpm_ff:lpm_ff_component|dffs[2]                                             ; regout           ;
; |main|cache:inst|lpm_bustri1:inst117|lpm_bustri:lpm_bustri_component|dout[4]                                  ; |main|cache:inst|lpm_bustri1:inst117|lpm_bustri:lpm_bustri_component|dout[4]                                  ; out              ;
; |main|cache:inst|lpm_bustri1:inst117|lpm_bustri:lpm_bustri_component|dout[3]                                  ; |main|cache:inst|lpm_bustri1:inst117|lpm_bustri:lpm_bustri_component|dout[3]                                  ; out              ;
; |main|cache:inst|lpm_bustri1:inst117|lpm_bustri:lpm_bustri_component|dout[2]                                  ; |main|cache:inst|lpm_bustri1:inst117|lpm_bustri:lpm_bustri_component|dout[2]                                  ; out              ;
; |main|cache:inst|lpm_bustri1:inst117|lpm_bustri:lpm_bustri_component|dout[1]                                  ; |main|cache:inst|lpm_bustri1:inst117|lpm_bustri:lpm_bustri_component|dout[1]                                  ; out              ;
; |main|cache:inst|lpm_bustri1:inst117|lpm_bustri:lpm_bustri_component|dout[0]                                  ; |main|cache:inst|lpm_bustri1:inst117|lpm_bustri:lpm_bustri_component|dout[0]                                  ; out              ;
; |main|cache:inst|lpm_dff1:inst111|lpm_ff:lpm_ff_component|dffs[2]                                             ; |main|cache:inst|lpm_dff1:inst111|lpm_ff:lpm_ff_component|dffs[2]                                             ; regout           ;
; |main|cache:inst|lpm_bustri1:inst113|lpm_bustri:lpm_bustri_component|dout[4]                                  ; |main|cache:inst|lpm_bustri1:inst113|lpm_bustri:lpm_bustri_component|dout[4]                                  ; out              ;
; |main|cache:inst|lpm_bustri1:inst113|lpm_bustri:lpm_bustri_component|dout[3]                                  ; |main|cache:inst|lpm_bustri1:inst113|lpm_bustri:lpm_bustri_component|dout[3]                                  ; out              ;
; |main|cache:inst|lpm_bustri1:inst113|lpm_bustri:lpm_bustri_component|dout[2]                                  ; |main|cache:inst|lpm_bustri1:inst113|lpm_bustri:lpm_bustri_component|dout[2]                                  ; out              ;
; |main|cache:inst|lpm_bustri1:inst113|lpm_bustri:lpm_bustri_component|dout[1]                                  ; |main|cache:inst|lpm_bustri1:inst113|lpm_bustri:lpm_bustri_component|dout[1]                                  ; out              ;
; |main|cache:inst|lpm_bustri1:inst113|lpm_bustri:lpm_bustri_component|dout[0]                                  ; |main|cache:inst|lpm_bustri1:inst113|lpm_bustri:lpm_bustri_component|dout[0]                                  ; out              ;
; |main|cache:inst|lpm_dff1:inst107|lpm_ff:lpm_ff_component|dffs[2]                                             ; |main|cache:inst|lpm_dff1:inst107|lpm_ff:lpm_ff_component|dffs[2]                                             ; regout           ;
; |main|cache:inst|lpm_dff1:inst107|lpm_ff:lpm_ff_component|dffs[1]                                             ; |main|cache:inst|lpm_dff1:inst107|lpm_ff:lpm_ff_component|dffs[1]                                             ; regout           ;
; |main|cache:inst|lpm_bustri1:inst109|lpm_bustri:lpm_bustri_component|dout[4]                                  ; |main|cache:inst|lpm_bustri1:inst109|lpm_bustri:lpm_bustri_component|dout[4]                                  ; out              ;
; |main|cache:inst|lpm_bustri1:inst109|lpm_bustri:lpm_bustri_component|dout[3]                                  ; |main|cache:inst|lpm_bustri1:inst109|lpm_bustri:lpm_bustri_component|dout[3]                                  ; out              ;
; |main|cache:inst|lpm_bustri1:inst109|lpm_bustri:lpm_bustri_component|dout[2]                                  ; |main|cache:inst|lpm_bustri1:inst109|lpm_bustri:lpm_bustri_component|dout[2]                                  ; out              ;
; |main|cache:inst|lpm_bustri1:inst109|lpm_bustri:lpm_bustri_component|dout[1]                                  ; |main|cache:inst|lpm_bustri1:inst109|lpm_bustri:lpm_bustri_component|dout[1]                                  ; out              ;
; |main|cache:inst|lpm_bustri1:inst109|lpm_bustri:lpm_bustri_component|dout[0]                                  ; |main|cache:inst|lpm_bustri1:inst109|lpm_bustri:lpm_bustri_component|dout[0]                                  ; out              ;
; |main|cache:inst|lpm_dff1:inst99|lpm_ff:lpm_ff_component|dffs[4]                                              ; |main|cache:inst|lpm_dff1:inst99|lpm_ff:lpm_ff_component|dffs[4]                                              ; regout           ;
; |main|cache:inst|lpm_dff1:inst99|lpm_ff:lpm_ff_component|dffs[3]                                              ; |main|cache:inst|lpm_dff1:inst99|lpm_ff:lpm_ff_component|dffs[3]                                              ; regout           ;
; |main|cache:inst|lpm_dff1:inst99|lpm_ff:lpm_ff_component|dffs[2]                                              ; |main|cache:inst|lpm_dff1:inst99|lpm_ff:lpm_ff_component|dffs[2]                                              ; regout           ;
; |main|cache:inst|lpm_bustri1:inst101|lpm_bustri:lpm_bustri_component|dout[4]                                  ; |main|cache:inst|lpm_bustri1:inst101|lpm_bustri:lpm_bustri_component|dout[4]                                  ; out              ;
; |main|cache:inst|lpm_bustri1:inst101|lpm_bustri:lpm_bustri_component|dout[3]                                  ; |main|cache:inst|lpm_bustri1:inst101|lpm_bustri:lpm_bustri_component|dout[3]                                  ; out              ;
; |main|cache:inst|lpm_bustri1:inst101|lpm_bustri:lpm_bustri_component|dout[2]                                  ; |main|cache:inst|lpm_bustri1:inst101|lpm_bustri:lpm_bustri_component|dout[2]                                  ; out              ;
; |main|cache:inst|lpm_bustri1:inst101|lpm_bustri:lpm_bustri_component|dout[1]                                  ; |main|cache:inst|lpm_bustri1:inst101|lpm_bustri:lpm_bustri_component|dout[1]                                  ; out              ;
; |main|cache:inst|lpm_bustri1:inst101|lpm_bustri:lpm_bustri_component|dout[0]                                  ; |main|cache:inst|lpm_bustri1:inst101|lpm_bustri:lpm_bustri_component|dout[0]                                  ; out              ;
; |main|cache:inst|lpm_dff1:inst95|lpm_ff:lpm_ff_component|dffs[4]                                              ; |main|cache:inst|lpm_dff1:inst95|lpm_ff:lpm_ff_component|dffs[4]                                              ; regout           ;
; |main|cache:inst|lpm_dff1:inst95|lpm_ff:lpm_ff_component|dffs[3]                                              ; |main|cache:inst|lpm_dff1:inst95|lpm_ff:lpm_ff_component|dffs[3]                                              ; regout           ;
; |main|cache:inst|lpm_dff1:inst95|lpm_ff:lpm_ff_component|dffs[2]                                              ; |main|cache:inst|lpm_dff1:inst95|lpm_ff:lpm_ff_component|dffs[2]                                              ; regout           ;
; |main|cache:inst|lpm_bustri1:inst97|lpm_bustri:lpm_bustri_component|dout[4]                                   ; |main|cache:inst|lpm_bustri1:inst97|lpm_bustri:lpm_bustri_component|dout[4]                                   ; out              ;
; |main|cache:inst|lpm_bustri1:inst97|lpm_bustri:lpm_bustri_component|dout[3]                                   ; |main|cache:inst|lpm_bustri1:inst97|lpm_bustri:lpm_bustri_component|dout[3]                                   ; out              ;
; |main|cache:inst|lpm_bustri1:inst97|lpm_bustri:lpm_bustri_component|dout[2]                                   ; |main|cache:inst|lpm_bustri1:inst97|lpm_bustri:lpm_bustri_component|dout[2]                                   ; out              ;
; |main|cache:inst|lpm_bustri1:inst97|lpm_bustri:lpm_bustri_component|dout[1]                                   ; |main|cache:inst|lpm_bustri1:inst97|lpm_bustri:lpm_bustri_component|dout[1]                                   ; out              ;
; |main|cache:inst|lpm_bustri1:inst97|lpm_bustri:lpm_bustri_component|dout[0]                                   ; |main|cache:inst|lpm_bustri1:inst97|lpm_bustri:lpm_bustri_component|dout[0]                                   ; out              ;
; |main|cache:inst|lpm_dff1:inst91|lpm_ff:lpm_ff_component|dffs[4]                                              ; |main|cache:inst|lpm_dff1:inst91|lpm_ff:lpm_ff_component|dffs[4]                                              ; regout           ;
; |main|cache:inst|lpm_dff1:inst91|lpm_ff:lpm_ff_component|dffs[3]                                              ; |main|cache:inst|lpm_dff1:inst91|lpm_ff:lpm_ff_component|dffs[3]                                              ; regout           ;
; |main|cache:inst|lpm_dff1:inst91|lpm_ff:lpm_ff_component|dffs[2]                                              ; |main|cache:inst|lpm_dff1:inst91|lpm_ff:lpm_ff_component|dffs[2]                                              ; regout           ;
; |main|cache:inst|lpm_dff1:inst91|lpm_ff:lpm_ff_component|dffs[1]                                              ; |main|cache:inst|lpm_dff1:inst91|lpm_ff:lpm_ff_component|dffs[1]                                              ; regout           ;
; |main|cache:inst|lpm_bustri1:inst93|lpm_bustri:lpm_bustri_component|dout[4]                                   ; |main|cache:inst|lpm_bustri1:inst93|lpm_bustri:lpm_bustri_component|dout[4]                                   ; out              ;
; |main|cache:inst|lpm_bustri1:inst93|lpm_bustri:lpm_bustri_component|dout[3]                                   ; |main|cache:inst|lpm_bustri1:inst93|lpm_bustri:lpm_bustri_component|dout[3]                                   ; out              ;
; |main|cache:inst|lpm_bustri1:inst93|lpm_bustri:lpm_bustri_component|dout[2]                                   ; |main|cache:inst|lpm_bustri1:inst93|lpm_bustri:lpm_bustri_component|dout[2]                                   ; out              ;
; |main|cache:inst|lpm_bustri1:inst93|lpm_bustri:lpm_bustri_component|dout[1]                                   ; |main|cache:inst|lpm_bustri1:inst93|lpm_bustri:lpm_bustri_component|dout[1]                                   ; out              ;
; |main|cache:inst|lpm_bustri1:inst93|lpm_bustri:lpm_bustri_component|dout[0]                                   ; |main|cache:inst|lpm_bustri1:inst93|lpm_bustri:lpm_bustri_component|dout[0]                                   ; out              ;
; |main|cache:inst|lpm_dff1:inst87|lpm_ff:lpm_ff_component|dffs[4]                                              ; |main|cache:inst|lpm_dff1:inst87|lpm_ff:lpm_ff_component|dffs[4]                                              ; regout           ;
; |main|cache:inst|lpm_dff1:inst87|lpm_ff:lpm_ff_component|dffs[3]                                              ; |main|cache:inst|lpm_dff1:inst87|lpm_ff:lpm_ff_component|dffs[3]                                              ; regout           ;
; |main|cache:inst|lpm_dff1:inst87|lpm_ff:lpm_ff_component|dffs[2]                                              ; |main|cache:inst|lpm_dff1:inst87|lpm_ff:lpm_ff_component|dffs[2]                                              ; regout           ;
; |main|cache:inst|lpm_dff1:inst87|lpm_ff:lpm_ff_component|dffs[1]                                              ; |main|cache:inst|lpm_dff1:inst87|lpm_ff:lpm_ff_component|dffs[1]                                              ; regout           ;
; |main|cache:inst|lpm_dff1:inst87|lpm_ff:lpm_ff_component|dffs[0]                                              ; |main|cache:inst|lpm_dff1:inst87|lpm_ff:lpm_ff_component|dffs[0]                                              ; regout           ;
; |main|cache:inst|lpm_bustri1:inst89|lpm_bustri:lpm_bustri_component|dout[4]                                   ; |main|cache:inst|lpm_bustri1:inst89|lpm_bustri:lpm_bustri_component|dout[4]                                   ; out              ;
; |main|cache:inst|lpm_bustri1:inst89|lpm_bustri:lpm_bustri_component|dout[3]                                   ; |main|cache:inst|lpm_bustri1:inst89|lpm_bustri:lpm_bustri_component|dout[3]                                   ; out              ;
; |main|cache:inst|lpm_bustri1:inst89|lpm_bustri:lpm_bustri_component|dout[2]                                   ; |main|cache:inst|lpm_bustri1:inst89|lpm_bustri:lpm_bustri_component|dout[2]                                   ; out              ;
; |main|cache:inst|lpm_bustri1:inst89|lpm_bustri:lpm_bustri_component|dout[1]                                   ; |main|cache:inst|lpm_bustri1:inst89|lpm_bustri:lpm_bustri_component|dout[1]                                   ; out              ;
; |main|cache:inst|lpm_bustri1:inst89|lpm_bustri:lpm_bustri_component|dout[0]                                   ; |main|cache:inst|lpm_bustri1:inst89|lpm_bustri:lpm_bustri_component|dout[0]                                   ; out              ;
; |main|cache:inst|lpm_dff1:inst83|lpm_ff:lpm_ff_component|dffs[2]                                              ; |main|cache:inst|lpm_dff1:inst83|lpm_ff:lpm_ff_component|dffs[2]                                              ; regout           ;
; |main|cache:inst|lpm_bustri1:inst85|lpm_bustri:lpm_bustri_component|dout[4]                                   ; |main|cache:inst|lpm_bustri1:inst85|lpm_bustri:lpm_bustri_component|dout[4]                                   ; out              ;
; |main|cache:inst|lpm_bustri1:inst85|lpm_bustri:lpm_bustri_component|dout[3]                                   ; |main|cache:inst|lpm_bustri1:inst85|lpm_bustri:lpm_bustri_component|dout[3]                                   ; out              ;
; |main|cache:inst|lpm_bustri1:inst85|lpm_bustri:lpm_bustri_component|dout[2]                                   ; |main|cache:inst|lpm_bustri1:inst85|lpm_bustri:lpm_bustri_component|dout[2]                                   ; out              ;
; |main|cache:inst|lpm_bustri1:inst85|lpm_bustri:lpm_bustri_component|dout[1]                                   ; |main|cache:inst|lpm_bustri1:inst85|lpm_bustri:lpm_bustri_component|dout[1]                                   ; out              ;
; |main|cache:inst|lpm_bustri1:inst85|lpm_bustri:lpm_bustri_component|dout[0]                                   ; |main|cache:inst|lpm_bustri1:inst85|lpm_bustri:lpm_bustri_component|dout[0]                                   ; out              ;
; |main|cache:inst|lpm_dff1:inst79|lpm_ff:lpm_ff_component|dffs[2]                                              ; |main|cache:inst|lpm_dff1:inst79|lpm_ff:lpm_ff_component|dffs[2]                                              ; regout           ;
; |main|cache:inst|lpm_bustri1:inst81|lpm_bustri:lpm_bustri_component|dout[4]                                   ; |main|cache:inst|lpm_bustri1:inst81|lpm_bustri:lpm_bustri_component|dout[4]                                   ; out              ;
; |main|cache:inst|lpm_bustri1:inst81|lpm_bustri:lpm_bustri_component|dout[3]                                   ; |main|cache:inst|lpm_bustri1:inst81|lpm_bustri:lpm_bustri_component|dout[3]                                   ; out              ;
; |main|cache:inst|lpm_bustri1:inst81|lpm_bustri:lpm_bustri_component|dout[2]                                   ; |main|cache:inst|lpm_bustri1:inst81|lpm_bustri:lpm_bustri_component|dout[2]                                   ; out              ;
; |main|cache:inst|lpm_bustri1:inst81|lpm_bustri:lpm_bustri_component|dout[1]                                   ; |main|cache:inst|lpm_bustri1:inst81|lpm_bustri:lpm_bustri_component|dout[1]                                   ; out              ;
; |main|cache:inst|lpm_bustri1:inst81|lpm_bustri:lpm_bustri_component|dout[0]                                   ; |main|cache:inst|lpm_bustri1:inst81|lpm_bustri:lpm_bustri_component|dout[0]                                   ; out              ;
; |main|cache:inst|lpm_dff1:inst75|lpm_ff:lpm_ff_component|dffs[2]                                              ; |main|cache:inst|lpm_dff1:inst75|lpm_ff:lpm_ff_component|dffs[2]                                              ; regout           ;
; |main|cache:inst|lpm_dff1:inst75|lpm_ff:lpm_ff_component|dffs[1]                                              ; |main|cache:inst|lpm_dff1:inst75|lpm_ff:lpm_ff_component|dffs[1]                                              ; regout           ;
; |main|cache:inst|lpm_bustri1:inst77|lpm_bustri:lpm_bustri_component|dout[4]                                   ; |main|cache:inst|lpm_bustri1:inst77|lpm_bustri:lpm_bustri_component|dout[4]                                   ; out              ;
; |main|cache:inst|lpm_bustri1:inst77|lpm_bustri:lpm_bustri_component|dout[3]                                   ; |main|cache:inst|lpm_bustri1:inst77|lpm_bustri:lpm_bustri_component|dout[3]                                   ; out              ;
; |main|cache:inst|lpm_bustri1:inst77|lpm_bustri:lpm_bustri_component|dout[2]                                   ; |main|cache:inst|lpm_bustri1:inst77|lpm_bustri:lpm_bustri_component|dout[2]                                   ; out              ;
; |main|cache:inst|lpm_bustri1:inst77|lpm_bustri:lpm_bustri_component|dout[1]                                   ; |main|cache:inst|lpm_bustri1:inst77|lpm_bustri:lpm_bustri_component|dout[1]                                   ; out              ;
; |main|cache:inst|lpm_bustri1:inst77|lpm_bustri:lpm_bustri_component|dout[0]                                   ; |main|cache:inst|lpm_bustri1:inst77|lpm_bustri:lpm_bustri_component|dout[0]                                   ; out              ;
; |main|cache:inst|lpm_dff1:inst67|lpm_ff:lpm_ff_component|dffs[2]                                              ; |main|cache:inst|lpm_dff1:inst67|lpm_ff:lpm_ff_component|dffs[2]                                              ; regout           ;
; |main|cache:inst|lpm_bustri1:inst69|lpm_bustri:lpm_bustri_component|dout[4]                                   ; |main|cache:inst|lpm_bustri1:inst69|lpm_bustri:lpm_bustri_component|dout[4]                                   ; out              ;
; |main|cache:inst|lpm_bustri1:inst69|lpm_bustri:lpm_bustri_component|dout[3]                                   ; |main|cache:inst|lpm_bustri1:inst69|lpm_bustri:lpm_bustri_component|dout[3]                                   ; out              ;
; |main|cache:inst|lpm_bustri1:inst69|lpm_bustri:lpm_bustri_component|dout[2]                                   ; |main|cache:inst|lpm_bustri1:inst69|lpm_bustri:lpm_bustri_component|dout[2]                                   ; out              ;
; |main|cache:inst|lpm_bustri1:inst69|lpm_bustri:lpm_bustri_component|dout[1]                                   ; |main|cache:inst|lpm_bustri1:inst69|lpm_bustri:lpm_bustri_component|dout[1]                                   ; out              ;
; |main|cache:inst|lpm_bustri1:inst69|lpm_bustri:lpm_bustri_component|dout[0]                                   ; |main|cache:inst|lpm_bustri1:inst69|lpm_bustri:lpm_bustri_component|dout[0]                                   ; out              ;
; |main|cache:inst|lpm_dff1:inst63|lpm_ff:lpm_ff_component|dffs[2]                                              ; |main|cache:inst|lpm_dff1:inst63|lpm_ff:lpm_ff_component|dffs[2]                                              ; regout           ;
; |main|cache:inst|lpm_bustri1:inst65|lpm_bustri:lpm_bustri_component|dout[4]                                   ; |main|cache:inst|lpm_bustri1:inst65|lpm_bustri:lpm_bustri_component|dout[4]                                   ; out              ;
; |main|cache:inst|lpm_bustri1:inst65|lpm_bustri:lpm_bustri_component|dout[3]                                   ; |main|cache:inst|lpm_bustri1:inst65|lpm_bustri:lpm_bustri_component|dout[3]                                   ; out              ;
; |main|cache:inst|lpm_bustri1:inst65|lpm_bustri:lpm_bustri_component|dout[2]                                   ; |main|cache:inst|lpm_bustri1:inst65|lpm_bustri:lpm_bustri_component|dout[2]                                   ; out              ;
; |main|cache:inst|lpm_bustri1:inst65|lpm_bustri:lpm_bustri_component|dout[1]                                   ; |main|cache:inst|lpm_bustri1:inst65|lpm_bustri:lpm_bustri_component|dout[1]                                   ; out              ;
; |main|cache:inst|lpm_bustri1:inst65|lpm_bustri:lpm_bustri_component|dout[0]                                   ; |main|cache:inst|lpm_bustri1:inst65|lpm_bustri:lpm_bustri_component|dout[0]                                   ; out              ;
; |main|cache:inst|lpm_dff1:inst59|lpm_ff:lpm_ff_component|dffs[2]                                              ; |main|cache:inst|lpm_dff1:inst59|lpm_ff:lpm_ff_component|dffs[2]                                              ; regout           ;
; |main|cache:inst|lpm_dff1:inst59|lpm_ff:lpm_ff_component|dffs[1]                                              ; |main|cache:inst|lpm_dff1:inst59|lpm_ff:lpm_ff_component|dffs[1]                                              ; regout           ;
; |main|cache:inst|lpm_bustri1:inst61|lpm_bustri:lpm_bustri_component|dout[4]                                   ; |main|cache:inst|lpm_bustri1:inst61|lpm_bustri:lpm_bustri_component|dout[4]                                   ; out              ;
; |main|cache:inst|lpm_bustri1:inst61|lpm_bustri:lpm_bustri_component|dout[3]                                   ; |main|cache:inst|lpm_bustri1:inst61|lpm_bustri:lpm_bustri_component|dout[3]                                   ; out              ;
; |main|cache:inst|lpm_bustri1:inst61|lpm_bustri:lpm_bustri_component|dout[2]                                   ; |main|cache:inst|lpm_bustri1:inst61|lpm_bustri:lpm_bustri_component|dout[2]                                   ; out              ;
; |main|cache:inst|lpm_bustri1:inst61|lpm_bustri:lpm_bustri_component|dout[1]                                   ; |main|cache:inst|lpm_bustri1:inst61|lpm_bustri:lpm_bustri_component|dout[1]                                   ; out              ;
; |main|cache:inst|lpm_bustri1:inst61|lpm_bustri:lpm_bustri_component|dout[0]                                   ; |main|cache:inst|lpm_bustri1:inst61|lpm_bustri:lpm_bustri_component|dout[0]                                   ; out              ;
; |main|cache:inst|lpm_dff1:inst55|lpm_ff:lpm_ff_component|dffs[2]                                              ; |main|cache:inst|lpm_dff1:inst55|lpm_ff:lpm_ff_component|dffs[2]                                              ; regout           ;
; |main|cache:inst|lpm_dff1:inst55|lpm_ff:lpm_ff_component|dffs[1]                                              ; |main|cache:inst|lpm_dff1:inst55|lpm_ff:lpm_ff_component|dffs[1]                                              ; regout           ;
; |main|cache:inst|lpm_dff1:inst55|lpm_ff:lpm_ff_component|dffs[0]                                              ; |main|cache:inst|lpm_dff1:inst55|lpm_ff:lpm_ff_component|dffs[0]                                              ; regout           ;
; |main|cache:inst|lpm_bustri0:inst29|lpm_bustri:lpm_bustri_component|dout[1]                                   ; |main|cache:inst|lpm_bustri0:inst29|lpm_bustri:lpm_bustri_component|dout[1]                                   ; out              ;
; |main|cache:inst|lpm_bustri0:inst29|lpm_bustri:lpm_bustri_component|dout[0]                                   ; |main|cache:inst|lpm_bustri0:inst29|lpm_bustri:lpm_bustri_component|dout[0]                                   ; out              ;
; |main|cache:inst|lpm_bustri1:inst57|lpm_bustri:lpm_bustri_component|dout[2]                                   ; |main|cache:inst|lpm_bustri1:inst57|lpm_bustri:lpm_bustri_component|dout[2]                                   ; out              ;
; |main|cache:inst|lpm_bustri1:inst57|lpm_bustri:lpm_bustri_component|dout[1]                                   ; |main|cache:inst|lpm_bustri1:inst57|lpm_bustri:lpm_bustri_component|dout[1]                                   ; out              ;
; |main|cache:inst|lpm_bustri1:inst57|lpm_bustri:lpm_bustri_component|dout[0]                                   ; |main|cache:inst|lpm_bustri1:inst57|lpm_bustri:lpm_bustri_component|dout[0]                                   ; out              ;
; |main|cache:inst|lpm_bustri3:inst124|lpm_bustri:lpm_bustri_component|dout[2]                                  ; |main|cache:inst|lpm_bustri3:inst124|lpm_bustri:lpm_bustri_component|dout[2]                                  ; out              ;
; |main|cache:inst|lpm_bustri3:inst124|lpm_bustri:lpm_bustri_component|dout[1]                                  ; |main|cache:inst|lpm_bustri3:inst124|lpm_bustri:lpm_bustri_component|dout[1]                                  ; out              ;
; |main|cache:inst|lpm_bustri3:inst124|lpm_bustri:lpm_bustri_component|dout[0]                                  ; |main|cache:inst|lpm_bustri3:inst124|lpm_bustri:lpm_bustri_component|dout[0]                                  ; out              ;
; |main|cache:inst|lpm_bustri2:inst119|lpm_bustri:lpm_bustri_component|dout[1]                                  ; |main|cache:inst|lpm_bustri2:inst119|lpm_bustri:lpm_bustri_component|dout[1]                                  ; out              ;
; |main|cache:inst|lpm_bustri2:inst119|lpm_bustri:lpm_bustri_component|dout[0]                                  ; |main|cache:inst|lpm_bustri2:inst119|lpm_bustri:lpm_bustri_component|dout[0]                                  ; out              ;
; |main|cache:inst|lpm_bustri5:inst126|lpm_bustri:lpm_bustri_component|dout[2]                                  ; |main|cache:inst|lpm_bustri5:inst126|lpm_bustri:lpm_bustri_component|dout[2]                                  ; out              ;
; |main|cache:inst|lpm_bustri5:inst126|lpm_bustri:lpm_bustri_component|dout[1]                                  ; |main|cache:inst|lpm_bustri5:inst126|lpm_bustri:lpm_bustri_component|dout[1]                                  ; out              ;
; |main|cache:inst|lpm_bustri5:inst126|lpm_bustri:lpm_bustri_component|dout[0]                                  ; |main|cache:inst|lpm_bustri5:inst126|lpm_bustri:lpm_bustri_component|dout[0]                                  ; out              ;
; |main|cache:inst|lpm_bustri5:inst125|lpm_bustri:lpm_bustri_component|dout[2]                                  ; |main|cache:inst|lpm_bustri5:inst125|lpm_bustri:lpm_bustri_component|dout[2]                                  ; out              ;
; |main|cache:inst|lpm_dff0:inst39|lpm_ff:lpm_ff_component|dffs[3]                                              ; |main|cache:inst|lpm_dff0:inst39|lpm_ff:lpm_ff_component|dffs[3]                                              ; regout           ;
; |main|cache:inst|lpm_dff0:inst39|lpm_ff:lpm_ff_component|dffs[0]                                              ; |main|cache:inst|lpm_dff0:inst39|lpm_ff:lpm_ff_component|dffs[0]                                              ; regout           ;
; |main|cache:inst|lpm_compare1:inst40|lpm_compare:lpm_compare_component|cmpr_cig:auto_generated|data_wire[0]~2 ; |main|cache:inst|lpm_compare1:inst40|lpm_compare:lpm_compare_component|cmpr_cig:auto_generated|data_wire[0]~2 ; out0             ;
; |main|cache:inst|lpm_dff0:inst51|lpm_ff:lpm_ff_component|dffs[0]                                              ; |main|cache:inst|lpm_dff0:inst51|lpm_ff:lpm_ff_component|dffs[0]                                              ; regout           ;
; |main|cache:inst|lpm_compare1:inst52|lpm_compare:lpm_compare_component|cmpr_cig:auto_generated|data_wire[0]~2 ; |main|cache:inst|lpm_compare1:inst52|lpm_compare:lpm_compare_component|cmpr_cig:auto_generated|data_wire[0]~2 ; out0             ;
; |main|cache:inst|lpm_dff0:inst45|lpm_ff:lpm_ff_component|dffs[4]                                              ; |main|cache:inst|lpm_dff0:inst45|lpm_ff:lpm_ff_component|dffs[4]                                              ; regout           ;
; |main|cache:inst|lpm_dff0:inst45|lpm_ff:lpm_ff_component|dffs[3]                                              ; |main|cache:inst|lpm_dff0:inst45|lpm_ff:lpm_ff_component|dffs[3]                                              ; regout           ;
; |main|cache:inst|lpm_dff0:inst45|lpm_ff:lpm_ff_component|dffs[2]                                              ; |main|cache:inst|lpm_dff0:inst45|lpm_ff:lpm_ff_component|dffs[2]                                              ; regout           ;
; |main|cache:inst|lpm_dff0:inst45|lpm_ff:lpm_ff_component|dffs[1]                                              ; |main|cache:inst|lpm_dff0:inst45|lpm_ff:lpm_ff_component|dffs[1]                                              ; regout           ;
; |main|cache:inst|lpm_dff0:inst45|lpm_ff:lpm_ff_component|dffs[0]                                              ; |main|cache:inst|lpm_dff0:inst45|lpm_ff:lpm_ff_component|dffs[0]                                              ; regout           ;
; |main|cache:inst|lpm_compare1:inst46|lpm_compare:lpm_compare_component|cmpr_cig:auto_generated|data_wire[0]~2 ; |main|cache:inst|lpm_compare1:inst46|lpm_compare:lpm_compare_component|cmpr_cig:auto_generated|data_wire[0]~2 ; out0             ;
; |main|cache:inst|lpm_dff0:inst33|lpm_ff:lpm_ff_component|dffs[4]                                              ; |main|cache:inst|lpm_dff0:inst33|lpm_ff:lpm_ff_component|dffs[4]                                              ; regout           ;
; |main|cache:inst|lpm_dff0:inst33|lpm_ff:lpm_ff_component|dffs[3]                                              ; |main|cache:inst|lpm_dff0:inst33|lpm_ff:lpm_ff_component|dffs[3]                                              ; regout           ;
; |main|cache:inst|lpm_dff0:inst33|lpm_ff:lpm_ff_component|dffs[0]                                              ; |main|cache:inst|lpm_dff0:inst33|lpm_ff:lpm_ff_component|dffs[0]                                              ; regout           ;
; |main|cache:inst|lpm_compare1:inst34|lpm_compare:lpm_compare_component|cmpr_cig:auto_generated|data_wire[0]~2 ; |main|cache:inst|lpm_compare1:inst34|lpm_compare:lpm_compare_component|cmpr_cig:auto_generated|data_wire[0]~2 ; out0             ;
+---------------------------------------------------------------------------------------------------------------+---------------------------------------------------------------------------------------------------------------+------------------+


The following table displays output ports that do not toggle to 0 during simulation.
+----------------------------------------------------------------------------------------------------------------------------------------------------------------------------------------------------------------------------------------------------------------+
; Missing 0-Value Coverage                                                                                                                                                                                                                                       ;
+----------------------------------------------------------------------------------------------------------------------+----------------------------------------------------------------------------------------------------------------------+------------------+
; Node Name                                                                                                            ; Output Port Name                                                                                                     ; Output Port Type ;
+----------------------------------------------------------------------------------------------------------------------+----------------------------------------------------------------------------------------------------------------------+------------------+
; |main|address[2]                                                                                                     ; |main|address[2]                                                                                                     ; out              ;
; |main|address[1]                                                                                                     ; |main|address[1]                                                                                                     ; out              ;
; |main|address[0]                                                                                                     ; |main|address[0]                                                                                                     ; out              ;
; |main|write_data[1]                                                                                                  ; |main|write_data[1]                                                                                                  ; out              ;
; |main|write_data[0]                                                                                                  ; |main|write_data[0]                                                                                                  ; out              ;
; |main|cache:inst|inst32                                                                                              ; |main|cache:inst|inst32                                                                                              ; regout           ;
; |main|cache:inst|inst44                                                                                              ; |main|cache:inst|inst44                                                                                              ; regout           ;
; |main|cache:inst|inst50                                                                                              ; |main|cache:inst|inst50                                                                                              ; regout           ;
; |main|cache:inst|inst38                                                                                              ; |main|cache:inst|inst38                                                                                              ; regout           ;
; |main|cache:inst|inst62                                                                                              ; |main|cache:inst|inst62                                                                                              ; out0             ;
; |main|cache:inst|inst66                                                                                              ; |main|cache:inst|inst66                                                                                              ; out0             ;
; |main|cache:inst|inst70                                                                                              ; |main|cache:inst|inst70                                                                                              ; out0             ;
; |main|cache:inst|inst78                                                                                              ; |main|cache:inst|inst78                                                                                              ; out0             ;
; |main|cache:inst|inst82                                                                                              ; |main|cache:inst|inst82                                                                                              ; out0             ;
; |main|cache:inst|inst86                                                                                              ; |main|cache:inst|inst86                                                                                              ; out0             ;
; |main|cache:inst|inst94                                                                                              ; |main|cache:inst|inst94                                                                                              ; out0             ;
; |main|cache:inst|inst98                                                                                              ; |main|cache:inst|inst98                                                                                              ; out0             ;
; |main|cache:inst|inst102                                                                                             ; |main|cache:inst|inst102                                                                                             ; out0             ;
; |main|cache:inst|inst110                                                                                             ; |main|cache:inst|inst110                                                                                             ; out0             ;
; |main|cache:inst|inst114                                                                                             ; |main|cache:inst|inst114                                                                                             ; out0             ;
; |main|cache:inst|inst118                                                                                             ; |main|cache:inst|inst118                                                                                             ; out0             ;
; |main|cache:inst|lpm_dff1:inst115|lpm_ff:lpm_ff_component|dffs[4]                                                    ; |main|cache:inst|lpm_dff1:inst115|lpm_ff:lpm_ff_component|dffs[4]                                                    ; regout           ;
; |main|cache:inst|lpm_dff1:inst115|lpm_ff:lpm_ff_component|dffs[3]                                                    ; |main|cache:inst|lpm_dff1:inst115|lpm_ff:lpm_ff_component|dffs[3]                                                    ; regout           ;
; |main|cache:inst|lpm_dff1:inst115|lpm_ff:lpm_ff_component|dffs[2]                                                    ; |main|cache:inst|lpm_dff1:inst115|lpm_ff:lpm_ff_component|dffs[2]                                                    ; regout           ;
; |main|cache:inst|lpm_dff1:inst115|lpm_ff:lpm_ff_component|dffs[1]                                                    ; |main|cache:inst|lpm_dff1:inst115|lpm_ff:lpm_ff_component|dffs[1]                                                    ; regout           ;
; |main|cache:inst|lpm_bustri1:inst117|lpm_bustri:lpm_bustri_component|dout[4]                                         ; |main|cache:inst|lpm_bustri1:inst117|lpm_bustri:lpm_bustri_component|dout[4]                                         ; out              ;
; |main|cache:inst|lpm_bustri1:inst117|lpm_bustri:lpm_bustri_component|dout[3]                                         ; |main|cache:inst|lpm_bustri1:inst117|lpm_bustri:lpm_bustri_component|dout[3]                                         ; out              ;
; |main|cache:inst|lpm_bustri1:inst117|lpm_bustri:lpm_bustri_component|dout[2]                                         ; |main|cache:inst|lpm_bustri1:inst117|lpm_bustri:lpm_bustri_component|dout[2]                                         ; out              ;
; |main|cache:inst|lpm_bustri1:inst117|lpm_bustri:lpm_bustri_component|dout[1]                                         ; |main|cache:inst|lpm_bustri1:inst117|lpm_bustri:lpm_bustri_component|dout[1]                                         ; out              ;
; |main|cache:inst|lpm_bustri1:inst117|lpm_bustri:lpm_bustri_component|dout[0]                                         ; |main|cache:inst|lpm_bustri1:inst117|lpm_bustri:lpm_bustri_component|dout[0]                                         ; out              ;
; |main|cache:inst|lpm_dff1:inst111|lpm_ff:lpm_ff_component|dffs[4]                                                    ; |main|cache:inst|lpm_dff1:inst111|lpm_ff:lpm_ff_component|dffs[4]                                                    ; regout           ;
; |main|cache:inst|lpm_dff1:inst111|lpm_ff:lpm_ff_component|dffs[3]                                                    ; |main|cache:inst|lpm_dff1:inst111|lpm_ff:lpm_ff_component|dffs[3]                                                    ; regout           ;
; |main|cache:inst|lpm_dff1:inst111|lpm_ff:lpm_ff_component|dffs[2]                                                    ; |main|cache:inst|lpm_dff1:inst111|lpm_ff:lpm_ff_component|dffs[2]                                                    ; regout           ;
; |main|cache:inst|lpm_bustri1:inst113|lpm_bustri:lpm_bustri_component|dout[4]                                         ; |main|cache:inst|lpm_bustri1:inst113|lpm_bustri:lpm_bustri_component|dout[4]                                         ; out              ;
; |main|cache:inst|lpm_bustri1:inst113|lpm_bustri:lpm_bustri_component|dout[3]                                         ; |main|cache:inst|lpm_bustri1:inst113|lpm_bustri:lpm_bustri_component|dout[3]                                         ; out              ;
; |main|cache:inst|lpm_bustri1:inst113|lpm_bustri:lpm_bustri_component|dout[2]                                         ; |main|cache:inst|lpm_bustri1:inst113|lpm_bustri:lpm_bustri_component|dout[2]                                         ; out              ;
; |main|cache:inst|lpm_bustri1:inst113|lpm_bustri:lpm_bustri_component|dout[1]                                         ; |main|cache:inst|lpm_bustri1:inst113|lpm_bustri:lpm_bustri_component|dout[1]                                         ; out              ;
; |main|cache:inst|lpm_bustri1:inst113|lpm_bustri:lpm_bustri_component|dout[0]                                         ; |main|cache:inst|lpm_bustri1:inst113|lpm_bustri:lpm_bustri_component|dout[0]                                         ; out              ;
; |main|cache:inst|lpm_dff1:inst107|lpm_ff:lpm_ff_component|dffs[4]                                                    ; |main|cache:inst|lpm_dff1:inst107|lpm_ff:lpm_ff_component|dffs[4]                                                    ; regout           ;
; |main|cache:inst|lpm_dff1:inst107|lpm_ff:lpm_ff_component|dffs[3]                                                    ; |main|cache:inst|lpm_dff1:inst107|lpm_ff:lpm_ff_component|dffs[3]                                                    ; regout           ;
; |main|cache:inst|lpm_dff1:inst107|lpm_ff:lpm_ff_component|dffs[2]                                                    ; |main|cache:inst|lpm_dff1:inst107|lpm_ff:lpm_ff_component|dffs[2]                                                    ; regout           ;
; |main|cache:inst|lpm_dff1:inst107|lpm_ff:lpm_ff_component|dffs[1]                                                    ; |main|cache:inst|lpm_dff1:inst107|lpm_ff:lpm_ff_component|dffs[1]                                                    ; regout           ;
; |main|cache:inst|lpm_bustri1:inst109|lpm_bustri:lpm_bustri_component|dout[4]                                         ; |main|cache:inst|lpm_bustri1:inst109|lpm_bustri:lpm_bustri_component|dout[4]                                         ; out              ;
; |main|cache:inst|lpm_bustri1:inst109|lpm_bustri:lpm_bustri_component|dout[3]                                         ; |main|cache:inst|lpm_bustri1:inst109|lpm_bustri:lpm_bustri_component|dout[3]                                         ; out              ;
; |main|cache:inst|lpm_bustri1:inst109|lpm_bustri:lpm_bustri_component|dout[2]                                         ; |main|cache:inst|lpm_bustri1:inst109|lpm_bustri:lpm_bustri_component|dout[2]                                         ; out              ;
; |main|cache:inst|lpm_bustri1:inst109|lpm_bustri:lpm_bustri_component|dout[1]                                         ; |main|cache:inst|lpm_bustri1:inst109|lpm_bustri:lpm_bustri_component|dout[1]                                         ; out              ;
; |main|cache:inst|lpm_bustri1:inst109|lpm_bustri:lpm_bustri_component|dout[0]                                         ; |main|cache:inst|lpm_bustri1:inst109|lpm_bustri:lpm_bustri_component|dout[0]                                         ; out              ;
; |main|cache:inst|lpm_dff1:inst99|lpm_ff:lpm_ff_component|dffs[4]                                                     ; |main|cache:inst|lpm_dff1:inst99|lpm_ff:lpm_ff_component|dffs[4]                                                     ; regout           ;
; |main|cache:inst|lpm_dff1:inst99|lpm_ff:lpm_ff_component|dffs[3]                                                     ; |main|cache:inst|lpm_dff1:inst99|lpm_ff:lpm_ff_component|dffs[3]                                                     ; regout           ;
; |main|cache:inst|lpm_dff1:inst99|lpm_ff:lpm_ff_component|dffs[2]                                                     ; |main|cache:inst|lpm_dff1:inst99|lpm_ff:lpm_ff_component|dffs[2]                                                     ; regout           ;
; |main|cache:inst|lpm_dff1:inst99|lpm_ff:lpm_ff_component|dffs[1]                                                     ; |main|cache:inst|lpm_dff1:inst99|lpm_ff:lpm_ff_component|dffs[1]                                                     ; regout           ;
; |main|cache:inst|lpm_dff1:inst99|lpm_ff:lpm_ff_component|dffs[0]                                                     ; |main|cache:inst|lpm_dff1:inst99|lpm_ff:lpm_ff_component|dffs[0]                                                     ; regout           ;
; |main|cache:inst|lpm_bustri1:inst101|lpm_bustri:lpm_bustri_component|dout[4]                                         ; |main|cache:inst|lpm_bustri1:inst101|lpm_bustri:lpm_bustri_component|dout[4]                                         ; out              ;
; |main|cache:inst|lpm_bustri1:inst101|lpm_bustri:lpm_bustri_component|dout[3]                                         ; |main|cache:inst|lpm_bustri1:inst101|lpm_bustri:lpm_bustri_component|dout[3]                                         ; out              ;
; |main|cache:inst|lpm_bustri1:inst101|lpm_bustri:lpm_bustri_component|dout[2]                                         ; |main|cache:inst|lpm_bustri1:inst101|lpm_bustri:lpm_bustri_component|dout[2]                                         ; out              ;
; |main|cache:inst|lpm_bustri1:inst101|lpm_bustri:lpm_bustri_component|dout[1]                                         ; |main|cache:inst|lpm_bustri1:inst101|lpm_bustri:lpm_bustri_component|dout[1]                                         ; out              ;
; |main|cache:inst|lpm_bustri1:inst101|lpm_bustri:lpm_bustri_component|dout[0]                                         ; |main|cache:inst|lpm_bustri1:inst101|lpm_bustri:lpm_bustri_component|dout[0]                                         ; out              ;
; |main|cache:inst|lpm_dff1:inst95|lpm_ff:lpm_ff_component|dffs[4]                                                     ; |main|cache:inst|lpm_dff1:inst95|lpm_ff:lpm_ff_component|dffs[4]                                                     ; regout           ;
; |main|cache:inst|lpm_dff1:inst95|lpm_ff:lpm_ff_component|dffs[3]                                                     ; |main|cache:inst|lpm_dff1:inst95|lpm_ff:lpm_ff_component|dffs[3]                                                     ; regout           ;
; |main|cache:inst|lpm_dff1:inst95|lpm_ff:lpm_ff_component|dffs[2]                                                     ; |main|cache:inst|lpm_dff1:inst95|lpm_ff:lpm_ff_component|dffs[2]                                                     ; regout           ;
; |main|cache:inst|lpm_dff1:inst95|lpm_ff:lpm_ff_component|dffs[1]                                                     ; |main|cache:inst|lpm_dff1:inst95|lpm_ff:lpm_ff_component|dffs[1]                                                     ; regout           ;
; |main|cache:inst|lpm_bustri1:inst97|lpm_bustri:lpm_bustri_component|dout[4]                                          ; |main|cache:inst|lpm_bustri1:inst97|lpm_bustri:lpm_bustri_component|dout[4]                                          ; out              ;
; |main|cache:inst|lpm_bustri1:inst97|lpm_bustri:lpm_bustri_component|dout[3]                                          ; |main|cache:inst|lpm_bustri1:inst97|lpm_bustri:lpm_bustri_component|dout[3]                                          ; out              ;
; |main|cache:inst|lpm_bustri1:inst97|lpm_bustri:lpm_bustri_component|dout[2]                                          ; |main|cache:inst|lpm_bustri1:inst97|lpm_bustri:lpm_bustri_component|dout[2]                                          ; out              ;
; |main|cache:inst|lpm_bustri1:inst97|lpm_bustri:lpm_bustri_component|dout[1]                                          ; |main|cache:inst|lpm_bustri1:inst97|lpm_bustri:lpm_bustri_component|dout[1]                                          ; out              ;
; |main|cache:inst|lpm_bustri1:inst97|lpm_bustri:lpm_bustri_component|dout[0]                                          ; |main|cache:inst|lpm_bustri1:inst97|lpm_bustri:lpm_bustri_component|dout[0]                                          ; out              ;
; |main|cache:inst|lpm_dff1:inst91|lpm_ff:lpm_ff_component|dffs[4]                                                     ; |main|cache:inst|lpm_dff1:inst91|lpm_ff:lpm_ff_component|dffs[4]                                                     ; regout           ;
; |main|cache:inst|lpm_dff1:inst91|lpm_ff:lpm_ff_component|dffs[3]                                                     ; |main|cache:inst|lpm_dff1:inst91|lpm_ff:lpm_ff_component|dffs[3]                                                     ; regout           ;
; |main|cache:inst|lpm_dff1:inst91|lpm_ff:lpm_ff_component|dffs[2]                                                     ; |main|cache:inst|lpm_dff1:inst91|lpm_ff:lpm_ff_component|dffs[2]                                                     ; regout           ;
; |main|cache:inst|lpm_dff1:inst91|lpm_ff:lpm_ff_component|dffs[1]                                                     ; |main|cache:inst|lpm_dff1:inst91|lpm_ff:lpm_ff_component|dffs[1]                                                     ; regout           ;
; |main|cache:inst|lpm_dff1:inst91|lpm_ff:lpm_ff_component|dffs[0]                                                     ; |main|cache:inst|lpm_dff1:inst91|lpm_ff:lpm_ff_component|dffs[0]                                                     ; regout           ;
; |main|cache:inst|lpm_bustri1:inst93|lpm_bustri:lpm_bustri_component|dout[4]                                          ; |main|cache:inst|lpm_bustri1:inst93|lpm_bustri:lpm_bustri_component|dout[4]                                          ; out              ;
; |main|cache:inst|lpm_bustri1:inst93|lpm_bustri:lpm_bustri_component|dout[3]                                          ; |main|cache:inst|lpm_bustri1:inst93|lpm_bustri:lpm_bustri_component|dout[3]                                          ; out              ;
; |main|cache:inst|lpm_bustri1:inst93|lpm_bustri:lpm_bustri_component|dout[2]                                          ; |main|cache:inst|lpm_bustri1:inst93|lpm_bustri:lpm_bustri_component|dout[2]                                          ; out              ;
; |main|cache:inst|lpm_bustri1:inst93|lpm_bustri:lpm_bustri_component|dout[1]                                          ; |main|cache:inst|lpm_bustri1:inst93|lpm_bustri:lpm_bustri_component|dout[1]                                          ; out              ;
; |main|cache:inst|lpm_bustri1:inst93|lpm_bustri:lpm_bustri_component|dout[0]                                          ; |main|cache:inst|lpm_bustri1:inst93|lpm_bustri:lpm_bustri_component|dout[0]                                          ; out              ;
; |main|cache:inst|lpm_dff1:inst83|lpm_ff:lpm_ff_component|dffs[4]                                                     ; |main|cache:inst|lpm_dff1:inst83|lpm_ff:lpm_ff_component|dffs[4]                                                     ; regout           ;
; |main|cache:inst|lpm_dff1:inst83|lpm_ff:lpm_ff_component|dffs[2]                                                     ; |main|cache:inst|lpm_dff1:inst83|lpm_ff:lpm_ff_component|dffs[2]                                                     ; regout           ;
; |main|cache:inst|lpm_dff1:inst83|lpm_ff:lpm_ff_component|dffs[1]                                                     ; |main|cache:inst|lpm_dff1:inst83|lpm_ff:lpm_ff_component|dffs[1]                                                     ; regout           ;
; |main|cache:inst|lpm_bustri1:inst85|lpm_bustri:lpm_bustri_component|dout[4]                                          ; |main|cache:inst|lpm_bustri1:inst85|lpm_bustri:lpm_bustri_component|dout[4]                                          ; out              ;
; |main|cache:inst|lpm_bustri1:inst85|lpm_bustri:lpm_bustri_component|dout[3]                                          ; |main|cache:inst|lpm_bustri1:inst85|lpm_bustri:lpm_bustri_component|dout[3]                                          ; out              ;
; |main|cache:inst|lpm_bustri1:inst85|lpm_bustri:lpm_bustri_component|dout[2]                                          ; |main|cache:inst|lpm_bustri1:inst85|lpm_bustri:lpm_bustri_component|dout[2]                                          ; out              ;
; |main|cache:inst|lpm_bustri1:inst85|lpm_bustri:lpm_bustri_component|dout[1]                                          ; |main|cache:inst|lpm_bustri1:inst85|lpm_bustri:lpm_bustri_component|dout[1]                                          ; out              ;
; |main|cache:inst|lpm_bustri1:inst85|lpm_bustri:lpm_bustri_component|dout[0]                                          ; |main|cache:inst|lpm_bustri1:inst85|lpm_bustri:lpm_bustri_component|dout[0]                                          ; out              ;
; |main|cache:inst|lpm_dff1:inst79|lpm_ff:lpm_ff_component|dffs[4]                                                     ; |main|cache:inst|lpm_dff1:inst79|lpm_ff:lpm_ff_component|dffs[4]                                                     ; regout           ;
; |main|cache:inst|lpm_dff1:inst79|lpm_ff:lpm_ff_component|dffs[2]                                                     ; |main|cache:inst|lpm_dff1:inst79|lpm_ff:lpm_ff_component|dffs[2]                                                     ; regout           ;
; |main|cache:inst|lpm_bustri1:inst81|lpm_bustri:lpm_bustri_component|dout[4]                                          ; |main|cache:inst|lpm_bustri1:inst81|lpm_bustri:lpm_bustri_component|dout[4]                                          ; out              ;
; |main|cache:inst|lpm_bustri1:inst81|lpm_bustri:lpm_bustri_component|dout[3]                                          ; |main|cache:inst|lpm_bustri1:inst81|lpm_bustri:lpm_bustri_component|dout[3]                                          ; out              ;
; |main|cache:inst|lpm_bustri1:inst81|lpm_bustri:lpm_bustri_component|dout[2]                                          ; |main|cache:inst|lpm_bustri1:inst81|lpm_bustri:lpm_bustri_component|dout[2]                                          ; out              ;
; |main|cache:inst|lpm_bustri1:inst81|lpm_bustri:lpm_bustri_component|dout[1]                                          ; |main|cache:inst|lpm_bustri1:inst81|lpm_bustri:lpm_bustri_component|dout[1]                                          ; out              ;
; |main|cache:inst|lpm_bustri1:inst81|lpm_bustri:lpm_bustri_component|dout[0]                                          ; |main|cache:inst|lpm_bustri1:inst81|lpm_bustri:lpm_bustri_component|dout[0]                                          ; out              ;
; |main|cache:inst|lpm_dff1:inst75|lpm_ff:lpm_ff_component|dffs[4]                                                     ; |main|cache:inst|lpm_dff1:inst75|lpm_ff:lpm_ff_component|dffs[4]                                                     ; regout           ;
; |main|cache:inst|lpm_dff1:inst75|lpm_ff:lpm_ff_component|dffs[2]                                                     ; |main|cache:inst|lpm_dff1:inst75|lpm_ff:lpm_ff_component|dffs[2]                                                     ; regout           ;
; |main|cache:inst|lpm_dff1:inst75|lpm_ff:lpm_ff_component|dffs[1]                                                     ; |main|cache:inst|lpm_dff1:inst75|lpm_ff:lpm_ff_component|dffs[1]                                                     ; regout           ;
; |main|cache:inst|lpm_bustri1:inst77|lpm_bustri:lpm_bustri_component|dout[4]                                          ; |main|cache:inst|lpm_bustri1:inst77|lpm_bustri:lpm_bustri_component|dout[4]                                          ; out              ;
; |main|cache:inst|lpm_bustri1:inst77|lpm_bustri:lpm_bustri_component|dout[3]                                          ; |main|cache:inst|lpm_bustri1:inst77|lpm_bustri:lpm_bustri_component|dout[3]                                          ; out              ;
; |main|cache:inst|lpm_bustri1:inst77|lpm_bustri:lpm_bustri_component|dout[2]                                          ; |main|cache:inst|lpm_bustri1:inst77|lpm_bustri:lpm_bustri_component|dout[2]                                          ; out              ;
; |main|cache:inst|lpm_bustri1:inst77|lpm_bustri:lpm_bustri_component|dout[1]                                          ; |main|cache:inst|lpm_bustri1:inst77|lpm_bustri:lpm_bustri_component|dout[1]                                          ; out              ;
; |main|cache:inst|lpm_bustri1:inst77|lpm_bustri:lpm_bustri_component|dout[0]                                          ; |main|cache:inst|lpm_bustri1:inst77|lpm_bustri:lpm_bustri_component|dout[0]                                          ; out              ;
; |main|cache:inst|lpm_dff1:inst67|lpm_ff:lpm_ff_component|dffs[4]                                                     ; |main|cache:inst|lpm_dff1:inst67|lpm_ff:lpm_ff_component|dffs[4]                                                     ; regout           ;
; |main|cache:inst|lpm_dff1:inst67|lpm_ff:lpm_ff_component|dffs[2]                                                     ; |main|cache:inst|lpm_dff1:inst67|lpm_ff:lpm_ff_component|dffs[2]                                                     ; regout           ;
; |main|cache:inst|lpm_dff1:inst67|lpm_ff:lpm_ff_component|dffs[1]                                                     ; |main|cache:inst|lpm_dff1:inst67|lpm_ff:lpm_ff_component|dffs[1]                                                     ; regout           ;
; |main|cache:inst|lpm_bustri1:inst69|lpm_bustri:lpm_bustri_component|dout[4]                                          ; |main|cache:inst|lpm_bustri1:inst69|lpm_bustri:lpm_bustri_component|dout[4]                                          ; out              ;
; |main|cache:inst|lpm_bustri1:inst69|lpm_bustri:lpm_bustri_component|dout[3]                                          ; |main|cache:inst|lpm_bustri1:inst69|lpm_bustri:lpm_bustri_component|dout[3]                                          ; out              ;
; |main|cache:inst|lpm_bustri1:inst69|lpm_bustri:lpm_bustri_component|dout[2]                                          ; |main|cache:inst|lpm_bustri1:inst69|lpm_bustri:lpm_bustri_component|dout[2]                                          ; out              ;
; |main|cache:inst|lpm_bustri1:inst69|lpm_bustri:lpm_bustri_component|dout[1]                                          ; |main|cache:inst|lpm_bustri1:inst69|lpm_bustri:lpm_bustri_component|dout[1]                                          ; out              ;
; |main|cache:inst|lpm_bustri1:inst69|lpm_bustri:lpm_bustri_component|dout[0]                                          ; |main|cache:inst|lpm_bustri1:inst69|lpm_bustri:lpm_bustri_component|dout[0]                                          ; out              ;
; |main|cache:inst|lpm_dff1:inst63|lpm_ff:lpm_ff_component|dffs[4]                                                     ; |main|cache:inst|lpm_dff1:inst63|lpm_ff:lpm_ff_component|dffs[4]                                                     ; regout           ;
; |main|cache:inst|lpm_dff1:inst63|lpm_ff:lpm_ff_component|dffs[2]                                                     ; |main|cache:inst|lpm_dff1:inst63|lpm_ff:lpm_ff_component|dffs[2]                                                     ; regout           ;
; |main|cache:inst|lpm_bustri1:inst65|lpm_bustri:lpm_bustri_component|dout[4]                                          ; |main|cache:inst|lpm_bustri1:inst65|lpm_bustri:lpm_bustri_component|dout[4]                                          ; out              ;
; |main|cache:inst|lpm_bustri1:inst65|lpm_bustri:lpm_bustri_component|dout[3]                                          ; |main|cache:inst|lpm_bustri1:inst65|lpm_bustri:lpm_bustri_component|dout[3]                                          ; out              ;
; |main|cache:inst|lpm_bustri1:inst65|lpm_bustri:lpm_bustri_component|dout[2]                                          ; |main|cache:inst|lpm_bustri1:inst65|lpm_bustri:lpm_bustri_component|dout[2]                                          ; out              ;
; |main|cache:inst|lpm_bustri1:inst65|lpm_bustri:lpm_bustri_component|dout[1]                                          ; |main|cache:inst|lpm_bustri1:inst65|lpm_bustri:lpm_bustri_component|dout[1]                                          ; out              ;
; |main|cache:inst|lpm_bustri1:inst65|lpm_bustri:lpm_bustri_component|dout[0]                                          ; |main|cache:inst|lpm_bustri1:inst65|lpm_bustri:lpm_bustri_component|dout[0]                                          ; out              ;
; |main|cache:inst|lpm_dff1:inst59|lpm_ff:lpm_ff_component|dffs[4]                                                     ; |main|cache:inst|lpm_dff1:inst59|lpm_ff:lpm_ff_component|dffs[4]                                                     ; regout           ;
; |main|cache:inst|lpm_dff1:inst59|lpm_ff:lpm_ff_component|dffs[2]                                                     ; |main|cache:inst|lpm_dff1:inst59|lpm_ff:lpm_ff_component|dffs[2]                                                     ; regout           ;
; |main|cache:inst|lpm_dff1:inst59|lpm_ff:lpm_ff_component|dffs[1]                                                     ; |main|cache:inst|lpm_dff1:inst59|lpm_ff:lpm_ff_component|dffs[1]                                                     ; regout           ;
; |main|cache:inst|lpm_bustri1:inst61|lpm_bustri:lpm_bustri_component|dout[4]                                          ; |main|cache:inst|lpm_bustri1:inst61|lpm_bustri:lpm_bustri_component|dout[4]                                          ; out              ;
; |main|cache:inst|lpm_bustri1:inst61|lpm_bustri:lpm_bustri_component|dout[3]                                          ; |main|cache:inst|lpm_bustri1:inst61|lpm_bustri:lpm_bustri_component|dout[3]                                          ; out              ;
; |main|cache:inst|lpm_bustri1:inst61|lpm_bustri:lpm_bustri_component|dout[2]                                          ; |main|cache:inst|lpm_bustri1:inst61|lpm_bustri:lpm_bustri_component|dout[2]                                          ; out              ;
; |main|cache:inst|lpm_bustri1:inst61|lpm_bustri:lpm_bustri_component|dout[1]                                          ; |main|cache:inst|lpm_bustri1:inst61|lpm_bustri:lpm_bustri_component|dout[1]                                          ; out              ;
; |main|cache:inst|lpm_bustri1:inst61|lpm_bustri:lpm_bustri_component|dout[0]                                          ; |main|cache:inst|lpm_bustri1:inst61|lpm_bustri:lpm_bustri_component|dout[0]                                          ; out              ;
; |main|cache:inst|lpm_bustri5:inst126|lpm_bustri:lpm_bustri_component|dout[6]                                         ; |main|cache:inst|lpm_bustri5:inst126|lpm_bustri:lpm_bustri_component|dout[6]                                         ; out              ;
; |main|cache:inst|lpm_dff0:inst39|lpm_ff:lpm_ff_component|dffs[4]                                                     ; |main|cache:inst|lpm_dff0:inst39|lpm_ff:lpm_ff_component|dffs[4]                                                     ; regout           ;
; |main|cache:inst|lpm_dff0:inst39|lpm_ff:lpm_ff_component|dffs[3]                                                     ; |main|cache:inst|lpm_dff0:inst39|lpm_ff:lpm_ff_component|dffs[3]                                                     ; regout           ;
; |main|cache:inst|lpm_dff0:inst39|lpm_ff:lpm_ff_component|dffs[2]                                                     ; |main|cache:inst|lpm_dff0:inst39|lpm_ff:lpm_ff_component|dffs[2]                                                     ; regout           ;
; |main|cache:inst|lpm_dff0:inst39|lpm_ff:lpm_ff_component|dffs[1]                                                     ; |main|cache:inst|lpm_dff0:inst39|lpm_ff:lpm_ff_component|dffs[1]                                                     ; regout           ;
; |main|cache:inst|lpm_dff0:inst39|lpm_ff:lpm_ff_component|dffs[0]                                                     ; |main|cache:inst|lpm_dff0:inst39|lpm_ff:lpm_ff_component|dffs[0]                                                     ; regout           ;
; |main|cache:inst|lpm_compare1:inst40|lpm_compare:lpm_compare_component|cmpr_cig:auto_generated|data_wire[0]~2        ; |main|cache:inst|lpm_compare1:inst40|lpm_compare:lpm_compare_component|cmpr_cig:auto_generated|data_wire[0]~2        ; out0             ;
; |main|cache:inst|lpm_dff0:inst51|lpm_ff:lpm_ff_component|dffs[4]                                                     ; |main|cache:inst|lpm_dff0:inst51|lpm_ff:lpm_ff_component|dffs[4]                                                     ; regout           ;
; |main|cache:inst|lpm_dff0:inst51|lpm_ff:lpm_ff_component|dffs[2]                                                     ; |main|cache:inst|lpm_dff0:inst51|lpm_ff:lpm_ff_component|dffs[2]                                                     ; regout           ;
; |main|cache:inst|lpm_dff0:inst51|lpm_ff:lpm_ff_component|dffs[1]                                                     ; |main|cache:inst|lpm_dff0:inst51|lpm_ff:lpm_ff_component|dffs[1]                                                     ; regout           ;
; |main|cache:inst|lpm_dff0:inst51|lpm_ff:lpm_ff_component|dffs[0]                                                     ; |main|cache:inst|lpm_dff0:inst51|lpm_ff:lpm_ff_component|dffs[0]                                                     ; regout           ;
; |main|cache:inst|lpm_compare1:inst52|lpm_compare:lpm_compare_component|cmpr_cig:auto_generated|data_wire[0]~2        ; |main|cache:inst|lpm_compare1:inst52|lpm_compare:lpm_compare_component|cmpr_cig:auto_generated|data_wire[0]~2        ; out0             ;
; |main|cache:inst|lpm_dff0:inst45|lpm_ff:lpm_ff_component|dffs[4]                                                     ; |main|cache:inst|lpm_dff0:inst45|lpm_ff:lpm_ff_component|dffs[4]                                                     ; regout           ;
; |main|cache:inst|lpm_dff0:inst45|lpm_ff:lpm_ff_component|dffs[3]                                                     ; |main|cache:inst|lpm_dff0:inst45|lpm_ff:lpm_ff_component|dffs[3]                                                     ; regout           ;
; |main|cache:inst|lpm_dff0:inst45|lpm_ff:lpm_ff_component|dffs[2]                                                     ; |main|cache:inst|lpm_dff0:inst45|lpm_ff:lpm_ff_component|dffs[2]                                                     ; regout           ;
; |main|cache:inst|lpm_dff0:inst45|lpm_ff:lpm_ff_component|dffs[1]                                                     ; |main|cache:inst|lpm_dff0:inst45|lpm_ff:lpm_ff_component|dffs[1]                                                     ; regout           ;
; |main|cache:inst|lpm_dff0:inst45|lpm_ff:lpm_ff_component|dffs[0]                                                     ; |main|cache:inst|lpm_dff0:inst45|lpm_ff:lpm_ff_component|dffs[0]                                                     ; regout           ;
; |main|cache:inst|lpm_compare1:inst46|lpm_compare:lpm_compare_component|cmpr_cig:auto_generated|aneb_result_wire[0]~0 ; |main|cache:inst|lpm_compare1:inst46|lpm_compare:lpm_compare_component|cmpr_cig:auto_generated|aneb_result_wire[0]~0 ; out0             ;
; |main|cache:inst|lpm_compare1:inst46|lpm_compare:lpm_compare_component|cmpr_cig:auto_generated|aneb_result_wire[0]   ; |main|cache:inst|lpm_compare1:inst46|lpm_compare:lpm_compare_component|cmpr_cig:auto_generated|aneb_result_wire[0]   ; out0             ;
; |main|cache:inst|lpm_compare1:inst46|lpm_compare:lpm_compare_component|cmpr_cig:auto_generated|data_wire[0]~2        ; |main|cache:inst|lpm_compare1:inst46|lpm_compare:lpm_compare_component|cmpr_cig:auto_generated|data_wire[0]~2        ; out0             ;
; |main|cache:inst|lpm_dff0:inst33|lpm_ff:lpm_ff_component|dffs[4]                                                     ; |main|cache:inst|lpm_dff0:inst33|lpm_ff:lpm_ff_component|dffs[4]                                                     ; regout           ;
; |main|cache:inst|lpm_dff0:inst33|lpm_ff:lpm_ff_component|dffs[3]                                                     ; |main|cache:inst|lpm_dff0:inst33|lpm_ff:lpm_ff_component|dffs[3]                                                     ; regout           ;
; |main|cache:inst|lpm_dff0:inst33|lpm_ff:lpm_ff_component|dffs[2]                                                     ; |main|cache:inst|lpm_dff0:inst33|lpm_ff:lpm_ff_component|dffs[2]                                                     ; regout           ;
; |main|cache:inst|lpm_dff0:inst33|lpm_ff:lpm_ff_component|dffs[0]                                                     ; |main|cache:inst|lpm_dff0:inst33|lpm_ff:lpm_ff_component|dffs[0]                                                     ; regout           ;
; |main|cache:inst|lpm_compare1:inst34|lpm_compare:lpm_compare_component|cmpr_cig:auto_generated|data_wire[0]~2        ; |main|cache:inst|lpm_compare1:inst34|lpm_compare:lpm_compare_component|cmpr_cig:auto_generated|data_wire[0]~2        ; out0             ;
+----------------------------------------------------------------------------------------------------------------------+----------------------------------------------------------------------------------------------------------------------+------------------+


+---------------------+
; Simulator INI Usage ;
+--------+------------+
; Option ; Usage      ;
+--------+------------+


+--------------------+
; Simulator Messages ;
+--------------------+
Info: *******************************************************************
Info: Running Quartus II Simulator
    Info: Version 9.1 Build 222 10/21/2009 SJ Web Edition
    Info: Processing started: Thu Mar 21 19:27:37 2024
Info: Command: quartus_sim --read_settings_files=on --write_settings_files=off lab8 -c lab8
Info: Using vector source file "C:/Users/litse/Desktop/—»‘Œ/À–8. Try loading/main.vwf"
Info: Option to preserve fewer signal transitions to reduce memory requirements is enabled
    Info: Simulation has been partitioned into sub-simulations according to the maximum transition count determined by the engine. Transitions from memory will be flushed out to disk at the end of each sub-simulation to reduce memory requirements.
Warning: Found logic contention at time 825.0 ns on bus node "|main|cache:inst|data_out[4]"
    Info: Node "cache:inst|lpm_bustri1:inst57|lpm_bustri:lpm_bustri_component|dout[4]" has logic level of Z
    Info: Node "cache:inst|lpm_bustri1:inst61|lpm_bustri:lpm_bustri_component|dout[4]" has logic level of Z
    Info: Node "cache:inst|lpm_bustri1:inst65|lpm_bustri:lpm_bustri_component|dout[4]" has logic level of Z
    Info: Node "cache:inst|lpm_bustri1:inst69|lpm_bustri:lpm_bustri_component|dout[4]" has logic level of Z
    Info: Node "cache:inst|lpm_bustri1:inst73|lpm_bustri:lpm_bustri_component|dout[4]" has logic level of 0
    Info: Node "cache:inst|lpm_bustri1:inst77|lpm_bustri:lpm_bustri_component|dout[4]" has logic level of Z
    Info: Node "cache:inst|lpm_bustri1:inst81|lpm_bustri:lpm_bustri_component|dout[4]" has logic level of Z
    Info: Node "cache:inst|lpm_bustri1:inst85|lpm_bustri:lpm_bustri_component|dout[4]" has logic level of Z
    Info: Node "cache:inst|lpm_bustri1:inst89|lpm_bustri:lpm_bustri_component|dout[4]" has logic level of Z
    Info: Node "cache:inst|lpm_bustri1:inst93|lpm_bustri:lpm_bustri_component|dout[4]" has logic level of Z
    Info: Node "cache:inst|lpm_bustri1:inst97|lpm_bustri:lpm_bustri_component|dout[4]" has logic level of Z
    Info: Node "cache:inst|lpm_bustri1:inst101|lpm_bustri:lpm_bustri_component|dout[4]" has logic level of Z
    Info: Node "cache:inst|lpm_bustri1:inst105|lpm_bustri:lpm_bustri_component|dout[4]" has logic level of 1
    Info: Node "cache:inst|lpm_bustri1:inst109|lpm_bustri:lpm_bustri_component|dout[4]" has logic level of Z
    Info: Node "cache:inst|lpm_bustri1:inst113|lpm_bustri:lpm_bustri_component|dout[4]" has logic level of Z
    Info: Node "cache:inst|lpm_bustri1:inst117|lpm_bustri:lpm_bustri_component|dout[4]" has logic level of Z
Warning: Found logic contention at time 825.0 ns on bus node "|main|cache:inst|data_out[3]"
    Info: Node "cache:inst|lpm_bustri1:inst57|lpm_bustri:lpm_bustri_component|dout[3]" has logic level of Z
    Info: Node "cache:inst|lpm_bustri1:inst61|lpm_bustri:lpm_bustri_component|dout[3]" has logic level of Z
    Info: Node "cache:inst|lpm_bustri1:inst65|lpm_bustri:lpm_bustri_component|dout[3]" has logic level of Z
    Info: Node "cache:inst|lpm_bustri1:inst69|lpm_bustri:lpm_bustri_component|dout[3]" has logic level of Z
    Info: Node "cache:inst|lpm_bustri1:inst73|lpm_bustri:lpm_bustri_component|dout[3]" has logic level of 0
    Info: Node "cache:inst|lpm_bustri1:inst77|lpm_bustri:lpm_bustri_component|dout[3]" has logic level of Z
    Info: Node "cache:inst|lpm_bustri1:inst81|lpm_bustri:lpm_bustri_component|dout[3]" has logic level of Z
    Info: Node "cache:inst|lpm_bustri1:inst85|lpm_bustri:lpm_bustri_component|dout[3]" has logic level of Z
    Info: Node "cache:inst|lpm_bustri1:inst89|lpm_bustri:lpm_bustri_component|dout[3]" has logic level of Z
    Info: Node "cache:inst|lpm_bustri1:inst93|lpm_bustri:lpm_bustri_component|dout[3]" has logic level of Z
    Info: Node "cache:inst|lpm_bustri1:inst97|lpm_bustri:lpm_bustri_component|dout[3]" has logic level of Z
    Info: Node "cache:inst|lpm_bustri1:inst101|lpm_bustri:lpm_bustri_component|dout[3]" has logic level of Z
    Info: Node "cache:inst|lpm_bustri1:inst105|lpm_bustri:lpm_bustri_component|dout[3]" has logic level of 1
    Info: Node "cache:inst|lpm_bustri1:inst109|lpm_bustri:lpm_bustri_component|dout[3]" has logic level of Z
    Info: Node "cache:inst|lpm_bustri1:inst113|lpm_bustri:lpm_bustri_component|dout[3]" has logic level of Z
    Info: Node "cache:inst|lpm_bustri1:inst117|lpm_bustri:lpm_bustri_component|dout[3]" has logic level of Z
Warning: Found logic contention at time 825.0 ns on bus node "|main|cache:inst|data_out[2]"
    Info: Node "cache:inst|lpm_bustri1:inst57|lpm_bustri:lpm_bustri_component|dout[2]" has logic level of Z
    Info: Node "cache:inst|lpm_bustri1:inst61|lpm_bustri:lpm_bustri_component|dout[2]" has logic level of Z
    Info: Node "cache:inst|lpm_bustri1:inst65|lpm_bustri:lpm_bustri_component|dout[2]" has logic level of Z
    Info: Node "cache:inst|lpm_bustri1:inst69|lpm_bustri:lpm_bustri_component|dout[2]" has logic level of Z
    Info: Node "cache:inst|lpm_bustri1:inst73|lpm_bustri:lpm_bustri_component|dout[2]" has logic level of 1
    Info: Node "cache:inst|lpm_bustri1:inst77|lpm_bustri:lpm_bustri_component|dout[2]" has logic level of Z
    Info: Node "cache:inst|lpm_bustri1:inst81|lpm_bustri:lpm_bustri_component|dout[2]" has logic level of Z
    Info: Node "cache:inst|lpm_bustri1:inst85|lpm_bustri:lpm_bustri_component|dout[2]" has logic level of Z
    Info: Node "cache:inst|lpm_bustri1:inst89|lpm_bustri:lpm_bustri_component|dout[2]" has logic level of Z
    Info: Node "cache:inst|lpm_bustri1:inst93|lpm_bustri:lpm_bustri_component|dout[2]" has logic level of Z
    Info: Node "cache:inst|lpm_bustri1:inst97|lpm_bustri:lpm_bustri_component|dout[2]" has logic level of Z
    Info: Node "cache:inst|lpm_bustri1:inst101|lpm_bustri:lpm_bustri_component|dout[2]" has logic level of Z
    Info: Node "cache:inst|lpm_bustri1:inst105|lpm_bustri:lpm_bustri_component|dout[2]" has logic level of 0
    Info: Node "cache:inst|lpm_bustri1:inst109|lpm_bustri:lpm_bustri_component|dout[2]" has logic level of Z
    Info: Node "cache:inst|lpm_bustri1:inst113|lpm_bustri:lpm_bustri_component|dout[2]" has logic level of Z
    Info: Node "cache:inst|lpm_bustri1:inst117|lpm_bustri:lpm_bustri_component|dout[2]" has logic level of Z
Info: Simulation partitioned into 1 sub-simulations
Info: Simulation coverage is      58.14 %
Info: Number of transitions in simulation is 4158
Info: Quartus II Simulator was successful. 0 errors, 3 warnings
    Info: Peak virtual memory: 154 megabytes
    Info: Processing ended: Thu Mar 21 19:27:37 2024
    Info: Elapsed time: 00:00:00
    Info: Total CPU time (on all processors): 00:00:01


