Analysis & Synthesis report for Lab7
Thu Feb 22 18:50:00 2024
Quartus II Version 9.1 Build 222 10/21/2009 SJ Web Edition


---------------------
; Table of Contents ;
---------------------
  1. Legal Notice
  2. Analysis & Synthesis Summary
  3. Analysis & Synthesis Settings
  4. Parallel Compilation
  5. Analysis & Synthesis Source Files Read
  6. Analysis & Synthesis Resource Usage Summary
  7. Analysis & Synthesis Resource Utilization by Entity
  8. General Register Statistics
  9. Source assignments for master:inst|lpm_counter0:inst14|lpm_counter:lpm_counter_component
 10. Source assignments for master:inst|lpm_counter0:inst23|lpm_counter:lpm_counter_component
 11. Source assignments for master:inst|lpm_counter0:inst6|lpm_counter:lpm_counter_component
 12. Source assignments for master:inst|lpm_counter1:inst39|lpm_counter:lpm_counter_component
 13. Source assignments for master:inst8|lpm_counter0:inst14|lpm_counter:lpm_counter_component
 14. Source assignments for master:inst8|lpm_counter0:inst23|lpm_counter:lpm_counter_component
 15. Source assignments for master:inst8|lpm_counter0:inst6|lpm_counter:lpm_counter_component
 16. Source assignments for master:inst8|lpm_counter1:inst39|lpm_counter:lpm_counter_component
 17. Source assignments for slave:inst1|lpm_counter0:inst14|lpm_counter:lpm_counter_component
 18. Source assignments for slave:inst1|lpm_counter0:inst6|lpm_counter:lpm_counter_component
 19. Source assignments for master:inst9|lpm_counter0:inst14|lpm_counter:lpm_counter_component
 20. Source assignments for master:inst9|lpm_counter0:inst23|lpm_counter:lpm_counter_component
 21. Source assignments for master:inst9|lpm_counter0:inst6|lpm_counter:lpm_counter_component
 22. Source assignments for master:inst9|lpm_counter1:inst39|lpm_counter:lpm_counter_component
 23. Source assignments for slave:inst11|lpm_counter0:inst14|lpm_counter:lpm_counter_component
 24. Source assignments for slave:inst11|lpm_counter0:inst6|lpm_counter:lpm_counter_component
 25. Source assignments for slave:inst10|lpm_counter0:inst14|lpm_counter:lpm_counter_component
 26. Source assignments for slave:inst10|lpm_counter0:inst6|lpm_counter:lpm_counter_component
 27. Source assignments for slave:inst12|lpm_counter0:inst14|lpm_counter:lpm_counter_component
 28. Source assignments for slave:inst12|lpm_counter0:inst6|lpm_counter:lpm_counter_component
 29. Source assignments for slave:inst7|lpm_counter0:inst14|lpm_counter:lpm_counter_component
 30. Source assignments for slave:inst7|lpm_counter0:inst6|lpm_counter:lpm_counter_component
 31. Parameter Settings for User Entity Instance: master:inst|lpm_compare0:inst13|lpm_compare:lpm_compare_component
 32. Parameter Settings for User Entity Instance: master:inst|lpm_counter0:inst14|lpm_counter:lpm_counter_component
 33. Parameter Settings for User Entity Instance: master:inst|lpm_bustri2:inst43|lpm_bustri:lpm_bustri_component
 34. Parameter Settings for User Entity Instance: master:inst|lpm_compare0:inst22|lpm_compare:lpm_compare_component
 35. Parameter Settings for User Entity Instance: master:inst|lpm_counter0:inst23|lpm_counter:lpm_counter_component
 36. Parameter Settings for User Entity Instance: master:inst|lpm_compare0:inst5|lpm_compare:lpm_compare_component
 37. Parameter Settings for User Entity Instance: master:inst|lpm_counter0:inst6|lpm_counter:lpm_counter_component
 38. Parameter Settings for User Entity Instance: master:inst|lpm_bustri1:inst40|lpm_bustri:lpm_bustri_component
 39. Parameter Settings for User Entity Instance: master:inst|lpm_counter1:inst39|lpm_counter:lpm_counter_component
 40. Parameter Settings for User Entity Instance: master:inst|lpm_bustri0:inst37|lpm_bustri:lpm_bustri_component
 41. Parameter Settings for User Entity Instance: master:inst8|lpm_compare0:inst13|lpm_compare:lpm_compare_component
 42. Parameter Settings for User Entity Instance: master:inst8|lpm_counter0:inst14|lpm_counter:lpm_counter_component
 43. Parameter Settings for User Entity Instance: master:inst8|lpm_bustri2:inst43|lpm_bustri:lpm_bustri_component
 44. Parameter Settings for User Entity Instance: master:inst8|lpm_compare0:inst22|lpm_compare:lpm_compare_component
 45. Parameter Settings for User Entity Instance: master:inst8|lpm_counter0:inst23|lpm_counter:lpm_counter_component
 46. Parameter Settings for User Entity Instance: master:inst8|lpm_compare0:inst5|lpm_compare:lpm_compare_component
 47. Parameter Settings for User Entity Instance: master:inst8|lpm_counter0:inst6|lpm_counter:lpm_counter_component
 48. Parameter Settings for User Entity Instance: master:inst8|lpm_bustri1:inst40|lpm_bustri:lpm_bustri_component
 49. Parameter Settings for User Entity Instance: master:inst8|lpm_counter1:inst39|lpm_counter:lpm_counter_component
 50. Parameter Settings for User Entity Instance: master:inst8|lpm_bustri0:inst37|lpm_bustri:lpm_bustri_component
 51. Parameter Settings for User Entity Instance: slave:inst1|lpm_bustri2:inst43|lpm_bustri:lpm_bustri_component
 52. Parameter Settings for User Entity Instance: slave:inst1|lpm_compare1:inst1|lpm_compare:lpm_compare_component
 53. Parameter Settings for User Entity Instance: slave:inst1|lpm_compare0:inst13|lpm_compare:lpm_compare_component
 54. Parameter Settings for User Entity Instance: slave:inst1|lpm_counter0:inst14|lpm_counter:lpm_counter_component
 55. Parameter Settings for User Entity Instance: slave:inst1|lpm_compare0:inst5|lpm_compare:lpm_compare_component
 56. Parameter Settings for User Entity Instance: slave:inst1|lpm_counter0:inst6|lpm_counter:lpm_counter_component
 57. Parameter Settings for User Entity Instance: slave:inst1|lpm_dff0:inst3|lpm_ff:lpm_ff_component
 58. Parameter Settings for User Entity Instance: master:inst9|lpm_compare0:inst13|lpm_compare:lpm_compare_component
 59. Parameter Settings for User Entity Instance: master:inst9|lpm_counter0:inst14|lpm_counter:lpm_counter_component
 60. Parameter Settings for User Entity Instance: master:inst9|lpm_bustri2:inst43|lpm_bustri:lpm_bustri_component
 61. Parameter Settings for User Entity Instance: master:inst9|lpm_compare0:inst22|lpm_compare:lpm_compare_component
 62. Parameter Settings for User Entity Instance: master:inst9|lpm_counter0:inst23|lpm_counter:lpm_counter_component
 63. Parameter Settings for User Entity Instance: master:inst9|lpm_compare0:inst5|lpm_compare:lpm_compare_component
 64. Parameter Settings for User Entity Instance: master:inst9|lpm_counter0:inst6|lpm_counter:lpm_counter_component
 65. Parameter Settings for User Entity Instance: master:inst9|lpm_bustri1:inst40|lpm_bustri:lpm_bustri_component
 66. Parameter Settings for User Entity Instance: master:inst9|lpm_counter1:inst39|lpm_counter:lpm_counter_component
 67. Parameter Settings for User Entity Instance: master:inst9|lpm_bustri0:inst37|lpm_bustri:lpm_bustri_component
 68. Parameter Settings for User Entity Instance: lpm_constant0:inst2|lpm_constant:lpm_constant_component
 69. Parameter Settings for User Entity Instance: slave:inst11|lpm_bustri2:inst43|lpm_bustri:lpm_bustri_component
 70. Parameter Settings for User Entity Instance: slave:inst11|lpm_compare1:inst1|lpm_compare:lpm_compare_component
 71. Parameter Settings for User Entity Instance: slave:inst11|lpm_compare0:inst13|lpm_compare:lpm_compare_component
 72. Parameter Settings for User Entity Instance: slave:inst11|lpm_counter0:inst14|lpm_counter:lpm_counter_component
 73. Parameter Settings for User Entity Instance: slave:inst11|lpm_compare0:inst5|lpm_compare:lpm_compare_component
 74. Parameter Settings for User Entity Instance: slave:inst11|lpm_counter0:inst6|lpm_counter:lpm_counter_component
 75. Parameter Settings for User Entity Instance: slave:inst11|lpm_dff0:inst3|lpm_ff:lpm_ff_component
 76. Parameter Settings for User Entity Instance: lpm_constant1:inst27|lpm_constant:lpm_constant_component
 77. Parameter Settings for User Entity Instance: slave:inst10|lpm_bustri2:inst43|lpm_bustri:lpm_bustri_component
 78. Parameter Settings for User Entity Instance: slave:inst10|lpm_compare1:inst1|lpm_compare:lpm_compare_component
 79. Parameter Settings for User Entity Instance: slave:inst10|lpm_compare0:inst13|lpm_compare:lpm_compare_component
 80. Parameter Settings for User Entity Instance: slave:inst10|lpm_counter0:inst14|lpm_counter:lpm_counter_component
 81. Parameter Settings for User Entity Instance: slave:inst10|lpm_compare0:inst5|lpm_compare:lpm_compare_component
 82. Parameter Settings for User Entity Instance: slave:inst10|lpm_counter0:inst6|lpm_counter:lpm_counter_component
 83. Parameter Settings for User Entity Instance: slave:inst10|lpm_dff0:inst3|lpm_ff:lpm_ff_component
 84. Parameter Settings for User Entity Instance: lpm_constant12:inst28|lpm_constant:lpm_constant_component
 85. Parameter Settings for User Entity Instance: slave:inst12|lpm_bustri2:inst43|lpm_bustri:lpm_bustri_component
 86. Parameter Settings for User Entity Instance: slave:inst12|lpm_compare1:inst1|lpm_compare:lpm_compare_component
 87. Parameter Settings for User Entity Instance: slave:inst12|lpm_compare0:inst13|lpm_compare:lpm_compare_component
 88. Parameter Settings for User Entity Instance: slave:inst12|lpm_counter0:inst14|lpm_counter:lpm_counter_component
 89. Parameter Settings for User Entity Instance: slave:inst12|lpm_compare0:inst5|lpm_compare:lpm_compare_component
 90. Parameter Settings for User Entity Instance: slave:inst12|lpm_counter0:inst6|lpm_counter:lpm_counter_component
 91. Parameter Settings for User Entity Instance: slave:inst12|lpm_dff0:inst3|lpm_ff:lpm_ff_component
 92. Parameter Settings for User Entity Instance: lpm_constant2:inst29|lpm_constant:lpm_constant_component
 93. Parameter Settings for User Entity Instance: slave:inst7|lpm_bustri2:inst43|lpm_bustri:lpm_bustri_component
 94. Parameter Settings for User Entity Instance: slave:inst7|lpm_compare1:inst1|lpm_compare:lpm_compare_component
 95. Parameter Settings for User Entity Instance: slave:inst7|lpm_compare0:inst13|lpm_compare:lpm_compare_component
 96. Parameter Settings for User Entity Instance: slave:inst7|lpm_counter0:inst14|lpm_counter:lpm_counter_component
 97. Parameter Settings for User Entity Instance: slave:inst7|lpm_compare0:inst5|lpm_compare:lpm_compare_component
 98. Parameter Settings for User Entity Instance: slave:inst7|lpm_counter0:inst6|lpm_counter:lpm_counter_component
 99. Parameter Settings for User Entity Instance: slave:inst7|lpm_dff0:inst3|lpm_ff:lpm_ff_component
100. Parameter Settings for User Entity Instance: lpm_constant3:inst30|lpm_constant:lpm_constant_component
101. Analysis & Synthesis Messages



----------------
; Legal Notice ;
----------------
Copyright (C) 1991-2009 Altera Corporation
Your use of Altera Corporation's design tools, logic functions 
and other software and tools, and its AMPP partner logic 
functions, and any output files from any of the foregoing 
(including device programming or simulation files), and any 
associated documentation or information are expressly subject 
to the terms and conditions of the Altera Program License 
Subscription Agreement, Altera MegaCore Function License 
Agreement, or other applicable license agreement, including, 
without limitation, that your use is for the sole purpose of 
programming logic devices manufactured by Altera and sold by 
Altera or its authorized distributors.  Please refer to the 
applicable agreement for further details.



+-------------------------------------------------------------------------+
; Analysis & Synthesis Summary                                            ;
+-------------------------------+-----------------------------------------+
; Analysis & Synthesis Status   ; Successful - Thu Feb 22 18:50:00 2024   ;
; Quartus II Version            ; 9.1 Build 222 10/21/2009 SJ Web Edition ;
; Revision Name                 ; Lab7                                    ;
; Top-level Entity Name         ; main                                    ;
; Family                        ; Stratix II                              ;
; Logic utilization             ; N/A                                     ;
;     Combinational ALUTs       ; 246                                     ;
;     Dedicated logic registers ; 146                                     ;
; Total registers               ; 146                                     ;
; Total pins                    ; 62                                      ;
; Total virtual pins            ; 0                                       ;
; Total block memory bits       ; 0                                       ;
; DSP block 9-bit elements      ; 0                                       ;
; Total PLLs                    ; 0                                       ;
; Total DLLs                    ; 0                                       ;
+-------------------------------+-----------------------------------------+


+----------------------------------------------------------------------------------------------------------------------+
; Analysis & Synthesis Settings                                                                                        ;
+----------------------------------------------------------------------------+--------------------+--------------------+
; Option                                                                     ; Setting            ; Default Value      ;
+----------------------------------------------------------------------------+--------------------+--------------------+
; Top-level entity name                                                      ; main               ; Lab7               ;
; Family name                                                                ; Stratix II         ; Stratix II         ;
; Use Generated Physical Constraints File                                    ; Off                ;                    ;
; Use smart compilation                                                      ; Off                ; Off                ;
; Enable parallel Assembler and TimeQuest Timing Analyzer during compilation ; On                 ; On                 ;
; Enable compact report table                                                ; Off                ; Off                ;
; Restructure Multiplexers                                                   ; Auto               ; Auto               ;
; Create Debugging Nodes for IP Cores                                        ; Off                ; Off                ;
; Preserve fewer node names                                                  ; On                 ; On                 ;
; Disable OpenCore Plus hardware evaluation                                  ; Off                ; Off                ;
; Verilog Version                                                            ; Verilog_2001       ; Verilog_2001       ;
; VHDL Version                                                               ; VHDL_1993          ; VHDL_1993          ;
; State Machine Processing                                                   ; Auto               ; Auto               ;
; Safe State Machine                                                         ; Off                ; Off                ;
; Extract Verilog State Machines                                             ; On                 ; On                 ;
; Extract VHDL State Machines                                                ; On                 ; On                 ;
; Ignore Verilog initial constructs                                          ; Off                ; Off                ;
; Iteration limit for constant Verilog loops                                 ; 5000               ; 5000               ;
; Iteration limit for non-constant Verilog loops                             ; 250                ; 250                ;
; Add Pass-Through Logic to Inferred RAMs                                    ; On                 ; On                 ;
; Parallel Synthesis                                                         ; On                 ; On                 ;
; DSP Block Balancing                                                        ; Auto               ; Auto               ;
; NOT Gate Push-Back                                                         ; On                 ; On                 ;
; Power-Up Don't Care                                                        ; On                 ; On                 ;
; Remove Redundant Logic Cells                                               ; Off                ; Off                ;
; Remove Duplicate Registers                                                 ; On                 ; On                 ;
; Ignore CARRY Buffers                                                       ; Off                ; Off                ;
; Ignore CASCADE Buffers                                                     ; Off                ; Off                ;
; Ignore GLOBAL Buffers                                                      ; Off                ; Off                ;
; Ignore ROW GLOBAL Buffers                                                  ; Off                ; Off                ;
; Ignore LCELL Buffers                                                       ; Off                ; Off                ;
; Ignore SOFT Buffers                                                        ; On                 ; On                 ;
; Limit AHDL Integers to 32 Bits                                             ; Off                ; Off                ;
; Optimization Technique                                                     ; Balanced           ; Balanced           ;
; Carry Chain Length                                                         ; 70                 ; 70                 ;
; Auto Carry Chains                                                          ; On                 ; On                 ;
; Auto Open-Drain Pins                                                       ; On                 ; On                 ;
; Perform WYSIWYG Primitive Resynthesis                                      ; Off                ; Off                ;
; Auto ROM Replacement                                                       ; On                 ; On                 ;
; Auto RAM Replacement                                                       ; On                 ; On                 ;
; Auto DSP Block Replacement                                                 ; On                 ; On                 ;
; Auto Shift Register Replacement                                            ; Auto               ; Auto               ;
; Auto Clock Enable Replacement                                              ; On                 ; On                 ;
; Strict RAM Replacement                                                     ; Off                ; Off                ;
; Allow Synchronous Control Signals                                          ; On                 ; On                 ;
; Force Use of Synchronous Clear Signals                                     ; Off                ; Off                ;
; Auto RAM Block Balancing                                                   ; On                 ; On                 ;
; Auto RAM to Logic Cell Conversion                                          ; Off                ; Off                ;
; Auto Resource Sharing                                                      ; Off                ; Off                ;
; Allow Any RAM Size For Recognition                                         ; Off                ; Off                ;
; Allow Any ROM Size For Recognition                                         ; Off                ; Off                ;
; Allow Any Shift Register Size For Recognition                              ; Off                ; Off                ;
; Use LogicLock Constraints during Resource Balancing                        ; On                 ; On                 ;
; Ignore translate_off and synthesis_off directives                          ; Off                ; Off                ;
; Timing-Driven Synthesis                                                    ; Off                ; Off                ;
; Show Parameter Settings Tables in Synthesis Report                         ; On                 ; On                 ;
; Ignore Maximum Fan-Out Assignments                                         ; Off                ; Off                ;
; Synchronization Register Chain Length                                      ; 2                  ; 2                  ;
; PowerPlay Power Optimization                                               ; Normal compilation ; Normal compilation ;
; HDL message level                                                          ; Level2             ; Level2             ;
; Suppress Register Optimization Related Messages                            ; Off                ; Off                ;
; Number of Removed Registers Reported in Synthesis Report                   ; 100                ; 100                ;
; Number of Inverted Registers Reported in Synthesis Report                  ; 100                ; 100                ;
; Clock MUX Protection                                                       ; On                 ; On                 ;
; Auto Gated Clock Conversion                                                ; Off                ; Off                ;
; Block Design Naming                                                        ; Auto               ; Auto               ;
; SDC constraint protection                                                  ; Off                ; Off                ;
; Synthesis Effort                                                           ; Auto               ; Auto               ;
; Shift Register Replacement - Allow Asynchronous Clear Signal               ; On                 ; On                 ;
; Analysis & Synthesis Message Level                                         ; Medium             ; Medium             ;
; Disable Register Merging Across Hierarchies                                ; Auto               ; Auto               ;
; Resource Aware Inference For Block RAM                                     ; On                 ; On                 ;
+----------------------------------------------------------------------------+--------------------+--------------------+


Parallel compilation was disabled, but you have multiple processors available. Enable parallel compilation to reduce compilation time.
+-------------------------------------+
; Parallel Compilation                ;
+----------------------------+--------+
; Processors                 ; Number ;
+----------------------------+--------+
; Number detected on machine ; 8      ;
; Maximum allowed            ; 1      ;
+----------------------------+--------+


+---------------------------------------------------------------------------------------------------------------------------------------------------------+
; Analysis & Synthesis Source Files Read                                                                                                                  ;
+----------------------------------+-----------------+------------------------------------+---------------------------------------------------------------+
; File Name with User-Entered Path ; Used in Netlist ; File Type                          ; File Name with Absolute Path                                  ;
+----------------------------------+-----------------+------------------------------------+---------------------------------------------------------------+
; master.bdf                       ; yes             ; User Block Diagram/Schematic File  ; C:/Users/litse/Desktop/—»‘Œ/À–7/master.bdf                    ;
; slave.bdf                        ; yes             ; User Block Diagram/Schematic File  ; C:/Users/litse/Desktop/—»‘Œ/À–7/slave.bdf                     ;
; arbiter.bdf                      ; yes             ; User Block Diagram/Schematic File  ; C:/Users/litse/Desktop/—»‘Œ/À–7/arbiter.bdf                   ;
; main.bdf                         ; yes             ; User Block Diagram/Schematic File  ; C:/Users/litse/Desktop/—»‘Œ/À–7/main.bdf                      ;
; lpm_compare0.tdf                 ; yes             ; Auto-Found Wizard-Generated File   ; C:/Users/litse/Desktop/—»‘Œ/À–7/lpm_compare0.tdf              ;
; lpm_compare.inc                  ; yes             ; Megafunction                       ; c:/altera/91/quartus/libraries/megafunctions/lpm_compare.inc  ;
; lpm_compare.tdf                  ; yes             ; Megafunction                       ; c:/altera/91/quartus/libraries/megafunctions/lpm_compare.tdf  ;
; db/cmpr_aig.tdf                  ; yes             ; Auto-Generated Megafunction        ; C:/Users/litse/Desktop/—»‘Œ/À–7/db/cmpr_aig.tdf               ;
; lpm_counter0.tdf                 ; yes             ; Auto-Found Wizard-Generated File   ; C:/Users/litse/Desktop/—»‘Œ/À–7/lpm_counter0.tdf              ;
; lpm_counter.inc                  ; yes             ; Megafunction                       ; c:/altera/91/quartus/libraries/megafunctions/lpm_counter.inc  ;
; lpm_counter.tdf                  ; yes             ; Megafunction                       ; c:/altera/91/quartus/libraries/megafunctions/lpm_counter.tdf  ;
; lpm_constant.inc                 ; yes             ; Megafunction                       ; c:/altera/91/quartus/libraries/megafunctions/lpm_constant.inc ;
; db/cntr_4pi.tdf                  ; yes             ; Auto-Generated Megafunction        ; C:/Users/litse/Desktop/—»‘Œ/À–7/db/cntr_4pi.tdf               ;
; lpm_bustri2.tdf                  ; yes             ; Auto-Found Wizard-Generated File   ; C:/Users/litse/Desktop/—»‘Œ/À–7/lpm_bustri2.tdf               ;
; lpm_bustri.inc                   ; yes             ; Auto-Found AHDL File               ; c:/altera/91/quartus/libraries/megafunctions/lpm_bustri.inc   ;
; lpm_bustri.tdf                   ; yes             ; Megafunction                       ; c:/altera/91/quartus/libraries/megafunctions/lpm_bustri.tdf   ;
; lpm_bustri1.tdf                  ; yes             ; Auto-Found Wizard-Generated File   ; C:/Users/litse/Desktop/—»‘Œ/À–7/lpm_bustri1.tdf               ;
; lpm_counter1.tdf                 ; yes             ; Auto-Found Wizard-Generated File   ; C:/Users/litse/Desktop/—»‘Œ/À–7/lpm_counter1.tdf              ;
; db/cntr_7nh.tdf                  ; yes             ; Auto-Generated Megafunction        ; C:/Users/litse/Desktop/—»‘Œ/À–7/db/cntr_7nh.tdf               ;
; db/cmpr_9dc.tdf                  ; yes             ; Auto-Generated Megafunction        ; C:/Users/litse/Desktop/—»‘Œ/À–7/db/cmpr_9dc.tdf               ;
; lpm_bustri0.tdf                  ; yes             ; Auto-Found Wizard-Generated File   ; C:/Users/litse/Desktop/—»‘Œ/À–7/lpm_bustri0.tdf               ;
; lpm_compare1.tdf                 ; yes             ; Auto-Found Wizard-Generated File   ; C:/Users/litse/Desktop/—»‘Œ/À–7/lpm_compare1.tdf              ;
; lpm_dff0.tdf                     ; yes             ; Auto-Found Wizard-Generated File   ; C:/Users/litse/Desktop/—»‘Œ/À–7/lpm_dff0.tdf                  ;
; lpm_ff.inc                       ; yes             ; Auto-Found AHDL File               ; c:/altera/91/quartus/libraries/megafunctions/lpm_ff.inc       ;
; lpm_ff.tdf                       ; yes             ; Megafunction                       ; c:/altera/91/quartus/libraries/megafunctions/lpm_ff.tdf       ;
; lpm_constant0.tdf                ; yes             ; Auto-Found Wizard-Generated File   ; C:/Users/litse/Desktop/—»‘Œ/À–7/lpm_constant0.tdf             ;
; lpm_constant.tdf                 ; yes             ; Megafunction                       ; c:/altera/91/quartus/libraries/megafunctions/lpm_constant.tdf ;
; lpm_constant1.tdf                ; yes             ; Auto-Found Wizard-Generated File   ; C:/Users/litse/Desktop/—»‘Œ/À–7/lpm_constant1.tdf             ;
; lpm_constant12.tdf               ; yes             ; Auto-Found Wizard-Generated File   ; C:/Users/litse/Desktop/—»‘Œ/À–7/lpm_constant12.tdf            ;
; lpm_constant2.tdf                ; yes             ; Auto-Found Wizard-Generated File   ; C:/Users/litse/Desktop/—»‘Œ/À–7/lpm_constant2.tdf             ;
; lpm_constant3.tdf                ; yes             ; Auto-Found Wizard-Generated File   ; C:/Users/litse/Desktop/—»‘Œ/À–7/lpm_constant3.tdf             ;
+----------------------------------+-----------------+------------------------------------+---------------------------------------------------------------+


+-------------------------------------------------------+
; Analysis & Synthesis Resource Usage Summary           ;
+-----------------------------------------------+-------+
; Resource                                      ; Usage ;
+-----------------------------------------------+-------+
; Estimated ALUTs Used                          ; 246   ;
; Dedicated logic registers                     ; 146   ;
;                                               ;       ;
; Estimated ALUTs Unavailable                   ; 6     ;
;                                               ;       ;
; Total combinational functions                 ; 246   ;
; Combinational ALUT usage by number of inputs  ;       ;
;     -- 7 input functions                      ; 0     ;
;     -- 6 input functions                      ; 6     ;
;     -- 5 input functions                      ; 9     ;
;     -- 4 input functions                      ; 25    ;
;     -- <=3 input functions                    ; 206   ;
;                                               ;       ;
; Combinational ALUTs by mode                   ;       ;
;     -- normal mode                            ; 177   ;
;     -- extended LUT mode                      ; 0     ;
;     -- arithmetic mode                        ; 69    ;
;     -- shared arithmetic mode                 ; 0     ;
;                                               ;       ;
; Estimated ALUT/register pairs used            ; 252   ;
;                                               ;       ;
; Total registers                               ; 146   ;
;     -- Dedicated logic registers              ; 146   ;
;     -- I/O registers                          ; 0     ;
;                                               ;       ;
; Estimated ALMs:  partially or completely used ; 126   ;
;                                               ;       ;
; I/O pins                                      ; 62    ;
; Maximum fan-out node                          ; clk   ;
; Maximum fan-out                               ; 59    ;
; Total fan-out                                 ; 1053  ;
; Average fan-out                               ; 2.32  ;
+-----------------------------------------------+-------+


+----------------------------------------------------------------------------------------------------------------------------------------------------------------------------------------------------------------------------------------------------------------------------------------------+
; Analysis & Synthesis Resource Utilization by Entity                                                                                                                                                                                                                                          ;
+----------------------------------------------+-------------------+--------------+-------------------+--------------+---------+-----------+-----------+------+--------------+--------------------------------------------------------------------------------------------------+--------------+
; Compilation Hierarchy Node                   ; LC Combinationals ; LC Registers ; Block Memory Bits ; DSP Elements ; DSP 9x9 ; DSP 18x18 ; DSP 36x36 ; Pins ; Virtual Pins ; Full Hierarchy Name                                                                              ; Library Name ;
+----------------------------------------------+-------------------+--------------+-------------------+--------------+---------+-----------+-----------+------+--------------+--------------------------------------------------------------------------------------------------+--------------+
; |main                                        ; 246 (3)           ; 146 (0)      ; 0                 ; 0            ; 0       ; 0         ; 0         ; 62   ; 0            ; |main                                                                                            ; work         ;
;    |arbiter:inst4|                           ; 4 (4)             ; 2 (2)        ; 0                 ; 0            ; 0       ; 0         ; 0         ; 0    ; 0            ; |main|arbiter:inst4                                                                              ; work         ;
;    |master:inst8|                            ; 31 (12)           ; 18 (6)       ; 0                 ; 0            ; 0       ; 0         ; 0         ; 0    ; 0            ; |main|master:inst8                                                                               ; work         ;
;       |lpm_compare0:inst13|                  ; 1 (0)             ; 0 (0)        ; 0                 ; 0            ; 0       ; 0         ; 0         ; 0    ; 0            ; |main|master:inst8|lpm_compare0:inst13                                                           ; work         ;
;          |lpm_compare:lpm_compare_component| ; 1 (0)             ; 0 (0)        ; 0                 ; 0            ; 0       ; 0         ; 0         ; 0    ; 0            ; |main|master:inst8|lpm_compare0:inst13|lpm_compare:lpm_compare_component                         ; work         ;
;             |cmpr_aig:auto_generated|        ; 1 (1)             ; 0 (0)        ; 0                 ; 0            ; 0       ; 0         ; 0         ; 0    ; 0            ; |main|master:inst8|lpm_compare0:inst13|lpm_compare:lpm_compare_component|cmpr_aig:auto_generated ; work         ;
;       |lpm_compare0:inst22|                  ; 1 (0)             ; 0 (0)        ; 0                 ; 0            ; 0       ; 0         ; 0         ; 0    ; 0            ; |main|master:inst8|lpm_compare0:inst22                                                           ; work         ;
;          |lpm_compare:lpm_compare_component| ; 1 (0)             ; 0 (0)        ; 0                 ; 0            ; 0       ; 0         ; 0         ; 0    ; 0            ; |main|master:inst8|lpm_compare0:inst22|lpm_compare:lpm_compare_component                         ; work         ;
;             |cmpr_aig:auto_generated|        ; 1 (1)             ; 0 (0)        ; 0                 ; 0            ; 0       ; 0         ; 0         ; 0    ; 0            ; |main|master:inst8|lpm_compare0:inst22|lpm_compare:lpm_compare_component|cmpr_aig:auto_generated ; work         ;
;       |lpm_compare0:inst5|                   ; 1 (0)             ; 0 (0)        ; 0                 ; 0            ; 0       ; 0         ; 0         ; 0    ; 0            ; |main|master:inst8|lpm_compare0:inst5                                                            ; work         ;
;          |lpm_compare:lpm_compare_component| ; 1 (0)             ; 0 (0)        ; 0                 ; 0            ; 0       ; 0         ; 0         ; 0    ; 0            ; |main|master:inst8|lpm_compare0:inst5|lpm_compare:lpm_compare_component                          ; work         ;
;             |cmpr_aig:auto_generated|        ; 1 (1)             ; 0 (0)        ; 0                 ; 0            ; 0       ; 0         ; 0         ; 0    ; 0            ; |main|master:inst8|lpm_compare0:inst5|lpm_compare:lpm_compare_component|cmpr_aig:auto_generated  ; work         ;
;       |lpm_counter0:inst14|                  ; 4 (0)             ; 3 (0)        ; 0                 ; 0            ; 0       ; 0         ; 0         ; 0    ; 0            ; |main|master:inst8|lpm_counter0:inst14                                                           ; work         ;
;          |lpm_counter:lpm_counter_component| ; 4 (0)             ; 3 (0)        ; 0                 ; 0            ; 0       ; 0         ; 0         ; 0    ; 0            ; |main|master:inst8|lpm_counter0:inst14|lpm_counter:lpm_counter_component                         ; work         ;
;             |cntr_4pi:auto_generated|        ; 4 (4)             ; 3 (3)        ; 0                 ; 0            ; 0       ; 0         ; 0         ; 0    ; 0            ; |main|master:inst8|lpm_counter0:inst14|lpm_counter:lpm_counter_component|cntr_4pi:auto_generated ; work         ;
;       |lpm_counter0:inst23|                  ; 4 (0)             ; 3 (0)        ; 0                 ; 0            ; 0       ; 0         ; 0         ; 0    ; 0            ; |main|master:inst8|lpm_counter0:inst23                                                           ; work         ;
;          |lpm_counter:lpm_counter_component| ; 4 (0)             ; 3 (0)        ; 0                 ; 0            ; 0       ; 0         ; 0         ; 0    ; 0            ; |main|master:inst8|lpm_counter0:inst23|lpm_counter:lpm_counter_component                         ; work         ;
;             |cntr_4pi:auto_generated|        ; 4 (4)             ; 3 (3)        ; 0                 ; 0            ; 0       ; 0         ; 0         ; 0    ; 0            ; |main|master:inst8|lpm_counter0:inst23|lpm_counter:lpm_counter_component|cntr_4pi:auto_generated ; work         ;
;       |lpm_counter0:inst6|                   ; 4 (0)             ; 3 (0)        ; 0                 ; 0            ; 0       ; 0         ; 0         ; 0    ; 0            ; |main|master:inst8|lpm_counter0:inst6                                                            ; work         ;
;          |lpm_counter:lpm_counter_component| ; 4 (0)             ; 3 (0)        ; 0                 ; 0            ; 0       ; 0         ; 0         ; 0    ; 0            ; |main|master:inst8|lpm_counter0:inst6|lpm_counter:lpm_counter_component                          ; work         ;
;             |cntr_4pi:auto_generated|        ; 4 (4)             ; 3 (3)        ; 0                 ; 0            ; 0       ; 0         ; 0         ; 0    ; 0            ; |main|master:inst8|lpm_counter0:inst6|lpm_counter:lpm_counter_component|cntr_4pi:auto_generated  ; work         ;
;       |lpm_counter1:inst39|                  ; 4 (0)             ; 3 (0)        ; 0                 ; 0            ; 0       ; 0         ; 0         ; 0    ; 0            ; |main|master:inst8|lpm_counter1:inst39                                                           ; work         ;
;          |lpm_counter:lpm_counter_component| ; 4 (0)             ; 3 (0)        ; 0                 ; 0            ; 0       ; 0         ; 0         ; 0    ; 0            ; |main|master:inst8|lpm_counter1:inst39|lpm_counter:lpm_counter_component                         ; work         ;
;             |cntr_7nh:auto_generated|        ; 4 (4)             ; 3 (3)        ; 0                 ; 0            ; 0       ; 0         ; 0         ; 0    ; 0            ; |main|master:inst8|lpm_counter1:inst39|lpm_counter:lpm_counter_component|cntr_7nh:auto_generated ; work         ;
;    |master:inst9|                            ; 35 (12)           ; 18 (6)       ; 0                 ; 0            ; 0       ; 0         ; 0         ; 0    ; 0            ; |main|master:inst9                                                                               ; work         ;
;       |lpm_bustri1:inst40|                   ; 3 (0)             ; 0 (0)        ; 0                 ; 0            ; 0       ; 0         ; 0         ; 0    ; 0            ; |main|master:inst9|lpm_bustri1:inst40                                                            ; work         ;
;          |lpm_bustri:lpm_bustri_component|   ; 3 (3)             ; 0 (0)        ; 0                 ; 0            ; 0       ; 0         ; 0         ; 0    ; 0            ; |main|master:inst9|lpm_bustri1:inst40|lpm_bustri:lpm_bustri_component                            ; work         ;
;       |lpm_compare0:inst13|                  ; 1 (0)             ; 0 (0)        ; 0                 ; 0            ; 0       ; 0         ; 0         ; 0    ; 0            ; |main|master:inst9|lpm_compare0:inst13                                                           ; work         ;
;          |lpm_compare:lpm_compare_component| ; 1 (0)             ; 0 (0)        ; 0                 ; 0            ; 0       ; 0         ; 0         ; 0    ; 0            ; |main|master:inst9|lpm_compare0:inst13|lpm_compare:lpm_compare_component                         ; work         ;
;             |cmpr_aig:auto_generated|        ; 1 (1)             ; 0 (0)        ; 0                 ; 0            ; 0       ; 0         ; 0         ; 0    ; 0            ; |main|master:inst9|lpm_compare0:inst13|lpm_compare:lpm_compare_component|cmpr_aig:auto_generated ; work         ;
;       |lpm_compare0:inst22|                  ; 1 (0)             ; 0 (0)        ; 0                 ; 0            ; 0       ; 0         ; 0         ; 0    ; 0            ; |main|master:inst9|lpm_compare0:inst22                                                           ; work         ;
;          |lpm_compare:lpm_compare_component| ; 1 (0)             ; 0 (0)        ; 0                 ; 0            ; 0       ; 0         ; 0         ; 0    ; 0            ; |main|master:inst9|lpm_compare0:inst22|lpm_compare:lpm_compare_component                         ; work         ;
;             |cmpr_aig:auto_generated|        ; 1 (1)             ; 0 (0)        ; 0                 ; 0            ; 0       ; 0         ; 0         ; 0    ; 0            ; |main|master:inst9|lpm_compare0:inst22|lpm_compare:lpm_compare_component|cmpr_aig:auto_generated ; work         ;
;       |lpm_compare0:inst5|                   ; 1 (0)             ; 0 (0)        ; 0                 ; 0            ; 0       ; 0         ; 0         ; 0    ; 0            ; |main|master:inst9|lpm_compare0:inst5                                                            ; work         ;
;          |lpm_compare:lpm_compare_component| ; 1 (0)             ; 0 (0)        ; 0                 ; 0            ; 0       ; 0         ; 0         ; 0    ; 0            ; |main|master:inst9|lpm_compare0:inst5|lpm_compare:lpm_compare_component                          ; work         ;
;             |cmpr_aig:auto_generated|        ; 1 (1)             ; 0 (0)        ; 0                 ; 0            ; 0       ; 0         ; 0         ; 0    ; 0            ; |main|master:inst9|lpm_compare0:inst5|lpm_compare:lpm_compare_component|cmpr_aig:auto_generated  ; work         ;
;       |lpm_counter0:inst14|                  ; 4 (0)             ; 3 (0)        ; 0                 ; 0            ; 0       ; 0         ; 0         ; 0    ; 0            ; |main|master:inst9|lpm_counter0:inst14                                                           ; work         ;
;          |lpm_counter:lpm_counter_component| ; 4 (0)             ; 3 (0)        ; 0                 ; 0            ; 0       ; 0         ; 0         ; 0    ; 0            ; |main|master:inst9|lpm_counter0:inst14|lpm_counter:lpm_counter_component                         ; work         ;
;             |cntr_4pi:auto_generated|        ; 4 (4)             ; 3 (3)        ; 0                 ; 0            ; 0       ; 0         ; 0         ; 0    ; 0            ; |main|master:inst9|lpm_counter0:inst14|lpm_counter:lpm_counter_component|cntr_4pi:auto_generated ; work         ;
;       |lpm_counter0:inst23|                  ; 4 (0)             ; 3 (0)        ; 0                 ; 0            ; 0       ; 0         ; 0         ; 0    ; 0            ; |main|master:inst9|lpm_counter0:inst23                                                           ; work         ;
;          |lpm_counter:lpm_counter_component| ; 4 (0)             ; 3 (0)        ; 0                 ; 0            ; 0       ; 0         ; 0         ; 0    ; 0            ; |main|master:inst9|lpm_counter0:inst23|lpm_counter:lpm_counter_component                         ; work         ;
;             |cntr_4pi:auto_generated|        ; 4 (4)             ; 3 (3)        ; 0                 ; 0            ; 0       ; 0         ; 0         ; 0    ; 0            ; |main|master:inst9|lpm_counter0:inst23|lpm_counter:lpm_counter_component|cntr_4pi:auto_generated ; work         ;
;       |lpm_counter0:inst6|                   ; 4 (0)             ; 3 (0)        ; 0                 ; 0            ; 0       ; 0         ; 0         ; 0    ; 0            ; |main|master:inst9|lpm_counter0:inst6                                                            ; work         ;
;          |lpm_counter:lpm_counter_component| ; 4 (0)             ; 3 (0)        ; 0                 ; 0            ; 0       ; 0         ; 0         ; 0    ; 0            ; |main|master:inst9|lpm_counter0:inst6|lpm_counter:lpm_counter_component                          ; work         ;
;             |cntr_4pi:auto_generated|        ; 4 (4)             ; 3 (3)        ; 0                 ; 0            ; 0       ; 0         ; 0         ; 0    ; 0            ; |main|master:inst9|lpm_counter0:inst6|lpm_counter:lpm_counter_component|cntr_4pi:auto_generated  ; work         ;
;       |lpm_counter1:inst39|                  ; 5 (0)             ; 3 (0)        ; 0                 ; 0            ; 0       ; 0         ; 0         ; 0    ; 0            ; |main|master:inst9|lpm_counter1:inst39                                                           ; work         ;
;          |lpm_counter:lpm_counter_component| ; 5 (0)             ; 3 (0)        ; 0                 ; 0            ; 0       ; 0         ; 0         ; 0    ; 0            ; |main|master:inst9|lpm_counter1:inst39|lpm_counter:lpm_counter_component                         ; work         ;
;             |cntr_7nh:auto_generated|        ; 5 (5)             ; 3 (3)        ; 0                 ; 0            ; 0       ; 0         ; 0         ; 0    ; 0            ; |main|master:inst9|lpm_counter1:inst39|lpm_counter:lpm_counter_component|cntr_7nh:auto_generated ; work         ;
;    |master:inst|                             ; 33 (12)           ; 18 (6)       ; 0                 ; 0            ; 0       ; 0         ; 0         ; 0    ; 0            ; |main|master:inst                                                                                ;              ;
;       |lpm_bustri2:inst43|                   ; 1 (0)             ; 0 (0)        ; 0                 ; 0            ; 0       ; 0         ; 0         ; 0    ; 0            ; |main|master:inst|lpm_bustri2:inst43                                                             ; work         ;
;          |lpm_bustri:lpm_bustri_component|   ; 1 (1)             ; 0 (0)        ; 0                 ; 0            ; 0       ; 0         ; 0         ; 0    ; 0            ; |main|master:inst|lpm_bustri2:inst43|lpm_bustri:lpm_bustri_component                             ; work         ;
;       |lpm_compare0:inst13|                  ; 1 (0)             ; 0 (0)        ; 0                 ; 0            ; 0       ; 0         ; 0         ; 0    ; 0            ; |main|master:inst|lpm_compare0:inst13                                                            ; work         ;
;          |lpm_compare:lpm_compare_component| ; 1 (0)             ; 0 (0)        ; 0                 ; 0            ; 0       ; 0         ; 0         ; 0    ; 0            ; |main|master:inst|lpm_compare0:inst13|lpm_compare:lpm_compare_component                          ; work         ;
;             |cmpr_aig:auto_generated|        ; 1 (1)             ; 0 (0)        ; 0                 ; 0            ; 0       ; 0         ; 0         ; 0    ; 0            ; |main|master:inst|lpm_compare0:inst13|lpm_compare:lpm_compare_component|cmpr_aig:auto_generated  ; work         ;
;       |lpm_compare0:inst22|                  ; 1 (0)             ; 0 (0)        ; 0                 ; 0            ; 0       ; 0         ; 0         ; 0    ; 0            ; |main|master:inst|lpm_compare0:inst22                                                            ; work         ;
;          |lpm_compare:lpm_compare_component| ; 1 (0)             ; 0 (0)        ; 0                 ; 0            ; 0       ; 0         ; 0         ; 0    ; 0            ; |main|master:inst|lpm_compare0:inst22|lpm_compare:lpm_compare_component                          ; work         ;
;             |cmpr_aig:auto_generated|        ; 1 (1)             ; 0 (0)        ; 0                 ; 0            ; 0       ; 0         ; 0         ; 0    ; 0            ; |main|master:inst|lpm_compare0:inst22|lpm_compare:lpm_compare_component|cmpr_aig:auto_generated  ; work         ;
;       |lpm_compare0:inst5|                   ; 1 (0)             ; 0 (0)        ; 0                 ; 0            ; 0       ; 0         ; 0         ; 0    ; 0            ; |main|master:inst|lpm_compare0:inst5                                                             ; work         ;
;          |lpm_compare:lpm_compare_component| ; 1 (0)             ; 0 (0)        ; 0                 ; 0            ; 0       ; 0         ; 0         ; 0    ; 0            ; |main|master:inst|lpm_compare0:inst5|lpm_compare:lpm_compare_component                           ; work         ;
;             |cmpr_aig:auto_generated|        ; 1 (1)             ; 0 (0)        ; 0                 ; 0            ; 0       ; 0         ; 0         ; 0    ; 0            ; |main|master:inst|lpm_compare0:inst5|lpm_compare:lpm_compare_component|cmpr_aig:auto_generated   ; work         ;
;       |lpm_counter0:inst14|                  ; 4 (0)             ; 3 (0)        ; 0                 ; 0            ; 0       ; 0         ; 0         ; 0    ; 0            ; |main|master:inst|lpm_counter0:inst14                                                            ; work         ;
;          |lpm_counter:lpm_counter_component| ; 4 (0)             ; 3 (0)        ; 0                 ; 0            ; 0       ; 0         ; 0         ; 0    ; 0            ; |main|master:inst|lpm_counter0:inst14|lpm_counter:lpm_counter_component                          ; work         ;
;             |cntr_4pi:auto_generated|        ; 4 (4)             ; 3 (3)        ; 0                 ; 0            ; 0       ; 0         ; 0         ; 0    ; 0            ; |main|master:inst|lpm_counter0:inst14|lpm_counter:lpm_counter_component|cntr_4pi:auto_generated  ; work         ;
;       |lpm_counter0:inst23|                  ; 4 (0)             ; 3 (0)        ; 0                 ; 0            ; 0       ; 0         ; 0         ; 0    ; 0            ; |main|master:inst|lpm_counter0:inst23                                                            ; work         ;
;          |lpm_counter:lpm_counter_component| ; 4 (0)             ; 3 (0)        ; 0                 ; 0            ; 0       ; 0         ; 0         ; 0    ; 0            ; |main|master:inst|lpm_counter0:inst23|lpm_counter:lpm_counter_component                          ; work         ;
;             |cntr_4pi:auto_generated|        ; 4 (4)             ; 3 (3)        ; 0                 ; 0            ; 0       ; 0         ; 0         ; 0    ; 0            ; |main|master:inst|lpm_counter0:inst23|lpm_counter:lpm_counter_component|cntr_4pi:auto_generated  ; work         ;
;       |lpm_counter0:inst6|                   ; 4 (0)             ; 3 (0)        ; 0                 ; 0            ; 0       ; 0         ; 0         ; 0    ; 0            ; |main|master:inst|lpm_counter0:inst6                                                             ; work         ;
;          |lpm_counter:lpm_counter_component| ; 4 (0)             ; 3 (0)        ; 0                 ; 0            ; 0       ; 0         ; 0         ; 0    ; 0            ; |main|master:inst|lpm_counter0:inst6|lpm_counter:lpm_counter_component                           ; work         ;
;             |cntr_4pi:auto_generated|        ; 4 (4)             ; 3 (3)        ; 0                 ; 0            ; 0       ; 0         ; 0         ; 0    ; 0            ; |main|master:inst|lpm_counter0:inst6|lpm_counter:lpm_counter_component|cntr_4pi:auto_generated   ; work         ;
;       |lpm_counter1:inst39|                  ; 5 (0)             ; 3 (0)        ; 0                 ; 0            ; 0       ; 0         ; 0         ; 0    ; 0            ; |main|master:inst|lpm_counter1:inst39                                                            ; work         ;
;          |lpm_counter:lpm_counter_component| ; 5 (0)             ; 3 (0)        ; 0                 ; 0            ; 0       ; 0         ; 0         ; 0    ; 0            ; |main|master:inst|lpm_counter1:inst39|lpm_counter:lpm_counter_component                          ; work         ;
;             |cntr_7nh:auto_generated|        ; 5 (5)             ; 3 (3)        ; 0                 ; 0            ; 0       ; 0         ; 0         ; 0    ; 0            ; |main|master:inst|lpm_counter1:inst39|lpm_counter:lpm_counter_component|cntr_7nh:auto_generated  ; work         ;
;    |slave:inst10|                            ; 27 (9)            ; 18 (4)       ; 0                 ; 0            ; 0       ; 0         ; 0         ; 0    ; 0            ; |main|slave:inst10                                                                               ; work         ;
;       |lpm_compare0:inst13|                  ; 1 (0)             ; 0 (0)        ; 0                 ; 0            ; 0       ; 0         ; 0         ; 0    ; 0            ; |main|slave:inst10|lpm_compare0:inst13                                                           ; work         ;
;          |lpm_compare:lpm_compare_component| ; 1 (0)             ; 0 (0)        ; 0                 ; 0            ; 0       ; 0         ; 0         ; 0    ; 0            ; |main|slave:inst10|lpm_compare0:inst13|lpm_compare:lpm_compare_component                         ; work         ;
;             |cmpr_aig:auto_generated|        ; 1 (1)             ; 0 (0)        ; 0                 ; 0            ; 0       ; 0         ; 0         ; 0    ; 0            ; |main|slave:inst10|lpm_compare0:inst13|lpm_compare:lpm_compare_component|cmpr_aig:auto_generated ; work         ;
;       |lpm_compare0:inst5|                   ; 1 (0)             ; 0 (0)        ; 0                 ; 0            ; 0       ; 0         ; 0         ; 0    ; 0            ; |main|slave:inst10|lpm_compare0:inst5                                                            ; work         ;
;          |lpm_compare:lpm_compare_component| ; 1 (0)             ; 0 (0)        ; 0                 ; 0            ; 0       ; 0         ; 0         ; 0    ; 0            ; |main|slave:inst10|lpm_compare0:inst5|lpm_compare:lpm_compare_component                          ; work         ;
;             |cmpr_aig:auto_generated|        ; 1 (1)             ; 0 (0)        ; 0                 ; 0            ; 0       ; 0         ; 0         ; 0    ; 0            ; |main|slave:inst10|lpm_compare0:inst5|lpm_compare:lpm_compare_component|cmpr_aig:auto_generated  ; work         ;
;       |lpm_counter0:inst14|                  ; 4 (0)             ; 3 (0)        ; 0                 ; 0            ; 0       ; 0         ; 0         ; 0    ; 0            ; |main|slave:inst10|lpm_counter0:inst14                                                           ; work         ;
;          |lpm_counter:lpm_counter_component| ; 4 (0)             ; 3 (0)        ; 0                 ; 0            ; 0       ; 0         ; 0         ; 0    ; 0            ; |main|slave:inst10|lpm_counter0:inst14|lpm_counter:lpm_counter_component                         ; work         ;
;             |cntr_4pi:auto_generated|        ; 4 (4)             ; 3 (3)        ; 0                 ; 0            ; 0       ; 0         ; 0         ; 0    ; 0            ; |main|slave:inst10|lpm_counter0:inst14|lpm_counter:lpm_counter_component|cntr_4pi:auto_generated ; work         ;
;       |lpm_counter0:inst6|                   ; 4 (0)             ; 3 (0)        ; 0                 ; 0            ; 0       ; 0         ; 0         ; 0    ; 0            ; |main|slave:inst10|lpm_counter0:inst6                                                            ; work         ;
;          |lpm_counter:lpm_counter_component| ; 4 (0)             ; 3 (0)        ; 0                 ; 0            ; 0       ; 0         ; 0         ; 0    ; 0            ; |main|slave:inst10|lpm_counter0:inst6|lpm_counter:lpm_counter_component                          ; work         ;
;             |cntr_4pi:auto_generated|        ; 4 (4)             ; 3 (3)        ; 0                 ; 0            ; 0       ; 0         ; 0         ; 0    ; 0            ; |main|slave:inst10|lpm_counter0:inst6|lpm_counter:lpm_counter_component|cntr_4pi:auto_generated  ; work         ;
;       |lpm_dff0:inst3|                       ; 8 (0)             ; 8 (0)        ; 0                 ; 0            ; 0       ; 0         ; 0         ; 0    ; 0            ; |main|slave:inst10|lpm_dff0:inst3                                                                ; work         ;
;          |lpm_ff:lpm_ff_component|           ; 8 (8)             ; 8 (8)        ; 0                 ; 0            ; 0       ; 0         ; 0         ; 0    ; 0            ; |main|slave:inst10|lpm_dff0:inst3|lpm_ff:lpm_ff_component                                        ; work         ;
;    |slave:inst11|                            ; 27 (9)            ; 18 (4)       ; 0                 ; 0            ; 0       ; 0         ; 0         ; 0    ; 0            ; |main|slave:inst11                                                                               ; work         ;
;       |lpm_compare0:inst13|                  ; 1 (0)             ; 0 (0)        ; 0                 ; 0            ; 0       ; 0         ; 0         ; 0    ; 0            ; |main|slave:inst11|lpm_compare0:inst13                                                           ; work         ;
;          |lpm_compare:lpm_compare_component| ; 1 (0)             ; 0 (0)        ; 0                 ; 0            ; 0       ; 0         ; 0         ; 0    ; 0            ; |main|slave:inst11|lpm_compare0:inst13|lpm_compare:lpm_compare_component                         ; work         ;
;             |cmpr_aig:auto_generated|        ; 1 (1)             ; 0 (0)        ; 0                 ; 0            ; 0       ; 0         ; 0         ; 0    ; 0            ; |main|slave:inst11|lpm_compare0:inst13|lpm_compare:lpm_compare_component|cmpr_aig:auto_generated ; work         ;
;       |lpm_compare0:inst5|                   ; 1 (0)             ; 0 (0)        ; 0                 ; 0            ; 0       ; 0         ; 0         ; 0    ; 0            ; |main|slave:inst11|lpm_compare0:inst5                                                            ; work         ;
;          |lpm_compare:lpm_compare_component| ; 1 (0)             ; 0 (0)        ; 0                 ; 0            ; 0       ; 0         ; 0         ; 0    ; 0            ; |main|slave:inst11|lpm_compare0:inst5|lpm_compare:lpm_compare_component                          ; work         ;
;             |cmpr_aig:auto_generated|        ; 1 (1)             ; 0 (0)        ; 0                 ; 0            ; 0       ; 0         ; 0         ; 0    ; 0            ; |main|slave:inst11|lpm_compare0:inst5|lpm_compare:lpm_compare_component|cmpr_aig:auto_generated  ; work         ;
;       |lpm_counter0:inst14|                  ; 4 (0)             ; 3 (0)        ; 0                 ; 0            ; 0       ; 0         ; 0         ; 0    ; 0            ; |main|slave:inst11|lpm_counter0:inst14                                                           ; work         ;
;          |lpm_counter:lpm_counter_component| ; 4 (0)             ; 3 (0)        ; 0                 ; 0            ; 0       ; 0         ; 0         ; 0    ; 0            ; |main|slave:inst11|lpm_counter0:inst14|lpm_counter:lpm_counter_component                         ; work         ;
;             |cntr_4pi:auto_generated|        ; 4 (4)             ; 3 (3)        ; 0                 ; 0            ; 0       ; 0         ; 0         ; 0    ; 0            ; |main|slave:inst11|lpm_counter0:inst14|lpm_counter:lpm_counter_component|cntr_4pi:auto_generated ; work         ;
;       |lpm_counter0:inst6|                   ; 4 (0)             ; 3 (0)        ; 0                 ; 0            ; 0       ; 0         ; 0         ; 0    ; 0            ; |main|slave:inst11|lpm_counter0:inst6                                                            ; work         ;
;          |lpm_counter:lpm_counter_component| ; 4 (0)             ; 3 (0)        ; 0                 ; 0            ; 0       ; 0         ; 0         ; 0    ; 0            ; |main|slave:inst11|lpm_counter0:inst6|lpm_counter:lpm_counter_component                          ; work         ;
;             |cntr_4pi:auto_generated|        ; 4 (4)             ; 3 (3)        ; 0                 ; 0            ; 0       ; 0         ; 0         ; 0    ; 0            ; |main|slave:inst11|lpm_counter0:inst6|lpm_counter:lpm_counter_component|cntr_4pi:auto_generated  ; work         ;
;       |lpm_dff0:inst3|                       ; 8 (0)             ; 8 (0)        ; 0                 ; 0            ; 0       ; 0         ; 0         ; 0    ; 0            ; |main|slave:inst11|lpm_dff0:inst3                                                                ; work         ;
;          |lpm_ff:lpm_ff_component|           ; 8 (8)             ; 8 (8)        ; 0                 ; 0            ; 0       ; 0         ; 0         ; 0    ; 0            ; |main|slave:inst11|lpm_dff0:inst3|lpm_ff:lpm_ff_component                                        ; work         ;
;    |slave:inst12|                            ; 27 (9)            ; 18 (4)       ; 0                 ; 0            ; 0       ; 0         ; 0         ; 0    ; 0            ; |main|slave:inst12                                                                               ; work         ;
;       |lpm_compare0:inst13|                  ; 1 (0)             ; 0 (0)        ; 0                 ; 0            ; 0       ; 0         ; 0         ; 0    ; 0            ; |main|slave:inst12|lpm_compare0:inst13                                                           ; work         ;
;          |lpm_compare:lpm_compare_component| ; 1 (0)             ; 0 (0)        ; 0                 ; 0            ; 0       ; 0         ; 0         ; 0    ; 0            ; |main|slave:inst12|lpm_compare0:inst13|lpm_compare:lpm_compare_component                         ; work         ;
;             |cmpr_aig:auto_generated|        ; 1 (1)             ; 0 (0)        ; 0                 ; 0            ; 0       ; 0         ; 0         ; 0    ; 0            ; |main|slave:inst12|lpm_compare0:inst13|lpm_compare:lpm_compare_component|cmpr_aig:auto_generated ; work         ;
;       |lpm_compare0:inst5|                   ; 1 (0)             ; 0 (0)        ; 0                 ; 0            ; 0       ; 0         ; 0         ; 0    ; 0            ; |main|slave:inst12|lpm_compare0:inst5                                                            ; work         ;
;          |lpm_compare:lpm_compare_component| ; 1 (0)             ; 0 (0)        ; 0                 ; 0            ; 0       ; 0         ; 0         ; 0    ; 0            ; |main|slave:inst12|lpm_compare0:inst5|lpm_compare:lpm_compare_component                          ; work         ;
;             |cmpr_aig:auto_generated|        ; 1 (1)             ; 0 (0)        ; 0                 ; 0            ; 0       ; 0         ; 0         ; 0    ; 0            ; |main|slave:inst12|lpm_compare0:inst5|lpm_compare:lpm_compare_component|cmpr_aig:auto_generated  ; work         ;
;       |lpm_counter0:inst14|                  ; 4 (0)             ; 3 (0)        ; 0                 ; 0            ; 0       ; 0         ; 0         ; 0    ; 0            ; |main|slave:inst12|lpm_counter0:inst14                                                           ; work         ;
;          |lpm_counter:lpm_counter_component| ; 4 (0)             ; 3 (0)        ; 0                 ; 0            ; 0       ; 0         ; 0         ; 0    ; 0            ; |main|slave:inst12|lpm_counter0:inst14|lpm_counter:lpm_counter_component                         ; work         ;
;             |cntr_4pi:auto_generated|        ; 4 (4)             ; 3 (3)        ; 0                 ; 0            ; 0       ; 0         ; 0         ; 0    ; 0            ; |main|slave:inst12|lpm_counter0:inst14|lpm_counter:lpm_counter_component|cntr_4pi:auto_generated ; work         ;
;       |lpm_counter0:inst6|                   ; 4 (0)             ; 3 (0)        ; 0                 ; 0            ; 0       ; 0         ; 0         ; 0    ; 0            ; |main|slave:inst12|lpm_counter0:inst6                                                            ; work         ;
;          |lpm_counter:lpm_counter_component| ; 4 (0)             ; 3 (0)        ; 0                 ; 0            ; 0       ; 0         ; 0         ; 0    ; 0            ; |main|slave:inst12|lpm_counter0:inst6|lpm_counter:lpm_counter_component                          ; work         ;
;             |cntr_4pi:auto_generated|        ; 4 (4)             ; 3 (3)        ; 0                 ; 0            ; 0       ; 0         ; 0         ; 0    ; 0            ; |main|slave:inst12|lpm_counter0:inst6|lpm_counter:lpm_counter_component|cntr_4pi:auto_generated  ; work         ;
;       |lpm_dff0:inst3|                       ; 8 (0)             ; 8 (0)        ; 0                 ; 0            ; 0       ; 0         ; 0         ; 0    ; 0            ; |main|slave:inst12|lpm_dff0:inst3                                                                ; work         ;
;          |lpm_ff:lpm_ff_component|           ; 8 (8)             ; 8 (8)        ; 0                 ; 0            ; 0       ; 0         ; 0         ; 0    ; 0            ; |main|slave:inst12|lpm_dff0:inst3|lpm_ff:lpm_ff_component                                        ; work         ;
;    |slave:inst1|                             ; 32 (9)            ; 18 (4)       ; 0                 ; 0            ; 0       ; 0         ; 0         ; 0    ; 0            ; |main|slave:inst1                                                                                ; work         ;
;       |lpm_bustri2:inst43|                   ; 5 (0)             ; 0 (0)        ; 0                 ; 0            ; 0       ; 0         ; 0         ; 0    ; 0            ; |main|slave:inst1|lpm_bustri2:inst43                                                             ; work         ;
;          |lpm_bustri:lpm_bustri_component|   ; 5 (5)             ; 0 (0)        ; 0                 ; 0            ; 0       ; 0         ; 0         ; 0    ; 0            ; |main|slave:inst1|lpm_bustri2:inst43|lpm_bustri:lpm_bustri_component                             ; work         ;
;       |lpm_compare0:inst13|                  ; 1 (0)             ; 0 (0)        ; 0                 ; 0            ; 0       ; 0         ; 0         ; 0    ; 0            ; |main|slave:inst1|lpm_compare0:inst13                                                            ; work         ;
;          |lpm_compare:lpm_compare_component| ; 1 (0)             ; 0 (0)        ; 0                 ; 0            ; 0       ; 0         ; 0         ; 0    ; 0            ; |main|slave:inst1|lpm_compare0:inst13|lpm_compare:lpm_compare_component                          ; work         ;
;             |cmpr_aig:auto_generated|        ; 1 (1)             ; 0 (0)        ; 0                 ; 0            ; 0       ; 0         ; 0         ; 0    ; 0            ; |main|slave:inst1|lpm_compare0:inst13|lpm_compare:lpm_compare_component|cmpr_aig:auto_generated  ; work         ;
;       |lpm_compare0:inst5|                   ; 1 (0)             ; 0 (0)        ; 0                 ; 0            ; 0       ; 0         ; 0         ; 0    ; 0            ; |main|slave:inst1|lpm_compare0:inst5                                                             ; work         ;
;          |lpm_compare:lpm_compare_component| ; 1 (0)             ; 0 (0)        ; 0                 ; 0            ; 0       ; 0         ; 0         ; 0    ; 0            ; |main|slave:inst1|lpm_compare0:inst5|lpm_compare:lpm_compare_component                           ; work         ;
;             |cmpr_aig:auto_generated|        ; 1 (1)             ; 0 (0)        ; 0                 ; 0            ; 0       ; 0         ; 0         ; 0    ; 0            ; |main|slave:inst1|lpm_compare0:inst5|lpm_compare:lpm_compare_component|cmpr_aig:auto_generated   ; work         ;
;       |lpm_counter0:inst14|                  ; 4 (0)             ; 3 (0)        ; 0                 ; 0            ; 0       ; 0         ; 0         ; 0    ; 0            ; |main|slave:inst1|lpm_counter0:inst14                                                            ; work         ;
;          |lpm_counter:lpm_counter_component| ; 4 (0)             ; 3 (0)        ; 0                 ; 0            ; 0       ; 0         ; 0         ; 0    ; 0            ; |main|slave:inst1|lpm_counter0:inst14|lpm_counter:lpm_counter_component                          ; work         ;
;             |cntr_4pi:auto_generated|        ; 4 (4)             ; 3 (3)        ; 0                 ; 0            ; 0       ; 0         ; 0         ; 0    ; 0            ; |main|slave:inst1|lpm_counter0:inst14|lpm_counter:lpm_counter_component|cntr_4pi:auto_generated  ; work         ;
;       |lpm_counter0:inst6|                   ; 4 (0)             ; 3 (0)        ; 0                 ; 0            ; 0       ; 0         ; 0         ; 0    ; 0            ; |main|slave:inst1|lpm_counter0:inst6                                                             ; work         ;
;          |lpm_counter:lpm_counter_component| ; 4 (0)             ; 3 (0)        ; 0                 ; 0            ; 0       ; 0         ; 0         ; 0    ; 0            ; |main|slave:inst1|lpm_counter0:inst6|lpm_counter:lpm_counter_component                           ; work         ;
;             |cntr_4pi:auto_generated|        ; 4 (4)             ; 3 (3)        ; 0                 ; 0            ; 0       ; 0         ; 0         ; 0    ; 0            ; |main|slave:inst1|lpm_counter0:inst6|lpm_counter:lpm_counter_component|cntr_4pi:auto_generated   ; work         ;
;       |lpm_dff0:inst3|                       ; 8 (0)             ; 8 (0)        ; 0                 ; 0            ; 0       ; 0         ; 0         ; 0    ; 0            ; |main|slave:inst1|lpm_dff0:inst3                                                                 ; work         ;
;          |lpm_ff:lpm_ff_component|           ; 8 (8)             ; 8 (8)        ; 0                 ; 0            ; 0       ; 0         ; 0         ; 0    ; 0            ; |main|slave:inst1|lpm_dff0:inst3|lpm_ff:lpm_ff_component                                         ; work         ;
;    |slave:inst7|                             ; 27 (9)            ; 18 (4)       ; 0                 ; 0            ; 0       ; 0         ; 0         ; 0    ; 0            ; |main|slave:inst7                                                                                ; work         ;
;       |lpm_compare0:inst13|                  ; 1 (0)             ; 0 (0)        ; 0                 ; 0            ; 0       ; 0         ; 0         ; 0    ; 0            ; |main|slave:inst7|lpm_compare0:inst13                                                            ; work         ;
;          |lpm_compare:lpm_compare_component| ; 1 (0)             ; 0 (0)        ; 0                 ; 0            ; 0       ; 0         ; 0         ; 0    ; 0            ; |main|slave:inst7|lpm_compare0:inst13|lpm_compare:lpm_compare_component                          ; work         ;
;             |cmpr_aig:auto_generated|        ; 1 (1)             ; 0 (0)        ; 0                 ; 0            ; 0       ; 0         ; 0         ; 0    ; 0            ; |main|slave:inst7|lpm_compare0:inst13|lpm_compare:lpm_compare_component|cmpr_aig:auto_generated  ; work         ;
;       |lpm_compare0:inst5|                   ; 1 (0)             ; 0 (0)        ; 0                 ; 0            ; 0       ; 0         ; 0         ; 0    ; 0            ; |main|slave:inst7|lpm_compare0:inst5                                                             ; work         ;
;          |lpm_compare:lpm_compare_component| ; 1 (0)             ; 0 (0)        ; 0                 ; 0            ; 0       ; 0         ; 0         ; 0    ; 0            ; |main|slave:inst7|lpm_compare0:inst5|lpm_compare:lpm_compare_component                           ; work         ;
;             |cmpr_aig:auto_generated|        ; 1 (1)             ; 0 (0)        ; 0                 ; 0            ; 0       ; 0         ; 0         ; 0    ; 0            ; |main|slave:inst7|lpm_compare0:inst5|lpm_compare:lpm_compare_component|cmpr_aig:auto_generated   ; work         ;
;       |lpm_counter0:inst14|                  ; 4 (0)             ; 3 (0)        ; 0                 ; 0            ; 0       ; 0         ; 0         ; 0    ; 0            ; |main|slave:inst7|lpm_counter0:inst14                                                            ; work         ;
;          |lpm_counter:lpm_counter_component| ; 4 (0)             ; 3 (0)        ; 0                 ; 0            ; 0       ; 0         ; 0         ; 0    ; 0            ; |main|slave:inst7|lpm_counter0:inst14|lpm_counter:lpm_counter_component                          ; work         ;
;             |cntr_4pi:auto_generated|        ; 4 (4)             ; 3 (3)        ; 0                 ; 0            ; 0       ; 0         ; 0         ; 0    ; 0            ; |main|slave:inst7|lpm_counter0:inst14|lpm_counter:lpm_counter_component|cntr_4pi:auto_generated  ; work         ;
;       |lpm_counter0:inst6|                   ; 4 (0)             ; 3 (0)        ; 0                 ; 0            ; 0       ; 0         ; 0         ; 0    ; 0            ; |main|slave:inst7|lpm_counter0:inst6                                                             ; work         ;
;          |lpm_counter:lpm_counter_component| ; 4 (0)             ; 3 (0)        ; 0                 ; 0            ; 0       ; 0         ; 0         ; 0    ; 0            ; |main|slave:inst7|lpm_counter0:inst6|lpm_counter:lpm_counter_component                           ; work         ;
;             |cntr_4pi:auto_generated|        ; 4 (4)             ; 3 (3)        ; 0                 ; 0            ; 0       ; 0         ; 0         ; 0    ; 0            ; |main|slave:inst7|lpm_counter0:inst6|lpm_counter:lpm_counter_component|cntr_4pi:auto_generated   ; work         ;
;       |lpm_dff0:inst3|                       ; 8 (0)             ; 8 (0)        ; 0                 ; 0            ; 0       ; 0         ; 0         ; 0    ; 0            ; |main|slave:inst7|lpm_dff0:inst3                                                                 ; work         ;
;          |lpm_ff:lpm_ff_component|           ; 8 (8)             ; 8 (8)        ; 0                 ; 0            ; 0       ; 0         ; 0         ; 0    ; 0            ; |main|slave:inst7|lpm_dff0:inst3|lpm_ff:lpm_ff_component                                         ; work         ;
+----------------------------------------------+-------------------+--------------+-------------------+--------------+---------+-----------+-----------+------+--------------+--------------------------------------------------------------------------------------------------+--------------+
Note: For table entries with two numbers listed, the numbers in parentheses indicate the number of resources of the given type used by the specific entity alone. The numbers listed outside of parentheses indicate the total resources of the given type used by the specific entity and all of its sub-entities in the hierarchy.


+------------------------------------------------------+
; General Register Statistics                          ;
+----------------------------------------------+-------+
; Statistic                                    ; Value ;
+----------------------------------------------+-------+
; Total registers                              ; 146   ;
; Number of registers using Synchronous Clear  ; 57    ;
; Number of registers using Synchronous Load   ; 9     ;
; Number of registers using Asynchronous Clear ; 0     ;
; Number of registers using Asynchronous Load  ; 0     ;
; Number of registers using Clock Enable       ; 84    ;
; Number of registers using Preset             ; 0     ;
+----------------------------------------------+-------+


+------------------------------------------------------------------------------------------+
; Source assignments for master:inst|lpm_counter0:inst14|lpm_counter:lpm_counter_component ;
+---------------------------+-------+------+-----------------------------------------------+
; Assignment                ; Value ; From ; To                                            ;
+---------------------------+-------+------+-----------------------------------------------+
; SUPPRESS_DA_RULE_INTERNAL ; a101  ; -    ; -                                             ;
; SUPPRESS_DA_RULE_INTERNAL ; s102  ; -    ; -                                             ;
; SUPPRESS_DA_RULE_INTERNAL ; s103  ; -    ; -                                             ;
+---------------------------+-------+------+-----------------------------------------------+


+------------------------------------------------------------------------------------------+
; Source assignments for master:inst|lpm_counter0:inst23|lpm_counter:lpm_counter_component ;
+---------------------------+-------+------+-----------------------------------------------+
; Assignment                ; Value ; From ; To                                            ;
+---------------------------+-------+------+-----------------------------------------------+
; SUPPRESS_DA_RULE_INTERNAL ; a101  ; -    ; -                                             ;
; SUPPRESS_DA_RULE_INTERNAL ; s102  ; -    ; -                                             ;
; SUPPRESS_DA_RULE_INTERNAL ; s103  ; -    ; -                                             ;
+---------------------------+-------+------+-----------------------------------------------+


+-----------------------------------------------------------------------------------------+
; Source assignments for master:inst|lpm_counter0:inst6|lpm_counter:lpm_counter_component ;
+---------------------------+-------+------+----------------------------------------------+
; Assignment                ; Value ; From ; To                                           ;
+---------------------------+-------+------+----------------------------------------------+
; SUPPRESS_DA_RULE_INTERNAL ; a101  ; -    ; -                                            ;
; SUPPRESS_DA_RULE_INTERNAL ; s102  ; -    ; -                                            ;
; SUPPRESS_DA_RULE_INTERNAL ; s103  ; -    ; -                                            ;
+---------------------------+-------+------+----------------------------------------------+


+------------------------------------------------------------------------------------------+
; Source assignments for master:inst|lpm_counter1:inst39|lpm_counter:lpm_counter_component ;
+---------------------------+-------+------+-----------------------------------------------+
; Assignment                ; Value ; From ; To                                            ;
+---------------------------+-------+------+-----------------------------------------------+
; SUPPRESS_DA_RULE_INTERNAL ; a101  ; -    ; -                                             ;
; SUPPRESS_DA_RULE_INTERNAL ; s102  ; -    ; -                                             ;
; SUPPRESS_DA_RULE_INTERNAL ; s103  ; -    ; -                                             ;
+---------------------------+-------+------+-----------------------------------------------+


+-------------------------------------------------------------------------------------------+
; Source assignments for master:inst8|lpm_counter0:inst14|lpm_counter:lpm_counter_component ;
+---------------------------+-------+------+------------------------------------------------+
; Assignment                ; Value ; From ; To                                             ;
+---------------------------+-------+------+------------------------------------------------+
; SUPPRESS_DA_RULE_INTERNAL ; a101  ; -    ; -                                              ;
; SUPPRESS_DA_RULE_INTERNAL ; s102  ; -    ; -                                              ;
; SUPPRESS_DA_RULE_INTERNAL ; s103  ; -    ; -                                              ;
+---------------------------+-------+------+------------------------------------------------+


+-------------------------------------------------------------------------------------------+
; Source assignments for master:inst8|lpm_counter0:inst23|lpm_counter:lpm_counter_component ;
+---------------------------+-------+------+------------------------------------------------+
; Assignment                ; Value ; From ; To                                             ;
+---------------------------+-------+------+------------------------------------------------+
; SUPPRESS_DA_RULE_INTERNAL ; a101  ; -    ; -                                              ;
; SUPPRESS_DA_RULE_INTERNAL ; s102  ; -    ; -                                              ;
; SUPPRESS_DA_RULE_INTERNAL ; s103  ; -    ; -                                              ;
+---------------------------+-------+------+------------------------------------------------+


+------------------------------------------------------------------------------------------+
; Source assignments for master:inst8|lpm_counter0:inst6|lpm_counter:lpm_counter_component ;
+---------------------------+-------+------+-----------------------------------------------+
; Assignment                ; Value ; From ; To                                            ;
+---------------------------+-------+------+-----------------------------------------------+
; SUPPRESS_DA_RULE_INTERNAL ; a101  ; -    ; -                                             ;
; SUPPRESS_DA_RULE_INTERNAL ; s102  ; -    ; -                                             ;
; SUPPRESS_DA_RULE_INTERNAL ; s103  ; -    ; -                                             ;
+---------------------------+-------+------+-----------------------------------------------+


+-------------------------------------------------------------------------------------------+
; Source assignments for master:inst8|lpm_counter1:inst39|lpm_counter:lpm_counter_component ;
+---------------------------+-------+------+------------------------------------------------+
; Assignment                ; Value ; From ; To                                             ;
+---------------------------+-------+------+------------------------------------------------+
; SUPPRESS_DA_RULE_INTERNAL ; a101  ; -    ; -                                              ;
; SUPPRESS_DA_RULE_INTERNAL ; s102  ; -    ; -                                              ;
; SUPPRESS_DA_RULE_INTERNAL ; s103  ; -    ; -                                              ;
+---------------------------+-------+------+------------------------------------------------+


+------------------------------------------------------------------------------------------+
; Source assignments for slave:inst1|lpm_counter0:inst14|lpm_counter:lpm_counter_component ;
+---------------------------+-------+------+-----------------------------------------------+
; Assignment                ; Value ; From ; To                                            ;
+---------------------------+-------+------+-----------------------------------------------+
; SUPPRESS_DA_RULE_INTERNAL ; a101  ; -    ; -                                             ;
; SUPPRESS_DA_RULE_INTERNAL ; s102  ; -    ; -                                             ;
; SUPPRESS_DA_RULE_INTERNAL ; s103  ; -    ; -                                             ;
+---------------------------+-------+------+-----------------------------------------------+


+-----------------------------------------------------------------------------------------+
; Source assignments for slave:inst1|lpm_counter0:inst6|lpm_counter:lpm_counter_component ;
+---------------------------+-------+------+----------------------------------------------+
; Assignment                ; Value ; From ; To                                           ;
+---------------------------+-------+------+----------------------------------------------+
; SUPPRESS_DA_RULE_INTERNAL ; a101  ; -    ; -                                            ;
; SUPPRESS_DA_RULE_INTERNAL ; s102  ; -    ; -                                            ;
; SUPPRESS_DA_RULE_INTERNAL ; s103  ; -    ; -                                            ;
+---------------------------+-------+------+----------------------------------------------+


+-------------------------------------------------------------------------------------------+
; Source assignments for master:inst9|lpm_counter0:inst14|lpm_counter:lpm_counter_component ;
+---------------------------+-------+------+------------------------------------------------+
; Assignment                ; Value ; From ; To                                             ;
+---------------------------+-------+------+------------------------------------------------+
; SUPPRESS_DA_RULE_INTERNAL ; a101  ; -    ; -                                              ;
; SUPPRESS_DA_RULE_INTERNAL ; s102  ; -    ; -                                              ;
; SUPPRESS_DA_RULE_INTERNAL ; s103  ; -    ; -                                              ;
+---------------------------+-------+------+------------------------------------------------+


+-------------------------------------------------------------------------------------------+
; Source assignments for master:inst9|lpm_counter0:inst23|lpm_counter:lpm_counter_component ;
+---------------------------+-------+------+------------------------------------------------+
; Assignment                ; Value ; From ; To                                             ;
+---------------------------+-------+------+------------------------------------------------+
; SUPPRESS_DA_RULE_INTERNAL ; a101  ; -    ; -                                              ;
; SUPPRESS_DA_RULE_INTERNAL ; s102  ; -    ; -                                              ;
; SUPPRESS_DA_RULE_INTERNAL ; s103  ; -    ; -                                              ;
+---------------------------+-------+------+------------------------------------------------+


+------------------------------------------------------------------------------------------+
; Source assignments for master:inst9|lpm_counter0:inst6|lpm_counter:lpm_counter_component ;
+---------------------------+-------+------+-----------------------------------------------+
; Assignment                ; Value ; From ; To                                            ;
+---------------------------+-------+------+-----------------------------------------------+
; SUPPRESS_DA_RULE_INTERNAL ; a101  ; -    ; -                                             ;
; SUPPRESS_DA_RULE_INTERNAL ; s102  ; -    ; -                                             ;
; SUPPRESS_DA_RULE_INTERNAL ; s103  ; -    ; -                                             ;
+---------------------------+-------+------+-----------------------------------------------+


+-------------------------------------------------------------------------------------------+
; Source assignments for master:inst9|lpm_counter1:inst39|lpm_counter:lpm_counter_component ;
+---------------------------+-------+------+------------------------------------------------+
; Assignment                ; Value ; From ; To                                             ;
+---------------------------+-------+------+------------------------------------------------+
; SUPPRESS_DA_RULE_INTERNAL ; a101  ; -    ; -                                              ;
; SUPPRESS_DA_RULE_INTERNAL ; s102  ; -    ; -                                              ;
; SUPPRESS_DA_RULE_INTERNAL ; s103  ; -    ; -                                              ;
+---------------------------+-------+------+------------------------------------------------+


+-------------------------------------------------------------------------------------------+
; Source assignments for slave:inst11|lpm_counter0:inst14|lpm_counter:lpm_counter_component ;
+---------------------------+-------+------+------------------------------------------------+
; Assignment                ; Value ; From ; To                                             ;
+---------------------------+-------+------+------------------------------------------------+
; SUPPRESS_DA_RULE_INTERNAL ; a101  ; -    ; -                                              ;
; SUPPRESS_DA_RULE_INTERNAL ; s102  ; -    ; -                                              ;
; SUPPRESS_DA_RULE_INTERNAL ; s103  ; -    ; -                                              ;
+---------------------------+-------+------+------------------------------------------------+


+------------------------------------------------------------------------------------------+
; Source assignments for slave:inst11|lpm_counter0:inst6|lpm_counter:lpm_counter_component ;
+---------------------------+-------+------+-----------------------------------------------+
; Assignment                ; Value ; From ; To                                            ;
+---------------------------+-------+------+-----------------------------------------------+
; SUPPRESS_DA_RULE_INTERNAL ; a101  ; -    ; -                                             ;
; SUPPRESS_DA_RULE_INTERNAL ; s102  ; -    ; -                                             ;
; SUPPRESS_DA_RULE_INTERNAL ; s103  ; -    ; -                                             ;
+---------------------------+-------+------+-----------------------------------------------+


+-------------------------------------------------------------------------------------------+
; Source assignments for slave:inst10|lpm_counter0:inst14|lpm_counter:lpm_counter_component ;
+---------------------------+-------+------+------------------------------------------------+
; Assignment                ; Value ; From ; To                                             ;
+---------------------------+-------+------+------------------------------------------------+
; SUPPRESS_DA_RULE_INTERNAL ; a101  ; -    ; -                                              ;
; SUPPRESS_DA_RULE_INTERNAL ; s102  ; -    ; -                                              ;
; SUPPRESS_DA_RULE_INTERNAL ; s103  ; -    ; -                                              ;
+---------------------------+-------+------+------------------------------------------------+


+------------------------------------------------------------------------------------------+
; Source assignments for slave:inst10|lpm_counter0:inst6|lpm_counter:lpm_counter_component ;
+---------------------------+-------+------+-----------------------------------------------+
; Assignment                ; Value ; From ; To                                            ;
+---------------------------+-------+------+-----------------------------------------------+
; SUPPRESS_DA_RULE_INTERNAL ; a101  ; -    ; -                                             ;
; SUPPRESS_DA_RULE_INTERNAL ; s102  ; -    ; -                                             ;
; SUPPRESS_DA_RULE_INTERNAL ; s103  ; -    ; -                                             ;
+---------------------------+-------+------+-----------------------------------------------+


+-------------------------------------------------------------------------------------------+
; Source assignments for slave:inst12|lpm_counter0:inst14|lpm_counter:lpm_counter_component ;
+---------------------------+-------+------+------------------------------------------------+
; Assignment                ; Value ; From ; To                                             ;
+---------------------------+-------+------+------------------------------------------------+
; SUPPRESS_DA_RULE_INTERNAL ; a101  ; -    ; -                                              ;
; SUPPRESS_DA_RULE_INTERNAL ; s102  ; -    ; -                                              ;
; SUPPRESS_DA_RULE_INTERNAL ; s103  ; -    ; -                                              ;
+---------------------------+-------+------+------------------------------------------------+


+------------------------------------------------------------------------------------------+
; Source assignments for slave:inst12|lpm_counter0:inst6|lpm_counter:lpm_counter_component ;
+---------------------------+-------+------+-----------------------------------------------+
; Assignment                ; Value ; From ; To                                            ;
+---------------------------+-------+------+-----------------------------------------------+
; SUPPRESS_DA_RULE_INTERNAL ; a101  ; -    ; -                                             ;
; SUPPRESS_DA_RULE_INTERNAL ; s102  ; -    ; -                                             ;
; SUPPRESS_DA_RULE_INTERNAL ; s103  ; -    ; -                                             ;
+---------------------------+-------+------+-----------------------------------------------+


+------------------------------------------------------------------------------------------+
; Source assignments for slave:inst7|lpm_counter0:inst14|lpm_counter:lpm_counter_component ;
+---------------------------+-------+------+-----------------------------------------------+
; Assignment                ; Value ; From ; To                                            ;
+---------------------------+-------+------+-----------------------------------------------+
; SUPPRESS_DA_RULE_INTERNAL ; a101  ; -    ; -                                             ;
; SUPPRESS_DA_RULE_INTERNAL ; s102  ; -    ; -                                             ;
; SUPPRESS_DA_RULE_INTERNAL ; s103  ; -    ; -                                             ;
+---------------------------+-------+------+-----------------------------------------------+


+-----------------------------------------------------------------------------------------+
; Source assignments for slave:inst7|lpm_counter0:inst6|lpm_counter:lpm_counter_component ;
+---------------------------+-------+------+----------------------------------------------+
; Assignment                ; Value ; From ; To                                           ;
+---------------------------+-------+------+----------------------------------------------+
; SUPPRESS_DA_RULE_INTERNAL ; a101  ; -    ; -                                            ;
; SUPPRESS_DA_RULE_INTERNAL ; s102  ; -    ; -                                            ;
; SUPPRESS_DA_RULE_INTERNAL ; s103  ; -    ; -                                            ;
+---------------------------+-------+------+----------------------------------------------+


+----------------------------------------------------------------------------------------------------------------+
; Parameter Settings for User Entity Instance: master:inst|lpm_compare0:inst13|lpm_compare:lpm_compare_component ;
+------------------------+------------+--------------------------------------------------------------------------+
; Parameter Name         ; Value      ; Type                                                                     ;
+------------------------+------------+--------------------------------------------------------------------------+
; lpm_width              ; 3          ; Untyped                                                                  ;
; LPM_REPRESENTATION     ; UNSIGNED   ; Untyped                                                                  ;
; LPM_PIPELINE           ; 0          ; Untyped                                                                  ;
; CHAIN_SIZE             ; 8          ; Untyped                                                                  ;
; ONE_INPUT_IS_CONSTANT  ; NO         ; Untyped                                                                  ;
; CARRY_CHAIN            ; MANUAL     ; Untyped                                                                  ;
; CASCADE_CHAIN          ; MANUAL     ; Untyped                                                                  ;
; CARRY_CHAIN_LENGTH     ; 48         ; CARRY_CHAIN_LENGTH                                                       ;
; CASCADE_CHAIN_LENGTH   ; 2          ; CASCADE_CHAIN_LENGTH                                                     ;
; DEVICE_FAMILY          ; Stratix II ; Untyped                                                                  ;
; CBXI_PARAMETER         ; cmpr_aig   ; Untyped                                                                  ;
; AUTO_CARRY_CHAINS      ; ON         ; AUTO_CARRY                                                               ;
; IGNORE_CARRY_BUFFERS   ; OFF        ; IGNORE_CARRY                                                             ;
; AUTO_CASCADE_CHAINS    ; ON         ; AUTO_CASCADE                                                             ;
; IGNORE_CASCADE_BUFFERS ; OFF        ; IGNORE_CASCADE                                                           ;
+------------------------+------------+--------------------------------------------------------------------------+
Note: In order to hide this table in the UI and the text report file, please set the "Show Parameter Settings Tables in Synthesis Report" option in "Analysis and Synthesis Settings -> More Settings" to "Off".


+----------------------------------------------------------------------------------------------------------------+
; Parameter Settings for User Entity Instance: master:inst|lpm_counter0:inst14|lpm_counter:lpm_counter_component ;
+------------------------+-------------+-------------------------------------------------------------------------+
; Parameter Name         ; Value       ; Type                                                                    ;
+------------------------+-------------+-------------------------------------------------------------------------+
; AUTO_CARRY_CHAINS      ; ON          ; AUTO_CARRY                                                              ;
; IGNORE_CARRY_BUFFERS   ; OFF         ; IGNORE_CARRY                                                            ;
; AUTO_CASCADE_CHAINS    ; ON          ; AUTO_CASCADE                                                            ;
; IGNORE_CASCADE_BUFFERS ; OFF         ; IGNORE_CASCADE                                                          ;
; LPM_WIDTH              ; 3           ; Untyped                                                                 ;
; LPM_DIRECTION          ; UP          ; Untyped                                                                 ;
; LPM_MODULUS            ; 0           ; Untyped                                                                 ;
; LPM_AVALUE             ; UNUSED      ; Untyped                                                                 ;
; LPM_SVALUE             ; UNUSED      ; Untyped                                                                 ;
; LPM_PORT_UPDOWN        ; PORT_UNUSED ; Untyped                                                                 ;
; DEVICE_FAMILY          ; Stratix II  ; Untyped                                                                 ;
; CARRY_CHAIN            ; MANUAL      ; Untyped                                                                 ;
; CARRY_CHAIN_LENGTH     ; 48          ; CARRY_CHAIN_LENGTH                                                      ;
; NOT_GATE_PUSH_BACK     ; ON          ; NOT_GATE_PUSH_BACK                                                      ;
; CARRY_CNT_EN           ; SMART       ; Untyped                                                                 ;
; LABWIDE_SCLR           ; ON          ; Untyped                                                                 ;
; USE_NEW_VERSION        ; TRUE        ; Untyped                                                                 ;
; CBXI_PARAMETER         ; cntr_4pi    ; Untyped                                                                 ;
+------------------------+-------------+-------------------------------------------------------------------------+
Note: In order to hide this table in the UI and the text report file, please set the "Show Parameter Settings Tables in Synthesis Report" option in "Analysis and Synthesis Settings -> More Settings" to "Off".


+-------------------------------------------------------------------------------------------------------------+
; Parameter Settings for User Entity Instance: master:inst|lpm_bustri2:inst43|lpm_bustri:lpm_bustri_component ;
+----------------+-------+------------------------------------------------------------------------------------+
; Parameter Name ; Value ; Type                                                                               ;
+----------------+-------+------------------------------------------------------------------------------------+
; LPM_WIDTH      ; 1     ; Untyped                                                                            ;
+----------------+-------+------------------------------------------------------------------------------------+
Note: In order to hide this table in the UI and the text report file, please set the "Show Parameter Settings Tables in Synthesis Report" option in "Analysis and Synthesis Settings -> More Settings" to "Off".


+----------------------------------------------------------------------------------------------------------------+
; Parameter Settings for User Entity Instance: master:inst|lpm_compare0:inst22|lpm_compare:lpm_compare_component ;
+------------------------+------------+--------------------------------------------------------------------------+
; Parameter Name         ; Value      ; Type                                                                     ;
+------------------------+------------+--------------------------------------------------------------------------+
; lpm_width              ; 3          ; Untyped                                                                  ;
; LPM_REPRESENTATION     ; UNSIGNED   ; Untyped                                                                  ;
; LPM_PIPELINE           ; 0          ; Untyped                                                                  ;
; CHAIN_SIZE             ; 8          ; Untyped                                                                  ;
; ONE_INPUT_IS_CONSTANT  ; NO         ; Untyped                                                                  ;
; CARRY_CHAIN            ; MANUAL     ; Untyped                                                                  ;
; CASCADE_CHAIN          ; MANUAL     ; Untyped                                                                  ;
; CARRY_CHAIN_LENGTH     ; 48         ; CARRY_CHAIN_LENGTH                                                       ;
; CASCADE_CHAIN_LENGTH   ; 2          ; CASCADE_CHAIN_LENGTH                                                     ;
; DEVICE_FAMILY          ; Stratix II ; Untyped                                                                  ;
; CBXI_PARAMETER         ; cmpr_aig   ; Untyped                                                                  ;
; AUTO_CARRY_CHAINS      ; ON         ; AUTO_CARRY                                                               ;
; IGNORE_CARRY_BUFFERS   ; OFF        ; IGNORE_CARRY                                                             ;
; AUTO_CASCADE_CHAINS    ; ON         ; AUTO_CASCADE                                                             ;
; IGNORE_CASCADE_BUFFERS ; OFF        ; IGNORE_CASCADE                                                           ;
+------------------------+------------+--------------------------------------------------------------------------+
Note: In order to hide this table in the UI and the text report file, please set the "Show Parameter Settings Tables in Synthesis Report" option in "Analysis and Synthesis Settings -> More Settings" to "Off".


+----------------------------------------------------------------------------------------------------------------+
; Parameter Settings for User Entity Instance: master:inst|lpm_counter0:inst23|lpm_counter:lpm_counter_component ;
+------------------------+-------------+-------------------------------------------------------------------------+
; Parameter Name         ; Value       ; Type                                                                    ;
+------------------------+-------------+-------------------------------------------------------------------------+
; AUTO_CARRY_CHAINS      ; ON          ; AUTO_CARRY                                                              ;
; IGNORE_CARRY_BUFFERS   ; OFF         ; IGNORE_CARRY                                                            ;
; AUTO_CASCADE_CHAINS    ; ON          ; AUTO_CASCADE                                                            ;
; IGNORE_CASCADE_BUFFERS ; OFF         ; IGNORE_CASCADE                                                          ;
; LPM_WIDTH              ; 3           ; Untyped                                                                 ;
; LPM_DIRECTION          ; UP          ; Untyped                                                                 ;
; LPM_MODULUS            ; 0           ; Untyped                                                                 ;
; LPM_AVALUE             ; UNUSED      ; Untyped                                                                 ;
; LPM_SVALUE             ; UNUSED      ; Untyped                                                                 ;
; LPM_PORT_UPDOWN        ; PORT_UNUSED ; Untyped                                                                 ;
; DEVICE_FAMILY          ; Stratix II  ; Untyped                                                                 ;
; CARRY_CHAIN            ; MANUAL      ; Untyped                                                                 ;
; CARRY_CHAIN_LENGTH     ; 48          ; CARRY_CHAIN_LENGTH                                                      ;
; NOT_GATE_PUSH_BACK     ; ON          ; NOT_GATE_PUSH_BACK                                                      ;
; CARRY_CNT_EN           ; SMART       ; Untyped                                                                 ;
; LABWIDE_SCLR           ; ON          ; Untyped                                                                 ;
; USE_NEW_VERSION        ; TRUE        ; Untyped                                                                 ;
; CBXI_PARAMETER         ; cntr_4pi    ; Untyped                                                                 ;
+------------------------+-------------+-------------------------------------------------------------------------+
Note: In order to hide this table in the UI and the text report file, please set the "Show Parameter Settings Tables in Synthesis Report" option in "Analysis and Synthesis Settings -> More Settings" to "Off".


+---------------------------------------------------------------------------------------------------------------+
; Parameter Settings for User Entity Instance: master:inst|lpm_compare0:inst5|lpm_compare:lpm_compare_component ;
+------------------------+------------+-------------------------------------------------------------------------+
; Parameter Name         ; Value      ; Type                                                                    ;
+------------------------+------------+-------------------------------------------------------------------------+
; lpm_width              ; 3          ; Untyped                                                                 ;
; LPM_REPRESENTATION     ; UNSIGNED   ; Untyped                                                                 ;
; LPM_PIPELINE           ; 0          ; Untyped                                                                 ;
; CHAIN_SIZE             ; 8          ; Untyped                                                                 ;
; ONE_INPUT_IS_CONSTANT  ; NO         ; Untyped                                                                 ;
; CARRY_CHAIN            ; MANUAL     ; Untyped                                                                 ;
; CASCADE_CHAIN          ; MANUAL     ; Untyped                                                                 ;
; CARRY_CHAIN_LENGTH     ; 48         ; CARRY_CHAIN_LENGTH                                                      ;
; CASCADE_CHAIN_LENGTH   ; 2          ; CASCADE_CHAIN_LENGTH                                                    ;
; DEVICE_FAMILY          ; Stratix II ; Untyped                                                                 ;
; CBXI_PARAMETER         ; cmpr_aig   ; Untyped                                                                 ;
; AUTO_CARRY_CHAINS      ; ON         ; AUTO_CARRY                                                              ;
; IGNORE_CARRY_BUFFERS   ; OFF        ; IGNORE_CARRY                                                            ;
; AUTO_CASCADE_CHAINS    ; ON         ; AUTO_CASCADE                                                            ;
; IGNORE_CASCADE_BUFFERS ; OFF        ; IGNORE_CASCADE                                                          ;
+------------------------+------------+-------------------------------------------------------------------------+
Note: In order to hide this table in the UI and the text report file, please set the "Show Parameter Settings Tables in Synthesis Report" option in "Analysis and Synthesis Settings -> More Settings" to "Off".


+---------------------------------------------------------------------------------------------------------------+
; Parameter Settings for User Entity Instance: master:inst|lpm_counter0:inst6|lpm_counter:lpm_counter_component ;
+------------------------+-------------+------------------------------------------------------------------------+
; Parameter Name         ; Value       ; Type                                                                   ;
+------------------------+-------------+------------------------------------------------------------------------+
; AUTO_CARRY_CHAINS      ; ON          ; AUTO_CARRY                                                             ;
; IGNORE_CARRY_BUFFERS   ; OFF         ; IGNORE_CARRY                                                           ;
; AUTO_CASCADE_CHAINS    ; ON          ; AUTO_CASCADE                                                           ;
; IGNORE_CASCADE_BUFFERS ; OFF         ; IGNORE_CASCADE                                                         ;
; LPM_WIDTH              ; 3           ; Untyped                                                                ;
; LPM_DIRECTION          ; UP          ; Untyped                                                                ;
; LPM_MODULUS            ; 0           ; Untyped                                                                ;
; LPM_AVALUE             ; UNUSED      ; Untyped                                                                ;
; LPM_SVALUE             ; UNUSED      ; Untyped                                                                ;
; LPM_PORT_UPDOWN        ; PORT_UNUSED ; Untyped                                                                ;
; DEVICE_FAMILY          ; Stratix II  ; Untyped                                                                ;
; CARRY_CHAIN            ; MANUAL      ; Untyped                                                                ;
; CARRY_CHAIN_LENGTH     ; 48          ; CARRY_CHAIN_LENGTH                                                     ;
; NOT_GATE_PUSH_BACK     ; ON          ; NOT_GATE_PUSH_BACK                                                     ;
; CARRY_CNT_EN           ; SMART       ; Untyped                                                                ;
; LABWIDE_SCLR           ; ON          ; Untyped                                                                ;
; USE_NEW_VERSION        ; TRUE        ; Untyped                                                                ;
; CBXI_PARAMETER         ; cntr_4pi    ; Untyped                                                                ;
+------------------------+-------------+------------------------------------------------------------------------+
Note: In order to hide this table in the UI and the text report file, please set the "Show Parameter Settings Tables in Synthesis Report" option in "Analysis and Synthesis Settings -> More Settings" to "Off".


+-------------------------------------------------------------------------------------------------------------+
; Parameter Settings for User Entity Instance: master:inst|lpm_bustri1:inst40|lpm_bustri:lpm_bustri_component ;
+----------------+-------+------------------------------------------------------------------------------------+
; Parameter Name ; Value ; Type                                                                               ;
+----------------+-------+------------------------------------------------------------------------------------+
; LPM_WIDTH      ; 3     ; Untyped                                                                            ;
+----------------+-------+------------------------------------------------------------------------------------+
Note: In order to hide this table in the UI and the text report file, please set the "Show Parameter Settings Tables in Synthesis Report" option in "Analysis and Synthesis Settings -> More Settings" to "Off".


+----------------------------------------------------------------------------------------------------------------+
; Parameter Settings for User Entity Instance: master:inst|lpm_counter1:inst39|lpm_counter:lpm_counter_component ;
+------------------------+------------+--------------------------------------------------------------------------+
; Parameter Name         ; Value      ; Type                                                                     ;
+------------------------+------------+--------------------------------------------------------------------------+
; AUTO_CARRY_CHAINS      ; ON         ; AUTO_CARRY                                                               ;
; IGNORE_CARRY_BUFFERS   ; OFF        ; IGNORE_CARRY                                                             ;
; AUTO_CASCADE_CHAINS    ; ON         ; AUTO_CASCADE                                                             ;
; IGNORE_CASCADE_BUFFERS ; OFF        ; IGNORE_CASCADE                                                           ;
; LPM_WIDTH              ; 3          ; Untyped                                                                  ;
; LPM_DIRECTION          ; DEFAULT    ; Untyped                                                                  ;
; LPM_MODULUS            ; 5          ; Untyped                                                                  ;
; LPM_AVALUE             ; UNUSED     ; Untyped                                                                  ;
; LPM_SVALUE             ; UNUSED     ; Untyped                                                                  ;
; LPM_PORT_UPDOWN        ; PORT_USED  ; Untyped                                                                  ;
; DEVICE_FAMILY          ; Stratix II ; Untyped                                                                  ;
; CARRY_CHAIN            ; MANUAL     ; Untyped                                                                  ;
; CARRY_CHAIN_LENGTH     ; 48         ; CARRY_CHAIN_LENGTH                                                       ;
; NOT_GATE_PUSH_BACK     ; ON         ; NOT_GATE_PUSH_BACK                                                       ;
; CARRY_CNT_EN           ; SMART      ; Untyped                                                                  ;
; LABWIDE_SCLR           ; ON         ; Untyped                                                                  ;
; USE_NEW_VERSION        ; TRUE       ; Untyped                                                                  ;
; CBXI_PARAMETER         ; cntr_7nh   ; Untyped                                                                  ;
+------------------------+------------+--------------------------------------------------------------------------+
Note: In order to hide this table in the UI and the text report file, please set the "Show Parameter Settings Tables in Synthesis Report" option in "Analysis and Synthesis Settings -> More Settings" to "Off".


+-------------------------------------------------------------------------------------------------------------+
; Parameter Settings for User Entity Instance: master:inst|lpm_bustri0:inst37|lpm_bustri:lpm_bustri_component ;
+----------------+-------+------------------------------------------------------------------------------------+
; Parameter Name ; Value ; Type                                                                               ;
+----------------+-------+------------------------------------------------------------------------------------+
; LPM_WIDTH      ; 8     ; Untyped                                                                            ;
+----------------+-------+------------------------------------------------------------------------------------+
Note: In order to hide this table in the UI and the text report file, please set the "Show Parameter Settings Tables in Synthesis Report" option in "Analysis and Synthesis Settings -> More Settings" to "Off".


+-----------------------------------------------------------------------------------------------------------------+
; Parameter Settings for User Entity Instance: master:inst8|lpm_compare0:inst13|lpm_compare:lpm_compare_component ;
+------------------------+------------+---------------------------------------------------------------------------+
; Parameter Name         ; Value      ; Type                                                                      ;
+------------------------+------------+---------------------------------------------------------------------------+
; lpm_width              ; 3          ; Untyped                                                                   ;
; LPM_REPRESENTATION     ; UNSIGNED   ; Untyped                                                                   ;
; LPM_PIPELINE           ; 0          ; Untyped                                                                   ;
; CHAIN_SIZE             ; 8          ; Untyped                                                                   ;
; ONE_INPUT_IS_CONSTANT  ; NO         ; Untyped                                                                   ;
; CARRY_CHAIN            ; MANUAL     ; Untyped                                                                   ;
; CASCADE_CHAIN          ; MANUAL     ; Untyped                                                                   ;
; CARRY_CHAIN_LENGTH     ; 48         ; CARRY_CHAIN_LENGTH                                                        ;
; CASCADE_CHAIN_LENGTH   ; 2          ; CASCADE_CHAIN_LENGTH                                                      ;
; DEVICE_FAMILY          ; Stratix II ; Untyped                                                                   ;
; CBXI_PARAMETER         ; cmpr_aig   ; Untyped                                                                   ;
; AUTO_CARRY_CHAINS      ; ON         ; AUTO_CARRY                                                                ;
; IGNORE_CARRY_BUFFERS   ; OFF        ; IGNORE_CARRY                                                              ;
; AUTO_CASCADE_CHAINS    ; ON         ; AUTO_CASCADE                                                              ;
; IGNORE_CASCADE_BUFFERS ; OFF        ; IGNORE_CASCADE                                                            ;
+------------------------+------------+---------------------------------------------------------------------------+
Note: In order to hide this table in the UI and the text report file, please set the "Show Parameter Settings Tables in Synthesis Report" option in "Analysis and Synthesis Settings -> More Settings" to "Off".


+-----------------------------------------------------------------------------------------------------------------+
; Parameter Settings for User Entity Instance: master:inst8|lpm_counter0:inst14|lpm_counter:lpm_counter_component ;
+------------------------+-------------+--------------------------------------------------------------------------+
; Parameter Name         ; Value       ; Type                                                                     ;
+------------------------+-------------+--------------------------------------------------------------------------+
; AUTO_CARRY_CHAINS      ; ON          ; AUTO_CARRY                                                               ;
; IGNORE_CARRY_BUFFERS   ; OFF         ; IGNORE_CARRY                                                             ;
; AUTO_CASCADE_CHAINS    ; ON          ; AUTO_CASCADE                                                             ;
; IGNORE_CASCADE_BUFFERS ; OFF         ; IGNORE_CASCADE                                                           ;
; LPM_WIDTH              ; 3           ; Untyped                                                                  ;
; LPM_DIRECTION          ; UP          ; Untyped                                                                  ;
; LPM_MODULUS            ; 0           ; Untyped                                                                  ;
; LPM_AVALUE             ; UNUSED      ; Untyped                                                                  ;
; LPM_SVALUE             ; UNUSED      ; Untyped                                                                  ;
; LPM_PORT_UPDOWN        ; PORT_UNUSED ; Untyped                                                                  ;
; DEVICE_FAMILY          ; Stratix II  ; Untyped                                                                  ;
; CARRY_CHAIN            ; MANUAL      ; Untyped                                                                  ;
; CARRY_CHAIN_LENGTH     ; 48          ; CARRY_CHAIN_LENGTH                                                       ;
; NOT_GATE_PUSH_BACK     ; ON          ; NOT_GATE_PUSH_BACK                                                       ;
; CARRY_CNT_EN           ; SMART       ; Untyped                                                                  ;
; LABWIDE_SCLR           ; ON          ; Untyped                                                                  ;
; USE_NEW_VERSION        ; TRUE        ; Untyped                                                                  ;
; CBXI_PARAMETER         ; cntr_4pi    ; Untyped                                                                  ;
+------------------------+-------------+--------------------------------------------------------------------------+
Note: In order to hide this table in the UI and the text report file, please set the "Show Parameter Settings Tables in Synthesis Report" option in "Analysis and Synthesis Settings -> More Settings" to "Off".


+--------------------------------------------------------------------------------------------------------------+
; Parameter Settings for User Entity Instance: master:inst8|lpm_bustri2:inst43|lpm_bustri:lpm_bustri_component ;
+----------------+-------+-------------------------------------------------------------------------------------+
; Parameter Name ; Value ; Type                                                                                ;
+----------------+-------+-------------------------------------------------------------------------------------+
; LPM_WIDTH      ; 1     ; Untyped                                                                             ;
+----------------+-------+-------------------------------------------------------------------------------------+
Note: In order to hide this table in the UI and the text report file, please set the "Show Parameter Settings Tables in Synthesis Report" option in "Analysis and Synthesis Settings -> More Settings" to "Off".


+-----------------------------------------------------------------------------------------------------------------+
; Parameter Settings for User Entity Instance: master:inst8|lpm_compare0:inst22|lpm_compare:lpm_compare_component ;
+------------------------+------------+---------------------------------------------------------------------------+
; Parameter Name         ; Value      ; Type                                                                      ;
+------------------------+------------+---------------------------------------------------------------------------+
; lpm_width              ; 3          ; Untyped                                                                   ;
; LPM_REPRESENTATION     ; UNSIGNED   ; Untyped                                                                   ;
; LPM_PIPELINE           ; 0          ; Untyped                                                                   ;
; CHAIN_SIZE             ; 8          ; Untyped                                                                   ;
; ONE_INPUT_IS_CONSTANT  ; NO         ; Untyped                                                                   ;
; CARRY_CHAIN            ; MANUAL     ; Untyped                                                                   ;
; CASCADE_CHAIN          ; MANUAL     ; Untyped                                                                   ;
; CARRY_CHAIN_LENGTH     ; 48         ; CARRY_CHAIN_LENGTH                                                        ;
; CASCADE_CHAIN_LENGTH   ; 2          ; CASCADE_CHAIN_LENGTH                                                      ;
; DEVICE_FAMILY          ; Stratix II ; Untyped                                                                   ;
; CBXI_PARAMETER         ; cmpr_aig   ; Untyped                                                                   ;
; AUTO_CARRY_CHAINS      ; ON         ; AUTO_CARRY                                                                ;
; IGNORE_CARRY_BUFFERS   ; OFF        ; IGNORE_CARRY                                                              ;
; AUTO_CASCADE_CHAINS    ; ON         ; AUTO_CASCADE                                                              ;
; IGNORE_CASCADE_BUFFERS ; OFF        ; IGNORE_CASCADE                                                            ;
+------------------------+------------+---------------------------------------------------------------------------+
Note: In order to hide this table in the UI and the text report file, please set the "Show Parameter Settings Tables in Synthesis Report" option in "Analysis and Synthesis Settings -> More Settings" to "Off".


+-----------------------------------------------------------------------------------------------------------------+
; Parameter Settings for User Entity Instance: master:inst8|lpm_counter0:inst23|lpm_counter:lpm_counter_component ;
+------------------------+-------------+--------------------------------------------------------------------------+
; Parameter Name         ; Value       ; Type                                                                     ;
+------------------------+-------------+--------------------------------------------------------------------------+
; AUTO_CARRY_CHAINS      ; ON          ; AUTO_CARRY                                                               ;
; IGNORE_CARRY_BUFFERS   ; OFF         ; IGNORE_CARRY                                                             ;
; AUTO_CASCADE_CHAINS    ; ON          ; AUTO_CASCADE                                                             ;
; IGNORE_CASCADE_BUFFERS ; OFF         ; IGNORE_CASCADE                                                           ;
; LPM_WIDTH              ; 3           ; Untyped                                                                  ;
; LPM_DIRECTION          ; UP          ; Untyped                                                                  ;
; LPM_MODULUS            ; 0           ; Untyped                                                                  ;
; LPM_AVALUE             ; UNUSED      ; Untyped                                                                  ;
; LPM_SVALUE             ; UNUSED      ; Untyped                                                                  ;
; LPM_PORT_UPDOWN        ; PORT_UNUSED ; Untyped                                                                  ;
; DEVICE_FAMILY          ; Stratix II  ; Untyped                                                                  ;
; CARRY_CHAIN            ; MANUAL      ; Untyped                                                                  ;
; CARRY_CHAIN_LENGTH     ; 48          ; CARRY_CHAIN_LENGTH                                                       ;
; NOT_GATE_PUSH_BACK     ; ON          ; NOT_GATE_PUSH_BACK                                                       ;
; CARRY_CNT_EN           ; SMART       ; Untyped                                                                  ;
; LABWIDE_SCLR           ; ON          ; Untyped                                                                  ;
; USE_NEW_VERSION        ; TRUE        ; Untyped                                                                  ;
; CBXI_PARAMETER         ; cntr_4pi    ; Untyped                                                                  ;
+------------------------+-------------+--------------------------------------------------------------------------+
Note: In order to hide this table in the UI and the text report file, please set the "Show Parameter Settings Tables in Synthesis Report" option in "Analysis and Synthesis Settings -> More Settings" to "Off".


+----------------------------------------------------------------------------------------------------------------+
; Parameter Settings for User Entity Instance: master:inst8|lpm_compare0:inst5|lpm_compare:lpm_compare_component ;
+------------------------+------------+--------------------------------------------------------------------------+
; Parameter Name         ; Value      ; Type                                                                     ;
+------------------------+------------+--------------------------------------------------------------------------+
; lpm_width              ; 3          ; Untyped                                                                  ;
; LPM_REPRESENTATION     ; UNSIGNED   ; Untyped                                                                  ;
; LPM_PIPELINE           ; 0          ; Untyped                                                                  ;
; CHAIN_SIZE             ; 8          ; Untyped                                                                  ;
; ONE_INPUT_IS_CONSTANT  ; NO         ; Untyped                                                                  ;
; CARRY_CHAIN            ; MANUAL     ; Untyped                                                                  ;
; CASCADE_CHAIN          ; MANUAL     ; Untyped                                                                  ;
; CARRY_CHAIN_LENGTH     ; 48         ; CARRY_CHAIN_LENGTH                                                       ;
; CASCADE_CHAIN_LENGTH   ; 2          ; CASCADE_CHAIN_LENGTH                                                     ;
; DEVICE_FAMILY          ; Stratix II ; Untyped                                                                  ;
; CBXI_PARAMETER         ; cmpr_aig   ; Untyped                                                                  ;
; AUTO_CARRY_CHAINS      ; ON         ; AUTO_CARRY                                                               ;
; IGNORE_CARRY_BUFFERS   ; OFF        ; IGNORE_CARRY                                                             ;
; AUTO_CASCADE_CHAINS    ; ON         ; AUTO_CASCADE                                                             ;
; IGNORE_CASCADE_BUFFERS ; OFF        ; IGNORE_CASCADE                                                           ;
+------------------------+------------+--------------------------------------------------------------------------+
Note: In order to hide this table in the UI and the text report file, please set the "Show Parameter Settings Tables in Synthesis Report" option in "Analysis and Synthesis Settings -> More Settings" to "Off".


+----------------------------------------------------------------------------------------------------------------+
; Parameter Settings for User Entity Instance: master:inst8|lpm_counter0:inst6|lpm_counter:lpm_counter_component ;
+------------------------+-------------+-------------------------------------------------------------------------+
; Parameter Name         ; Value       ; Type                                                                    ;
+------------------------+-------------+-------------------------------------------------------------------------+
; AUTO_CARRY_CHAINS      ; ON          ; AUTO_CARRY                                                              ;
; IGNORE_CARRY_BUFFERS   ; OFF         ; IGNORE_CARRY                                                            ;
; AUTO_CASCADE_CHAINS    ; ON          ; AUTO_CASCADE                                                            ;
; IGNORE_CASCADE_BUFFERS ; OFF         ; IGNORE_CASCADE                                                          ;
; LPM_WIDTH              ; 3           ; Untyped                                                                 ;
; LPM_DIRECTION          ; UP          ; Untyped                                                                 ;
; LPM_MODULUS            ; 0           ; Untyped                                                                 ;
; LPM_AVALUE             ; UNUSED      ; Untyped                                                                 ;
; LPM_SVALUE             ; UNUSED      ; Untyped                                                                 ;
; LPM_PORT_UPDOWN        ; PORT_UNUSED ; Untyped                                                                 ;
; DEVICE_FAMILY          ; Stratix II  ; Untyped                                                                 ;
; CARRY_CHAIN            ; MANUAL      ; Untyped                                                                 ;
; CARRY_CHAIN_LENGTH     ; 48          ; CARRY_CHAIN_LENGTH                                                      ;
; NOT_GATE_PUSH_BACK     ; ON          ; NOT_GATE_PUSH_BACK                                                      ;
; CARRY_CNT_EN           ; SMART       ; Untyped                                                                 ;
; LABWIDE_SCLR           ; ON          ; Untyped                                                                 ;
; USE_NEW_VERSION        ; TRUE        ; Untyped                                                                 ;
; CBXI_PARAMETER         ; cntr_4pi    ; Untyped                                                                 ;
+------------------------+-------------+-------------------------------------------------------------------------+
Note: In order to hide this table in the UI and the text report file, please set the "Show Parameter Settings Tables in Synthesis Report" option in "Analysis and Synthesis Settings -> More Settings" to "Off".


+--------------------------------------------------------------------------------------------------------------+
; Parameter Settings for User Entity Instance: master:inst8|lpm_bustri1:inst40|lpm_bustri:lpm_bustri_component ;
+----------------+-------+-------------------------------------------------------------------------------------+
; Parameter Name ; Value ; Type                                                                                ;
+----------------+-------+-------------------------------------------------------------------------------------+
; LPM_WIDTH      ; 3     ; Untyped                                                                             ;
+----------------+-------+-------------------------------------------------------------------------------------+
Note: In order to hide this table in the UI and the text report file, please set the "Show Parameter Settings Tables in Synthesis Report" option in "Analysis and Synthesis Settings -> More Settings" to "Off".


+-----------------------------------------------------------------------------------------------------------------+
; Parameter Settings for User Entity Instance: master:inst8|lpm_counter1:inst39|lpm_counter:lpm_counter_component ;
+------------------------+------------+---------------------------------------------------------------------------+
; Parameter Name         ; Value      ; Type                                                                      ;
+------------------------+------------+---------------------------------------------------------------------------+
; AUTO_CARRY_CHAINS      ; ON         ; AUTO_CARRY                                                                ;
; IGNORE_CARRY_BUFFERS   ; OFF        ; IGNORE_CARRY                                                              ;
; AUTO_CASCADE_CHAINS    ; ON         ; AUTO_CASCADE                                                              ;
; IGNORE_CASCADE_BUFFERS ; OFF        ; IGNORE_CASCADE                                                            ;
; LPM_WIDTH              ; 3          ; Untyped                                                                   ;
; LPM_DIRECTION          ; DEFAULT    ; Untyped                                                                   ;
; LPM_MODULUS            ; 5          ; Untyped                                                                   ;
; LPM_AVALUE             ; UNUSED     ; Untyped                                                                   ;
; LPM_SVALUE             ; UNUSED     ; Untyped                                                                   ;
; LPM_PORT_UPDOWN        ; PORT_USED  ; Untyped                                                                   ;
; DEVICE_FAMILY          ; Stratix II ; Untyped                                                                   ;
; CARRY_CHAIN            ; MANUAL     ; Untyped                                                                   ;
; CARRY_CHAIN_LENGTH     ; 48         ; CARRY_CHAIN_LENGTH                                                        ;
; NOT_GATE_PUSH_BACK     ; ON         ; NOT_GATE_PUSH_BACK                                                        ;
; CARRY_CNT_EN           ; SMART      ; Untyped                                                                   ;
; LABWIDE_SCLR           ; ON         ; Untyped                                                                   ;
; USE_NEW_VERSION        ; TRUE       ; Untyped                                                                   ;
; CBXI_PARAMETER         ; cntr_7nh   ; Untyped                                                                   ;
+------------------------+------------+---------------------------------------------------------------------------+
Note: In order to hide this table in the UI and the text report file, please set the "Show Parameter Settings Tables in Synthesis Report" option in "Analysis and Synthesis Settings -> More Settings" to "Off".


+--------------------------------------------------------------------------------------------------------------+
; Parameter Settings for User Entity Instance: master:inst8|lpm_bustri0:inst37|lpm_bustri:lpm_bustri_component ;
+----------------+-------+-------------------------------------------------------------------------------------+
; Parameter Name ; Value ; Type                                                                                ;
+----------------+-------+-------------------------------------------------------------------------------------+
; LPM_WIDTH      ; 8     ; Untyped                                                                             ;
+----------------+-------+-------------------------------------------------------------------------------------+
Note: In order to hide this table in the UI and the text report file, please set the "Show Parameter Settings Tables in Synthesis Report" option in "Analysis and Synthesis Settings -> More Settings" to "Off".


+-------------------------------------------------------------------------------------------------------------+
; Parameter Settings for User Entity Instance: slave:inst1|lpm_bustri2:inst43|lpm_bustri:lpm_bustri_component ;
+----------------+-------+------------------------------------------------------------------------------------+
; Parameter Name ; Value ; Type                                                                               ;
+----------------+-------+------------------------------------------------------------------------------------+
; LPM_WIDTH      ; 1     ; Untyped                                                                            ;
+----------------+-------+------------------------------------------------------------------------------------+
Note: In order to hide this table in the UI and the text report file, please set the "Show Parameter Settings Tables in Synthesis Report" option in "Analysis and Synthesis Settings -> More Settings" to "Off".


+---------------------------------------------------------------------------------------------------------------+
; Parameter Settings for User Entity Instance: slave:inst1|lpm_compare1:inst1|lpm_compare:lpm_compare_component ;
+------------------------+------------+-------------------------------------------------------------------------+
; Parameter Name         ; Value      ; Type                                                                    ;
+------------------------+------------+-------------------------------------------------------------------------+
; lpm_width              ; 3          ; Untyped                                                                 ;
; LPM_REPRESENTATION     ; UNSIGNED   ; Untyped                                                                 ;
; LPM_PIPELINE           ; 0          ; Untyped                                                                 ;
; CHAIN_SIZE             ; 8          ; Untyped                                                                 ;
; ONE_INPUT_IS_CONSTANT  ; NO         ; Untyped                                                                 ;
; CARRY_CHAIN            ; MANUAL     ; Untyped                                                                 ;
; CASCADE_CHAIN          ; MANUAL     ; Untyped                                                                 ;
; CARRY_CHAIN_LENGTH     ; 48         ; CARRY_CHAIN_LENGTH                                                      ;
; CASCADE_CHAIN_LENGTH   ; 2          ; CASCADE_CHAIN_LENGTH                                                    ;
; DEVICE_FAMILY          ; Stratix II ; Untyped                                                                 ;
; CBXI_PARAMETER         ; cmpr_aig   ; Untyped                                                                 ;
; AUTO_CARRY_CHAINS      ; ON         ; AUTO_CARRY                                                              ;
; IGNORE_CARRY_BUFFERS   ; OFF        ; IGNORE_CARRY                                                            ;
; AUTO_CASCADE_CHAINS    ; ON         ; AUTO_CASCADE                                                            ;
; IGNORE_CASCADE_BUFFERS ; OFF        ; IGNORE_CASCADE                                                          ;
+------------------------+------------+-------------------------------------------------------------------------+
Note: In order to hide this table in the UI and the text report file, please set the "Show Parameter Settings Tables in Synthesis Report" option in "Analysis and Synthesis Settings -> More Settings" to "Off".


+----------------------------------------------------------------------------------------------------------------+
; Parameter Settings for User Entity Instance: slave:inst1|lpm_compare0:inst13|lpm_compare:lpm_compare_component ;
+------------------------+------------+--------------------------------------------------------------------------+
; Parameter Name         ; Value      ; Type                                                                     ;
+------------------------+------------+--------------------------------------------------------------------------+
; lpm_width              ; 3          ; Untyped                                                                  ;
; LPM_REPRESENTATION     ; UNSIGNED   ; Untyped                                                                  ;
; LPM_PIPELINE           ; 0          ; Untyped                                                                  ;
; CHAIN_SIZE             ; 8          ; Untyped                                                                  ;
; ONE_INPUT_IS_CONSTANT  ; NO         ; Untyped                                                                  ;
; CARRY_CHAIN            ; MANUAL     ; Untyped                                                                  ;
; CASCADE_CHAIN          ; MANUAL     ; Untyped                                                                  ;
; CARRY_CHAIN_LENGTH     ; 48         ; CARRY_CHAIN_LENGTH                                                       ;
; CASCADE_CHAIN_LENGTH   ; 2          ; CASCADE_CHAIN_LENGTH                                                     ;
; DEVICE_FAMILY          ; Stratix II ; Untyped                                                                  ;
; CBXI_PARAMETER         ; cmpr_aig   ; Untyped                                                                  ;
; AUTO_CARRY_CHAINS      ; ON         ; AUTO_CARRY                                                               ;
; IGNORE_CARRY_BUFFERS   ; OFF        ; IGNORE_CARRY                                                             ;
; AUTO_CASCADE_CHAINS    ; ON         ; AUTO_CASCADE                                                             ;
; IGNORE_CASCADE_BUFFERS ; OFF        ; IGNORE_CASCADE                                                           ;
+------------------------+------------+--------------------------------------------------------------------------+
Note: In order to hide this table in the UI and the text report file, please set the "Show Parameter Settings Tables in Synthesis Report" option in "Analysis and Synthesis Settings -> More Settings" to "Off".


+----------------------------------------------------------------------------------------------------------------+
; Parameter Settings for User Entity Instance: slave:inst1|lpm_counter0:inst14|lpm_counter:lpm_counter_component ;
+------------------------+-------------+-------------------------------------------------------------------------+
; Parameter Name         ; Value       ; Type                                                                    ;
+------------------------+-------------+-------------------------------------------------------------------------+
; AUTO_CARRY_CHAINS      ; ON          ; AUTO_CARRY                                                              ;
; IGNORE_CARRY_BUFFERS   ; OFF         ; IGNORE_CARRY                                                            ;
; AUTO_CASCADE_CHAINS    ; ON          ; AUTO_CASCADE                                                            ;
; IGNORE_CASCADE_BUFFERS ; OFF         ; IGNORE_CASCADE                                                          ;
; LPM_WIDTH              ; 3           ; Untyped                                                                 ;
; LPM_DIRECTION          ; UP          ; Untyped                                                                 ;
; LPM_MODULUS            ; 0           ; Untyped                                                                 ;
; LPM_AVALUE             ; UNUSED      ; Untyped                                                                 ;
; LPM_SVALUE             ; UNUSED      ; Untyped                                                                 ;
; LPM_PORT_UPDOWN        ; PORT_UNUSED ; Untyped                                                                 ;
; DEVICE_FAMILY          ; Stratix II  ; Untyped                                                                 ;
; CARRY_CHAIN            ; MANUAL      ; Untyped                                                                 ;
; CARRY_CHAIN_LENGTH     ; 48          ; CARRY_CHAIN_LENGTH                                                      ;
; NOT_GATE_PUSH_BACK     ; ON          ; NOT_GATE_PUSH_BACK                                                      ;
; CARRY_CNT_EN           ; SMART       ; Untyped                                                                 ;
; LABWIDE_SCLR           ; ON          ; Untyped                                                                 ;
; USE_NEW_VERSION        ; TRUE        ; Untyped                                                                 ;
; CBXI_PARAMETER         ; cntr_4pi    ; Untyped                                                                 ;
+------------------------+-------------+-------------------------------------------------------------------------+
Note: In order to hide this table in the UI and the text report file, please set the "Show Parameter Settings Tables in Synthesis Report" option in "Analysis and Synthesis Settings -> More Settings" to "Off".


+---------------------------------------------------------------------------------------------------------------+
; Parameter Settings for User Entity Instance: slave:inst1|lpm_compare0:inst5|lpm_compare:lpm_compare_component ;
+------------------------+------------+-------------------------------------------------------------------------+
; Parameter Name         ; Value      ; Type                                                                    ;
+------------------------+------------+-------------------------------------------------------------------------+
; lpm_width              ; 3          ; Untyped                                                                 ;
; LPM_REPRESENTATION     ; UNSIGNED   ; Untyped                                                                 ;
; LPM_PIPELINE           ; 0          ; Untyped                                                                 ;
; CHAIN_SIZE             ; 8          ; Untyped                                                                 ;
; ONE_INPUT_IS_CONSTANT  ; NO         ; Untyped                                                                 ;
; CARRY_CHAIN            ; MANUAL     ; Untyped                                                                 ;
; CASCADE_CHAIN          ; MANUAL     ; Untyped                                                                 ;
; CARRY_CHAIN_LENGTH     ; 48         ; CARRY_CHAIN_LENGTH                                                      ;
; CASCADE_CHAIN_LENGTH   ; 2          ; CASCADE_CHAIN_LENGTH                                                    ;
; DEVICE_FAMILY          ; Stratix II ; Untyped                                                                 ;
; CBXI_PARAMETER         ; cmpr_aig   ; Untyped                                                                 ;
; AUTO_CARRY_CHAINS      ; ON         ; AUTO_CARRY                                                              ;
; IGNORE_CARRY_BUFFERS   ; OFF        ; IGNORE_CARRY                                                            ;
; AUTO_CASCADE_CHAINS    ; ON         ; AUTO_CASCADE                                                            ;
; IGNORE_CASCADE_BUFFERS ; OFF        ; IGNORE_CASCADE                                                          ;
+------------------------+------------+-------------------------------------------------------------------------+
Note: In order to hide this table in the UI and the text report file, please set the "Show Parameter Settings Tables in Synthesis Report" option in "Analysis and Synthesis Settings -> More Settings" to "Off".


+---------------------------------------------------------------------------------------------------------------+
; Parameter Settings for User Entity Instance: slave:inst1|lpm_counter0:inst6|lpm_counter:lpm_counter_component ;
+------------------------+-------------+------------------------------------------------------------------------+
; Parameter Name         ; Value       ; Type                                                                   ;
+------------------------+-------------+------------------------------------------------------------------------+
; AUTO_CARRY_CHAINS      ; ON          ; AUTO_CARRY                                                             ;
; IGNORE_CARRY_BUFFERS   ; OFF         ; IGNORE_CARRY                                                           ;
; AUTO_CASCADE_CHAINS    ; ON          ; AUTO_CASCADE                                                           ;
; IGNORE_CASCADE_BUFFERS ; OFF         ; IGNORE_CASCADE                                                         ;
; LPM_WIDTH              ; 3           ; Untyped                                                                ;
; LPM_DIRECTION          ; UP          ; Untyped                                                                ;
; LPM_MODULUS            ; 0           ; Untyped                                                                ;
; LPM_AVALUE             ; UNUSED      ; Untyped                                                                ;
; LPM_SVALUE             ; UNUSED      ; Untyped                                                                ;
; LPM_PORT_UPDOWN        ; PORT_UNUSED ; Untyped                                                                ;
; DEVICE_FAMILY          ; Stratix II  ; Untyped                                                                ;
; CARRY_CHAIN            ; MANUAL      ; Untyped                                                                ;
; CARRY_CHAIN_LENGTH     ; 48          ; CARRY_CHAIN_LENGTH                                                     ;
; NOT_GATE_PUSH_BACK     ; ON          ; NOT_GATE_PUSH_BACK                                                     ;
; CARRY_CNT_EN           ; SMART       ; Untyped                                                                ;
; LABWIDE_SCLR           ; ON          ; Untyped                                                                ;
; USE_NEW_VERSION        ; TRUE        ; Untyped                                                                ;
; CBXI_PARAMETER         ; cntr_4pi    ; Untyped                                                                ;
+------------------------+-------------+------------------------------------------------------------------------+
Note: In order to hide this table in the UI and the text report file, please set the "Show Parameter Settings Tables in Synthesis Report" option in "Analysis and Synthesis Settings -> More Settings" to "Off".


+-------------------------------------------------------------------------------------------------+
; Parameter Settings for User Entity Instance: slave:inst1|lpm_dff0:inst3|lpm_ff:lpm_ff_component ;
+------------------------+------------+-----------------------------------------------------------+
; Parameter Name         ; Value      ; Type                                                      ;
+------------------------+------------+-----------------------------------------------------------+
; LPM_WIDTH              ; 8          ; Untyped                                                   ;
; LPM_AVALUE             ; UNUSED     ; Untyped                                                   ;
; LPM_SVALUE             ; UNUSED     ; Untyped                                                   ;
; LPM_FFTYPE             ; DFF        ; Untyped                                                   ;
; DEVICE_FAMILY          ; Stratix II ; Untyped                                                   ;
; CBXI_PARAMETER         ; NOTHING    ; Untyped                                                   ;
; AUTO_CARRY_CHAINS      ; ON         ; AUTO_CARRY                                                ;
; IGNORE_CARRY_BUFFERS   ; OFF        ; IGNORE_CARRY                                              ;
; AUTO_CASCADE_CHAINS    ; ON         ; AUTO_CASCADE                                              ;
; IGNORE_CASCADE_BUFFERS ; OFF        ; IGNORE_CASCADE                                            ;
+------------------------+------------+-----------------------------------------------------------+
Note: In order to hide this table in the UI and the text report file, please set the "Show Parameter Settings Tables in Synthesis Report" option in "Analysis and Synthesis Settings -> More Settings" to "Off".


+-----------------------------------------------------------------------------------------------------------------+
; Parameter Settings for User Entity Instance: master:inst9|lpm_compare0:inst13|lpm_compare:lpm_compare_component ;
+------------------------+------------+---------------------------------------------------------------------------+
; Parameter Name         ; Value      ; Type                                                                      ;
+------------------------+------------+---------------------------------------------------------------------------+
; lpm_width              ; 3          ; Untyped                                                                   ;
; LPM_REPRESENTATION     ; UNSIGNED   ; Untyped                                                                   ;
; LPM_PIPELINE           ; 0          ; Untyped                                                                   ;
; CHAIN_SIZE             ; 8          ; Untyped                                                                   ;
; ONE_INPUT_IS_CONSTANT  ; NO         ; Untyped                                                                   ;
; CARRY_CHAIN            ; MANUAL     ; Untyped                                                                   ;
; CASCADE_CHAIN          ; MANUAL     ; Untyped                                                                   ;
; CARRY_CHAIN_LENGTH     ; 48         ; CARRY_CHAIN_LENGTH                                                        ;
; CASCADE_CHAIN_LENGTH   ; 2          ; CASCADE_CHAIN_LENGTH                                                      ;
; DEVICE_FAMILY          ; Stratix II ; Untyped                                                                   ;
; CBXI_PARAMETER         ; cmpr_aig   ; Untyped                                                                   ;
; AUTO_CARRY_CHAINS      ; ON         ; AUTO_CARRY                                                                ;
; IGNORE_CARRY_BUFFERS   ; OFF        ; IGNORE_CARRY                                                              ;
; AUTO_CASCADE_CHAINS    ; ON         ; AUTO_CASCADE                                                              ;
; IGNORE_CASCADE_BUFFERS ; OFF        ; IGNORE_CASCADE                                                            ;
+------------------------+------------+---------------------------------------------------------------------------+
Note: In order to hide this table in the UI and the text report file, please set the "Show Parameter Settings Tables in Synthesis Report" option in "Analysis and Synthesis Settings -> More Settings" to "Off".


+-----------------------------------------------------------------------------------------------------------------+
; Parameter Settings for User Entity Instance: master:inst9|lpm_counter0:inst14|lpm_counter:lpm_counter_component ;
+------------------------+-------------+--------------------------------------------------------------------------+
; Parameter Name         ; Value       ; Type                                                                     ;
+------------------------+-------------+--------------------------------------------------------------------------+
; AUTO_CARRY_CHAINS      ; ON          ; AUTO_CARRY                                                               ;
; IGNORE_CARRY_BUFFERS   ; OFF         ; IGNORE_CARRY                                                             ;
; AUTO_CASCADE_CHAINS    ; ON          ; AUTO_CASCADE                                                             ;
; IGNORE_CASCADE_BUFFERS ; OFF         ; IGNORE_CASCADE                                                           ;
; LPM_WIDTH              ; 3           ; Untyped                                                                  ;
; LPM_DIRECTION          ; UP          ; Untyped                                                                  ;
; LPM_MODULUS            ; 0           ; Untyped                                                                  ;
; LPM_AVALUE             ; UNUSED      ; Untyped                                                                  ;
; LPM_SVALUE             ; UNUSED      ; Untyped                                                                  ;
; LPM_PORT_UPDOWN        ; PORT_UNUSED ; Untyped                                                                  ;
; DEVICE_FAMILY          ; Stratix II  ; Untyped                                                                  ;
; CARRY_CHAIN            ; MANUAL      ; Untyped                                                                  ;
; CARRY_CHAIN_LENGTH     ; 48          ; CARRY_CHAIN_LENGTH                                                       ;
; NOT_GATE_PUSH_BACK     ; ON          ; NOT_GATE_PUSH_BACK                                                       ;
; CARRY_CNT_EN           ; SMART       ; Untyped                                                                  ;
; LABWIDE_SCLR           ; ON          ; Untyped                                                                  ;
; USE_NEW_VERSION        ; TRUE        ; Untyped                                                                  ;
; CBXI_PARAMETER         ; cntr_4pi    ; Untyped                                                                  ;
+------------------------+-------------+--------------------------------------------------------------------------+
Note: In order to hide this table in the UI and the text report file, please set the "Show Parameter Settings Tables in Synthesis Report" option in "Analysis and Synthesis Settings -> More Settings" to "Off".


+--------------------------------------------------------------------------------------------------------------+
; Parameter Settings for User Entity Instance: master:inst9|lpm_bustri2:inst43|lpm_bustri:lpm_bustri_component ;
+----------------+-------+-------------------------------------------------------------------------------------+
; Parameter Name ; Value ; Type                                                                                ;
+----------------+-------+-------------------------------------------------------------------------------------+
; LPM_WIDTH      ; 1     ; Untyped                                                                             ;
+----------------+-------+-------------------------------------------------------------------------------------+
Note: In order to hide this table in the UI and the text report file, please set the "Show Parameter Settings Tables in Synthesis Report" option in "Analysis and Synthesis Settings -> More Settings" to "Off".


+-----------------------------------------------------------------------------------------------------------------+
; Parameter Settings for User Entity Instance: master:inst9|lpm_compare0:inst22|lpm_compare:lpm_compare_component ;
+------------------------+------------+---------------------------------------------------------------------------+
; Parameter Name         ; Value      ; Type                                                                      ;
+------------------------+------------+---------------------------------------------------------------------------+
; lpm_width              ; 3          ; Untyped                                                                   ;
; LPM_REPRESENTATION     ; UNSIGNED   ; Untyped                                                                   ;
; LPM_PIPELINE           ; 0          ; Untyped                                                                   ;
; CHAIN_SIZE             ; 8          ; Untyped                                                                   ;
; ONE_INPUT_IS_CONSTANT  ; NO         ; Untyped                                                                   ;
; CARRY_CHAIN            ; MANUAL     ; Untyped                                                                   ;
; CASCADE_CHAIN          ; MANUAL     ; Untyped                                                                   ;
; CARRY_CHAIN_LENGTH     ; 48         ; CARRY_CHAIN_LENGTH                                                        ;
; CASCADE_CHAIN_LENGTH   ; 2          ; CASCADE_CHAIN_LENGTH                                                      ;
; DEVICE_FAMILY          ; Stratix II ; Untyped                                                                   ;
; CBXI_PARAMETER         ; cmpr_aig   ; Untyped                                                                   ;
; AUTO_CARRY_CHAINS      ; ON         ; AUTO_CARRY                                                                ;
; IGNORE_CARRY_BUFFERS   ; OFF        ; IGNORE_CARRY                                                              ;
; AUTO_CASCADE_CHAINS    ; ON         ; AUTO_CASCADE                                                              ;
; IGNORE_CASCADE_BUFFERS ; OFF        ; IGNORE_CASCADE                                                            ;
+------------------------+------------+---------------------------------------------------------------------------+
Note: In order to hide this table in the UI and the text report file, please set the "Show Parameter Settings Tables in Synthesis Report" option in "Analysis and Synthesis Settings -> More Settings" to "Off".


+-----------------------------------------------------------------------------------------------------------------+
; Parameter Settings for User Entity Instance: master:inst9|lpm_counter0:inst23|lpm_counter:lpm_counter_component ;
+------------------------+-------------+--------------------------------------------------------------------------+
; Parameter Name         ; Value       ; Type                                                                     ;
+------------------------+-------------+--------------------------------------------------------------------------+
; AUTO_CARRY_CHAINS      ; ON          ; AUTO_CARRY                                                               ;
; IGNORE_CARRY_BUFFERS   ; OFF         ; IGNORE_CARRY                                                             ;
; AUTO_CASCADE_CHAINS    ; ON          ; AUTO_CASCADE                                                             ;
; IGNORE_CASCADE_BUFFERS ; OFF         ; IGNORE_CASCADE                                                           ;
; LPM_WIDTH              ; 3           ; Untyped                                                                  ;
; LPM_DIRECTION          ; UP          ; Untyped                                                                  ;
; LPM_MODULUS            ; 0           ; Untyped                                                                  ;
; LPM_AVALUE             ; UNUSED      ; Untyped                                                                  ;
; LPM_SVALUE             ; UNUSED      ; Untyped                                                                  ;
; LPM_PORT_UPDOWN        ; PORT_UNUSED ; Untyped                                                                  ;
; DEVICE_FAMILY          ; Stratix II  ; Untyped                                                                  ;
; CARRY_CHAIN            ; MANUAL      ; Untyped                                                                  ;
; CARRY_CHAIN_LENGTH     ; 48          ; CARRY_CHAIN_LENGTH                                                       ;
; NOT_GATE_PUSH_BACK     ; ON          ; NOT_GATE_PUSH_BACK                                                       ;
; CARRY_CNT_EN           ; SMART       ; Untyped                                                                  ;
; LABWIDE_SCLR           ; ON          ; Untyped                                                                  ;
; USE_NEW_VERSION        ; TRUE        ; Untyped                                                                  ;
; CBXI_PARAMETER         ; cntr_4pi    ; Untyped                                                                  ;
+------------------------+-------------+--------------------------------------------------------------------------+
Note: In order to hide this table in the UI and the text report file, please set the "Show Parameter Settings Tables in Synthesis Report" option in "Analysis and Synthesis Settings -> More Settings" to "Off".


+----------------------------------------------------------------------------------------------------------------+
; Parameter Settings for User Entity Instance: master:inst9|lpm_compare0:inst5|lpm_compare:lpm_compare_component ;
+------------------------+------------+--------------------------------------------------------------------------+
; Parameter Name         ; Value      ; Type                                                                     ;
+------------------------+------------+--------------------------------------------------------------------------+
; lpm_width              ; 3          ; Untyped                                                                  ;
; LPM_REPRESENTATION     ; UNSIGNED   ; Untyped                                                                  ;
; LPM_PIPELINE           ; 0          ; Untyped                                                                  ;
; CHAIN_SIZE             ; 8          ; Untyped                                                                  ;
; ONE_INPUT_IS_CONSTANT  ; NO         ; Untyped                                                                  ;
; CARRY_CHAIN            ; MANUAL     ; Untyped                                                                  ;
; CASCADE_CHAIN          ; MANUAL     ; Untyped                                                                  ;
; CARRY_CHAIN_LENGTH     ; 48         ; CARRY_CHAIN_LENGTH                                                       ;
; CASCADE_CHAIN_LENGTH   ; 2          ; CASCADE_CHAIN_LENGTH                                                     ;
; DEVICE_FAMILY          ; Stratix II ; Untyped                                                                  ;
; CBXI_PARAMETER         ; cmpr_aig   ; Untyped                                                                  ;
; AUTO_CARRY_CHAINS      ; ON         ; AUTO_CARRY                                                               ;
; IGNORE_CARRY_BUFFERS   ; OFF        ; IGNORE_CARRY                                                             ;
; AUTO_CASCADE_CHAINS    ; ON         ; AUTO_CASCADE                                                             ;
; IGNORE_CASCADE_BUFFERS ; OFF        ; IGNORE_CASCADE                                                           ;
+------------------------+------------+--------------------------------------------------------------------------+
Note: In order to hide this table in the UI and the text report file, please set the "Show Parameter Settings Tables in Synthesis Report" option in "Analysis and Synthesis Settings -> More Settings" to "Off".


+----------------------------------------------------------------------------------------------------------------+
; Parameter Settings for User Entity Instance: master:inst9|lpm_counter0:inst6|lpm_counter:lpm_counter_component ;
+------------------------+-------------+-------------------------------------------------------------------------+
; Parameter Name         ; Value       ; Type                                                                    ;
+------------------------+-------------+-------------------------------------------------------------------------+
; AUTO_CARRY_CHAINS      ; ON          ; AUTO_CARRY                                                              ;
; IGNORE_CARRY_BUFFERS   ; OFF         ; IGNORE_CARRY                                                            ;
; AUTO_CASCADE_CHAINS    ; ON          ; AUTO_CASCADE                                                            ;
; IGNORE_CASCADE_BUFFERS ; OFF         ; IGNORE_CASCADE                                                          ;
; LPM_WIDTH              ; 3           ; Untyped                                                                 ;
; LPM_DIRECTION          ; UP          ; Untyped                                                                 ;
; LPM_MODULUS            ; 0           ; Untyped                                                                 ;
; LPM_AVALUE             ; UNUSED      ; Untyped                                                                 ;
; LPM_SVALUE             ; UNUSED      ; Untyped                                                                 ;
; LPM_PORT_UPDOWN        ; PORT_UNUSED ; Untyped                                                                 ;
; DEVICE_FAMILY          ; Stratix II  ; Untyped                                                                 ;
; CARRY_CHAIN            ; MANUAL      ; Untyped                                                                 ;
; CARRY_CHAIN_LENGTH     ; 48          ; CARRY_CHAIN_LENGTH                                                      ;
; NOT_GATE_PUSH_BACK     ; ON          ; NOT_GATE_PUSH_BACK                                                      ;
; CARRY_CNT_EN           ; SMART       ; Untyped                                                                 ;
; LABWIDE_SCLR           ; ON          ; Untyped                                                                 ;
; USE_NEW_VERSION        ; TRUE        ; Untyped                                                                 ;
; CBXI_PARAMETER         ; cntr_4pi    ; Untyped                                                                 ;
+------------------------+-------------+-------------------------------------------------------------------------+
Note: In order to hide this table in the UI and the text report file, please set the "Show Parameter Settings Tables in Synthesis Report" option in "Analysis and Synthesis Settings -> More Settings" to "Off".


+--------------------------------------------------------------------------------------------------------------+
; Parameter Settings for User Entity Instance: master:inst9|lpm_bustri1:inst40|lpm_bustri:lpm_bustri_component ;
+----------------+-------+-------------------------------------------------------------------------------------+
; Parameter Name ; Value ; Type                                                                                ;
+----------------+-------+-------------------------------------------------------------------------------------+
; LPM_WIDTH      ; 3     ; Untyped                                                                             ;
+----------------+-------+-------------------------------------------------------------------------------------+
Note: In order to hide this table in the UI and the text report file, please set the "Show Parameter Settings Tables in Synthesis Report" option in "Analysis and Synthesis Settings -> More Settings" to "Off".


+-----------------------------------------------------------------------------------------------------------------+
; Parameter Settings for User Entity Instance: master:inst9|lpm_counter1:inst39|lpm_counter:lpm_counter_component ;
+------------------------+------------+---------------------------------------------------------------------------+
; Parameter Name         ; Value      ; Type                                                                      ;
+------------------------+------------+---------------------------------------------------------------------------+
; AUTO_CARRY_CHAINS      ; ON         ; AUTO_CARRY                                                                ;
; IGNORE_CARRY_BUFFERS   ; OFF        ; IGNORE_CARRY                                                              ;
; AUTO_CASCADE_CHAINS    ; ON         ; AUTO_CASCADE                                                              ;
; IGNORE_CASCADE_BUFFERS ; OFF        ; IGNORE_CASCADE                                                            ;
; LPM_WIDTH              ; 3          ; Untyped                                                                   ;
; LPM_DIRECTION          ; DEFAULT    ; Untyped                                                                   ;
; LPM_MODULUS            ; 5          ; Untyped                                                                   ;
; LPM_AVALUE             ; UNUSED     ; Untyped                                                                   ;
; LPM_SVALUE             ; UNUSED     ; Untyped                                                                   ;
; LPM_PORT_UPDOWN        ; PORT_USED  ; Untyped                                                                   ;
; DEVICE_FAMILY          ; Stratix II ; Untyped                                                                   ;
; CARRY_CHAIN            ; MANUAL     ; Untyped                                                                   ;
; CARRY_CHAIN_LENGTH     ; 48         ; CARRY_CHAIN_LENGTH                                                        ;
; NOT_GATE_PUSH_BACK     ; ON         ; NOT_GATE_PUSH_BACK                                                        ;
; CARRY_CNT_EN           ; SMART      ; Untyped                                                                   ;
; LABWIDE_SCLR           ; ON         ; Untyped                                                                   ;
; USE_NEW_VERSION        ; TRUE       ; Untyped                                                                   ;
; CBXI_PARAMETER         ; cntr_7nh   ; Untyped                                                                   ;
+------------------------+------------+---------------------------------------------------------------------------+
Note: In order to hide this table in the UI and the text report file, please set the "Show Parameter Settings Tables in Synthesis Report" option in "Analysis and Synthesis Settings -> More Settings" to "Off".


+--------------------------------------------------------------------------------------------------------------+
; Parameter Settings for User Entity Instance: master:inst9|lpm_bustri0:inst37|lpm_bustri:lpm_bustri_component ;
+----------------+-------+-------------------------------------------------------------------------------------+
; Parameter Name ; Value ; Type                                                                                ;
+----------------+-------+-------------------------------------------------------------------------------------+
; LPM_WIDTH      ; 8     ; Untyped                                                                             ;
+----------------+-------+-------------------------------------------------------------------------------------+
Note: In order to hide this table in the UI and the text report file, please set the "Show Parameter Settings Tables in Synthesis Report" option in "Analysis and Synthesis Settings -> More Settings" to "Off".


+------------------------------------------------------------------------------------------------------+
; Parameter Settings for User Entity Instance: lpm_constant0:inst2|lpm_constant:lpm_constant_component ;
+--------------------+------------------+--------------------------------------------------------------+
; Parameter Name     ; Value            ; Type                                                         ;
+--------------------+------------------+--------------------------------------------------------------+
; LPM_WIDTH          ; 3                ; Untyped                                                      ;
; LPM_CVALUE         ; 1                ; Untyped                                                      ;
; ENABLE_RUNTIME_MOD ; NO               ; Untyped                                                      ;
; CBXI_PARAMETER     ; lpm_constant_6e6 ; Untyped                                                      ;
+--------------------+------------------+--------------------------------------------------------------+
Note: In order to hide this table in the UI and the text report file, please set the "Show Parameter Settings Tables in Synthesis Report" option in "Analysis and Synthesis Settings -> More Settings" to "Off".


+--------------------------------------------------------------------------------------------------------------+
; Parameter Settings for User Entity Instance: slave:inst11|lpm_bustri2:inst43|lpm_bustri:lpm_bustri_component ;
+----------------+-------+-------------------------------------------------------------------------------------+
; Parameter Name ; Value ; Type                                                                                ;
+----------------+-------+-------------------------------------------------------------------------------------+
; LPM_WIDTH      ; 1     ; Untyped                                                                             ;
+----------------+-------+-------------------------------------------------------------------------------------+
Note: In order to hide this table in the UI and the text report file, please set the "Show Parameter Settings Tables in Synthesis Report" option in "Analysis and Synthesis Settings -> More Settings" to "Off".


+----------------------------------------------------------------------------------------------------------------+
; Parameter Settings for User Entity Instance: slave:inst11|lpm_compare1:inst1|lpm_compare:lpm_compare_component ;
+------------------------+------------+--------------------------------------------------------------------------+
; Parameter Name         ; Value      ; Type                                                                     ;
+------------------------+------------+--------------------------------------------------------------------------+
; lpm_width              ; 3          ; Untyped                                                                  ;
; LPM_REPRESENTATION     ; UNSIGNED   ; Untyped                                                                  ;
; LPM_PIPELINE           ; 0          ; Untyped                                                                  ;
; CHAIN_SIZE             ; 8          ; Untyped                                                                  ;
; ONE_INPUT_IS_CONSTANT  ; NO         ; Untyped                                                                  ;
; CARRY_CHAIN            ; MANUAL     ; Untyped                                                                  ;
; CASCADE_CHAIN          ; MANUAL     ; Untyped                                                                  ;
; CARRY_CHAIN_LENGTH     ; 48         ; CARRY_CHAIN_LENGTH                                                       ;
; CASCADE_CHAIN_LENGTH   ; 2          ; CASCADE_CHAIN_LENGTH                                                     ;
; DEVICE_FAMILY          ; Stratix II ; Untyped                                                                  ;
; CBXI_PARAMETER         ; cmpr_aig   ; Untyped                                                                  ;
; AUTO_CARRY_CHAINS      ; ON         ; AUTO_CARRY                                                               ;
; IGNORE_CARRY_BUFFERS   ; OFF        ; IGNORE_CARRY                                                             ;
; AUTO_CASCADE_CHAINS    ; ON         ; AUTO_CASCADE                                                             ;
; IGNORE_CASCADE_BUFFERS ; OFF        ; IGNORE_CASCADE                                                           ;
+------------------------+------------+--------------------------------------------------------------------------+
Note: In order to hide this table in the UI and the text report file, please set the "Show Parameter Settings Tables in Synthesis Report" option in "Analysis and Synthesis Settings -> More Settings" to "Off".


+-----------------------------------------------------------------------------------------------------------------+
; Parameter Settings for User Entity Instance: slave:inst11|lpm_compare0:inst13|lpm_compare:lpm_compare_component ;
+------------------------+------------+---------------------------------------------------------------------------+
; Parameter Name         ; Value      ; Type                                                                      ;
+------------------------+------------+---------------------------------------------------------------------------+
; lpm_width              ; 3          ; Untyped                                                                   ;
; LPM_REPRESENTATION     ; UNSIGNED   ; Untyped                                                                   ;
; LPM_PIPELINE           ; 0          ; Untyped                                                                   ;
; CHAIN_SIZE             ; 8          ; Untyped                                                                   ;
; ONE_INPUT_IS_CONSTANT  ; NO         ; Untyped                                                                   ;
; CARRY_CHAIN            ; MANUAL     ; Untyped                                                                   ;
; CASCADE_CHAIN          ; MANUAL     ; Untyped                                                                   ;
; CARRY_CHAIN_LENGTH     ; 48         ; CARRY_CHAIN_LENGTH                                                        ;
; CASCADE_CHAIN_LENGTH   ; 2          ; CASCADE_CHAIN_LENGTH                                                      ;
; DEVICE_FAMILY          ; Stratix II ; Untyped                                                                   ;
; CBXI_PARAMETER         ; cmpr_aig   ; Untyped                                                                   ;
; AUTO_CARRY_CHAINS      ; ON         ; AUTO_CARRY                                                                ;
; IGNORE_CARRY_BUFFERS   ; OFF        ; IGNORE_CARRY                                                              ;
; AUTO_CASCADE_CHAINS    ; ON         ; AUTO_CASCADE                                                              ;
; IGNORE_CASCADE_BUFFERS ; OFF        ; IGNORE_CASCADE                                                            ;
+------------------------+------------+---------------------------------------------------------------------------+
Note: In order to hide this table in the UI and the text report file, please set the "Show Parameter Settings Tables in Synthesis Report" option in "Analysis and Synthesis Settings -> More Settings" to "Off".


+-----------------------------------------------------------------------------------------------------------------+
; Parameter Settings for User Entity Instance: slave:inst11|lpm_counter0:inst14|lpm_counter:lpm_counter_component ;
+------------------------+-------------+--------------------------------------------------------------------------+
; Parameter Name         ; Value       ; Type                                                                     ;
+------------------------+-------------+--------------------------------------------------------------------------+
; AUTO_CARRY_CHAINS      ; ON          ; AUTO_CARRY                                                               ;
; IGNORE_CARRY_BUFFERS   ; OFF         ; IGNORE_CARRY                                                             ;
; AUTO_CASCADE_CHAINS    ; ON          ; AUTO_CASCADE                                                             ;
; IGNORE_CASCADE_BUFFERS ; OFF         ; IGNORE_CASCADE                                                           ;
; LPM_WIDTH              ; 3           ; Untyped                                                                  ;
; LPM_DIRECTION          ; UP          ; Untyped                                                                  ;
; LPM_MODULUS            ; 0           ; Untyped                                                                  ;
; LPM_AVALUE             ; UNUSED      ; Untyped                                                                  ;
; LPM_SVALUE             ; UNUSED      ; Untyped                                                                  ;
; LPM_PORT_UPDOWN        ; PORT_UNUSED ; Untyped                                                                  ;
; DEVICE_FAMILY          ; Stratix II  ; Untyped                                                                  ;
; CARRY_CHAIN            ; MANUAL      ; Untyped                                                                  ;
; CARRY_CHAIN_LENGTH     ; 48          ; CARRY_CHAIN_LENGTH                                                       ;
; NOT_GATE_PUSH_BACK     ; ON          ; NOT_GATE_PUSH_BACK                                                       ;
; CARRY_CNT_EN           ; SMART       ; Untyped                                                                  ;
; LABWIDE_SCLR           ; ON          ; Untyped                                                                  ;
; USE_NEW_VERSION        ; TRUE        ; Untyped                                                                  ;
; CBXI_PARAMETER         ; cntr_4pi    ; Untyped                                                                  ;
+------------------------+-------------+--------------------------------------------------------------------------+
Note: In order to hide this table in the UI and the text report file, please set the "Show Parameter Settings Tables in Synthesis Report" option in "Analysis and Synthesis Settings -> More Settings" to "Off".


+----------------------------------------------------------------------------------------------------------------+
; Parameter Settings for User Entity Instance: slave:inst11|lpm_compare0:inst5|lpm_compare:lpm_compare_component ;
+------------------------+------------+--------------------------------------------------------------------------+
; Parameter Name         ; Value      ; Type                                                                     ;
+------------------------+------------+--------------------------------------------------------------------------+
; lpm_width              ; 3          ; Untyped                                                                  ;
; LPM_REPRESENTATION     ; UNSIGNED   ; Untyped                                                                  ;
; LPM_PIPELINE           ; 0          ; Untyped                                                                  ;
; CHAIN_SIZE             ; 8          ; Untyped                                                                  ;
; ONE_INPUT_IS_CONSTANT  ; NO         ; Untyped                                                                  ;
; CARRY_CHAIN            ; MANUAL     ; Untyped                                                                  ;
; CASCADE_CHAIN          ; MANUAL     ; Untyped                                                                  ;
; CARRY_CHAIN_LENGTH     ; 48         ; CARRY_CHAIN_LENGTH                                                       ;
; CASCADE_CHAIN_LENGTH   ; 2          ; CASCADE_CHAIN_LENGTH                                                     ;
; DEVICE_FAMILY          ; Stratix II ; Untyped                                                                  ;
; CBXI_PARAMETER         ; cmpr_aig   ; Untyped                                                                  ;
; AUTO_CARRY_CHAINS      ; ON         ; AUTO_CARRY                                                               ;
; IGNORE_CARRY_BUFFERS   ; OFF        ; IGNORE_CARRY                                                             ;
; AUTO_CASCADE_CHAINS    ; ON         ; AUTO_CASCADE                                                             ;
; IGNORE_CASCADE_BUFFERS ; OFF        ; IGNORE_CASCADE                                                           ;
+------------------------+------------+--------------------------------------------------------------------------+
Note: In order to hide this table in the UI and the text report file, please set the "Show Parameter Settings Tables in Synthesis Report" option in "Analysis and Synthesis Settings -> More Settings" to "Off".


+----------------------------------------------------------------------------------------------------------------+
; Parameter Settings for User Entity Instance: slave:inst11|lpm_counter0:inst6|lpm_counter:lpm_counter_component ;
+------------------------+-------------+-------------------------------------------------------------------------+
; Parameter Name         ; Value       ; Type                                                                    ;
+------------------------+-------------+-------------------------------------------------------------------------+
; AUTO_CARRY_CHAINS      ; ON          ; AUTO_CARRY                                                              ;
; IGNORE_CARRY_BUFFERS   ; OFF         ; IGNORE_CARRY                                                            ;
; AUTO_CASCADE_CHAINS    ; ON          ; AUTO_CASCADE                                                            ;
; IGNORE_CASCADE_BUFFERS ; OFF         ; IGNORE_CASCADE                                                          ;
; LPM_WIDTH              ; 3           ; Untyped                                                                 ;
; LPM_DIRECTION          ; UP          ; Untyped                                                                 ;
; LPM_MODULUS            ; 0           ; Untyped                                                                 ;
; LPM_AVALUE             ; UNUSED      ; Untyped                                                                 ;
; LPM_SVALUE             ; UNUSED      ; Untyped                                                                 ;
; LPM_PORT_UPDOWN        ; PORT_UNUSED ; Untyped                                                                 ;
; DEVICE_FAMILY          ; Stratix II  ; Untyped                                                                 ;
; CARRY_CHAIN            ; MANUAL      ; Untyped                                                                 ;
; CARRY_CHAIN_LENGTH     ; 48          ; CARRY_CHAIN_LENGTH                                                      ;
; NOT_GATE_PUSH_BACK     ; ON          ; NOT_GATE_PUSH_BACK                                                      ;
; CARRY_CNT_EN           ; SMART       ; Untyped                                                                 ;
; LABWIDE_SCLR           ; ON          ; Untyped                                                                 ;
; USE_NEW_VERSION        ; TRUE        ; Untyped                                                                 ;
; CBXI_PARAMETER         ; cntr_4pi    ; Untyped                                                                 ;
+------------------------+-------------+-------------------------------------------------------------------------+
Note: In order to hide this table in the UI and the text report file, please set the "Show Parameter Settings Tables in Synthesis Report" option in "Analysis and Synthesis Settings -> More Settings" to "Off".


+--------------------------------------------------------------------------------------------------+
; Parameter Settings for User Entity Instance: slave:inst11|lpm_dff0:inst3|lpm_ff:lpm_ff_component ;
+------------------------+------------+------------------------------------------------------------+
; Parameter Name         ; Value      ; Type                                                       ;
+------------------------+------------+------------------------------------------------------------+
; LPM_WIDTH              ; 8          ; Untyped                                                    ;
; LPM_AVALUE             ; UNUSED     ; Untyped                                                    ;
; LPM_SVALUE             ; UNUSED     ; Untyped                                                    ;
; LPM_FFTYPE             ; DFF        ; Untyped                                                    ;
; DEVICE_FAMILY          ; Stratix II ; Untyped                                                    ;
; CBXI_PARAMETER         ; NOTHING    ; Untyped                                                    ;
; AUTO_CARRY_CHAINS      ; ON         ; AUTO_CARRY                                                 ;
; IGNORE_CARRY_BUFFERS   ; OFF        ; IGNORE_CARRY                                               ;
; AUTO_CASCADE_CHAINS    ; ON         ; AUTO_CASCADE                                               ;
; IGNORE_CASCADE_BUFFERS ; OFF        ; IGNORE_CASCADE                                             ;
+------------------------+------------+------------------------------------------------------------+
Note: In order to hide this table in the UI and the text report file, please set the "Show Parameter Settings Tables in Synthesis Report" option in "Analysis and Synthesis Settings -> More Settings" to "Off".


+-------------------------------------------------------------------------------------------------------+
; Parameter Settings for User Entity Instance: lpm_constant1:inst27|lpm_constant:lpm_constant_component ;
+--------------------+------------------+---------------------------------------------------------------+
; Parameter Name     ; Value            ; Type                                                          ;
+--------------------+------------------+---------------------------------------------------------------+
; LPM_WIDTH          ; 3                ; Untyped                                                       ;
; LPM_CVALUE         ; 2                ; Untyped                                                       ;
; ENABLE_RUNTIME_MOD ; NO               ; Untyped                                                       ;
; CBXI_PARAMETER     ; lpm_constant_7e6 ; Untyped                                                       ;
+--------------------+------------------+---------------------------------------------------------------+
Note: In order to hide this table in the UI and the text report file, please set the "Show Parameter Settings Tables in Synthesis Report" option in "Analysis and Synthesis Settings -> More Settings" to "Off".


+--------------------------------------------------------------------------------------------------------------+
; Parameter Settings for User Entity Instance: slave:inst10|lpm_bustri2:inst43|lpm_bustri:lpm_bustri_component ;
+----------------+-------+-------------------------------------------------------------------------------------+
; Parameter Name ; Value ; Type                                                                                ;
+----------------+-------+-------------------------------------------------------------------------------------+
; LPM_WIDTH      ; 1     ; Untyped                                                                             ;
+----------------+-------+-------------------------------------------------------------------------------------+
Note: In order to hide this table in the UI and the text report file, please set the "Show Parameter Settings Tables in Synthesis Report" option in "Analysis and Synthesis Settings -> More Settings" to "Off".


+----------------------------------------------------------------------------------------------------------------+
; Parameter Settings for User Entity Instance: slave:inst10|lpm_compare1:inst1|lpm_compare:lpm_compare_component ;
+------------------------+------------+--------------------------------------------------------------------------+
; Parameter Name         ; Value      ; Type                                                                     ;
+------------------------+------------+--------------------------------------------------------------------------+
; lpm_width              ; 3          ; Untyped                                                                  ;
; LPM_REPRESENTATION     ; UNSIGNED   ; Untyped                                                                  ;
; LPM_PIPELINE           ; 0          ; Untyped                                                                  ;
; CHAIN_SIZE             ; 8          ; Untyped                                                                  ;
; ONE_INPUT_IS_CONSTANT  ; NO         ; Untyped                                                                  ;
; CARRY_CHAIN            ; MANUAL     ; Untyped                                                                  ;
; CASCADE_CHAIN          ; MANUAL     ; Untyped                                                                  ;
; CARRY_CHAIN_LENGTH     ; 48         ; CARRY_CHAIN_LENGTH                                                       ;
; CASCADE_CHAIN_LENGTH   ; 2          ; CASCADE_CHAIN_LENGTH                                                     ;
; DEVICE_FAMILY          ; Stratix II ; Untyped                                                                  ;
; CBXI_PARAMETER         ; cmpr_aig   ; Untyped                                                                  ;
; AUTO_CARRY_CHAINS      ; ON         ; AUTO_CARRY                                                               ;
; IGNORE_CARRY_BUFFERS   ; OFF        ; IGNORE_CARRY                                                             ;
; AUTO_CASCADE_CHAINS    ; ON         ; AUTO_CASCADE                                                             ;
; IGNORE_CASCADE_BUFFERS ; OFF        ; IGNORE_CASCADE                                                           ;
+------------------------+------------+--------------------------------------------------------------------------+
Note: In order to hide this table in the UI and the text report file, please set the "Show Parameter Settings Tables in Synthesis Report" option in "Analysis and Synthesis Settings -> More Settings" to "Off".


+-----------------------------------------------------------------------------------------------------------------+
; Parameter Settings for User Entity Instance: slave:inst10|lpm_compare0:inst13|lpm_compare:lpm_compare_component ;
+------------------------+------------+---------------------------------------------------------------------------+
; Parameter Name         ; Value      ; Type                                                                      ;
+------------------------+------------+---------------------------------------------------------------------------+
; lpm_width              ; 3          ; Untyped                                                                   ;
; LPM_REPRESENTATION     ; UNSIGNED   ; Untyped                                                                   ;
; LPM_PIPELINE           ; 0          ; Untyped                                                                   ;
; CHAIN_SIZE             ; 8          ; Untyped                                                                   ;
; ONE_INPUT_IS_CONSTANT  ; NO         ; Untyped                                                                   ;
; CARRY_CHAIN            ; MANUAL     ; Untyped                                                                   ;
; CASCADE_CHAIN          ; MANUAL     ; Untyped                                                                   ;
; CARRY_CHAIN_LENGTH     ; 48         ; CARRY_CHAIN_LENGTH                                                        ;
; CASCADE_CHAIN_LENGTH   ; 2          ; CASCADE_CHAIN_LENGTH                                                      ;
; DEVICE_FAMILY          ; Stratix II ; Untyped                                                                   ;
; CBXI_PARAMETER         ; cmpr_aig   ; Untyped                                                                   ;
; AUTO_CARRY_CHAINS      ; ON         ; AUTO_CARRY                                                                ;
; IGNORE_CARRY_BUFFERS   ; OFF        ; IGNORE_CARRY                                                              ;
; AUTO_CASCADE_CHAINS    ; ON         ; AUTO_CASCADE                                                              ;
; IGNORE_CASCADE_BUFFERS ; OFF        ; IGNORE_CASCADE                                                            ;
+------------------------+------------+---------------------------------------------------------------------------+
Note: In order to hide this table in the UI and the text report file, please set the "Show Parameter Settings Tables in Synthesis Report" option in "Analysis and Synthesis Settings -> More Settings" to "Off".


+-----------------------------------------------------------------------------------------------------------------+
; Parameter Settings for User Entity Instance: slave:inst10|lpm_counter0:inst14|lpm_counter:lpm_counter_component ;
+------------------------+-------------+--------------------------------------------------------------------------+
; Parameter Name         ; Value       ; Type                                                                     ;
+------------------------+-------------+--------------------------------------------------------------------------+
; AUTO_CARRY_CHAINS      ; ON          ; AUTO_CARRY                                                               ;
; IGNORE_CARRY_BUFFERS   ; OFF         ; IGNORE_CARRY                                                             ;
; AUTO_CASCADE_CHAINS    ; ON          ; AUTO_CASCADE                                                             ;
; IGNORE_CASCADE_BUFFERS ; OFF         ; IGNORE_CASCADE                                                           ;
; LPM_WIDTH              ; 3           ; Untyped                                                                  ;
; LPM_DIRECTION          ; UP          ; Untyped                                                                  ;
; LPM_MODULUS            ; 0           ; Untyped                                                                  ;
; LPM_AVALUE             ; UNUSED      ; Untyped                                                                  ;
; LPM_SVALUE             ; UNUSED      ; Untyped                                                                  ;
; LPM_PORT_UPDOWN        ; PORT_UNUSED ; Untyped                                                                  ;
; DEVICE_FAMILY          ; Stratix II  ; Untyped                                                                  ;
; CARRY_CHAIN            ; MANUAL      ; Untyped                                                                  ;
; CARRY_CHAIN_LENGTH     ; 48          ; CARRY_CHAIN_LENGTH                                                       ;
; NOT_GATE_PUSH_BACK     ; ON          ; NOT_GATE_PUSH_BACK                                                       ;
; CARRY_CNT_EN           ; SMART       ; Untyped                                                                  ;
; LABWIDE_SCLR           ; ON          ; Untyped                                                                  ;
; USE_NEW_VERSION        ; TRUE        ; Untyped                                                                  ;
; CBXI_PARAMETER         ; cntr_4pi    ; Untyped                                                                  ;
+------------------------+-------------+--------------------------------------------------------------------------+
Note: In order to hide this table in the UI and the text report file, please set the "Show Parameter Settings Tables in Synthesis Report" option in "Analysis and Synthesis Settings -> More Settings" to "Off".


+----------------------------------------------------------------------------------------------------------------+
; Parameter Settings for User Entity Instance: slave:inst10|lpm_compare0:inst5|lpm_compare:lpm_compare_component ;
+------------------------+------------+--------------------------------------------------------------------------+
; Parameter Name         ; Value      ; Type                                                                     ;
+------------------------+------------+--------------------------------------------------------------------------+
; lpm_width              ; 3          ; Untyped                                                                  ;
; LPM_REPRESENTATION     ; UNSIGNED   ; Untyped                                                                  ;
; LPM_PIPELINE           ; 0          ; Untyped                                                                  ;
; CHAIN_SIZE             ; 8          ; Untyped                                                                  ;
; ONE_INPUT_IS_CONSTANT  ; NO         ; Untyped                                                                  ;
; CARRY_CHAIN            ; MANUAL     ; Untyped                                                                  ;
; CASCADE_CHAIN          ; MANUAL     ; Untyped                                                                  ;
; CARRY_CHAIN_LENGTH     ; 48         ; CARRY_CHAIN_LENGTH                                                       ;
; CASCADE_CHAIN_LENGTH   ; 2          ; CASCADE_CHAIN_LENGTH                                                     ;
; DEVICE_FAMILY          ; Stratix II ; Untyped                                                                  ;
; CBXI_PARAMETER         ; cmpr_aig   ; Untyped                                                                  ;
; AUTO_CARRY_CHAINS      ; ON         ; AUTO_CARRY                                                               ;
; IGNORE_CARRY_BUFFERS   ; OFF        ; IGNORE_CARRY                                                             ;
; AUTO_CASCADE_CHAINS    ; ON         ; AUTO_CASCADE                                                             ;
; IGNORE_CASCADE_BUFFERS ; OFF        ; IGNORE_CASCADE                                                           ;
+------------------------+------------+--------------------------------------------------------------------------+
Note: In order to hide this table in the UI and the text report file, please set the "Show Parameter Settings Tables in Synthesis Report" option in "Analysis and Synthesis Settings -> More Settings" to "Off".


+----------------------------------------------------------------------------------------------------------------+
; Parameter Settings for User Entity Instance: slave:inst10|lpm_counter0:inst6|lpm_counter:lpm_counter_component ;
+------------------------+-------------+-------------------------------------------------------------------------+
; Parameter Name         ; Value       ; Type                                                                    ;
+------------------------+-------------+-------------------------------------------------------------------------+
; AUTO_CARRY_CHAINS      ; ON          ; AUTO_CARRY                                                              ;
; IGNORE_CARRY_BUFFERS   ; OFF         ; IGNORE_CARRY                                                            ;
; AUTO_CASCADE_CHAINS    ; ON          ; AUTO_CASCADE                                                            ;
; IGNORE_CASCADE_BUFFERS ; OFF         ; IGNORE_CASCADE                                                          ;
; LPM_WIDTH              ; 3           ; Untyped                                                                 ;
; LPM_DIRECTION          ; UP          ; Untyped                                                                 ;
; LPM_MODULUS            ; 0           ; Untyped                                                                 ;
; LPM_AVALUE             ; UNUSED      ; Untyped                                                                 ;
; LPM_SVALUE             ; UNUSED      ; Untyped                                                                 ;
; LPM_PORT_UPDOWN        ; PORT_UNUSED ; Untyped                                                                 ;
; DEVICE_FAMILY          ; Stratix II  ; Untyped                                                                 ;
; CARRY_CHAIN            ; MANUAL      ; Untyped                                                                 ;
; CARRY_CHAIN_LENGTH     ; 48          ; CARRY_CHAIN_LENGTH                                                      ;
; NOT_GATE_PUSH_BACK     ; ON          ; NOT_GATE_PUSH_BACK                                                      ;
; CARRY_CNT_EN           ; SMART       ; Untyped                                                                 ;
; LABWIDE_SCLR           ; ON          ; Untyped                                                                 ;
; USE_NEW_VERSION        ; TRUE        ; Untyped                                                                 ;
; CBXI_PARAMETER         ; cntr_4pi    ; Untyped                                                                 ;
+------------------------+-------------+-------------------------------------------------------------------------+
Note: In order to hide this table in the UI and the text report file, please set the "Show Parameter Settings Tables in Synthesis Report" option in "Analysis and Synthesis Settings -> More Settings" to "Off".


+--------------------------------------------------------------------------------------------------+
; Parameter Settings for User Entity Instance: slave:inst10|lpm_dff0:inst3|lpm_ff:lpm_ff_component ;
+------------------------+------------+------------------------------------------------------------+
; Parameter Name         ; Value      ; Type                                                       ;
+------------------------+------------+------------------------------------------------------------+
; LPM_WIDTH              ; 8          ; Untyped                                                    ;
; LPM_AVALUE             ; UNUSED     ; Untyped                                                    ;
; LPM_SVALUE             ; UNUSED     ; Untyped                                                    ;
; LPM_FFTYPE             ; DFF        ; Untyped                                                    ;
; DEVICE_FAMILY          ; Stratix II ; Untyped                                                    ;
; CBXI_PARAMETER         ; NOTHING    ; Untyped                                                    ;
; AUTO_CARRY_CHAINS      ; ON         ; AUTO_CARRY                                                 ;
; IGNORE_CARRY_BUFFERS   ; OFF        ; IGNORE_CARRY                                               ;
; AUTO_CASCADE_CHAINS    ; ON         ; AUTO_CASCADE                                               ;
; IGNORE_CASCADE_BUFFERS ; OFF        ; IGNORE_CASCADE                                             ;
+------------------------+------------+------------------------------------------------------------+
Note: In order to hide this table in the UI and the text report file, please set the "Show Parameter Settings Tables in Synthesis Report" option in "Analysis and Synthesis Settings -> More Settings" to "Off".


+--------------------------------------------------------------------------------------------------------+
; Parameter Settings for User Entity Instance: lpm_constant12:inst28|lpm_constant:lpm_constant_component ;
+--------------------+------------------+----------------------------------------------------------------+
; Parameter Name     ; Value            ; Type                                                           ;
+--------------------+------------------+----------------------------------------------------------------+
; LPM_WIDTH          ; 3                ; Untyped                                                        ;
; LPM_CVALUE         ; 3                ; Untyped                                                        ;
; ENABLE_RUNTIME_MOD ; NO               ; Untyped                                                        ;
; CBXI_PARAMETER     ; lpm_constant_8e6 ; Untyped                                                        ;
+--------------------+------------------+----------------------------------------------------------------+
Note: In order to hide this table in the UI and the text report file, please set the "Show Parameter Settings Tables in Synthesis Report" option in "Analysis and Synthesis Settings -> More Settings" to "Off".


+--------------------------------------------------------------------------------------------------------------+
; Parameter Settings for User Entity Instance: slave:inst12|lpm_bustri2:inst43|lpm_bustri:lpm_bustri_component ;
+----------------+-------+-------------------------------------------------------------------------------------+
; Parameter Name ; Value ; Type                                                                                ;
+----------------+-------+-------------------------------------------------------------------------------------+
; LPM_WIDTH      ; 1     ; Untyped                                                                             ;
+----------------+-------+-------------------------------------------------------------------------------------+
Note: In order to hide this table in the UI and the text report file, please set the "Show Parameter Settings Tables in Synthesis Report" option in "Analysis and Synthesis Settings -> More Settings" to "Off".


+----------------------------------------------------------------------------------------------------------------+
; Parameter Settings for User Entity Instance: slave:inst12|lpm_compare1:inst1|lpm_compare:lpm_compare_component ;
+------------------------+------------+--------------------------------------------------------------------------+
; Parameter Name         ; Value      ; Type                                                                     ;
+------------------------+------------+--------------------------------------------------------------------------+
; lpm_width              ; 3          ; Untyped                                                                  ;
; LPM_REPRESENTATION     ; UNSIGNED   ; Untyped                                                                  ;
; LPM_PIPELINE           ; 0          ; Untyped                                                                  ;
; CHAIN_SIZE             ; 8          ; Untyped                                                                  ;
; ONE_INPUT_IS_CONSTANT  ; NO         ; Untyped                                                                  ;
; CARRY_CHAIN            ; MANUAL     ; Untyped                                                                  ;
; CASCADE_CHAIN          ; MANUAL     ; Untyped                                                                  ;
; CARRY_CHAIN_LENGTH     ; 48         ; CARRY_CHAIN_LENGTH                                                       ;
; CASCADE_CHAIN_LENGTH   ; 2          ; CASCADE_CHAIN_LENGTH                                                     ;
; DEVICE_FAMILY          ; Stratix II ; Untyped                                                                  ;
; CBXI_PARAMETER         ; cmpr_aig   ; Untyped                                                                  ;
; AUTO_CARRY_CHAINS      ; ON         ; AUTO_CARRY                                                               ;
; IGNORE_CARRY_BUFFERS   ; OFF        ; IGNORE_CARRY                                                             ;
; AUTO_CASCADE_CHAINS    ; ON         ; AUTO_CASCADE                                                             ;
; IGNORE_CASCADE_BUFFERS ; OFF        ; IGNORE_CASCADE                                                           ;
+------------------------+------------+--------------------------------------------------------------------------+
Note: In order to hide this table in the UI and the text report file, please set the "Show Parameter Settings Tables in Synthesis Report" option in "Analysis and Synthesis Settings -> More Settings" to "Off".


+-----------------------------------------------------------------------------------------------------------------+
; Parameter Settings for User Entity Instance: slave:inst12|lpm_compare0:inst13|lpm_compare:lpm_compare_component ;
+------------------------+------------+---------------------------------------------------------------------------+
; Parameter Name         ; Value      ; Type                                                                      ;
+------------------------+------------+---------------------------------------------------------------------------+
; lpm_width              ; 3          ; Untyped                                                                   ;
; LPM_REPRESENTATION     ; UNSIGNED   ; Untyped                                                                   ;
; LPM_PIPELINE           ; 0          ; Untyped                                                                   ;
; CHAIN_SIZE             ; 8          ; Untyped                                                                   ;
; ONE_INPUT_IS_CONSTANT  ; NO         ; Untyped                                                                   ;
; CARRY_CHAIN            ; MANUAL     ; Untyped                                                                   ;
; CASCADE_CHAIN          ; MANUAL     ; Untyped                                                                   ;
; CARRY_CHAIN_LENGTH     ; 48         ; CARRY_CHAIN_LENGTH                                                        ;
; CASCADE_CHAIN_LENGTH   ; 2          ; CASCADE_CHAIN_LENGTH                                                      ;
; DEVICE_FAMILY          ; Stratix II ; Untyped                                                                   ;
; CBXI_PARAMETER         ; cmpr_aig   ; Untyped                                                                   ;
; AUTO_CARRY_CHAINS      ; ON         ; AUTO_CARRY                                                                ;
; IGNORE_CARRY_BUFFERS   ; OFF        ; IGNORE_CARRY                                                              ;
; AUTO_CASCADE_CHAINS    ; ON         ; AUTO_CASCADE                                                              ;
; IGNORE_CASCADE_BUFFERS ; OFF        ; IGNORE_CASCADE                                                            ;
+------------------------+------------+---------------------------------------------------------------------------+
Note: In order to hide this table in the UI and the text report file, please set the "Show Parameter Settings Tables in Synthesis Report" option in "Analysis and Synthesis Settings -> More Settings" to "Off".


+-----------------------------------------------------------------------------------------------------------------+
; Parameter Settings for User Entity Instance: slave:inst12|lpm_counter0:inst14|lpm_counter:lpm_counter_component ;
+------------------------+-------------+--------------------------------------------------------------------------+
; Parameter Name         ; Value       ; Type                                                                     ;
+------------------------+-------------+--------------------------------------------------------------------------+
; AUTO_CARRY_CHAINS      ; ON          ; AUTO_CARRY                                                               ;
; IGNORE_CARRY_BUFFERS   ; OFF         ; IGNORE_CARRY                                                             ;
; AUTO_CASCADE_CHAINS    ; ON          ; AUTO_CASCADE                                                             ;
; IGNORE_CASCADE_BUFFERS ; OFF         ; IGNORE_CASCADE                                                           ;
; LPM_WIDTH              ; 3           ; Untyped                                                                  ;
; LPM_DIRECTION          ; UP          ; Untyped                                                                  ;
; LPM_MODULUS            ; 0           ; Untyped                                                                  ;
; LPM_AVALUE             ; UNUSED      ; Untyped                                                                  ;
; LPM_SVALUE             ; UNUSED      ; Untyped                                                                  ;
; LPM_PORT_UPDOWN        ; PORT_UNUSED ; Untyped                                                                  ;
; DEVICE_FAMILY          ; Stratix II  ; Untyped                                                                  ;
; CARRY_CHAIN            ; MANUAL      ; Untyped                                                                  ;
; CARRY_CHAIN_LENGTH     ; 48          ; CARRY_CHAIN_LENGTH                                                       ;
; NOT_GATE_PUSH_BACK     ; ON          ; NOT_GATE_PUSH_BACK                                                       ;
; CARRY_CNT_EN           ; SMART       ; Untyped                                                                  ;
; LABWIDE_SCLR           ; ON          ; Untyped                                                                  ;
; USE_NEW_VERSION        ; TRUE        ; Untyped                                                                  ;
; CBXI_PARAMETER         ; cntr_4pi    ; Untyped                                                                  ;
+------------------------+-------------+--------------------------------------------------------------------------+
Note: In order to hide this table in the UI and the text report file, please set the "Show Parameter Settings Tables in Synthesis Report" option in "Analysis and Synthesis Settings -> More Settings" to "Off".


+----------------------------------------------------------------------------------------------------------------+
; Parameter Settings for User Entity Instance: slave:inst12|lpm_compare0:inst5|lpm_compare:lpm_compare_component ;
+------------------------+------------+--------------------------------------------------------------------------+
; Parameter Name         ; Value      ; Type                                                                     ;
+------------------------+------------+--------------------------------------------------------------------------+
; lpm_width              ; 3          ; Untyped                                                                  ;
; LPM_REPRESENTATION     ; UNSIGNED   ; Untyped                                                                  ;
; LPM_PIPELINE           ; 0          ; Untyped                                                                  ;
; CHAIN_SIZE             ; 8          ; Untyped                                                                  ;
; ONE_INPUT_IS_CONSTANT  ; NO         ; Untyped                                                                  ;
; CARRY_CHAIN            ; MANUAL     ; Untyped                                                                  ;
; CASCADE_CHAIN          ; MANUAL     ; Untyped                                                                  ;
; CARRY_CHAIN_LENGTH     ; 48         ; CARRY_CHAIN_LENGTH                                                       ;
; CASCADE_CHAIN_LENGTH   ; 2          ; CASCADE_CHAIN_LENGTH                                                     ;
; DEVICE_FAMILY          ; Stratix II ; Untyped                                                                  ;
; CBXI_PARAMETER         ; cmpr_aig   ; Untyped                                                                  ;
; AUTO_CARRY_CHAINS      ; ON         ; AUTO_CARRY                                                               ;
; IGNORE_CARRY_BUFFERS   ; OFF        ; IGNORE_CARRY                                                             ;
; AUTO_CASCADE_CHAINS    ; ON         ; AUTO_CASCADE                                                             ;
; IGNORE_CASCADE_BUFFERS ; OFF        ; IGNORE_CASCADE                                                           ;
+------------------------+------------+--------------------------------------------------------------------------+
Note: In order to hide this table in the UI and the text report file, please set the "Show Parameter Settings Tables in Synthesis Report" option in "Analysis and Synthesis Settings -> More Settings" to "Off".


+----------------------------------------------------------------------------------------------------------------+
; Parameter Settings for User Entity Instance: slave:inst12|lpm_counter0:inst6|lpm_counter:lpm_counter_component ;
+------------------------+-------------+-------------------------------------------------------------------------+
; Parameter Name         ; Value       ; Type                                                                    ;
+------------------------+-------------+-------------------------------------------------------------------------+
; AUTO_CARRY_CHAINS      ; ON          ; AUTO_CARRY                                                              ;
; IGNORE_CARRY_BUFFERS   ; OFF         ; IGNORE_CARRY                                                            ;
; AUTO_CASCADE_CHAINS    ; ON          ; AUTO_CASCADE                                                            ;
; IGNORE_CASCADE_BUFFERS ; OFF         ; IGNORE_CASCADE                                                          ;
; LPM_WIDTH              ; 3           ; Untyped                                                                 ;
; LPM_DIRECTION          ; UP          ; Untyped                                                                 ;
; LPM_MODULUS            ; 0           ; Untyped                                                                 ;
; LPM_AVALUE             ; UNUSED      ; Untyped                                                                 ;
; LPM_SVALUE             ; UNUSED      ; Untyped                                                                 ;
; LPM_PORT_UPDOWN        ; PORT_UNUSED ; Untyped                                                                 ;
; DEVICE_FAMILY          ; Stratix II  ; Untyped                                                                 ;
; CARRY_CHAIN            ; MANUAL      ; Untyped                                                                 ;
; CARRY_CHAIN_LENGTH     ; 48          ; CARRY_CHAIN_LENGTH                                                      ;
; NOT_GATE_PUSH_BACK     ; ON          ; NOT_GATE_PUSH_BACK                                                      ;
; CARRY_CNT_EN           ; SMART       ; Untyped                                                                 ;
; LABWIDE_SCLR           ; ON          ; Untyped                                                                 ;
; USE_NEW_VERSION        ; TRUE        ; Untyped                                                                 ;
; CBXI_PARAMETER         ; cntr_4pi    ; Untyped                                                                 ;
+------------------------+-------------+-------------------------------------------------------------------------+
Note: In order to hide this table in the UI and the text report file, please set the "Show Parameter Settings Tables in Synthesis Report" option in "Analysis and Synthesis Settings -> More Settings" to "Off".


+--------------------------------------------------------------------------------------------------+
; Parameter Settings for User Entity Instance: slave:inst12|lpm_dff0:inst3|lpm_ff:lpm_ff_component ;
+------------------------+------------+------------------------------------------------------------+
; Parameter Name         ; Value      ; Type                                                       ;
+------------------------+------------+------------------------------------------------------------+
; LPM_WIDTH              ; 8          ; Untyped                                                    ;
; LPM_AVALUE             ; UNUSED     ; Untyped                                                    ;
; LPM_SVALUE             ; UNUSED     ; Untyped                                                    ;
; LPM_FFTYPE             ; DFF        ; Untyped                                                    ;
; DEVICE_FAMILY          ; Stratix II ; Untyped                                                    ;
; CBXI_PARAMETER         ; NOTHING    ; Untyped                                                    ;
; AUTO_CARRY_CHAINS      ; ON         ; AUTO_CARRY                                                 ;
; IGNORE_CARRY_BUFFERS   ; OFF        ; IGNORE_CARRY                                               ;
; AUTO_CASCADE_CHAINS    ; ON         ; AUTO_CASCADE                                               ;
; IGNORE_CASCADE_BUFFERS ; OFF        ; IGNORE_CASCADE                                             ;
+------------------------+------------+------------------------------------------------------------+
Note: In order to hide this table in the UI and the text report file, please set the "Show Parameter Settings Tables in Synthesis Report" option in "Analysis and Synthesis Settings -> More Settings" to "Off".


+-------------------------------------------------------------------------------------------------------+
; Parameter Settings for User Entity Instance: lpm_constant2:inst29|lpm_constant:lpm_constant_component ;
+--------------------+------------------+---------------------------------------------------------------+
; Parameter Name     ; Value            ; Type                                                          ;
+--------------------+------------------+---------------------------------------------------------------+
; LPM_WIDTH          ; 3                ; Untyped                                                       ;
; LPM_CVALUE         ; 4                ; Untyped                                                       ;
; ENABLE_RUNTIME_MOD ; NO               ; Untyped                                                       ;
; CBXI_PARAMETER     ; lpm_constant_9e6 ; Untyped                                                       ;
+--------------------+------------------+---------------------------------------------------------------+
Note: In order to hide this table in the UI and the text report file, please set the "Show Parameter Settings Tables in Synthesis Report" option in "Analysis and Synthesis Settings -> More Settings" to "Off".


+-------------------------------------------------------------------------------------------------------------+
; Parameter Settings for User Entity Instance: slave:inst7|lpm_bustri2:inst43|lpm_bustri:lpm_bustri_component ;
+----------------+-------+------------------------------------------------------------------------------------+
; Parameter Name ; Value ; Type                                                                               ;
+----------------+-------+------------------------------------------------------------------------------------+
; LPM_WIDTH      ; 1     ; Untyped                                                                            ;
+----------------+-------+------------------------------------------------------------------------------------+
Note: In order to hide this table in the UI and the text report file, please set the "Show Parameter Settings Tables in Synthesis Report" option in "Analysis and Synthesis Settings -> More Settings" to "Off".


+---------------------------------------------------------------------------------------------------------------+
; Parameter Settings for User Entity Instance: slave:inst7|lpm_compare1:inst1|lpm_compare:lpm_compare_component ;
+------------------------+------------+-------------------------------------------------------------------------+
; Parameter Name         ; Value      ; Type                                                                    ;
+------------------------+------------+-------------------------------------------------------------------------+
; lpm_width              ; 3          ; Untyped                                                                 ;
; LPM_REPRESENTATION     ; UNSIGNED   ; Untyped                                                                 ;
; LPM_PIPELINE           ; 0          ; Untyped                                                                 ;
; CHAIN_SIZE             ; 8          ; Untyped                                                                 ;
; ONE_INPUT_IS_CONSTANT  ; NO         ; Untyped                                                                 ;
; CARRY_CHAIN            ; MANUAL     ; Untyped                                                                 ;
; CASCADE_CHAIN          ; MANUAL     ; Untyped                                                                 ;
; CARRY_CHAIN_LENGTH     ; 48         ; CARRY_CHAIN_LENGTH                                                      ;
; CASCADE_CHAIN_LENGTH   ; 2          ; CASCADE_CHAIN_LENGTH                                                    ;
; DEVICE_FAMILY          ; Stratix II ; Untyped                                                                 ;
; CBXI_PARAMETER         ; cmpr_aig   ; Untyped                                                                 ;
; AUTO_CARRY_CHAINS      ; ON         ; AUTO_CARRY                                                              ;
; IGNORE_CARRY_BUFFERS   ; OFF        ; IGNORE_CARRY                                                            ;
; AUTO_CASCADE_CHAINS    ; ON         ; AUTO_CASCADE                                                            ;
; IGNORE_CASCADE_BUFFERS ; OFF        ; IGNORE_CASCADE                                                          ;
+------------------------+------------+-------------------------------------------------------------------------+
Note: In order to hide this table in the UI and the text report file, please set the "Show Parameter Settings Tables in Synthesis Report" option in "Analysis and Synthesis Settings -> More Settings" to "Off".


+----------------------------------------------------------------------------------------------------------------+
; Parameter Settings for User Entity Instance: slave:inst7|lpm_compare0:inst13|lpm_compare:lpm_compare_component ;
+------------------------+------------+--------------------------------------------------------------------------+
; Parameter Name         ; Value      ; Type                                                                     ;
+------------------------+------------+--------------------------------------------------------------------------+
; lpm_width              ; 3          ; Untyped                                                                  ;
; LPM_REPRESENTATION     ; UNSIGNED   ; Untyped                                                                  ;
; LPM_PIPELINE           ; 0          ; Untyped                                                                  ;
; CHAIN_SIZE             ; 8          ; Untyped                                                                  ;
; ONE_INPUT_IS_CONSTANT  ; NO         ; Untyped                                                                  ;
; CARRY_CHAIN            ; MANUAL     ; Untyped                                                                  ;
; CASCADE_CHAIN          ; MANUAL     ; Untyped                                                                  ;
; CARRY_CHAIN_LENGTH     ; 48         ; CARRY_CHAIN_LENGTH                                                       ;
; CASCADE_CHAIN_LENGTH   ; 2          ; CASCADE_CHAIN_LENGTH                                                     ;
; DEVICE_FAMILY          ; Stratix II ; Untyped                                                                  ;
; CBXI_PARAMETER         ; cmpr_aig   ; Untyped                                                                  ;
; AUTO_CARRY_CHAINS      ; ON         ; AUTO_CARRY                                                               ;
; IGNORE_CARRY_BUFFERS   ; OFF        ; IGNORE_CARRY                                                             ;
; AUTO_CASCADE_CHAINS    ; ON         ; AUTO_CASCADE                                                             ;
; IGNORE_CASCADE_BUFFERS ; OFF        ; IGNORE_CASCADE                                                           ;
+------------------------+------------+--------------------------------------------------------------------------+
Note: In order to hide this table in the UI and the text report file, please set the "Show Parameter Settings Tables in Synthesis Report" option in "Analysis and Synthesis Settings -> More Settings" to "Off".


+----------------------------------------------------------------------------------------------------------------+
; Parameter Settings for User Entity Instance: slave:inst7|lpm_counter0:inst14|lpm_counter:lpm_counter_component ;
+------------------------+-------------+-------------------------------------------------------------------------+
; Parameter Name         ; Value       ; Type                                                                    ;
+------------------------+-------------+-------------------------------------------------------------------------+
; AUTO_CARRY_CHAINS      ; ON          ; AUTO_CARRY                                                              ;
; IGNORE_CARRY_BUFFERS   ; OFF         ; IGNORE_CARRY                                                            ;
; AUTO_CASCADE_CHAINS    ; ON          ; AUTO_CASCADE                                                            ;
; IGNORE_CASCADE_BUFFERS ; OFF         ; IGNORE_CASCADE                                                          ;
; LPM_WIDTH              ; 3           ; Untyped                                                                 ;
; LPM_DIRECTION          ; UP          ; Untyped                                                                 ;
; LPM_MODULUS            ; 0           ; Untyped                                                                 ;
; LPM_AVALUE             ; UNUSED      ; Untyped                                                                 ;
; LPM_SVALUE             ; UNUSED      ; Untyped                                                                 ;
; LPM_PORT_UPDOWN        ; PORT_UNUSED ; Untyped                                                                 ;
; DEVICE_FAMILY          ; Stratix II  ; Untyped                                                                 ;
; CARRY_CHAIN            ; MANUAL      ; Untyped                                                                 ;
; CARRY_CHAIN_LENGTH     ; 48          ; CARRY_CHAIN_LENGTH                                                      ;
; NOT_GATE_PUSH_BACK     ; ON          ; NOT_GATE_PUSH_BACK                                                      ;
; CARRY_CNT_EN           ; SMART       ; Untyped                                                                 ;
; LABWIDE_SCLR           ; ON          ; Untyped                                                                 ;
; USE_NEW_VERSION        ; TRUE        ; Untyped                                                                 ;
; CBXI_PARAMETER         ; cntr_4pi    ; Untyped                                                                 ;
+------------------------+-------------+-------------------------------------------------------------------------+
Note: In order to hide this table in the UI and the text report file, please set the "Show Parameter Settings Tables in Synthesis Report" option in "Analysis and Synthesis Settings -> More Settings" to "Off".


+---------------------------------------------------------------------------------------------------------------+
; Parameter Settings for User Entity Instance: slave:inst7|lpm_compare0:inst5|lpm_compare:lpm_compare_component ;
+------------------------+------------+-------------------------------------------------------------------------+
; Parameter Name         ; Value      ; Type                                                                    ;
+------------------------+------------+-------------------------------------------------------------------------+
; lpm_width              ; 3          ; Untyped                                                                 ;
; LPM_REPRESENTATION     ; UNSIGNED   ; Untyped                                                                 ;
; LPM_PIPELINE           ; 0          ; Untyped                                                                 ;
; CHAIN_SIZE             ; 8          ; Untyped                                                                 ;
; ONE_INPUT_IS_CONSTANT  ; NO         ; Untyped                                                                 ;
; CARRY_CHAIN            ; MANUAL     ; Untyped                                                                 ;
; CASCADE_CHAIN          ; MANUAL     ; Untyped                                                                 ;
; CARRY_CHAIN_LENGTH     ; 48         ; CARRY_CHAIN_LENGTH                                                      ;
; CASCADE_CHAIN_LENGTH   ; 2          ; CASCADE_CHAIN_LENGTH                                                    ;
; DEVICE_FAMILY          ; Stratix II ; Untyped                                                                 ;
; CBXI_PARAMETER         ; cmpr_aig   ; Untyped                                                                 ;
; AUTO_CARRY_CHAINS      ; ON         ; AUTO_CARRY                                                              ;
; IGNORE_CARRY_BUFFERS   ; OFF        ; IGNORE_CARRY                                                            ;
; AUTO_CASCADE_CHAINS    ; ON         ; AUTO_CASCADE                                                            ;
; IGNORE_CASCADE_BUFFERS ; OFF        ; IGNORE_CASCADE                                                          ;
+------------------------+------------+-------------------------------------------------------------------------+
Note: In order to hide this table in the UI and the text report file, please set the "Show Parameter Settings Tables in Synthesis Report" option in "Analysis and Synthesis Settings -> More Settings" to "Off".


+---------------------------------------------------------------------------------------------------------------+
; Parameter Settings for User Entity Instance: slave:inst7|lpm_counter0:inst6|lpm_counter:lpm_counter_component ;
+------------------------+-------------+------------------------------------------------------------------------+
; Parameter Name         ; Value       ; Type                                                                   ;
+------------------------+-------------+------------------------------------------------------------------------+
; AUTO_CARRY_CHAINS      ; ON          ; AUTO_CARRY                                                             ;
; IGNORE_CARRY_BUFFERS   ; OFF         ; IGNORE_CARRY                                                           ;
; AUTO_CASCADE_CHAINS    ; ON          ; AUTO_CASCADE                                                           ;
; IGNORE_CASCADE_BUFFERS ; OFF         ; IGNORE_CASCADE                                                         ;
; LPM_WIDTH              ; 3           ; Untyped                                                                ;
; LPM_DIRECTION          ; UP          ; Untyped                                                                ;
; LPM_MODULUS            ; 0           ; Untyped                                                                ;
; LPM_AVALUE             ; UNUSED      ; Untyped                                                                ;
; LPM_SVALUE             ; UNUSED      ; Untyped                                                                ;
; LPM_PORT_UPDOWN        ; PORT_UNUSED ; Untyped                                                                ;
; DEVICE_FAMILY          ; Stratix II  ; Untyped                                                                ;
; CARRY_CHAIN            ; MANUAL      ; Untyped                                                                ;
; CARRY_CHAIN_LENGTH     ; 48          ; CARRY_CHAIN_LENGTH                                                     ;
; NOT_GATE_PUSH_BACK     ; ON          ; NOT_GATE_PUSH_BACK                                                     ;
; CARRY_CNT_EN           ; SMART       ; Untyped                                                                ;
; LABWIDE_SCLR           ; ON          ; Untyped                                                                ;
; USE_NEW_VERSION        ; TRUE        ; Untyped                                                                ;
; CBXI_PARAMETER         ; cntr_4pi    ; Untyped                                                                ;
+------------------------+-------------+------------------------------------------------------------------------+
Note: In order to hide this table in the UI and the text report file, please set the "Show Parameter Settings Tables in Synthesis Report" option in "Analysis and Synthesis Settings -> More Settings" to "Off".


+-------------------------------------------------------------------------------------------------+
; Parameter Settings for User Entity Instance: slave:inst7|lpm_dff0:inst3|lpm_ff:lpm_ff_component ;
+------------------------+------------+-----------------------------------------------------------+
; Parameter Name         ; Value      ; Type                                                      ;
+------------------------+------------+-----------------------------------------------------------+
; LPM_WIDTH              ; 8          ; Untyped                                                   ;
; LPM_AVALUE             ; UNUSED     ; Untyped                                                   ;
; LPM_SVALUE             ; UNUSED     ; Untyped                                                   ;
; LPM_FFTYPE             ; DFF        ; Untyped                                                   ;
; DEVICE_FAMILY          ; Stratix II ; Untyped                                                   ;
; CBXI_PARAMETER         ; NOTHING    ; Untyped                                                   ;
; AUTO_CARRY_CHAINS      ; ON         ; AUTO_CARRY                                                ;
; IGNORE_CARRY_BUFFERS   ; OFF        ; IGNORE_CARRY                                              ;
; AUTO_CASCADE_CHAINS    ; ON         ; AUTO_CASCADE                                              ;
; IGNORE_CASCADE_BUFFERS ; OFF        ; IGNORE_CASCADE                                            ;
+------------------------+------------+-----------------------------------------------------------+
Note: In order to hide this table in the UI and the text report file, please set the "Show Parameter Settings Tables in Synthesis Report" option in "Analysis and Synthesis Settings -> More Settings" to "Off".


+-------------------------------------------------------------------------------------------------------+
; Parameter Settings for User Entity Instance: lpm_constant3:inst30|lpm_constant:lpm_constant_component ;
+--------------------+------------------+---------------------------------------------------------------+
; Parameter Name     ; Value            ; Type                                                          ;
+--------------------+------------------+---------------------------------------------------------------+
; LPM_WIDTH          ; 3                ; Untyped                                                       ;
; LPM_CVALUE         ; 5                ; Untyped                                                       ;
; ENABLE_RUNTIME_MOD ; NO               ; Untyped                                                       ;
; CBXI_PARAMETER     ; lpm_constant_ae6 ; Untyped                                                       ;
+--------------------+------------------+---------------------------------------------------------------+
Note: In order to hide this table in the UI and the text report file, please set the "Show Parameter Settings Tables in Synthesis Report" option in "Analysis and Synthesis Settings -> More Settings" to "Off".


+-------------------------------+
; Analysis & Synthesis Messages ;
+-------------------------------+
Info: *******************************************************************
Info: Running Quartus II Analysis & Synthesis
    Info: Version 9.1 Build 222 10/21/2009 SJ Web Edition
    Info: Processing started: Thu Feb 22 18:49:57 2024
Info: Command: quartus_map --read_settings_files=on --write_settings_files=off Lab7 -c Lab7
Warning: Tcl Script File ../lab7/lpm_constant5.qip not found
    Info: set_global_assignment -name QIP_FILE ../lab7/lpm_constant5.qip
Warning: Tcl Script File ../lab7/lpm_constant6.qip not found
    Info: set_global_assignment -name QIP_FILE ../lab7/lpm_constant6.qip
Warning: Tcl Script File ../lab7/lpm_constant7.qip not found
    Info: set_global_assignment -name QIP_FILE ../lab7/lpm_constant7.qip
Warning: Tcl Script File ../lab7/lpm_constant8.qip not found
    Info: set_global_assignment -name QIP_FILE ../lab7/lpm_constant8.qip
Warning: Tcl Script File ../lab7/lpm_constant1.qip not found
    Info: set_global_assignment -name QIP_FILE ../lab7/lpm_constant1.qip
Warning: Tcl Script File ../lab7/lpm_constant9.qip not found
    Info: set_global_assignment -name QIP_FILE ../lab7/lpm_constant9.qip
Warning: Tcl Script File ../lab7/lpm_constant10.qip not found
    Info: set_global_assignment -name QIP_FILE ../lab7/lpm_constant10.qip
Warning: Tcl Script File ../lab7/lpm_constant11.qip not found
    Info: set_global_assignment -name QIP_FILE ../lab7/lpm_constant11.qip
Info: Found 1 design units, including 1 entities, in source file master.bdf
    Info: Found entity 1: master
Info: Found 1 design units, including 1 entities, in source file slave.bdf
    Info: Found entity 1: slave
Info: Found 1 design units, including 1 entities, in source file arbiter.bdf
    Info: Found entity 1: arbiter
Info: Found 1 design units, including 1 entities, in source file main.bdf
    Info: Found entity 1: main
Info: Elaborating entity "main" for the top level hierarchy
Info: Elaborating entity "master" for hierarchy "master:inst"
Warning: Block or symbol "NOT" of instance "inst19" overlaps another block or symbol
Warning: Using design file lpm_compare0.tdf, which is not specified as a design file for the current project, but contains definitions for 1 design units and 1 entities in project
    Info: Found entity 1: lpm_compare0
Info: Elaborating entity "lpm_compare0" for hierarchy "master:inst|lpm_compare0:inst13"
Info: Elaborating entity "lpm_compare" for hierarchy "master:inst|lpm_compare0:inst13|lpm_compare:lpm_compare_component"
Info: Elaborated megafunction instantiation "master:inst|lpm_compare0:inst13|lpm_compare:lpm_compare_component"
Info: Instantiated megafunction "master:inst|lpm_compare0:inst13|lpm_compare:lpm_compare_component" with the following parameter:
    Info: Parameter "LPM_TYPE" = "LPM_COMPARE"
    Info: Parameter "LPM_WIDTH" = "3"
    Info: Parameter "LPM_REPRESENTATION" = "UNSIGNED"
Info: Found 1 design units, including 1 entities, in source file db/cmpr_aig.tdf
    Info: Found entity 1: cmpr_aig
Info: Elaborating entity "cmpr_aig" for hierarchy "master:inst|lpm_compare0:inst13|lpm_compare:lpm_compare_component|cmpr_aig:auto_generated"
Warning: Using design file lpm_counter0.tdf, which is not specified as a design file for the current project, but contains definitions for 1 design units and 1 entities in project
    Info: Found entity 1: lpm_counter0
Info: Elaborating entity "lpm_counter0" for hierarchy "master:inst|lpm_counter0:inst14"
Info: Elaborating entity "lpm_counter" for hierarchy "master:inst|lpm_counter0:inst14|lpm_counter:lpm_counter_component"
Info: Elaborated megafunction instantiation "master:inst|lpm_counter0:inst14|lpm_counter:lpm_counter_component"
Info: Instantiated megafunction "master:inst|lpm_counter0:inst14|lpm_counter:lpm_counter_component" with the following parameter:
    Info: Parameter "LPM_TYPE" = "LPM_COUNTER"
    Info: Parameter "LPM_WIDTH" = "3"
    Info: Parameter "LPM_DIRECTION" = "UP"
    Info: Parameter "LPM_PORT_UPDOWN" = "PORT_UNUSED"
Info: Found 1 design units, including 1 entities, in source file db/cntr_4pi.tdf
    Info: Found entity 1: cntr_4pi
Info: Elaborating entity "cntr_4pi" for hierarchy "master:inst|lpm_counter0:inst14|lpm_counter:lpm_counter_component|cntr_4pi:auto_generated"
Warning: Using design file lpm_bustri2.tdf, which is not specified as a design file for the current project, but contains definitions for 1 design units and 1 entities in project
    Info: Found entity 1: lpm_bustri2
Info: Elaborating entity "lpm_bustri2" for hierarchy "master:inst|lpm_bustri2:inst43"
Info: Elaborating entity "lpm_bustri" for hierarchy "master:inst|lpm_bustri2:inst43|lpm_bustri:lpm_bustri_component"
Info: Elaborated megafunction instantiation "master:inst|lpm_bustri2:inst43|lpm_bustri:lpm_bustri_component"
Info: Instantiated megafunction "master:inst|lpm_bustri2:inst43|lpm_bustri:lpm_bustri_component" with the following parameter:
    Info: Parameter "LPM_TYPE" = "LPM_BUSTRI"
    Info: Parameter "LPM_WIDTH" = "1"
Warning: Using design file lpm_bustri1.tdf, which is not specified as a design file for the current project, but contains definitions for 1 design units and 1 entities in project
    Info: Found entity 1: lpm_bustri1
Info: Elaborating entity "lpm_bustri1" for hierarchy "master:inst|lpm_bustri1:inst40"
Info: Elaborating entity "lpm_bustri" for hierarchy "master:inst|lpm_bustri1:inst40|lpm_bustri:lpm_bustri_component"
Info: Elaborated megafunction instantiation "master:inst|lpm_bustri1:inst40|lpm_bustri:lpm_bustri_component"
Info: Instantiated megafunction "master:inst|lpm_bustri1:inst40|lpm_bustri:lpm_bustri_component" with the following parameter:
    Info: Parameter "LPM_TYPE" = "LPM_BUSTRI"
    Info: Parameter "LPM_WIDTH" = "3"
Warning: Using design file lpm_counter1.tdf, which is not specified as a design file for the current project, but contains definitions for 1 design units and 1 entities in project
    Info: Found entity 1: lpm_counter1
Info: Elaborating entity "lpm_counter1" for hierarchy "master:inst|lpm_counter1:inst39"
Info: Elaborating entity "lpm_counter" for hierarchy "master:inst|lpm_counter1:inst39|lpm_counter:lpm_counter_component"
Info: Elaborated megafunction instantiation "master:inst|lpm_counter1:inst39|lpm_counter:lpm_counter_component"
Info: Instantiated megafunction "master:inst|lpm_counter1:inst39|lpm_counter:lpm_counter_component" with the following parameter:
    Info: Parameter "LPM_TYPE" = "LPM_COUNTER"
    Info: Parameter "LPM_WIDTH" = "3"
    Info: Parameter "LPM_DIRECTION" = "UNUSED"
    Info: Parameter "LPM_MODULUS" = "5"
    Info: Parameter "LPM_PORT_UPDOWN" = "PORT_USED"
Info: Found 1 design units, including 1 entities, in source file db/cntr_7nh.tdf
    Info: Found entity 1: cntr_7nh
Info: Elaborating entity "cntr_7nh" for hierarchy "master:inst|lpm_counter1:inst39|lpm_counter:lpm_counter_component|cntr_7nh:auto_generated"
Info: Found 1 design units, including 1 entities, in source file db/cmpr_9dc.tdf
    Info: Found entity 1: cmpr_9dc
Info: Elaborating entity "cmpr_9dc" for hierarchy "master:inst|lpm_counter1:inst39|lpm_counter:lpm_counter_component|cntr_7nh:auto_generated|cmpr_9dc:cmpr2"
Warning: Using design file lpm_bustri0.tdf, which is not specified as a design file for the current project, but contains definitions for 1 design units and 1 entities in project
    Info: Found entity 1: lpm_bustri0
Info: Elaborating entity "lpm_bustri0" for hierarchy "master:inst|lpm_bustri0:inst37"
Info: Elaborating entity "lpm_bustri" for hierarchy "master:inst|lpm_bustri0:inst37|lpm_bustri:lpm_bustri_component"
Info: Elaborated megafunction instantiation "master:inst|lpm_bustri0:inst37|lpm_bustri:lpm_bustri_component"
Info: Instantiated megafunction "master:inst|lpm_bustri0:inst37|lpm_bustri:lpm_bustri_component" with the following parameter:
    Info: Parameter "LPM_TYPE" = "LPM_BUSTRI"
    Info: Parameter "LPM_WIDTH" = "8"
Info: Elaborating entity "arbiter" for hierarchy "arbiter:inst4"
Info: Elaborating entity "slave" for hierarchy "slave:inst1"
Warning: Block or symbol "NOT" of instance "inst19" overlaps another block or symbol
Warning: Using design file lpm_compare1.tdf, which is not specified as a design file for the current project, but contains definitions for 1 design units and 1 entities in project
    Info: Found entity 1: lpm_compare1
Info: Elaborating entity "lpm_compare1" for hierarchy "slave:inst1|lpm_compare1:inst1"
Warning: Using design file lpm_dff0.tdf, which is not specified as a design file for the current project, but contains definitions for 1 design units and 1 entities in project
    Info: Found entity 1: lpm_dff0
Info: Elaborating entity "lpm_dff0" for hierarchy "slave:inst1|lpm_dff0:inst3"
Info: Elaborating entity "lpm_ff" for hierarchy "slave:inst1|lpm_dff0:inst3|lpm_ff:lpm_ff_component"
Info: Elaborated megafunction instantiation "slave:inst1|lpm_dff0:inst3|lpm_ff:lpm_ff_component"
Info: Instantiated megafunction "slave:inst1|lpm_dff0:inst3|lpm_ff:lpm_ff_component" with the following parameter:
    Info: Parameter "LPM_TYPE" = "LPM_FF"
    Info: Parameter "LPM_WIDTH" = "8"
    Info: Parameter "LPM_FFTYPE" = "DFF"
Warning: Using design file lpm_constant0.tdf, which is not specified as a design file for the current project, but contains definitions for 1 design units and 1 entities in project
    Info: Found entity 1: lpm_constant0
Info: Elaborating entity "lpm_constant0" for hierarchy "lpm_constant0:inst2"
Info: Elaborating entity "lpm_constant" for hierarchy "lpm_constant0:inst2|lpm_constant:lpm_constant_component"
Info: Elaborated megafunction instantiation "lpm_constant0:inst2|lpm_constant:lpm_constant_component"
Info: Instantiated megafunction "lpm_constant0:inst2|lpm_constant:lpm_constant_component" with the following parameter:
    Info: Parameter "LPM_TYPE" = "LPM_CONSTANT"
    Info: Parameter "LPM_HINT" = "ENABLE_RUNTIME_MOD=NO"
    Info: Parameter "LPM_WIDTH" = "3"
    Info: Parameter "LPM_CVALUE" = "1"
Warning: Using design file lpm_constant1.tdf, which is not specified as a design file for the current project, but contains definitions for 1 design units and 1 entities in project
    Info: Found entity 1: lpm_constant1
Info: Elaborating entity "lpm_constant1" for hierarchy "lpm_constant1:inst27"
Info: Elaborating entity "lpm_constant" for hierarchy "lpm_constant1:inst27|lpm_constant:lpm_constant_component"
Info: Elaborated megafunction instantiation "lpm_constant1:inst27|lpm_constant:lpm_constant_component"
Info: Instantiated megafunction "lpm_constant1:inst27|lpm_constant:lpm_constant_component" with the following parameter:
    Info: Parameter "LPM_TYPE" = "LPM_CONSTANT"
    Info: Parameter "LPM_HINT" = "ENABLE_RUNTIME_MOD=NO"
    Info: Parameter "LPM_WIDTH" = "3"
    Info: Parameter "LPM_CVALUE" = "2"
Warning: Using design file lpm_constant12.tdf, which is not specified as a design file for the current project, but contains definitions for 1 design units and 1 entities in project
    Info: Found entity 1: lpm_constant12
Info: Elaborating entity "lpm_constant12" for hierarchy "lpm_constant12:inst28"
Info: Elaborating entity "lpm_constant" for hierarchy "lpm_constant12:inst28|lpm_constant:lpm_constant_component"
Info: Elaborated megafunction instantiation "lpm_constant12:inst28|lpm_constant:lpm_constant_component"
Info: Instantiated megafunction "lpm_constant12:inst28|lpm_constant:lpm_constant_component" with the following parameter:
    Info: Parameter "LPM_TYPE" = "LPM_CONSTANT"
    Info: Parameter "LPM_HINT" = "ENABLE_RUNTIME_MOD=NO"
    Info: Parameter "LPM_WIDTH" = "3"
    Info: Parameter "LPM_CVALUE" = "3"
Warning: Using design file lpm_constant2.tdf, which is not specified as a design file for the current project, but contains definitions for 1 design units and 1 entities in project
    Info: Found entity 1: lpm_constant2
Info: Elaborating entity "lpm_constant2" for hierarchy "lpm_constant2:inst29"
Info: Elaborating entity "lpm_constant" for hierarchy "lpm_constant2:inst29|lpm_constant:lpm_constant_component"
Info: Elaborated megafunction instantiation "lpm_constant2:inst29|lpm_constant:lpm_constant_component"
Info: Instantiated megafunction "lpm_constant2:inst29|lpm_constant:lpm_constant_component" with the following parameter:
    Info: Parameter "LPM_TYPE" = "LPM_CONSTANT"
    Info: Parameter "LPM_HINT" = "ENABLE_RUNTIME_MOD=NO"
    Info: Parameter "LPM_WIDTH" = "3"
    Info: Parameter "LPM_CVALUE" = "4"
Warning: Using design file lpm_constant3.tdf, which is not specified as a design file for the current project, but contains definitions for 1 design units and 1 entities in project
    Info: Found entity 1: lpm_constant3
Info: Elaborating entity "lpm_constant3" for hierarchy "lpm_constant3:inst30"
Info: Elaborating entity "lpm_constant" for hierarchy "lpm_constant3:inst30|lpm_constant:lpm_constant_component"
Info: Elaborated megafunction instantiation "lpm_constant3:inst30|lpm_constant:lpm_constant_component"
Info: Instantiated megafunction "lpm_constant3:inst30|lpm_constant:lpm_constant_component" with the following parameter:
    Info: Parameter "LPM_TYPE" = "LPM_CONSTANT"
    Info: Parameter "LPM_HINT" = "ENABLE_RUNTIME_MOD=NO"
    Info: Parameter "LPM_WIDTH" = "3"
    Info: Parameter "LPM_CVALUE" = "5"
Warning: Clock multiplexers are found and protected
    Warning: Found clock multiplexer master:inst|inst16~synth
    Warning: Found clock multiplexer master:inst8|inst16~synth
    Warning: Found clock multiplexer master:inst9|inst16~synth
    Warning: Found clock multiplexer master:inst|inst25~synth
    Warning: Found clock multiplexer master:inst|inst8~synth
    Warning: Found clock multiplexer master:inst8|inst25~synth
    Warning: Found clock multiplexer master:inst8|inst8~synth
    Warning: Found clock multiplexer master:inst9|inst25~synth
    Warning: Found clock multiplexer master:inst9|inst8~synth
    Warning: Found clock multiplexer slave:inst1|inst16~synth
    Warning: Found clock multiplexer slave:inst1|inst8~synth
    Warning: Found clock multiplexer slave:inst11|inst16~synth
    Warning: Found clock multiplexer slave:inst11|inst8~synth
    Warning: Found clock multiplexer slave:inst10|inst16~synth
    Warning: Found clock multiplexer slave:inst10|inst8~synth
    Warning: Found clock multiplexer slave:inst12|inst16~synth
    Warning: Found clock multiplexer slave:inst12|inst8~synth
    Warning: Found clock multiplexer slave:inst7|inst16~synth
    Warning: Found clock multiplexer slave:inst7|inst8~synth
Warning: Open-drain buffer(s) that do not directly drive top-level pin(s) are removed
    Warning: Converted the fanout from the open-drain buffer "master:inst9|lpm_bustri0:inst37|lpm_bustri:lpm_bustri_component|dout[7]" to the node "slave:inst1|lpm_dff0:inst3|lpm_ff:lpm_ff_component|dffs[7]" into a wire
    Warning: Converted the fanout from the open-drain buffer "master:inst9|lpm_bustri0:inst37|lpm_bustri:lpm_bustri_component|dout[6]" to the node "slave:inst1|lpm_dff0:inst3|lpm_ff:lpm_ff_component|dffs[6]" into a wire
    Warning: Converted the fanout from the open-drain buffer "master:inst9|lpm_bustri0:inst37|lpm_bustri:lpm_bustri_component|dout[5]" to the node "slave:inst1|lpm_dff0:inst3|lpm_ff:lpm_ff_component|dffs[5]" into a wire
    Warning: Converted the fanout from the open-drain buffer "master:inst9|lpm_bustri0:inst37|lpm_bustri:lpm_bustri_component|dout[4]" to the node "slave:inst1|lpm_dff0:inst3|lpm_ff:lpm_ff_component|dffs[4]" into a wire
    Warning: Converted the fanout from the open-drain buffer "master:inst9|lpm_bustri0:inst37|lpm_bustri:lpm_bustri_component|dout[3]" to the node "slave:inst1|lpm_dff0:inst3|lpm_ff:lpm_ff_component|dffs[3]" into a wire
    Warning: Converted the fanout from the open-drain buffer "master:inst9|lpm_bustri0:inst37|lpm_bustri:lpm_bustri_component|dout[2]" to the node "slave:inst1|lpm_dff0:inst3|lpm_ff:lpm_ff_component|dffs[2]" into a wire
Warning: Tri-state node(s) do not directly drive top-level pin(s)
    Warning: Converted the fan-out from the tri-state buffer "master:inst|lpm_bustri2:inst43|lpm_bustri:lpm_bustri_component|dout[0]" to the node "slave:inst1|inst2" into an OR gate
    Warning: Converted the fan-out from the tri-state buffer "slave:inst1|lpm_bustri2:inst43|lpm_bustri:lpm_bustri_component|dout[0]" to the node "master:inst|inst16" into an OR gate
    Warning: Converted the fan-out from the tri-state buffer "master:inst9|lpm_bustri1:inst40|lpm_bustri:lpm_bustri_component|dout[2]" to the node "slave:inst7|lpm_compare1:inst1|lpm_compare:lpm_compare_component|cmpr_aig:auto_generated|aneb_result_wire[0]" into an OR gate
    Warning: Converted the fan-out from the tri-state buffer "master:inst9|lpm_bustri1:inst40|lpm_bustri:lpm_bustri_component|dout[1]" to the node "slave:inst10|lpm_compare1:inst1|lpm_compare:lpm_compare_component|cmpr_aig:auto_generated|data_wire[0]" into an OR gate
    Warning: Converted the fan-out from the tri-state buffer "master:inst9|lpm_bustri1:inst40|lpm_bustri:lpm_bustri_component|dout[0]" to the node "slave:inst10|lpm_compare1:inst1|lpm_compare:lpm_compare_component|cmpr_aig:auto_generated|data_wire[0]" into an OR gate
    Warning: Converted the fan-out from the tri-state buffer "master:inst9|lpm_bustri0:inst37|lpm_bustri:lpm_bustri_component|dout[1]" to the node "slave:inst1|lpm_dff0:inst3|lpm_ff:lpm_ff_component|dffs[1]" into an OR gate
    Warning: Converted the fan-out from the tri-state buffer "master:inst8|lpm_bustri0:inst37|lpm_bustri:lpm_bustri_component|dout[0]" to the node "slave:inst1|lpm_dff0:inst3|lpm_ff:lpm_ff_component|dffs[0]" into an OR gate
Info: Implemented 308 device resources after synthesis - the final resource count might be different
    Info: Implemented 4 input pins
    Info: Implemented 58 output pins
    Info: Implemented 246 logic cells
Info: Quartus II Analysis & Synthesis was successful. 0 errors, 58 warnings
    Info: Peak virtual memory: 236 megabytes
    Info: Processing ended: Thu Feb 22 18:50:01 2024
    Info: Elapsed time: 00:00:04
    Info: Total CPU time (on all processors): 00:00:04


