Simulator report for Lab7
Fri Feb 23 10:47:01 2024
Quartus II Version 9.1 Build 222 10/21/2009 SJ Web Edition


---------------------
; Table of Contents ;
---------------------
  1. Legal Notice
  2. Simulator Summary
  3. Simulator Settings
  4. Simulation Waveforms
  5. Coverage Summary
  6. Complete 1/0-Value Coverage
  7. Missing 1-Value Coverage
  8. Missing 0-Value Coverage
  9. Simulator INI Usage
 10. Simulator Messages



----------------
; Legal Notice ;
----------------
Copyright (C) 1991-2009 Altera Corporation
Your use of Altera Corporation's design tools, logic functions 
and other software and tools, and its AMPP partner logic 
functions, and any output files from any of the foregoing 
(including device programming or simulation files), and any 
associated documentation or information are expressly subject 
to the terms and conditions of the Altera Program License 
Subscription Agreement, Altera MegaCore Function License 
Agreement, or other applicable license agreement, including, 
without limitation, that your use is for the sole purpose of 
programming logic devices manufactured by Altera and sold by 
Altera or its authorized distributors.  Please refer to the 
applicable agreement for further details.



+--------------------------------------------+
; Simulator Summary                          ;
+-----------------------------+--------------+
; Type                        ; Value        ;
+-----------------------------+--------------+
; Simulation Start Time       ; 0 ps         ;
; Simulation End Time         ; 1.0 us       ;
; Simulation Netlist Size     ; 534 nodes    ;
; Simulation Coverage         ;      57.49 % ;
; Total Number of Transitions ; 2708         ;
; Simulation Breakpoints      ; 0            ;
; Family                      ; Stratix II   ;
+-----------------------------+--------------+


+-------------------------------------------------------------------------------------------------------------------------+
; Simulator Settings                                                                                                      ;
+--------------------------------------------------------------------------------------------+------------+---------------+
; Option                                                                                     ; Setting    ; Default Value ;
+--------------------------------------------------------------------------------------------+------------+---------------+
; Simulation mode                                                                            ; Functional ; Timing        ;
; Start time                                                                                 ; 0 ns       ; 0 ns          ;
; Simulation results format                                                                  ; CVWF       ;               ;
; Vector input source                                                                        ; main.vwf   ;               ;
; Add pins automatically to simulation output waveforms                                      ; On         ; On            ;
; Check outputs                                                                              ; Off        ; Off           ;
; Report simulation coverage                                                                 ; On         ; On            ;
; Display complete 1/0 value coverage report                                                 ; On         ; On            ;
; Display missing 1-value coverage report                                                    ; On         ; On            ;
; Display missing 0-value coverage report                                                    ; On         ; On            ;
; Detect setup and hold time violations                                                      ; Off        ; Off           ;
; Detect glitches                                                                            ; Off        ; Off           ;
; Disable timing delays in Timing Simulation                                                 ; Off        ; Off           ;
; Generate Signal Activity File                                                              ; Off        ; Off           ;
; Generate VCD File for PowerPlay Power Analyzer                                             ; Off        ; Off           ;
; Group bus channels in simulation results                                                   ; Off        ; Off           ;
; Preserve fewer signal transitions to reduce memory requirements                            ; On         ; On            ;
; Trigger vector comparison with the specified mode                                          ; INPUT_EDGE ; INPUT_EDGE    ;
; Disable setup and hold time violations detection in input registers of bi-directional pins ; Off        ; Off           ;
; Overwrite Waveform Inputs With Simulation Outputs                                          ; Off        ;               ;
; Perform Glitch Filtering in Timing Simulation                                              ; Auto       ; Auto          ;
+--------------------------------------------------------------------------------------------+------------+---------------+


+----------------------+
; Simulation Waveforms ;
+----------------------+
Waveform report data cannot be output to ASCII.
Please use Quartus II to view the waveform report data.


+--------------------------------------------------------------------+
; Coverage Summary                                                   ;
+-----------------------------------------------------+--------------+
; Type                                                ; Value        ;
+-----------------------------------------------------+--------------+
; Total coverage as a percentage                      ;      57.49 % ;
; Total nodes checked                                 ; 534          ;
; Total output ports checked                          ; 581          ;
; Total output ports with complete 1/0-value coverage ; 334          ;
; Total output ports with no 1/0-value coverage       ; 186          ;
; Total output ports with no 1-value coverage         ; 225          ;
; Total output ports with no 0-value coverage         ; 208          ;
+-----------------------------------------------------+--------------+


The following table displays output ports that toggle between 1 and 0 during simulation.
+---------------------------------------------------------------------------------------------------------------------------------------------------------------------------------------------------------------------------------------------------------------------+
; Complete 1/0-Value Coverage                                                                                                                                                                                                                                         ;
+-----------------------------------------------------------------------------------------------------------------------+--------------------------------------------------------------------------------------------------------------------------+------------------+
; Node Name                                                                                                             ; Output Port Name                                                                                                         ; Output Port Type ;
+-----------------------------------------------------------------------------------------------------------------------+--------------------------------------------------------------------------------------------------------------------------+------------------+
; |main|MSYN                                                                                                            ; |main|MSYN                                                                                                               ; pin_out          ;
; |main|gdfx_temp2                                                                                                      ; |main|gdfx_temp2                                                                                                         ; out0             ;
; |main|clk                                                                                                             ; |main|clk                                                                                                                ; out              ;
; |main|REQ[2]                                                                                                          ; |main|REQ[2]                                                                                                             ; out              ;
; |main|REQ[1]                                                                                                          ; |main|REQ[1]                                                                                                             ; out              ;
; |main|REQ[0]                                                                                                          ; |main|REQ[0]                                                                                                             ; out              ;
; |main|GNT1                                                                                                            ; |main|GNT1                                                                                                               ; pin_out          ;
; |main|BBUSY                                                                                                           ; |main|BBUSY                                                                                                              ; pin_out          ;
; |main|inst13                                                                                                          ; |main|inst13                                                                                                             ; out0             ;
; |main|gdfx_temp3                                                                                                      ; |main|gdfx_temp3                                                                                                         ; out0             ;
; |main|gdfx_temp0[2]                                                                                                   ; |main|gdfx_temp0[2]                                                                                                      ; out0             ;
; |main|gdfx_temp0[1]                                                                                                   ; |main|gdfx_temp0[1]                                                                                                      ; out0             ;
; |main|gdfx_temp0[0]                                                                                                   ; |main|gdfx_temp0[0]                                                                                                      ; out0             ;
; |main|GNT2                                                                                                            ; |main|GNT2                                                                                                               ; pin_out          ;
; |main|gdfx_temp1[1]                                                                                                   ; |main|gdfx_temp1[1]                                                                                                      ; out0             ;
; |main|gdfx_temp1[0]                                                                                                   ; |main|gdfx_temp1[0]                                                                                                      ; out0             ;
; |main|BREQ1                                                                                                           ; |main|BREQ1                                                                                                              ; pin_out          ;
; |main|inst14                                                                                                          ; |main|inst14                                                                                                             ; out0             ;
; |main|BREQ2                                                                                                           ; |main|BREQ2                                                                                                              ; pin_out          ;
; |main|SSYN                                                                                                            ; |main|SSYN                                                                                                               ; pin_out          ;
; |main|address[2]                                                                                                      ; |main|address[2]                                                                                                         ; pin_out          ;
; |main|address[1]                                                                                                      ; |main|address[1]                                                                                                         ; pin_out          ;
; |main|address[0]                                                                                                      ; |main|address[0]                                                                                                         ; pin_out          ;
; |main|data[1]                                                                                                         ; |main|data[1]                                                                                                            ; pin_out          ;
; |main|data[0]                                                                                                         ; |main|data[0]                                                                                                            ; pin_out          ;
; |main|slave_data1[1]                                                                                                  ; |main|slave_data1[1]                                                                                                     ; pin_out          ;
; |main|slave:inst7|inst2                                                                                               ; |main|slave:inst7|inst2                                                                                                  ; out0             ;
; |main|slave:inst7|inst16                                                                                              ; |main|slave:inst7|inst16                                                                                                 ; out0             ;
; |main|slave:inst7|inst17                                                                                              ; |main|slave:inst7|inst17                                                                                                 ; out0             ;
; |main|slave:inst7|lpm_compare1:inst1|lpm_compare:lpm_compare_component|cmpr_aig:auto_generated|data_wire[0]           ; |main|slave:inst7|lpm_compare1:inst1|lpm_compare:lpm_compare_component|cmpr_aig:auto_generated|data_wire[0]              ; out0             ;
; |main|slave:inst12|inst51                                                                                             ; |main|slave:inst12|inst51                                                                                                ; regout           ;
; |main|slave:inst12|inst51~0                                                                                           ; |main|slave:inst12|inst51~0                                                                                              ; out0             ;
; |main|slave:inst12|inst2                                                                                              ; |main|slave:inst12|inst2                                                                                                 ; out0             ;
; |main|slave:inst12|inst46                                                                                             ; |main|slave:inst12|inst46                                                                                                ; out0             ;
; |main|slave:inst12|inst20                                                                                             ; |main|slave:inst12|inst20                                                                                                ; regout           ;
; |main|slave:inst12|inst20~0                                                                                           ; |main|slave:inst12|inst20~0                                                                                              ; out0             ;
; |main|slave:inst12|inst16                                                                                             ; |main|slave:inst12|inst16                                                                                                ; out0             ;
; |main|slave:inst12|inst18                                                                                             ; |main|slave:inst12|inst18                                                                                                ; out0             ;
; |main|slave:inst12|inst17                                                                                             ; |main|slave:inst12|inst17                                                                                                ; out0             ;
; |main|slave:inst12|inst41                                                                                             ; |main|slave:inst12|inst41                                                                                                ; regout           ;
; |main|slave:inst12|inst41~0                                                                                           ; |main|slave:inst12|inst41~0                                                                                              ; out0             ;
; |main|slave:inst12|inst42                                                                                             ; |main|slave:inst12|inst42                                                                                                ; out0             ;
; |main|slave:inst12|inst12                                                                                             ; |main|slave:inst12|inst12                                                                                                ; regout           ;
; |main|slave:inst12|inst12~0                                                                                           ; |main|slave:inst12|inst12~0                                                                                              ; out0             ;
; |main|slave:inst12|inst8                                                                                              ; |main|slave:inst12|inst8                                                                                                 ; out0             ;
; |main|slave:inst12|inst10                                                                                             ; |main|slave:inst12|inst10                                                                                                ; out0             ;
; |main|slave:inst12|inst9                                                                                              ; |main|slave:inst12|inst9                                                                                                 ; out0             ;
; |main|slave:inst12|inst52                                                                                             ; |main|slave:inst12|inst52                                                                                                ; out0             ;
; |main|slave:inst12|lpm_counter0:inst6|lpm_counter:lpm_counter_component|cntr_4pi:auto_generated|_~7                   ; |main|slave:inst12|lpm_counter0:inst6|lpm_counter:lpm_counter_component|cntr_4pi:auto_generated|_~7                      ; out0             ;
; |main|slave:inst12|lpm_counter0:inst6|lpm_counter:lpm_counter_component|cntr_4pi:auto_generated|counter_comb_bita0    ; |main|slave:inst12|lpm_counter0:inst6|lpm_counter:lpm_counter_component|cntr_4pi:auto_generated|counter_comb_bita0       ; sumout           ;
; |main|slave:inst12|lpm_counter0:inst6|lpm_counter:lpm_counter_component|cntr_4pi:auto_generated|counter_comb_bita0    ; |main|slave:inst12|lpm_counter0:inst6|lpm_counter:lpm_counter_component|cntr_4pi:auto_generated|counter_comb_bita0~COUT  ; cout             ;
; |main|slave:inst12|lpm_counter0:inst6|lpm_counter:lpm_counter_component|cntr_4pi:auto_generated|counter_comb_bita1    ; |main|slave:inst12|lpm_counter0:inst6|lpm_counter:lpm_counter_component|cntr_4pi:auto_generated|counter_comb_bita1       ; sumout           ;
; |main|slave:inst12|lpm_counter0:inst6|lpm_counter:lpm_counter_component|cntr_4pi:auto_generated|counter_comb_bita1    ; |main|slave:inst12|lpm_counter0:inst6|lpm_counter:lpm_counter_component|cntr_4pi:auto_generated|counter_comb_bita1~COUT  ; cout             ;
; |main|slave:inst12|lpm_counter0:inst6|lpm_counter:lpm_counter_component|cntr_4pi:auto_generated|counter_comb_bita2    ; |main|slave:inst12|lpm_counter0:inst6|lpm_counter:lpm_counter_component|cntr_4pi:auto_generated|counter_comb_bita2       ; sumout           ;
; |main|slave:inst12|lpm_counter0:inst6|lpm_counter:lpm_counter_component|cntr_4pi:auto_generated|counter_reg_bit1a[2]  ; |main|slave:inst12|lpm_counter0:inst6|lpm_counter:lpm_counter_component|cntr_4pi:auto_generated|safe_q[2]                ; regout           ;
; |main|slave:inst12|lpm_counter0:inst6|lpm_counter:lpm_counter_component|cntr_4pi:auto_generated|counter_reg_bit1a[1]  ; |main|slave:inst12|lpm_counter0:inst6|lpm_counter:lpm_counter_component|cntr_4pi:auto_generated|safe_q[1]                ; regout           ;
; |main|slave:inst12|lpm_counter0:inst6|lpm_counter:lpm_counter_component|cntr_4pi:auto_generated|counter_reg_bit1a[0]  ; |main|slave:inst12|lpm_counter0:inst6|lpm_counter:lpm_counter_component|cntr_4pi:auto_generated|safe_q[0]                ; regout           ;
; |main|slave:inst12|lpm_compare0:inst5|lpm_compare:lpm_compare_component|cmpr_aig:auto_generated|aneb_result_wire[0]   ; |main|slave:inst12|lpm_compare0:inst5|lpm_compare:lpm_compare_component|cmpr_aig:auto_generated|aneb_result_wire[0]      ; out0             ;
; |main|slave:inst12|lpm_compare0:inst5|lpm_compare:lpm_compare_component|cmpr_aig:auto_generated|data_wire[0]          ; |main|slave:inst12|lpm_compare0:inst5|lpm_compare:lpm_compare_component|cmpr_aig:auto_generated|data_wire[0]             ; out0             ;
; |main|slave:inst12|lpm_counter0:inst14|lpm_counter:lpm_counter_component|cntr_4pi:auto_generated|_~7                  ; |main|slave:inst12|lpm_counter0:inst14|lpm_counter:lpm_counter_component|cntr_4pi:auto_generated|_~7                     ; out0             ;
; |main|slave:inst12|lpm_counter0:inst14|lpm_counter:lpm_counter_component|cntr_4pi:auto_generated|counter_comb_bita0   ; |main|slave:inst12|lpm_counter0:inst14|lpm_counter:lpm_counter_component|cntr_4pi:auto_generated|counter_comb_bita0      ; sumout           ;
; |main|slave:inst12|lpm_counter0:inst14|lpm_counter:lpm_counter_component|cntr_4pi:auto_generated|counter_comb_bita0   ; |main|slave:inst12|lpm_counter0:inst14|lpm_counter:lpm_counter_component|cntr_4pi:auto_generated|counter_comb_bita0~COUT ; cout             ;
; |main|slave:inst12|lpm_counter0:inst14|lpm_counter:lpm_counter_component|cntr_4pi:auto_generated|counter_comb_bita1   ; |main|slave:inst12|lpm_counter0:inst14|lpm_counter:lpm_counter_component|cntr_4pi:auto_generated|counter_comb_bita1      ; sumout           ;
; |main|slave:inst12|lpm_counter0:inst14|lpm_counter:lpm_counter_component|cntr_4pi:auto_generated|counter_comb_bita1   ; |main|slave:inst12|lpm_counter0:inst14|lpm_counter:lpm_counter_component|cntr_4pi:auto_generated|counter_comb_bita1~COUT ; cout             ;
; |main|slave:inst12|lpm_counter0:inst14|lpm_counter:lpm_counter_component|cntr_4pi:auto_generated|counter_comb_bita2   ; |main|slave:inst12|lpm_counter0:inst14|lpm_counter:lpm_counter_component|cntr_4pi:auto_generated|counter_comb_bita2      ; sumout           ;
; |main|slave:inst12|lpm_counter0:inst14|lpm_counter:lpm_counter_component|cntr_4pi:auto_generated|counter_reg_bit1a[2] ; |main|slave:inst12|lpm_counter0:inst14|lpm_counter:lpm_counter_component|cntr_4pi:auto_generated|safe_q[2]               ; regout           ;
; |main|slave:inst12|lpm_counter0:inst14|lpm_counter:lpm_counter_component|cntr_4pi:auto_generated|counter_reg_bit1a[1] ; |main|slave:inst12|lpm_counter0:inst14|lpm_counter:lpm_counter_component|cntr_4pi:auto_generated|safe_q[1]               ; regout           ;
; |main|slave:inst12|lpm_counter0:inst14|lpm_counter:lpm_counter_component|cntr_4pi:auto_generated|counter_reg_bit1a[0] ; |main|slave:inst12|lpm_counter0:inst14|lpm_counter:lpm_counter_component|cntr_4pi:auto_generated|safe_q[0]               ; regout           ;
; |main|slave:inst12|lpm_compare0:inst13|lpm_compare:lpm_compare_component|cmpr_aig:auto_generated|aneb_result_wire[0]  ; |main|slave:inst12|lpm_compare0:inst13|lpm_compare:lpm_compare_component|cmpr_aig:auto_generated|aneb_result_wire[0]     ; out0             ;
; |main|slave:inst12|lpm_compare0:inst13|lpm_compare:lpm_compare_component|cmpr_aig:auto_generated|data_wire[0]         ; |main|slave:inst12|lpm_compare0:inst13|lpm_compare:lpm_compare_component|cmpr_aig:auto_generated|data_wire[0]            ; out0             ;
; |main|slave:inst12|lpm_compare1:inst1|lpm_compare:lpm_compare_component|cmpr_aig:auto_generated|aneb_result_wire[0]   ; |main|slave:inst12|lpm_compare1:inst1|lpm_compare:lpm_compare_component|cmpr_aig:auto_generated|aneb_result_wire[0]      ; out0             ;
; |main|slave:inst12|lpm_compare1:inst1|lpm_compare:lpm_compare_component|cmpr_aig:auto_generated|data_wire[0]          ; |main|slave:inst12|lpm_compare1:inst1|lpm_compare:lpm_compare_component|cmpr_aig:auto_generated|data_wire[0]             ; out0             ;
; |main|slave:inst12|lpm_bustri2:inst43|lpm_bustri:lpm_bustri_component|dout[0]                                         ; |main|slave:inst12|lpm_bustri2:inst43|lpm_bustri:lpm_bustri_component|dout[0]                                            ; out              ;
; |main|slave:inst10|inst2                                                                                              ; |main|slave:inst10|inst2                                                                                                 ; out0             ;
; |main|slave:inst10|inst16                                                                                             ; |main|slave:inst10|inst16                                                                                                ; out0             ;
; |main|slave:inst10|inst17                                                                                             ; |main|slave:inst10|inst17                                                                                                ; out0             ;
; |main|slave:inst11|inst51                                                                                             ; |main|slave:inst11|inst51                                                                                                ; regout           ;
; |main|slave:inst11|inst51~0                                                                                           ; |main|slave:inst11|inst51~0                                                                                              ; out0             ;
; |main|slave:inst11|inst2                                                                                              ; |main|slave:inst11|inst2                                                                                                 ; out0             ;
; |main|slave:inst11|inst46                                                                                             ; |main|slave:inst11|inst46                                                                                                ; out0             ;
; |main|slave:inst11|inst20                                                                                             ; |main|slave:inst11|inst20                                                                                                ; regout           ;
; |main|slave:inst11|inst20~0                                                                                           ; |main|slave:inst11|inst20~0                                                                                              ; out0             ;
; |main|slave:inst11|inst16                                                                                             ; |main|slave:inst11|inst16                                                                                                ; out0             ;
; |main|slave:inst11|inst18                                                                                             ; |main|slave:inst11|inst18                                                                                                ; out0             ;
; |main|slave:inst11|inst17                                                                                             ; |main|slave:inst11|inst17                                                                                                ; out0             ;
; |main|slave:inst11|inst41                                                                                             ; |main|slave:inst11|inst41                                                                                                ; regout           ;
; |main|slave:inst11|inst41~0                                                                                           ; |main|slave:inst11|inst41~0                                                                                              ; out0             ;
; |main|slave:inst11|inst42                                                                                             ; |main|slave:inst11|inst42                                                                                                ; out0             ;
; |main|slave:inst11|inst12                                                                                             ; |main|slave:inst11|inst12                                                                                                ; regout           ;
; |main|slave:inst11|inst12~0                                                                                           ; |main|slave:inst11|inst12~0                                                                                              ; out0             ;
; |main|slave:inst11|inst8                                                                                              ; |main|slave:inst11|inst8                                                                                                 ; out0             ;
; |main|slave:inst11|inst10                                                                                             ; |main|slave:inst11|inst10                                                                                                ; out0             ;
; |main|slave:inst11|inst9                                                                                              ; |main|slave:inst11|inst9                                                                                                 ; out0             ;
; |main|slave:inst11|inst52                                                                                             ; |main|slave:inst11|inst52                                                                                                ; out0             ;
; |main|slave:inst11|lpm_counter0:inst6|lpm_counter:lpm_counter_component|cntr_4pi:auto_generated|_~7                   ; |main|slave:inst11|lpm_counter0:inst6|lpm_counter:lpm_counter_component|cntr_4pi:auto_generated|_~7                      ; out0             ;
; |main|slave:inst11|lpm_counter0:inst6|lpm_counter:lpm_counter_component|cntr_4pi:auto_generated|counter_comb_bita0    ; |main|slave:inst11|lpm_counter0:inst6|lpm_counter:lpm_counter_component|cntr_4pi:auto_generated|counter_comb_bita0       ; sumout           ;
; |main|slave:inst11|lpm_counter0:inst6|lpm_counter:lpm_counter_component|cntr_4pi:auto_generated|counter_comb_bita0    ; |main|slave:inst11|lpm_counter0:inst6|lpm_counter:lpm_counter_component|cntr_4pi:auto_generated|counter_comb_bita0~COUT  ; cout             ;
; |main|slave:inst11|lpm_counter0:inst6|lpm_counter:lpm_counter_component|cntr_4pi:auto_generated|counter_comb_bita1    ; |main|slave:inst11|lpm_counter0:inst6|lpm_counter:lpm_counter_component|cntr_4pi:auto_generated|counter_comb_bita1       ; sumout           ;
; |main|slave:inst11|lpm_counter0:inst6|lpm_counter:lpm_counter_component|cntr_4pi:auto_generated|counter_comb_bita1    ; |main|slave:inst11|lpm_counter0:inst6|lpm_counter:lpm_counter_component|cntr_4pi:auto_generated|counter_comb_bita1~COUT  ; cout             ;
; |main|slave:inst11|lpm_counter0:inst6|lpm_counter:lpm_counter_component|cntr_4pi:auto_generated|counter_comb_bita2    ; |main|slave:inst11|lpm_counter0:inst6|lpm_counter:lpm_counter_component|cntr_4pi:auto_generated|counter_comb_bita2       ; sumout           ;
; |main|slave:inst11|lpm_counter0:inst6|lpm_counter:lpm_counter_component|cntr_4pi:auto_generated|counter_reg_bit1a[1]  ; |main|slave:inst11|lpm_counter0:inst6|lpm_counter:lpm_counter_component|cntr_4pi:auto_generated|safe_q[1]                ; regout           ;
; |main|slave:inst11|lpm_counter0:inst6|lpm_counter:lpm_counter_component|cntr_4pi:auto_generated|counter_reg_bit1a[0]  ; |main|slave:inst11|lpm_counter0:inst6|lpm_counter:lpm_counter_component|cntr_4pi:auto_generated|safe_q[0]                ; regout           ;
; |main|slave:inst11|lpm_compare0:inst5|lpm_compare:lpm_compare_component|cmpr_aig:auto_generated|aneb_result_wire[0]   ; |main|slave:inst11|lpm_compare0:inst5|lpm_compare:lpm_compare_component|cmpr_aig:auto_generated|aneb_result_wire[0]      ; out0             ;
; |main|slave:inst11|lpm_compare0:inst5|lpm_compare:lpm_compare_component|cmpr_aig:auto_generated|data_wire[0]          ; |main|slave:inst11|lpm_compare0:inst5|lpm_compare:lpm_compare_component|cmpr_aig:auto_generated|data_wire[0]             ; out0             ;
; |main|slave:inst11|lpm_counter0:inst14|lpm_counter:lpm_counter_component|cntr_4pi:auto_generated|_~7                  ; |main|slave:inst11|lpm_counter0:inst14|lpm_counter:lpm_counter_component|cntr_4pi:auto_generated|_~7                     ; out0             ;
; |main|slave:inst11|lpm_counter0:inst14|lpm_counter:lpm_counter_component|cntr_4pi:auto_generated|counter_comb_bita0   ; |main|slave:inst11|lpm_counter0:inst14|lpm_counter:lpm_counter_component|cntr_4pi:auto_generated|counter_comb_bita0      ; sumout           ;
; |main|slave:inst11|lpm_counter0:inst14|lpm_counter:lpm_counter_component|cntr_4pi:auto_generated|counter_comb_bita0   ; |main|slave:inst11|lpm_counter0:inst14|lpm_counter:lpm_counter_component|cntr_4pi:auto_generated|counter_comb_bita0~COUT ; cout             ;
; |main|slave:inst11|lpm_counter0:inst14|lpm_counter:lpm_counter_component|cntr_4pi:auto_generated|counter_comb_bita1   ; |main|slave:inst11|lpm_counter0:inst14|lpm_counter:lpm_counter_component|cntr_4pi:auto_generated|counter_comb_bita1      ; sumout           ;
; |main|slave:inst11|lpm_counter0:inst14|lpm_counter:lpm_counter_component|cntr_4pi:auto_generated|counter_comb_bita1   ; |main|slave:inst11|lpm_counter0:inst14|lpm_counter:lpm_counter_component|cntr_4pi:auto_generated|counter_comb_bita1~COUT ; cout             ;
; |main|slave:inst11|lpm_counter0:inst14|lpm_counter:lpm_counter_component|cntr_4pi:auto_generated|counter_comb_bita2   ; |main|slave:inst11|lpm_counter0:inst14|lpm_counter:lpm_counter_component|cntr_4pi:auto_generated|counter_comb_bita2      ; sumout           ;
; |main|slave:inst11|lpm_counter0:inst14|lpm_counter:lpm_counter_component|cntr_4pi:auto_generated|counter_reg_bit1a[1] ; |main|slave:inst11|lpm_counter0:inst14|lpm_counter:lpm_counter_component|cntr_4pi:auto_generated|safe_q[1]               ; regout           ;
; |main|slave:inst11|lpm_counter0:inst14|lpm_counter:lpm_counter_component|cntr_4pi:auto_generated|counter_reg_bit1a[0] ; |main|slave:inst11|lpm_counter0:inst14|lpm_counter:lpm_counter_component|cntr_4pi:auto_generated|safe_q[0]               ; regout           ;
; |main|slave:inst11|lpm_compare0:inst13|lpm_compare:lpm_compare_component|cmpr_aig:auto_generated|aneb_result_wire[0]  ; |main|slave:inst11|lpm_compare0:inst13|lpm_compare:lpm_compare_component|cmpr_aig:auto_generated|aneb_result_wire[0]     ; out0             ;
; |main|slave:inst11|lpm_compare0:inst13|lpm_compare:lpm_compare_component|cmpr_aig:auto_generated|data_wire[0]         ; |main|slave:inst11|lpm_compare0:inst13|lpm_compare:lpm_compare_component|cmpr_aig:auto_generated|data_wire[0]            ; out0             ;
; |main|slave:inst11|lpm_compare1:inst1|lpm_compare:lpm_compare_component|cmpr_aig:auto_generated|aneb_result_wire[0]   ; |main|slave:inst11|lpm_compare1:inst1|lpm_compare:lpm_compare_component|cmpr_aig:auto_generated|aneb_result_wire[0]      ; out0             ;
; |main|slave:inst11|lpm_compare1:inst1|lpm_compare:lpm_compare_component|cmpr_aig:auto_generated|data_wire[0]          ; |main|slave:inst11|lpm_compare1:inst1|lpm_compare:lpm_compare_component|cmpr_aig:auto_generated|data_wire[0]             ; out0             ;
; |main|slave:inst11|lpm_bustri2:inst43|lpm_bustri:lpm_bustri_component|dout[0]                                         ; |main|slave:inst11|lpm_bustri2:inst43|lpm_bustri:lpm_bustri_component|dout[0]                                            ; out              ;
; |main|master:inst9|inst30                                                                                             ; |main|master:inst9|inst30                                                                                                ; regout           ;
; |main|master:inst9|inst32                                                                                             ; |main|master:inst9|inst32                                                                                                ; out0             ;
; |main|master:inst9|inst31                                                                                             ; |main|master:inst9|inst31                                                                                                ; out0             ;
; |main|master:inst9|inst44                                                                                             ; |main|master:inst9|inst44                                                                                                ; regout           ;
; |main|master:inst9|inst45                                                                                             ; |main|master:inst9|inst45                                                                                                ; out0             ;
; |main|master:inst9|inst20                                                                                             ; |main|master:inst9|inst20                                                                                                ; regout           ;
; |main|master:inst9|inst20~0                                                                                           ; |main|master:inst9|inst20~0                                                                                              ; out0             ;
; |main|master:inst9|inst16                                                                                             ; |main|master:inst9|inst16                                                                                                ; out0             ;
; |main|master:inst9|inst18                                                                                             ; |main|master:inst9|inst18                                                                                                ; out0             ;
; |main|master:inst9|inst17                                                                                             ; |main|master:inst9|inst17                                                                                                ; out0             ;
; |main|master:inst9|inst49                                                                                             ; |main|master:inst9|inst49                                                                                                ; out0             ;
; |main|master:inst9|inst41                                                                                             ; |main|master:inst9|inst41                                                                                                ; regout           ;
; |main|master:inst9|inst41~0                                                                                           ; |main|master:inst9|inst41~0                                                                                              ; out0             ;
; |main|master:inst9|inst42                                                                                             ; |main|master:inst9|inst42                                                                                                ; out0             ;
; |main|master:inst9|inst29                                                                                             ; |main|master:inst9|inst29                                                                                                ; regout           ;
; |main|master:inst9|inst29~0                                                                                           ; |main|master:inst9|inst29~0                                                                                              ; out0             ;
; |main|master:inst9|inst25                                                                                             ; |main|master:inst9|inst25                                                                                                ; out0             ;
; |main|master:inst9|inst27                                                                                             ; |main|master:inst9|inst27                                                                                                ; out0             ;
; |main|master:inst9|inst26                                                                                             ; |main|master:inst9|inst26                                                                                                ; out0             ;
; |main|master:inst9|inst12                                                                                             ; |main|master:inst9|inst12                                                                                                ; regout           ;
; |main|master:inst9|inst12~0                                                                                           ; |main|master:inst9|inst12~0                                                                                              ; out0             ;
; |main|master:inst9|inst8                                                                                              ; |main|master:inst9|inst8                                                                                                 ; out0             ;
; |main|master:inst9|inst10                                                                                             ; |main|master:inst9|inst10                                                                                                ; out0             ;
; |main|master:inst9|inst9                                                                                              ; |main|master:inst9|inst9                                                                                                 ; out0             ;
; |main|master:inst9|lpm_counter1:inst39|lpm_counter:lpm_counter_component|cntr_7nh:auto_generated|counter_comb_bita0   ; |main|master:inst9|lpm_counter1:inst39|lpm_counter:lpm_counter_component|cntr_7nh:auto_generated|counter_comb_bita0      ; sumout           ;
; |main|master:inst9|lpm_counter1:inst39|lpm_counter:lpm_counter_component|cntr_7nh:auto_generated|counter_comb_bita0   ; |main|master:inst9|lpm_counter1:inst39|lpm_counter:lpm_counter_component|cntr_7nh:auto_generated|counter_comb_bita0~COUT ; cout             ;
; |main|master:inst9|lpm_counter1:inst39|lpm_counter:lpm_counter_component|cntr_7nh:auto_generated|counter_comb_bita1   ; |main|master:inst9|lpm_counter1:inst39|lpm_counter:lpm_counter_component|cntr_7nh:auto_generated|counter_comb_bita1      ; sumout           ;
; |main|master:inst9|lpm_counter1:inst39|lpm_counter:lpm_counter_component|cntr_7nh:auto_generated|counter_comb_bita1   ; |main|master:inst9|lpm_counter1:inst39|lpm_counter:lpm_counter_component|cntr_7nh:auto_generated|counter_comb_bita1~COUT ; cout             ;
; |main|master:inst9|lpm_counter1:inst39|lpm_counter:lpm_counter_component|cntr_7nh:auto_generated|counter_comb_bita2   ; |main|master:inst9|lpm_counter1:inst39|lpm_counter:lpm_counter_component|cntr_7nh:auto_generated|counter_comb_bita2      ; sumout           ;
; |main|master:inst9|lpm_counter1:inst39|lpm_counter:lpm_counter_component|cntr_7nh:auto_generated|counter_reg_bit1a[0] ; |main|master:inst9|lpm_counter1:inst39|lpm_counter:lpm_counter_component|cntr_7nh:auto_generated|safe_q[0]               ; regout           ;
; |main|master:inst9|lpm_bustri1:inst40|lpm_bustri:lpm_bustri_component|dout[1]                                         ; |main|master:inst9|lpm_bustri1:inst40|lpm_bustri:lpm_bustri_component|dout[1]                                            ; out              ;
; |main|master:inst9|lpm_bustri1:inst40|lpm_bustri:lpm_bustri_component|dout[0]                                         ; |main|master:inst9|lpm_bustri1:inst40|lpm_bustri:lpm_bustri_component|dout[0]                                            ; out              ;
; |main|master:inst9|lpm_counter0:inst6|lpm_counter:lpm_counter_component|cntr_4pi:auto_generated|_~7                   ; |main|master:inst9|lpm_counter0:inst6|lpm_counter:lpm_counter_component|cntr_4pi:auto_generated|_~7                      ; out0             ;
; |main|master:inst9|lpm_counter0:inst6|lpm_counter:lpm_counter_component|cntr_4pi:auto_generated|counter_comb_bita0    ; |main|master:inst9|lpm_counter0:inst6|lpm_counter:lpm_counter_component|cntr_4pi:auto_generated|counter_comb_bita0       ; sumout           ;
; |main|master:inst9|lpm_counter0:inst6|lpm_counter:lpm_counter_component|cntr_4pi:auto_generated|counter_comb_bita0    ; |main|master:inst9|lpm_counter0:inst6|lpm_counter:lpm_counter_component|cntr_4pi:auto_generated|counter_comb_bita0~COUT  ; cout             ;
; |main|master:inst9|lpm_counter0:inst6|lpm_counter:lpm_counter_component|cntr_4pi:auto_generated|counter_comb_bita1    ; |main|master:inst9|lpm_counter0:inst6|lpm_counter:lpm_counter_component|cntr_4pi:auto_generated|counter_comb_bita1       ; sumout           ;
; |main|master:inst9|lpm_counter0:inst6|lpm_counter:lpm_counter_component|cntr_4pi:auto_generated|counter_reg_bit1a[0]  ; |main|master:inst9|lpm_counter0:inst6|lpm_counter:lpm_counter_component|cntr_4pi:auto_generated|safe_q[0]                ; regout           ;
; |main|master:inst9|lpm_compare0:inst5|lpm_compare:lpm_compare_component|cmpr_aig:auto_generated|aneb_result_wire[0]   ; |main|master:inst9|lpm_compare0:inst5|lpm_compare:lpm_compare_component|cmpr_aig:auto_generated|aneb_result_wire[0]      ; out0             ;
; |main|master:inst9|lpm_compare0:inst5|lpm_compare:lpm_compare_component|cmpr_aig:auto_generated|data_wire[0]          ; |main|master:inst9|lpm_compare0:inst5|lpm_compare:lpm_compare_component|cmpr_aig:auto_generated|data_wire[0]             ; out0             ;
; |main|master:inst9|lpm_counter0:inst23|lpm_counter:lpm_counter_component|cntr_4pi:auto_generated|_~7                  ; |main|master:inst9|lpm_counter0:inst23|lpm_counter:lpm_counter_component|cntr_4pi:auto_generated|_~7                     ; out0             ;
; |main|master:inst9|lpm_counter0:inst23|lpm_counter:lpm_counter_component|cntr_4pi:auto_generated|counter_comb_bita0   ; |main|master:inst9|lpm_counter0:inst23|lpm_counter:lpm_counter_component|cntr_4pi:auto_generated|counter_comb_bita0      ; sumout           ;
; |main|master:inst9|lpm_counter0:inst23|lpm_counter:lpm_counter_component|cntr_4pi:auto_generated|counter_comb_bita0   ; |main|master:inst9|lpm_counter0:inst23|lpm_counter:lpm_counter_component|cntr_4pi:auto_generated|counter_comb_bita0~COUT ; cout             ;
; |main|master:inst9|lpm_counter0:inst23|lpm_counter:lpm_counter_component|cntr_4pi:auto_generated|counter_comb_bita1   ; |main|master:inst9|lpm_counter0:inst23|lpm_counter:lpm_counter_component|cntr_4pi:auto_generated|counter_comb_bita1      ; sumout           ;
; |main|master:inst9|lpm_counter0:inst23|lpm_counter:lpm_counter_component|cntr_4pi:auto_generated|counter_reg_bit1a[0] ; |main|master:inst9|lpm_counter0:inst23|lpm_counter:lpm_counter_component|cntr_4pi:auto_generated|safe_q[0]               ; regout           ;
; |main|master:inst9|lpm_compare0:inst22|lpm_compare:lpm_compare_component|cmpr_aig:auto_generated|aneb_result_wire[0]  ; |main|master:inst9|lpm_compare0:inst22|lpm_compare:lpm_compare_component|cmpr_aig:auto_generated|aneb_result_wire[0]     ; out0             ;
; |main|master:inst9|lpm_compare0:inst22|lpm_compare:lpm_compare_component|cmpr_aig:auto_generated|data_wire[0]         ; |main|master:inst9|lpm_compare0:inst22|lpm_compare:lpm_compare_component|cmpr_aig:auto_generated|data_wire[0]            ; out0             ;
; |main|master:inst9|lpm_bustri2:inst43|lpm_bustri:lpm_bustri_component|dout[0]                                         ; |main|master:inst9|lpm_bustri2:inst43|lpm_bustri:lpm_bustri_component|dout[0]                                            ; out              ;
; |main|master:inst9|lpm_counter0:inst14|lpm_counter:lpm_counter_component|cntr_4pi:auto_generated|_~7                  ; |main|master:inst9|lpm_counter0:inst14|lpm_counter:lpm_counter_component|cntr_4pi:auto_generated|_~7                     ; out0             ;
; |main|master:inst9|lpm_counter0:inst14|lpm_counter:lpm_counter_component|cntr_4pi:auto_generated|counter_comb_bita0   ; |main|master:inst9|lpm_counter0:inst14|lpm_counter:lpm_counter_component|cntr_4pi:auto_generated|counter_comb_bita0      ; sumout           ;
; |main|master:inst9|lpm_counter0:inst14|lpm_counter:lpm_counter_component|cntr_4pi:auto_generated|counter_comb_bita0   ; |main|master:inst9|lpm_counter0:inst14|lpm_counter:lpm_counter_component|cntr_4pi:auto_generated|counter_comb_bita0~COUT ; cout             ;
; |main|master:inst9|lpm_counter0:inst14|lpm_counter:lpm_counter_component|cntr_4pi:auto_generated|counter_comb_bita1   ; |main|master:inst9|lpm_counter0:inst14|lpm_counter:lpm_counter_component|cntr_4pi:auto_generated|counter_comb_bita1      ; sumout           ;
; |main|master:inst9|lpm_counter0:inst14|lpm_counter:lpm_counter_component|cntr_4pi:auto_generated|counter_reg_bit1a[0] ; |main|master:inst9|lpm_counter0:inst14|lpm_counter:lpm_counter_component|cntr_4pi:auto_generated|safe_q[0]               ; regout           ;
; |main|master:inst9|lpm_compare0:inst13|lpm_compare:lpm_compare_component|cmpr_aig:auto_generated|aneb_result_wire[0]  ; |main|master:inst9|lpm_compare0:inst13|lpm_compare:lpm_compare_component|cmpr_aig:auto_generated|aneb_result_wire[0]     ; out0             ;
; |main|master:inst9|lpm_compare0:inst13|lpm_compare:lpm_compare_component|cmpr_aig:auto_generated|data_wire[0]         ; |main|master:inst9|lpm_compare0:inst13|lpm_compare:lpm_compare_component|cmpr_aig:auto_generated|data_wire[0]            ; out0             ;
; |main|slave:inst1|inst51                                                                                              ; |main|slave:inst1|inst51                                                                                                 ; regout           ;
; |main|slave:inst1|inst51~0                                                                                            ; |main|slave:inst1|inst51~0                                                                                               ; out0             ;
; |main|slave:inst1|inst2                                                                                               ; |main|slave:inst1|inst2                                                                                                  ; out0             ;
; |main|slave:inst1|inst46                                                                                              ; |main|slave:inst1|inst46                                                                                                 ; out0             ;
; |main|slave:inst1|inst20                                                                                              ; |main|slave:inst1|inst20                                                                                                 ; regout           ;
; |main|slave:inst1|inst20~0                                                                                            ; |main|slave:inst1|inst20~0                                                                                               ; out0             ;
; |main|slave:inst1|inst16                                                                                              ; |main|slave:inst1|inst16                                                                                                 ; out0             ;
; |main|slave:inst1|inst18                                                                                              ; |main|slave:inst1|inst18                                                                                                 ; out0             ;
; |main|slave:inst1|inst17                                                                                              ; |main|slave:inst1|inst17                                                                                                 ; out0             ;
; |main|slave:inst1|inst41                                                                                              ; |main|slave:inst1|inst41                                                                                                 ; regout           ;
; |main|slave:inst1|inst41~0                                                                                            ; |main|slave:inst1|inst41~0                                                                                               ; out0             ;
; |main|slave:inst1|inst42                                                                                              ; |main|slave:inst1|inst42                                                                                                 ; out0             ;
; |main|slave:inst1|inst12                                                                                              ; |main|slave:inst1|inst12                                                                                                 ; regout           ;
; |main|slave:inst1|inst12~0                                                                                            ; |main|slave:inst1|inst12~0                                                                                               ; out0             ;
; |main|slave:inst1|inst8                                                                                               ; |main|slave:inst1|inst8                                                                                                  ; out0             ;
; |main|slave:inst1|inst10                                                                                              ; |main|slave:inst1|inst10                                                                                                 ; out0             ;
; |main|slave:inst1|inst9                                                                                               ; |main|slave:inst1|inst9                                                                                                  ; out0             ;
; |main|slave:inst1|inst52                                                                                              ; |main|slave:inst1|inst52                                                                                                 ; out0             ;
; |main|slave:inst1|lpm_dff0:inst3|lpm_ff:lpm_ff_component|dffs[1]                                                      ; |main|slave:inst1|lpm_dff0:inst3|lpm_ff:lpm_ff_component|dffs[1]                                                         ; regout           ;
; |main|slave:inst1|lpm_counter0:inst6|lpm_counter:lpm_counter_component|cntr_4pi:auto_generated|_~7                    ; |main|slave:inst1|lpm_counter0:inst6|lpm_counter:lpm_counter_component|cntr_4pi:auto_generated|_~7                       ; out0             ;
; |main|slave:inst1|lpm_counter0:inst6|lpm_counter:lpm_counter_component|cntr_4pi:auto_generated|counter_comb_bita0     ; |main|slave:inst1|lpm_counter0:inst6|lpm_counter:lpm_counter_component|cntr_4pi:auto_generated|counter_comb_bita0        ; sumout           ;
; |main|slave:inst1|lpm_counter0:inst6|lpm_counter:lpm_counter_component|cntr_4pi:auto_generated|counter_comb_bita0     ; |main|slave:inst1|lpm_counter0:inst6|lpm_counter:lpm_counter_component|cntr_4pi:auto_generated|counter_comb_bita0~COUT   ; cout             ;
; |main|slave:inst1|lpm_counter0:inst6|lpm_counter:lpm_counter_component|cntr_4pi:auto_generated|counter_comb_bita1     ; |main|slave:inst1|lpm_counter0:inst6|lpm_counter:lpm_counter_component|cntr_4pi:auto_generated|counter_comb_bita1        ; sumout           ;
; |main|slave:inst1|lpm_counter0:inst6|lpm_counter:lpm_counter_component|cntr_4pi:auto_generated|counter_reg_bit1a[0]   ; |main|slave:inst1|lpm_counter0:inst6|lpm_counter:lpm_counter_component|cntr_4pi:auto_generated|safe_q[0]                 ; regout           ;
; |main|slave:inst1|lpm_compare0:inst5|lpm_compare:lpm_compare_component|cmpr_aig:auto_generated|aneb_result_wire[0]    ; |main|slave:inst1|lpm_compare0:inst5|lpm_compare:lpm_compare_component|cmpr_aig:auto_generated|aneb_result_wire[0]       ; out0             ;
; |main|slave:inst1|lpm_compare0:inst5|lpm_compare:lpm_compare_component|cmpr_aig:auto_generated|data_wire[0]           ; |main|slave:inst1|lpm_compare0:inst5|lpm_compare:lpm_compare_component|cmpr_aig:auto_generated|data_wire[0]              ; out0             ;
; |main|slave:inst1|lpm_counter0:inst14|lpm_counter:lpm_counter_component|cntr_4pi:auto_generated|_~7                   ; |main|slave:inst1|lpm_counter0:inst14|lpm_counter:lpm_counter_component|cntr_4pi:auto_generated|_~7                      ; out0             ;
; |main|slave:inst1|lpm_counter0:inst14|lpm_counter:lpm_counter_component|cntr_4pi:auto_generated|counter_comb_bita0    ; |main|slave:inst1|lpm_counter0:inst14|lpm_counter:lpm_counter_component|cntr_4pi:auto_generated|counter_comb_bita0       ; sumout           ;
; |main|slave:inst1|lpm_counter0:inst14|lpm_counter:lpm_counter_component|cntr_4pi:auto_generated|counter_comb_bita0    ; |main|slave:inst1|lpm_counter0:inst14|lpm_counter:lpm_counter_component|cntr_4pi:auto_generated|counter_comb_bita0~COUT  ; cout             ;
; |main|slave:inst1|lpm_counter0:inst14|lpm_counter:lpm_counter_component|cntr_4pi:auto_generated|counter_comb_bita1    ; |main|slave:inst1|lpm_counter0:inst14|lpm_counter:lpm_counter_component|cntr_4pi:auto_generated|counter_comb_bita1       ; sumout           ;
; |main|slave:inst1|lpm_counter0:inst14|lpm_counter:lpm_counter_component|cntr_4pi:auto_generated|counter_reg_bit1a[0]  ; |main|slave:inst1|lpm_counter0:inst14|lpm_counter:lpm_counter_component|cntr_4pi:auto_generated|safe_q[0]                ; regout           ;
; |main|slave:inst1|lpm_compare0:inst13|lpm_compare:lpm_compare_component|cmpr_aig:auto_generated|aneb_result_wire[0]   ; |main|slave:inst1|lpm_compare0:inst13|lpm_compare:lpm_compare_component|cmpr_aig:auto_generated|aneb_result_wire[0]      ; out0             ;
; |main|slave:inst1|lpm_compare0:inst13|lpm_compare:lpm_compare_component|cmpr_aig:auto_generated|data_wire[0]          ; |main|slave:inst1|lpm_compare0:inst13|lpm_compare:lpm_compare_component|cmpr_aig:auto_generated|data_wire[0]             ; out0             ;
; |main|slave:inst1|lpm_compare1:inst1|lpm_compare:lpm_compare_component|cmpr_aig:auto_generated|aneb_result_wire[0]    ; |main|slave:inst1|lpm_compare1:inst1|lpm_compare:lpm_compare_component|cmpr_aig:auto_generated|aneb_result_wire[0]       ; out0             ;
; |main|slave:inst1|lpm_compare1:inst1|lpm_compare:lpm_compare_component|cmpr_aig:auto_generated|data_wire[0]           ; |main|slave:inst1|lpm_compare1:inst1|lpm_compare:lpm_compare_component|cmpr_aig:auto_generated|data_wire[0]              ; out0             ;
; |main|slave:inst1|lpm_bustri2:inst43|lpm_bustri:lpm_bustri_component|dout[0]                                          ; |main|slave:inst1|lpm_bustri2:inst43|lpm_bustri:lpm_bustri_component|dout[0]                                             ; out              ;
; |main|master:inst8|inst30                                                                                             ; |main|master:inst8|inst30                                                                                                ; regout           ;
; |main|master:inst8|inst32                                                                                             ; |main|master:inst8|inst32                                                                                                ; out0             ;
; |main|master:inst8|inst31                                                                                             ; |main|master:inst8|inst31                                                                                                ; out0             ;
; |main|master:inst8|inst44                                                                                             ; |main|master:inst8|inst44                                                                                                ; regout           ;
; |main|master:inst8|inst45                                                                                             ; |main|master:inst8|inst45                                                                                                ; out0             ;
; |main|master:inst8|inst20                                                                                             ; |main|master:inst8|inst20                                                                                                ; regout           ;
; |main|master:inst8|inst20~0                                                                                           ; |main|master:inst8|inst20~0                                                                                              ; out0             ;
; |main|master:inst8|inst16                                                                                             ; |main|master:inst8|inst16                                                                                                ; out0             ;
; |main|master:inst8|inst18                                                                                             ; |main|master:inst8|inst18                                                                                                ; out0             ;
; |main|master:inst8|inst17                                                                                             ; |main|master:inst8|inst17                                                                                                ; out0             ;
; |main|master:inst8|inst49                                                                                             ; |main|master:inst8|inst49                                                                                                ; out0             ;
; |main|master:inst8|inst41                                                                                             ; |main|master:inst8|inst41                                                                                                ; regout           ;
; |main|master:inst8|inst41~0                                                                                           ; |main|master:inst8|inst41~0                                                                                              ; out0             ;
; |main|master:inst8|inst42                                                                                             ; |main|master:inst8|inst42                                                                                                ; out0             ;
; |main|master:inst8|inst29                                                                                             ; |main|master:inst8|inst29                                                                                                ; regout           ;
; |main|master:inst8|inst29~0                                                                                           ; |main|master:inst8|inst29~0                                                                                              ; out0             ;
; |main|master:inst8|inst25                                                                                             ; |main|master:inst8|inst25                                                                                                ; out0             ;
; |main|master:inst8|inst27                                                                                             ; |main|master:inst8|inst27                                                                                                ; out0             ;
; |main|master:inst8|inst26                                                                                             ; |main|master:inst8|inst26                                                                                                ; out0             ;
; |main|master:inst8|inst12                                                                                             ; |main|master:inst8|inst12                                                                                                ; regout           ;
; |main|master:inst8|inst12~0                                                                                           ; |main|master:inst8|inst12~0                                                                                              ; out0             ;
; |main|master:inst8|inst8                                                                                              ; |main|master:inst8|inst8                                                                                                 ; out0             ;
; |main|master:inst8|inst10                                                                                             ; |main|master:inst8|inst10                                                                                                ; out0             ;
; |main|master:inst8|inst9                                                                                              ; |main|master:inst8|inst9                                                                                                 ; out0             ;
; |main|master:inst8|lpm_counter0:inst6|lpm_counter:lpm_counter_component|cntr_4pi:auto_generated|_~7                   ; |main|master:inst8|lpm_counter0:inst6|lpm_counter:lpm_counter_component|cntr_4pi:auto_generated|_~7                      ; out0             ;
; |main|master:inst8|lpm_counter0:inst6|lpm_counter:lpm_counter_component|cntr_4pi:auto_generated|counter_comb_bita0    ; |main|master:inst8|lpm_counter0:inst6|lpm_counter:lpm_counter_component|cntr_4pi:auto_generated|counter_comb_bita0       ; sumout           ;
; |main|master:inst8|lpm_counter0:inst6|lpm_counter:lpm_counter_component|cntr_4pi:auto_generated|counter_comb_bita0    ; |main|master:inst8|lpm_counter0:inst6|lpm_counter:lpm_counter_component|cntr_4pi:auto_generated|counter_comb_bita0~COUT  ; cout             ;
; |main|master:inst8|lpm_counter0:inst6|lpm_counter:lpm_counter_component|cntr_4pi:auto_generated|counter_comb_bita1    ; |main|master:inst8|lpm_counter0:inst6|lpm_counter:lpm_counter_component|cntr_4pi:auto_generated|counter_comb_bita1       ; sumout           ;
; |main|master:inst8|lpm_counter0:inst6|lpm_counter:lpm_counter_component|cntr_4pi:auto_generated|counter_comb_bita1    ; |main|master:inst8|lpm_counter0:inst6|lpm_counter:lpm_counter_component|cntr_4pi:auto_generated|counter_comb_bita1~COUT  ; cout             ;
; |main|master:inst8|lpm_counter0:inst6|lpm_counter:lpm_counter_component|cntr_4pi:auto_generated|counter_comb_bita2    ; |main|master:inst8|lpm_counter0:inst6|lpm_counter:lpm_counter_component|cntr_4pi:auto_generated|counter_comb_bita2       ; sumout           ;
; |main|master:inst8|lpm_counter0:inst6|lpm_counter:lpm_counter_component|cntr_4pi:auto_generated|counter_reg_bit1a[1]  ; |main|master:inst8|lpm_counter0:inst6|lpm_counter:lpm_counter_component|cntr_4pi:auto_generated|safe_q[1]                ; regout           ;
; |main|master:inst8|lpm_counter0:inst6|lpm_counter:lpm_counter_component|cntr_4pi:auto_generated|counter_reg_bit1a[0]  ; |main|master:inst8|lpm_counter0:inst6|lpm_counter:lpm_counter_component|cntr_4pi:auto_generated|safe_q[0]                ; regout           ;
; |main|master:inst8|lpm_compare0:inst5|lpm_compare:lpm_compare_component|cmpr_aig:auto_generated|aneb_result_wire[0]   ; |main|master:inst8|lpm_compare0:inst5|lpm_compare:lpm_compare_component|cmpr_aig:auto_generated|aneb_result_wire[0]      ; out0             ;
; |main|master:inst8|lpm_compare0:inst5|lpm_compare:lpm_compare_component|cmpr_aig:auto_generated|data_wire[0]          ; |main|master:inst8|lpm_compare0:inst5|lpm_compare:lpm_compare_component|cmpr_aig:auto_generated|data_wire[0]             ; out0             ;
; |main|master:inst8|lpm_counter0:inst23|lpm_counter:lpm_counter_component|cntr_4pi:auto_generated|_~7                  ; |main|master:inst8|lpm_counter0:inst23|lpm_counter:lpm_counter_component|cntr_4pi:auto_generated|_~7                     ; out0             ;
; |main|master:inst8|lpm_counter0:inst23|lpm_counter:lpm_counter_component|cntr_4pi:auto_generated|counter_comb_bita0   ; |main|master:inst8|lpm_counter0:inst23|lpm_counter:lpm_counter_component|cntr_4pi:auto_generated|counter_comb_bita0      ; sumout           ;
; |main|master:inst8|lpm_counter0:inst23|lpm_counter:lpm_counter_component|cntr_4pi:auto_generated|counter_comb_bita0   ; |main|master:inst8|lpm_counter0:inst23|lpm_counter:lpm_counter_component|cntr_4pi:auto_generated|counter_comb_bita0~COUT ; cout             ;
; |main|master:inst8|lpm_counter0:inst23|lpm_counter:lpm_counter_component|cntr_4pi:auto_generated|counter_comb_bita1   ; |main|master:inst8|lpm_counter0:inst23|lpm_counter:lpm_counter_component|cntr_4pi:auto_generated|counter_comb_bita1      ; sumout           ;
; |main|master:inst8|lpm_counter0:inst23|lpm_counter:lpm_counter_component|cntr_4pi:auto_generated|counter_comb_bita1   ; |main|master:inst8|lpm_counter0:inst23|lpm_counter:lpm_counter_component|cntr_4pi:auto_generated|counter_comb_bita1~COUT ; cout             ;
; |main|master:inst8|lpm_counter0:inst23|lpm_counter:lpm_counter_component|cntr_4pi:auto_generated|counter_comb_bita2   ; |main|master:inst8|lpm_counter0:inst23|lpm_counter:lpm_counter_component|cntr_4pi:auto_generated|counter_comb_bita2      ; sumout           ;
; |main|master:inst8|lpm_counter0:inst23|lpm_counter:lpm_counter_component|cntr_4pi:auto_generated|counter_reg_bit1a[1] ; |main|master:inst8|lpm_counter0:inst23|lpm_counter:lpm_counter_component|cntr_4pi:auto_generated|safe_q[1]               ; regout           ;
; |main|master:inst8|lpm_counter0:inst23|lpm_counter:lpm_counter_component|cntr_4pi:auto_generated|counter_reg_bit1a[0] ; |main|master:inst8|lpm_counter0:inst23|lpm_counter:lpm_counter_component|cntr_4pi:auto_generated|safe_q[0]               ; regout           ;
; |main|master:inst8|lpm_compare0:inst22|lpm_compare:lpm_compare_component|cmpr_aig:auto_generated|aneb_result_wire[0]  ; |main|master:inst8|lpm_compare0:inst22|lpm_compare:lpm_compare_component|cmpr_aig:auto_generated|aneb_result_wire[0]     ; out0             ;
; |main|master:inst8|lpm_compare0:inst22|lpm_compare:lpm_compare_component|cmpr_aig:auto_generated|data_wire[0]         ; |main|master:inst8|lpm_compare0:inst22|lpm_compare:lpm_compare_component|cmpr_aig:auto_generated|data_wire[0]            ; out0             ;
; |main|master:inst8|lpm_bustri2:inst43|lpm_bustri:lpm_bustri_component|dout[0]                                         ; |main|master:inst8|lpm_bustri2:inst43|lpm_bustri:lpm_bustri_component|dout[0]                                            ; out              ;
; |main|master:inst8|lpm_counter0:inst14|lpm_counter:lpm_counter_component|cntr_4pi:auto_generated|_~7                  ; |main|master:inst8|lpm_counter0:inst14|lpm_counter:lpm_counter_component|cntr_4pi:auto_generated|_~7                     ; out0             ;
; |main|master:inst8|lpm_counter0:inst14|lpm_counter:lpm_counter_component|cntr_4pi:auto_generated|counter_comb_bita0   ; |main|master:inst8|lpm_counter0:inst14|lpm_counter:lpm_counter_component|cntr_4pi:auto_generated|counter_comb_bita0      ; sumout           ;
; |main|master:inst8|lpm_counter0:inst14|lpm_counter:lpm_counter_component|cntr_4pi:auto_generated|counter_comb_bita0   ; |main|master:inst8|lpm_counter0:inst14|lpm_counter:lpm_counter_component|cntr_4pi:auto_generated|counter_comb_bita0~COUT ; cout             ;
; |main|master:inst8|lpm_counter0:inst14|lpm_counter:lpm_counter_component|cntr_4pi:auto_generated|counter_comb_bita1   ; |main|master:inst8|lpm_counter0:inst14|lpm_counter:lpm_counter_component|cntr_4pi:auto_generated|counter_comb_bita1      ; sumout           ;
; |main|master:inst8|lpm_counter0:inst14|lpm_counter:lpm_counter_component|cntr_4pi:auto_generated|counter_comb_bita1   ; |main|master:inst8|lpm_counter0:inst14|lpm_counter:lpm_counter_component|cntr_4pi:auto_generated|counter_comb_bita1~COUT ; cout             ;
; |main|master:inst8|lpm_counter0:inst14|lpm_counter:lpm_counter_component|cntr_4pi:auto_generated|counter_comb_bita2   ; |main|master:inst8|lpm_counter0:inst14|lpm_counter:lpm_counter_component|cntr_4pi:auto_generated|counter_comb_bita2      ; sumout           ;
; |main|master:inst8|lpm_counter0:inst14|lpm_counter:lpm_counter_component|cntr_4pi:auto_generated|counter_reg_bit1a[1] ; |main|master:inst8|lpm_counter0:inst14|lpm_counter:lpm_counter_component|cntr_4pi:auto_generated|safe_q[1]               ; regout           ;
; |main|master:inst8|lpm_counter0:inst14|lpm_counter:lpm_counter_component|cntr_4pi:auto_generated|counter_reg_bit1a[0] ; |main|master:inst8|lpm_counter0:inst14|lpm_counter:lpm_counter_component|cntr_4pi:auto_generated|safe_q[0]               ; regout           ;
; |main|master:inst8|lpm_compare0:inst13|lpm_compare:lpm_compare_component|cmpr_aig:auto_generated|aneb_result_wire[0]  ; |main|master:inst8|lpm_compare0:inst13|lpm_compare:lpm_compare_component|cmpr_aig:auto_generated|aneb_result_wire[0]     ; out0             ;
; |main|master:inst8|lpm_compare0:inst13|lpm_compare:lpm_compare_component|cmpr_aig:auto_generated|data_wire[0]         ; |main|master:inst8|lpm_compare0:inst13|lpm_compare:lpm_compare_component|cmpr_aig:auto_generated|data_wire[0]            ; out0             ;
; |main|arbiter:inst4|inst10                                                                                            ; |main|arbiter:inst4|inst10                                                                                               ; regout           ;
; |main|arbiter:inst4|inst11                                                                                            ; |main|arbiter:inst4|inst11                                                                                               ; out0             ;
; |main|arbiter:inst4|inst7                                                                                             ; |main|arbiter:inst4|inst7                                                                                                ; out0             ;
; |main|arbiter:inst4|inst                                                                                              ; |main|arbiter:inst4|inst                                                                                                 ; out0             ;
; |main|arbiter:inst4|inst14                                                                                            ; |main|arbiter:inst4|inst14                                                                                               ; regout           ;
; |main|arbiter:inst4|inst13                                                                                            ; |main|arbiter:inst4|inst13                                                                                               ; out0             ;
; |main|arbiter:inst4|inst8                                                                                             ; |main|arbiter:inst4|inst8                                                                                                ; out0             ;
; |main|arbiter:inst4|inst20                                                                                            ; |main|arbiter:inst4|inst20                                                                                               ; out0             ;
; |main|master:inst|inst30                                                                                              ; |main|master:inst|inst30                                                                                                 ; regout           ;
; |main|master:inst|inst32                                                                                              ; |main|master:inst|inst32                                                                                                 ; out0             ;
; |main|master:inst|inst31                                                                                              ; |main|master:inst|inst31                                                                                                 ; out0             ;
; |main|master:inst|inst44                                                                                              ; |main|master:inst|inst44                                                                                                 ; regout           ;
; |main|master:inst|inst45                                                                                              ; |main|master:inst|inst45                                                                                                 ; out0             ;
; |main|master:inst|inst20                                                                                              ; |main|master:inst|inst20                                                                                                 ; regout           ;
; |main|master:inst|inst20~0                                                                                            ; |main|master:inst|inst20~0                                                                                               ; out0             ;
; |main|master:inst|inst16                                                                                              ; |main|master:inst|inst16                                                                                                 ; out0             ;
; |main|master:inst|inst18                                                                                              ; |main|master:inst|inst18                                                                                                 ; out0             ;
; |main|master:inst|inst17                                                                                              ; |main|master:inst|inst17                                                                                                 ; out0             ;
; |main|master:inst|inst49                                                                                              ; |main|master:inst|inst49                                                                                                 ; out0             ;
; |main|master:inst|inst41                                                                                              ; |main|master:inst|inst41                                                                                                 ; regout           ;
; |main|master:inst|inst41~0                                                                                            ; |main|master:inst|inst41~0                                                                                               ; out0             ;
; |main|master:inst|inst42                                                                                              ; |main|master:inst|inst42                                                                                                 ; out0             ;
; |main|master:inst|inst29                                                                                              ; |main|master:inst|inst29                                                                                                 ; regout           ;
; |main|master:inst|inst29~0                                                                                            ; |main|master:inst|inst29~0                                                                                               ; out0             ;
; |main|master:inst|inst25                                                                                              ; |main|master:inst|inst25                                                                                                 ; out0             ;
; |main|master:inst|inst27                                                                                              ; |main|master:inst|inst27                                                                                                 ; out0             ;
; |main|master:inst|inst26                                                                                              ; |main|master:inst|inst26                                                                                                 ; out0             ;
; |main|master:inst|inst12                                                                                              ; |main|master:inst|inst12                                                                                                 ; regout           ;
; |main|master:inst|inst12~0                                                                                            ; |main|master:inst|inst12~0                                                                                               ; out0             ;
; |main|master:inst|inst8                                                                                               ; |main|master:inst|inst8                                                                                                  ; out0             ;
; |main|master:inst|inst10                                                                                              ; |main|master:inst|inst10                                                                                                 ; out0             ;
; |main|master:inst|inst9                                                                                               ; |main|master:inst|inst9                                                                                                  ; out0             ;
; |main|master:inst|inst35                                                                                              ; |main|master:inst|inst35                                                                                                 ; out0             ;
; |main|master:inst|lpm_counter1:inst39|lpm_counter:lpm_counter_component|cntr_7nh:auto_generated|counter_comb_bita0    ; |main|master:inst|lpm_counter1:inst39|lpm_counter:lpm_counter_component|cntr_7nh:auto_generated|counter_comb_bita0       ; sumout           ;
; |main|master:inst|lpm_counter1:inst39|lpm_counter:lpm_counter_component|cntr_7nh:auto_generated|counter_comb_bita0    ; |main|master:inst|lpm_counter1:inst39|lpm_counter:lpm_counter_component|cntr_7nh:auto_generated|counter_comb_bita0~COUT  ; cout             ;
; |main|master:inst|lpm_counter1:inst39|lpm_counter:lpm_counter_component|cntr_7nh:auto_generated|counter_comb_bita1    ; |main|master:inst|lpm_counter1:inst39|lpm_counter:lpm_counter_component|cntr_7nh:auto_generated|counter_comb_bita1       ; sumout           ;
; |main|master:inst|lpm_counter1:inst39|lpm_counter:lpm_counter_component|cntr_7nh:auto_generated|counter_comb_bita1    ; |main|master:inst|lpm_counter1:inst39|lpm_counter:lpm_counter_component|cntr_7nh:auto_generated|counter_comb_bita1~COUT  ; cout             ;
; |main|master:inst|lpm_counter1:inst39|lpm_counter:lpm_counter_component|cntr_7nh:auto_generated|counter_comb_bita2    ; |main|master:inst|lpm_counter1:inst39|lpm_counter:lpm_counter_component|cntr_7nh:auto_generated|counter_comb_bita2       ; sumout           ;
; |main|master:inst|lpm_counter1:inst39|lpm_counter:lpm_counter_component|cntr_7nh:auto_generated|counter_reg_bit1a[0]  ; |main|master:inst|lpm_counter1:inst39|lpm_counter:lpm_counter_component|cntr_7nh:auto_generated|safe_q[0]                ; regout           ;
; |main|master:inst|lpm_bustri1:inst40|lpm_bustri:lpm_bustri_component|dout[1]                                          ; |main|master:inst|lpm_bustri1:inst40|lpm_bustri:lpm_bustri_component|dout[1]                                             ; out              ;
; |main|master:inst|lpm_bustri1:inst40|lpm_bustri:lpm_bustri_component|dout[0]                                          ; |main|master:inst|lpm_bustri1:inst40|lpm_bustri:lpm_bustri_component|dout[0]                                             ; out              ;
; |main|master:inst|lpm_counter0:inst6|lpm_counter:lpm_counter_component|cntr_4pi:auto_generated|_~7                    ; |main|master:inst|lpm_counter0:inst6|lpm_counter:lpm_counter_component|cntr_4pi:auto_generated|_~7                       ; out0             ;
; |main|master:inst|lpm_counter0:inst6|lpm_counter:lpm_counter_component|cntr_4pi:auto_generated|counter_comb_bita0     ; |main|master:inst|lpm_counter0:inst6|lpm_counter:lpm_counter_component|cntr_4pi:auto_generated|counter_comb_bita0        ; sumout           ;
; |main|master:inst|lpm_counter0:inst6|lpm_counter:lpm_counter_component|cntr_4pi:auto_generated|counter_comb_bita0     ; |main|master:inst|lpm_counter0:inst6|lpm_counter:lpm_counter_component|cntr_4pi:auto_generated|counter_comb_bita0~COUT   ; cout             ;
; |main|master:inst|lpm_counter0:inst6|lpm_counter:lpm_counter_component|cntr_4pi:auto_generated|counter_comb_bita1     ; |main|master:inst|lpm_counter0:inst6|lpm_counter:lpm_counter_component|cntr_4pi:auto_generated|counter_comb_bita1        ; sumout           ;
; |main|master:inst|lpm_counter0:inst6|lpm_counter:lpm_counter_component|cntr_4pi:auto_generated|counter_comb_bita1     ; |main|master:inst|lpm_counter0:inst6|lpm_counter:lpm_counter_component|cntr_4pi:auto_generated|counter_comb_bita1~COUT   ; cout             ;
; |main|master:inst|lpm_counter0:inst6|lpm_counter:lpm_counter_component|cntr_4pi:auto_generated|counter_comb_bita2     ; |main|master:inst|lpm_counter0:inst6|lpm_counter:lpm_counter_component|cntr_4pi:auto_generated|counter_comb_bita2        ; sumout           ;
; |main|master:inst|lpm_counter0:inst6|lpm_counter:lpm_counter_component|cntr_4pi:auto_generated|counter_reg_bit1a[1]   ; |main|master:inst|lpm_counter0:inst6|lpm_counter:lpm_counter_component|cntr_4pi:auto_generated|safe_q[1]                 ; regout           ;
; |main|master:inst|lpm_counter0:inst6|lpm_counter:lpm_counter_component|cntr_4pi:auto_generated|counter_reg_bit1a[0]   ; |main|master:inst|lpm_counter0:inst6|lpm_counter:lpm_counter_component|cntr_4pi:auto_generated|safe_q[0]                 ; regout           ;
; |main|master:inst|lpm_compare0:inst5|lpm_compare:lpm_compare_component|cmpr_aig:auto_generated|aneb_result_wire[0]    ; |main|master:inst|lpm_compare0:inst5|lpm_compare:lpm_compare_component|cmpr_aig:auto_generated|aneb_result_wire[0]       ; out0             ;
; |main|master:inst|lpm_compare0:inst5|lpm_compare:lpm_compare_component|cmpr_aig:auto_generated|data_wire[0]           ; |main|master:inst|lpm_compare0:inst5|lpm_compare:lpm_compare_component|cmpr_aig:auto_generated|data_wire[0]              ; out0             ;
; |main|master:inst|lpm_counter0:inst23|lpm_counter:lpm_counter_component|cntr_4pi:auto_generated|_~7                   ; |main|master:inst|lpm_counter0:inst23|lpm_counter:lpm_counter_component|cntr_4pi:auto_generated|_~7                      ; out0             ;
; |main|master:inst|lpm_counter0:inst23|lpm_counter:lpm_counter_component|cntr_4pi:auto_generated|counter_comb_bita0    ; |main|master:inst|lpm_counter0:inst23|lpm_counter:lpm_counter_component|cntr_4pi:auto_generated|counter_comb_bita0       ; sumout           ;
; |main|master:inst|lpm_counter0:inst23|lpm_counter:lpm_counter_component|cntr_4pi:auto_generated|counter_comb_bita0    ; |main|master:inst|lpm_counter0:inst23|lpm_counter:lpm_counter_component|cntr_4pi:auto_generated|counter_comb_bita0~COUT  ; cout             ;
; |main|master:inst|lpm_counter0:inst23|lpm_counter:lpm_counter_component|cntr_4pi:auto_generated|counter_comb_bita1    ; |main|master:inst|lpm_counter0:inst23|lpm_counter:lpm_counter_component|cntr_4pi:auto_generated|counter_comb_bita1       ; sumout           ;
; |main|master:inst|lpm_counter0:inst23|lpm_counter:lpm_counter_component|cntr_4pi:auto_generated|counter_comb_bita1    ; |main|master:inst|lpm_counter0:inst23|lpm_counter:lpm_counter_component|cntr_4pi:auto_generated|counter_comb_bita1~COUT  ; cout             ;
; |main|master:inst|lpm_counter0:inst23|lpm_counter:lpm_counter_component|cntr_4pi:auto_generated|counter_comb_bita2    ; |main|master:inst|lpm_counter0:inst23|lpm_counter:lpm_counter_component|cntr_4pi:auto_generated|counter_comb_bita2       ; sumout           ;
; |main|master:inst|lpm_counter0:inst23|lpm_counter:lpm_counter_component|cntr_4pi:auto_generated|counter_reg_bit1a[1]  ; |main|master:inst|lpm_counter0:inst23|lpm_counter:lpm_counter_component|cntr_4pi:auto_generated|safe_q[1]                ; regout           ;
; |main|master:inst|lpm_counter0:inst23|lpm_counter:lpm_counter_component|cntr_4pi:auto_generated|counter_reg_bit1a[0]  ; |main|master:inst|lpm_counter0:inst23|lpm_counter:lpm_counter_component|cntr_4pi:auto_generated|safe_q[0]                ; regout           ;
; |main|master:inst|lpm_compare0:inst22|lpm_compare:lpm_compare_component|cmpr_aig:auto_generated|aneb_result_wire[0]   ; |main|master:inst|lpm_compare0:inst22|lpm_compare:lpm_compare_component|cmpr_aig:auto_generated|aneb_result_wire[0]      ; out0             ;
; |main|master:inst|lpm_compare0:inst22|lpm_compare:lpm_compare_component|cmpr_aig:auto_generated|data_wire[0]          ; |main|master:inst|lpm_compare0:inst22|lpm_compare:lpm_compare_component|cmpr_aig:auto_generated|data_wire[0]             ; out0             ;
; |main|master:inst|lpm_bustri2:inst43|lpm_bustri:lpm_bustri_component|dout[0]                                          ; |main|master:inst|lpm_bustri2:inst43|lpm_bustri:lpm_bustri_component|dout[0]                                             ; out              ;
; |main|master:inst|lpm_counter0:inst14|lpm_counter:lpm_counter_component|cntr_4pi:auto_generated|_~7                   ; |main|master:inst|lpm_counter0:inst14|lpm_counter:lpm_counter_component|cntr_4pi:auto_generated|_~7                      ; out0             ;
; |main|master:inst|lpm_counter0:inst14|lpm_counter:lpm_counter_component|cntr_4pi:auto_generated|counter_comb_bita0    ; |main|master:inst|lpm_counter0:inst14|lpm_counter:lpm_counter_component|cntr_4pi:auto_generated|counter_comb_bita0       ; sumout           ;
; |main|master:inst|lpm_counter0:inst14|lpm_counter:lpm_counter_component|cntr_4pi:auto_generated|counter_comb_bita0    ; |main|master:inst|lpm_counter0:inst14|lpm_counter:lpm_counter_component|cntr_4pi:auto_generated|counter_comb_bita0~COUT  ; cout             ;
; |main|master:inst|lpm_counter0:inst14|lpm_counter:lpm_counter_component|cntr_4pi:auto_generated|counter_comb_bita1    ; |main|master:inst|lpm_counter0:inst14|lpm_counter:lpm_counter_component|cntr_4pi:auto_generated|counter_comb_bita1       ; sumout           ;
; |main|master:inst|lpm_counter0:inst14|lpm_counter:lpm_counter_component|cntr_4pi:auto_generated|counter_comb_bita1    ; |main|master:inst|lpm_counter0:inst14|lpm_counter:lpm_counter_component|cntr_4pi:auto_generated|counter_comb_bita1~COUT  ; cout             ;
; |main|master:inst|lpm_counter0:inst14|lpm_counter:lpm_counter_component|cntr_4pi:auto_generated|counter_comb_bita2    ; |main|master:inst|lpm_counter0:inst14|lpm_counter:lpm_counter_component|cntr_4pi:auto_generated|counter_comb_bita2       ; sumout           ;
; |main|master:inst|lpm_counter0:inst14|lpm_counter:lpm_counter_component|cntr_4pi:auto_generated|counter_reg_bit1a[1]  ; |main|master:inst|lpm_counter0:inst14|lpm_counter:lpm_counter_component|cntr_4pi:auto_generated|safe_q[1]                ; regout           ;
; |main|master:inst|lpm_counter0:inst14|lpm_counter:lpm_counter_component|cntr_4pi:auto_generated|counter_reg_bit1a[0]  ; |main|master:inst|lpm_counter0:inst14|lpm_counter:lpm_counter_component|cntr_4pi:auto_generated|safe_q[0]                ; regout           ;
; |main|master:inst|lpm_compare0:inst13|lpm_compare:lpm_compare_component|cmpr_aig:auto_generated|aneb_result_wire[0]   ; |main|master:inst|lpm_compare0:inst13|lpm_compare:lpm_compare_component|cmpr_aig:auto_generated|aneb_result_wire[0]      ; out0             ;
; |main|master:inst|lpm_compare0:inst13|lpm_compare:lpm_compare_component|cmpr_aig:auto_generated|data_wire[0]          ; |main|master:inst|lpm_compare0:inst13|lpm_compare:lpm_compare_component|cmpr_aig:auto_generated|data_wire[0]             ; out0             ;
+-----------------------------------------------------------------------------------------------------------------------+--------------------------------------------------------------------------------------------------------------------------+------------------+


The following table displays output ports that do not toggle to 1 during simulation.
+----------------------------------------------------------------------------------------------------------------------------------------------------------------------------------------------------------------------------------------------------------------------------------------------+
; Missing 1-Value Coverage                                                                                                                                                                                                                                                                     ;
+-------------------------------------------------------------------------------------------------------------------------------------+-------------------------------------------------------------------------------------------------------------------------------------+------------------+
; Node Name                                                                                                                           ; Output Port Name                                                                                                                    ; Output Port Type ;
+-------------------------------------------------------------------------------------------------------------------------------------+-------------------------------------------------------------------------------------------------------------------------------------+------------------+
; |main|gdfx_temp1[7]                                                                                                                 ; |main|gdfx_temp1[7]                                                                                                                 ; out0             ;
; |main|gdfx_temp1[6]                                                                                                                 ; |main|gdfx_temp1[6]                                                                                                                 ; out0             ;
; |main|gdfx_temp1[5]                                                                                                                 ; |main|gdfx_temp1[5]                                                                                                                 ; out0             ;
; |main|gdfx_temp1[4]                                                                                                                 ; |main|gdfx_temp1[4]                                                                                                                 ; out0             ;
; |main|gdfx_temp1[3]                                                                                                                 ; |main|gdfx_temp1[3]                                                                                                                 ; out0             ;
; |main|gdfx_temp1[2]                                                                                                                 ; |main|gdfx_temp1[2]                                                                                                                 ; out0             ;
; |main|data[7]                                                                                                                       ; |main|data[7]                                                                                                                       ; pin_out          ;
; |main|data[6]                                                                                                                       ; |main|data[6]                                                                                                                       ; pin_out          ;
; |main|data[5]                                                                                                                       ; |main|data[5]                                                                                                                       ; pin_out          ;
; |main|data[4]                                                                                                                       ; |main|data[4]                                                                                                                       ; pin_out          ;
; |main|data[3]                                                                                                                       ; |main|data[3]                                                                                                                       ; pin_out          ;
; |main|data[2]                                                                                                                       ; |main|data[2]                                                                                                                       ; pin_out          ;
; |main|slave_data1[7]                                                                                                                ; |main|slave_data1[7]                                                                                                                ; pin_out          ;
; |main|slave_data1[6]                                                                                                                ; |main|slave_data1[6]                                                                                                                ; pin_out          ;
; |main|slave_data1[5]                                                                                                                ; |main|slave_data1[5]                                                                                                                ; pin_out          ;
; |main|slave_data1[4]                                                                                                                ; |main|slave_data1[4]                                                                                                                ; pin_out          ;
; |main|slave_data1[3]                                                                                                                ; |main|slave_data1[3]                                                                                                                ; pin_out          ;
; |main|slave_data1[2]                                                                                                                ; |main|slave_data1[2]                                                                                                                ; pin_out          ;
; |main|slave_data2[7]                                                                                                                ; |main|slave_data2[7]                                                                                                                ; pin_out          ;
; |main|slave_data2[6]                                                                                                                ; |main|slave_data2[6]                                                                                                                ; pin_out          ;
; |main|slave_data2[5]                                                                                                                ; |main|slave_data2[5]                                                                                                                ; pin_out          ;
; |main|slave_data2[4]                                                                                                                ; |main|slave_data2[4]                                                                                                                ; pin_out          ;
; |main|slave_data2[3]                                                                                                                ; |main|slave_data2[3]                                                                                                                ; pin_out          ;
; |main|slave_data2[2]                                                                                                                ; |main|slave_data2[2]                                                                                                                ; pin_out          ;
; |main|slave_data3[7]                                                                                                                ; |main|slave_data3[7]                                                                                                                ; pin_out          ;
; |main|slave_data3[6]                                                                                                                ; |main|slave_data3[6]                                                                                                                ; pin_out          ;
; |main|slave_data3[5]                                                                                                                ; |main|slave_data3[5]                                                                                                                ; pin_out          ;
; |main|slave_data3[4]                                                                                                                ; |main|slave_data3[4]                                                                                                                ; pin_out          ;
; |main|slave_data3[3]                                                                                                                ; |main|slave_data3[3]                                                                                                                ; pin_out          ;
; |main|slave_data3[2]                                                                                                                ; |main|slave_data3[2]                                                                                                                ; pin_out          ;
; |main|slave_data3[1]                                                                                                                ; |main|slave_data3[1]                                                                                                                ; pin_out          ;
; |main|slave_data3[0]                                                                                                                ; |main|slave_data3[0]                                                                                                                ; pin_out          ;
; |main|slave_data4[7]                                                                                                                ; |main|slave_data4[7]                                                                                                                ; pin_out          ;
; |main|slave_data4[6]                                                                                                                ; |main|slave_data4[6]                                                                                                                ; pin_out          ;
; |main|slave_data4[5]                                                                                                                ; |main|slave_data4[5]                                                                                                                ; pin_out          ;
; |main|slave_data4[4]                                                                                                                ; |main|slave_data4[4]                                                                                                                ; pin_out          ;
; |main|slave_data4[3]                                                                                                                ; |main|slave_data4[3]                                                                                                                ; pin_out          ;
; |main|slave_data4[2]                                                                                                                ; |main|slave_data4[2]                                                                                                                ; pin_out          ;
; |main|slave_data4[0]                                                                                                                ; |main|slave_data4[0]                                                                                                                ; pin_out          ;
; |main|slave_data5[7]                                                                                                                ; |main|slave_data5[7]                                                                                                                ; pin_out          ;
; |main|slave_data5[6]                                                                                                                ; |main|slave_data5[6]                                                                                                                ; pin_out          ;
; |main|slave_data5[5]                                                                                                                ; |main|slave_data5[5]                                                                                                                ; pin_out          ;
; |main|slave_data5[4]                                                                                                                ; |main|slave_data5[4]                                                                                                                ; pin_out          ;
; |main|slave_data5[3]                                                                                                                ; |main|slave_data5[3]                                                                                                                ; pin_out          ;
; |main|slave_data5[2]                                                                                                                ; |main|slave_data5[2]                                                                                                                ; pin_out          ;
; |main|slave_data5[1]                                                                                                                ; |main|slave_data5[1]                                                                                                                ; pin_out          ;
; |main|slave_data5[0]                                                                                                                ; |main|slave_data5[0]                                                                                                                ; pin_out          ;
; |main|slave:inst7|inst51                                                                                                            ; |main|slave:inst7|inst51                                                                                                            ; regout           ;
; |main|slave:inst7|inst51~0                                                                                                          ; |main|slave:inst7|inst51~0                                                                                                          ; out0             ;
; |main|slave:inst7|inst46                                                                                                            ; |main|slave:inst7|inst46                                                                                                            ; out0             ;
; |main|slave:inst7|inst20                                                                                                            ; |main|slave:inst7|inst20                                                                                                            ; regout           ;
; |main|slave:inst7|inst20~0                                                                                                          ; |main|slave:inst7|inst20~0                                                                                                          ; out0             ;
; |main|slave:inst7|inst18                                                                                                            ; |main|slave:inst7|inst18                                                                                                            ; out0             ;
; |main|slave:inst7|inst41                                                                                                            ; |main|slave:inst7|inst41                                                                                                            ; regout           ;
; |main|slave:inst7|inst41~0                                                                                                          ; |main|slave:inst7|inst41~0                                                                                                          ; out0             ;
; |main|slave:inst7|inst42                                                                                                            ; |main|slave:inst7|inst42                                                                                                            ; out0             ;
; |main|slave:inst7|inst12                                                                                                            ; |main|slave:inst7|inst12                                                                                                            ; regout           ;
; |main|slave:inst7|inst12~0                                                                                                          ; |main|slave:inst7|inst12~0                                                                                                          ; out0             ;
; |main|slave:inst7|inst8                                                                                                             ; |main|slave:inst7|inst8                                                                                                             ; out0             ;
; |main|slave:inst7|inst10                                                                                                            ; |main|slave:inst7|inst10                                                                                                            ; out0             ;
; |main|slave:inst7|inst9                                                                                                             ; |main|slave:inst7|inst9                                                                                                             ; out0             ;
; |main|slave:inst7|inst52                                                                                                            ; |main|slave:inst7|inst52                                                                                                            ; out0             ;
; |main|slave:inst7|lpm_dff0:inst3|lpm_ff:lpm_ff_component|dffs[7]                                                                    ; |main|slave:inst7|lpm_dff0:inst3|lpm_ff:lpm_ff_component|dffs[7]                                                                    ; regout           ;
; |main|slave:inst7|lpm_dff0:inst3|lpm_ff:lpm_ff_component|dffs[6]                                                                    ; |main|slave:inst7|lpm_dff0:inst3|lpm_ff:lpm_ff_component|dffs[6]                                                                    ; regout           ;
; |main|slave:inst7|lpm_dff0:inst3|lpm_ff:lpm_ff_component|dffs[5]                                                                    ; |main|slave:inst7|lpm_dff0:inst3|lpm_ff:lpm_ff_component|dffs[5]                                                                    ; regout           ;
; |main|slave:inst7|lpm_dff0:inst3|lpm_ff:lpm_ff_component|dffs[4]                                                                    ; |main|slave:inst7|lpm_dff0:inst3|lpm_ff:lpm_ff_component|dffs[4]                                                                    ; regout           ;
; |main|slave:inst7|lpm_dff0:inst3|lpm_ff:lpm_ff_component|dffs[3]                                                                    ; |main|slave:inst7|lpm_dff0:inst3|lpm_ff:lpm_ff_component|dffs[3]                                                                    ; regout           ;
; |main|slave:inst7|lpm_dff0:inst3|lpm_ff:lpm_ff_component|dffs[2]                                                                    ; |main|slave:inst7|lpm_dff0:inst3|lpm_ff:lpm_ff_component|dffs[2]                                                                    ; regout           ;
; |main|slave:inst7|lpm_dff0:inst3|lpm_ff:lpm_ff_component|dffs[1]                                                                    ; |main|slave:inst7|lpm_dff0:inst3|lpm_ff:lpm_ff_component|dffs[1]                                                                    ; regout           ;
; |main|slave:inst7|lpm_dff0:inst3|lpm_ff:lpm_ff_component|dffs[0]                                                                    ; |main|slave:inst7|lpm_dff0:inst3|lpm_ff:lpm_ff_component|dffs[0]                                                                    ; regout           ;
; |main|slave:inst7|lpm_counter0:inst6|lpm_counter:lpm_counter_component|cntr_4pi:auto_generated|_~7                                  ; |main|slave:inst7|lpm_counter0:inst6|lpm_counter:lpm_counter_component|cntr_4pi:auto_generated|_~7                                  ; out0             ;
; |main|slave:inst7|lpm_counter0:inst6|lpm_counter:lpm_counter_component|cntr_4pi:auto_generated|counter_comb_bita0                   ; |main|slave:inst7|lpm_counter0:inst6|lpm_counter:lpm_counter_component|cntr_4pi:auto_generated|counter_comb_bita0                   ; sumout           ;
; |main|slave:inst7|lpm_counter0:inst6|lpm_counter:lpm_counter_component|cntr_4pi:auto_generated|counter_comb_bita0                   ; |main|slave:inst7|lpm_counter0:inst6|lpm_counter:lpm_counter_component|cntr_4pi:auto_generated|counter_comb_bita0~COUT              ; cout             ;
; |main|slave:inst7|lpm_counter0:inst6|lpm_counter:lpm_counter_component|cntr_4pi:auto_generated|counter_comb_bita1                   ; |main|slave:inst7|lpm_counter0:inst6|lpm_counter:lpm_counter_component|cntr_4pi:auto_generated|counter_comb_bita1                   ; sumout           ;
; |main|slave:inst7|lpm_counter0:inst6|lpm_counter:lpm_counter_component|cntr_4pi:auto_generated|counter_comb_bita1                   ; |main|slave:inst7|lpm_counter0:inst6|lpm_counter:lpm_counter_component|cntr_4pi:auto_generated|counter_comb_bita1~COUT              ; cout             ;
; |main|slave:inst7|lpm_counter0:inst6|lpm_counter:lpm_counter_component|cntr_4pi:auto_generated|counter_comb_bita2                   ; |main|slave:inst7|lpm_counter0:inst6|lpm_counter:lpm_counter_component|cntr_4pi:auto_generated|counter_comb_bita2                   ; sumout           ;
; |main|slave:inst7|lpm_counter0:inst6|lpm_counter:lpm_counter_component|cntr_4pi:auto_generated|counter_reg_bit1a[2]                 ; |main|slave:inst7|lpm_counter0:inst6|lpm_counter:lpm_counter_component|cntr_4pi:auto_generated|safe_q[2]                            ; regout           ;
; |main|slave:inst7|lpm_counter0:inst6|lpm_counter:lpm_counter_component|cntr_4pi:auto_generated|counter_reg_bit1a[1]                 ; |main|slave:inst7|lpm_counter0:inst6|lpm_counter:lpm_counter_component|cntr_4pi:auto_generated|safe_q[1]                            ; regout           ;
; |main|slave:inst7|lpm_counter0:inst6|lpm_counter:lpm_counter_component|cntr_4pi:auto_generated|counter_reg_bit1a[0]                 ; |main|slave:inst7|lpm_counter0:inst6|lpm_counter:lpm_counter_component|cntr_4pi:auto_generated|safe_q[0]                            ; regout           ;
; |main|slave:inst7|lpm_compare0:inst5|lpm_compare:lpm_compare_component|cmpr_aig:auto_generated|aneb_result_wire[0]                  ; |main|slave:inst7|lpm_compare0:inst5|lpm_compare:lpm_compare_component|cmpr_aig:auto_generated|aneb_result_wire[0]                  ; out0             ;
; |main|slave:inst7|lpm_compare0:inst5|lpm_compare:lpm_compare_component|cmpr_aig:auto_generated|data_wire[0]                         ; |main|slave:inst7|lpm_compare0:inst5|lpm_compare:lpm_compare_component|cmpr_aig:auto_generated|data_wire[0]                         ; out0             ;
; |main|slave:inst7|lpm_counter0:inst14|lpm_counter:lpm_counter_component|cntr_4pi:auto_generated|_~7                                 ; |main|slave:inst7|lpm_counter0:inst14|lpm_counter:lpm_counter_component|cntr_4pi:auto_generated|_~7                                 ; out0             ;
; |main|slave:inst7|lpm_counter0:inst14|lpm_counter:lpm_counter_component|cntr_4pi:auto_generated|counter_comb_bita0                  ; |main|slave:inst7|lpm_counter0:inst14|lpm_counter:lpm_counter_component|cntr_4pi:auto_generated|counter_comb_bita0                  ; sumout           ;
; |main|slave:inst7|lpm_counter0:inst14|lpm_counter:lpm_counter_component|cntr_4pi:auto_generated|counter_comb_bita0                  ; |main|slave:inst7|lpm_counter0:inst14|lpm_counter:lpm_counter_component|cntr_4pi:auto_generated|counter_comb_bita0~COUT             ; cout             ;
; |main|slave:inst7|lpm_counter0:inst14|lpm_counter:lpm_counter_component|cntr_4pi:auto_generated|counter_comb_bita1                  ; |main|slave:inst7|lpm_counter0:inst14|lpm_counter:lpm_counter_component|cntr_4pi:auto_generated|counter_comb_bita1                  ; sumout           ;
; |main|slave:inst7|lpm_counter0:inst14|lpm_counter:lpm_counter_component|cntr_4pi:auto_generated|counter_comb_bita1                  ; |main|slave:inst7|lpm_counter0:inst14|lpm_counter:lpm_counter_component|cntr_4pi:auto_generated|counter_comb_bita1~COUT             ; cout             ;
; |main|slave:inst7|lpm_counter0:inst14|lpm_counter:lpm_counter_component|cntr_4pi:auto_generated|counter_comb_bita2                  ; |main|slave:inst7|lpm_counter0:inst14|lpm_counter:lpm_counter_component|cntr_4pi:auto_generated|counter_comb_bita2                  ; sumout           ;
; |main|slave:inst7|lpm_counter0:inst14|lpm_counter:lpm_counter_component|cntr_4pi:auto_generated|counter_reg_bit1a[2]                ; |main|slave:inst7|lpm_counter0:inst14|lpm_counter:lpm_counter_component|cntr_4pi:auto_generated|safe_q[2]                           ; regout           ;
; |main|slave:inst7|lpm_counter0:inst14|lpm_counter:lpm_counter_component|cntr_4pi:auto_generated|counter_reg_bit1a[1]                ; |main|slave:inst7|lpm_counter0:inst14|lpm_counter:lpm_counter_component|cntr_4pi:auto_generated|safe_q[1]                           ; regout           ;
; |main|slave:inst7|lpm_counter0:inst14|lpm_counter:lpm_counter_component|cntr_4pi:auto_generated|counter_reg_bit1a[0]                ; |main|slave:inst7|lpm_counter0:inst14|lpm_counter:lpm_counter_component|cntr_4pi:auto_generated|safe_q[0]                           ; regout           ;
; |main|slave:inst7|lpm_compare0:inst13|lpm_compare:lpm_compare_component|cmpr_aig:auto_generated|aneb_result_wire[0]                 ; |main|slave:inst7|lpm_compare0:inst13|lpm_compare:lpm_compare_component|cmpr_aig:auto_generated|aneb_result_wire[0]                 ; out0             ;
; |main|slave:inst7|lpm_compare0:inst13|lpm_compare:lpm_compare_component|cmpr_aig:auto_generated|data_wire[0]                        ; |main|slave:inst7|lpm_compare0:inst13|lpm_compare:lpm_compare_component|cmpr_aig:auto_generated|data_wire[0]                        ; out0             ;
; |main|slave:inst7|lpm_bustri2:inst43|lpm_bustri:lpm_bustri_component|dout[0]                                                        ; |main|slave:inst7|lpm_bustri2:inst43|lpm_bustri:lpm_bustri_component|dout[0]                                                        ; out              ;
; |main|slave:inst12|lpm_dff0:inst3|lpm_ff:lpm_ff_component|dffs[7]                                                                   ; |main|slave:inst12|lpm_dff0:inst3|lpm_ff:lpm_ff_component|dffs[7]                                                                   ; regout           ;
; |main|slave:inst12|lpm_dff0:inst3|lpm_ff:lpm_ff_component|dffs[6]                                                                   ; |main|slave:inst12|lpm_dff0:inst3|lpm_ff:lpm_ff_component|dffs[6]                                                                   ; regout           ;
; |main|slave:inst12|lpm_dff0:inst3|lpm_ff:lpm_ff_component|dffs[5]                                                                   ; |main|slave:inst12|lpm_dff0:inst3|lpm_ff:lpm_ff_component|dffs[5]                                                                   ; regout           ;
; |main|slave:inst12|lpm_dff0:inst3|lpm_ff:lpm_ff_component|dffs[4]                                                                   ; |main|slave:inst12|lpm_dff0:inst3|lpm_ff:lpm_ff_component|dffs[4]                                                                   ; regout           ;
; |main|slave:inst12|lpm_dff0:inst3|lpm_ff:lpm_ff_component|dffs[3]                                                                   ; |main|slave:inst12|lpm_dff0:inst3|lpm_ff:lpm_ff_component|dffs[3]                                                                   ; regout           ;
; |main|slave:inst12|lpm_dff0:inst3|lpm_ff:lpm_ff_component|dffs[2]                                                                   ; |main|slave:inst12|lpm_dff0:inst3|lpm_ff:lpm_ff_component|dffs[2]                                                                   ; regout           ;
; |main|slave:inst12|lpm_dff0:inst3|lpm_ff:lpm_ff_component|dffs[0]                                                                   ; |main|slave:inst12|lpm_dff0:inst3|lpm_ff:lpm_ff_component|dffs[0]                                                                   ; regout           ;
; |main|slave:inst10|inst51                                                                                                           ; |main|slave:inst10|inst51                                                                                                           ; regout           ;
; |main|slave:inst10|inst51~0                                                                                                         ; |main|slave:inst10|inst51~0                                                                                                         ; out0             ;
; |main|slave:inst10|inst46                                                                                                           ; |main|slave:inst10|inst46                                                                                                           ; out0             ;
; |main|slave:inst10|inst20                                                                                                           ; |main|slave:inst10|inst20                                                                                                           ; regout           ;
; |main|slave:inst10|inst20~0                                                                                                         ; |main|slave:inst10|inst20~0                                                                                                         ; out0             ;
; |main|slave:inst10|inst18                                                                                                           ; |main|slave:inst10|inst18                                                                                                           ; out0             ;
; |main|slave:inst10|inst41                                                                                                           ; |main|slave:inst10|inst41                                                                                                           ; regout           ;
; |main|slave:inst10|inst41~0                                                                                                         ; |main|slave:inst10|inst41~0                                                                                                         ; out0             ;
; |main|slave:inst10|inst42                                                                                                           ; |main|slave:inst10|inst42                                                                                                           ; out0             ;
; |main|slave:inst10|inst12                                                                                                           ; |main|slave:inst10|inst12                                                                                                           ; regout           ;
; |main|slave:inst10|inst12~0                                                                                                         ; |main|slave:inst10|inst12~0                                                                                                         ; out0             ;
; |main|slave:inst10|inst8                                                                                                            ; |main|slave:inst10|inst8                                                                                                            ; out0             ;
; |main|slave:inst10|inst10                                                                                                           ; |main|slave:inst10|inst10                                                                                                           ; out0             ;
; |main|slave:inst10|inst9                                                                                                            ; |main|slave:inst10|inst9                                                                                                            ; out0             ;
; |main|slave:inst10|inst52                                                                                                           ; |main|slave:inst10|inst52                                                                                                           ; out0             ;
; |main|slave:inst10|lpm_dff0:inst3|lpm_ff:lpm_ff_component|dffs[7]                                                                   ; |main|slave:inst10|lpm_dff0:inst3|lpm_ff:lpm_ff_component|dffs[7]                                                                   ; regout           ;
; |main|slave:inst10|lpm_dff0:inst3|lpm_ff:lpm_ff_component|dffs[6]                                                                   ; |main|slave:inst10|lpm_dff0:inst3|lpm_ff:lpm_ff_component|dffs[6]                                                                   ; regout           ;
; |main|slave:inst10|lpm_dff0:inst3|lpm_ff:lpm_ff_component|dffs[5]                                                                   ; |main|slave:inst10|lpm_dff0:inst3|lpm_ff:lpm_ff_component|dffs[5]                                                                   ; regout           ;
; |main|slave:inst10|lpm_dff0:inst3|lpm_ff:lpm_ff_component|dffs[4]                                                                   ; |main|slave:inst10|lpm_dff0:inst3|lpm_ff:lpm_ff_component|dffs[4]                                                                   ; regout           ;
; |main|slave:inst10|lpm_dff0:inst3|lpm_ff:lpm_ff_component|dffs[3]                                                                   ; |main|slave:inst10|lpm_dff0:inst3|lpm_ff:lpm_ff_component|dffs[3]                                                                   ; regout           ;
; |main|slave:inst10|lpm_dff0:inst3|lpm_ff:lpm_ff_component|dffs[2]                                                                   ; |main|slave:inst10|lpm_dff0:inst3|lpm_ff:lpm_ff_component|dffs[2]                                                                   ; regout           ;
; |main|slave:inst10|lpm_dff0:inst3|lpm_ff:lpm_ff_component|dffs[1]                                                                   ; |main|slave:inst10|lpm_dff0:inst3|lpm_ff:lpm_ff_component|dffs[1]                                                                   ; regout           ;
; |main|slave:inst10|lpm_dff0:inst3|lpm_ff:lpm_ff_component|dffs[0]                                                                   ; |main|slave:inst10|lpm_dff0:inst3|lpm_ff:lpm_ff_component|dffs[0]                                                                   ; regout           ;
; |main|slave:inst10|lpm_counter0:inst6|lpm_counter:lpm_counter_component|cntr_4pi:auto_generated|_~7                                 ; |main|slave:inst10|lpm_counter0:inst6|lpm_counter:lpm_counter_component|cntr_4pi:auto_generated|_~7                                 ; out0             ;
; |main|slave:inst10|lpm_counter0:inst6|lpm_counter:lpm_counter_component|cntr_4pi:auto_generated|counter_comb_bita0                  ; |main|slave:inst10|lpm_counter0:inst6|lpm_counter:lpm_counter_component|cntr_4pi:auto_generated|counter_comb_bita0                  ; sumout           ;
; |main|slave:inst10|lpm_counter0:inst6|lpm_counter:lpm_counter_component|cntr_4pi:auto_generated|counter_comb_bita0                  ; |main|slave:inst10|lpm_counter0:inst6|lpm_counter:lpm_counter_component|cntr_4pi:auto_generated|counter_comb_bita0~COUT             ; cout             ;
; |main|slave:inst10|lpm_counter0:inst6|lpm_counter:lpm_counter_component|cntr_4pi:auto_generated|counter_comb_bita1                  ; |main|slave:inst10|lpm_counter0:inst6|lpm_counter:lpm_counter_component|cntr_4pi:auto_generated|counter_comb_bita1                  ; sumout           ;
; |main|slave:inst10|lpm_counter0:inst6|lpm_counter:lpm_counter_component|cntr_4pi:auto_generated|counter_comb_bita1                  ; |main|slave:inst10|lpm_counter0:inst6|lpm_counter:lpm_counter_component|cntr_4pi:auto_generated|counter_comb_bita1~COUT             ; cout             ;
; |main|slave:inst10|lpm_counter0:inst6|lpm_counter:lpm_counter_component|cntr_4pi:auto_generated|counter_comb_bita2                  ; |main|slave:inst10|lpm_counter0:inst6|lpm_counter:lpm_counter_component|cntr_4pi:auto_generated|counter_comb_bita2                  ; sumout           ;
; |main|slave:inst10|lpm_counter0:inst6|lpm_counter:lpm_counter_component|cntr_4pi:auto_generated|counter_reg_bit1a[2]                ; |main|slave:inst10|lpm_counter0:inst6|lpm_counter:lpm_counter_component|cntr_4pi:auto_generated|safe_q[2]                           ; regout           ;
; |main|slave:inst10|lpm_counter0:inst6|lpm_counter:lpm_counter_component|cntr_4pi:auto_generated|counter_reg_bit1a[1]                ; |main|slave:inst10|lpm_counter0:inst6|lpm_counter:lpm_counter_component|cntr_4pi:auto_generated|safe_q[1]                           ; regout           ;
; |main|slave:inst10|lpm_counter0:inst6|lpm_counter:lpm_counter_component|cntr_4pi:auto_generated|counter_reg_bit1a[0]                ; |main|slave:inst10|lpm_counter0:inst6|lpm_counter:lpm_counter_component|cntr_4pi:auto_generated|safe_q[0]                           ; regout           ;
; |main|slave:inst10|lpm_compare0:inst5|lpm_compare:lpm_compare_component|cmpr_aig:auto_generated|aneb_result_wire[0]                 ; |main|slave:inst10|lpm_compare0:inst5|lpm_compare:lpm_compare_component|cmpr_aig:auto_generated|aneb_result_wire[0]                 ; out0             ;
; |main|slave:inst10|lpm_compare0:inst5|lpm_compare:lpm_compare_component|cmpr_aig:auto_generated|data_wire[0]                        ; |main|slave:inst10|lpm_compare0:inst5|lpm_compare:lpm_compare_component|cmpr_aig:auto_generated|data_wire[0]                        ; out0             ;
; |main|slave:inst10|lpm_counter0:inst14|lpm_counter:lpm_counter_component|cntr_4pi:auto_generated|_~7                                ; |main|slave:inst10|lpm_counter0:inst14|lpm_counter:lpm_counter_component|cntr_4pi:auto_generated|_~7                                ; out0             ;
; |main|slave:inst10|lpm_counter0:inst14|lpm_counter:lpm_counter_component|cntr_4pi:auto_generated|counter_comb_bita0                 ; |main|slave:inst10|lpm_counter0:inst14|lpm_counter:lpm_counter_component|cntr_4pi:auto_generated|counter_comb_bita0                 ; sumout           ;
; |main|slave:inst10|lpm_counter0:inst14|lpm_counter:lpm_counter_component|cntr_4pi:auto_generated|counter_comb_bita0                 ; |main|slave:inst10|lpm_counter0:inst14|lpm_counter:lpm_counter_component|cntr_4pi:auto_generated|counter_comb_bita0~COUT            ; cout             ;
; |main|slave:inst10|lpm_counter0:inst14|lpm_counter:lpm_counter_component|cntr_4pi:auto_generated|counter_comb_bita1                 ; |main|slave:inst10|lpm_counter0:inst14|lpm_counter:lpm_counter_component|cntr_4pi:auto_generated|counter_comb_bita1                 ; sumout           ;
; |main|slave:inst10|lpm_counter0:inst14|lpm_counter:lpm_counter_component|cntr_4pi:auto_generated|counter_comb_bita1                 ; |main|slave:inst10|lpm_counter0:inst14|lpm_counter:lpm_counter_component|cntr_4pi:auto_generated|counter_comb_bita1~COUT            ; cout             ;
; |main|slave:inst10|lpm_counter0:inst14|lpm_counter:lpm_counter_component|cntr_4pi:auto_generated|counter_comb_bita2                 ; |main|slave:inst10|lpm_counter0:inst14|lpm_counter:lpm_counter_component|cntr_4pi:auto_generated|counter_comb_bita2                 ; sumout           ;
; |main|slave:inst10|lpm_counter0:inst14|lpm_counter:lpm_counter_component|cntr_4pi:auto_generated|counter_reg_bit1a[2]               ; |main|slave:inst10|lpm_counter0:inst14|lpm_counter:lpm_counter_component|cntr_4pi:auto_generated|safe_q[2]                          ; regout           ;
; |main|slave:inst10|lpm_counter0:inst14|lpm_counter:lpm_counter_component|cntr_4pi:auto_generated|counter_reg_bit1a[1]               ; |main|slave:inst10|lpm_counter0:inst14|lpm_counter:lpm_counter_component|cntr_4pi:auto_generated|safe_q[1]                          ; regout           ;
; |main|slave:inst10|lpm_counter0:inst14|lpm_counter:lpm_counter_component|cntr_4pi:auto_generated|counter_reg_bit1a[0]               ; |main|slave:inst10|lpm_counter0:inst14|lpm_counter:lpm_counter_component|cntr_4pi:auto_generated|safe_q[0]                          ; regout           ;
; |main|slave:inst10|lpm_compare0:inst13|lpm_compare:lpm_compare_component|cmpr_aig:auto_generated|aneb_result_wire[0]                ; |main|slave:inst10|lpm_compare0:inst13|lpm_compare:lpm_compare_component|cmpr_aig:auto_generated|aneb_result_wire[0]                ; out0             ;
; |main|slave:inst10|lpm_compare0:inst13|lpm_compare:lpm_compare_component|cmpr_aig:auto_generated|data_wire[0]                       ; |main|slave:inst10|lpm_compare0:inst13|lpm_compare:lpm_compare_component|cmpr_aig:auto_generated|data_wire[0]                       ; out0             ;
; |main|slave:inst10|lpm_bustri2:inst43|lpm_bustri:lpm_bustri_component|dout[0]                                                       ; |main|slave:inst10|lpm_bustri2:inst43|lpm_bustri:lpm_bustri_component|dout[0]                                                       ; out              ;
; |main|slave:inst11|lpm_dff0:inst3|lpm_ff:lpm_ff_component|dffs[7]                                                                   ; |main|slave:inst11|lpm_dff0:inst3|lpm_ff:lpm_ff_component|dffs[7]                                                                   ; regout           ;
; |main|slave:inst11|lpm_dff0:inst3|lpm_ff:lpm_ff_component|dffs[6]                                                                   ; |main|slave:inst11|lpm_dff0:inst3|lpm_ff:lpm_ff_component|dffs[6]                                                                   ; regout           ;
; |main|slave:inst11|lpm_dff0:inst3|lpm_ff:lpm_ff_component|dffs[5]                                                                   ; |main|slave:inst11|lpm_dff0:inst3|lpm_ff:lpm_ff_component|dffs[5]                                                                   ; regout           ;
; |main|slave:inst11|lpm_dff0:inst3|lpm_ff:lpm_ff_component|dffs[4]                                                                   ; |main|slave:inst11|lpm_dff0:inst3|lpm_ff:lpm_ff_component|dffs[4]                                                                   ; regout           ;
; |main|slave:inst11|lpm_dff0:inst3|lpm_ff:lpm_ff_component|dffs[3]                                                                   ; |main|slave:inst11|lpm_dff0:inst3|lpm_ff:lpm_ff_component|dffs[3]                                                                   ; regout           ;
; |main|slave:inst11|lpm_dff0:inst3|lpm_ff:lpm_ff_component|dffs[2]                                                                   ; |main|slave:inst11|lpm_dff0:inst3|lpm_ff:lpm_ff_component|dffs[2]                                                                   ; regout           ;
; |main|slave:inst11|lpm_counter0:inst6|lpm_counter:lpm_counter_component|cntr_4pi:auto_generated|counter_reg_bit1a[2]                ; |main|slave:inst11|lpm_counter0:inst6|lpm_counter:lpm_counter_component|cntr_4pi:auto_generated|safe_q[2]                           ; regout           ;
; |main|slave:inst11|lpm_counter0:inst14|lpm_counter:lpm_counter_component|cntr_4pi:auto_generated|counter_reg_bit1a[2]               ; |main|slave:inst11|lpm_counter0:inst14|lpm_counter:lpm_counter_component|cntr_4pi:auto_generated|safe_q[2]                          ; regout           ;
; |main|master:inst9|lpm_bustri0:inst37|lpm_bustri:lpm_bustri_component|dout[7]                                                       ; |main|master:inst9|lpm_bustri0:inst37|lpm_bustri:lpm_bustri_component|dout[7]                                                       ; out              ;
; |main|master:inst9|lpm_bustri0:inst37|lpm_bustri:lpm_bustri_component|dout[6]                                                       ; |main|master:inst9|lpm_bustri0:inst37|lpm_bustri:lpm_bustri_component|dout[6]                                                       ; out              ;
; |main|master:inst9|lpm_bustri0:inst37|lpm_bustri:lpm_bustri_component|dout[5]                                                       ; |main|master:inst9|lpm_bustri0:inst37|lpm_bustri:lpm_bustri_component|dout[5]                                                       ; out              ;
; |main|master:inst9|lpm_bustri0:inst37|lpm_bustri:lpm_bustri_component|dout[4]                                                       ; |main|master:inst9|lpm_bustri0:inst37|lpm_bustri:lpm_bustri_component|dout[4]                                                       ; out              ;
; |main|master:inst9|lpm_bustri0:inst37|lpm_bustri:lpm_bustri_component|dout[3]                                                       ; |main|master:inst9|lpm_bustri0:inst37|lpm_bustri:lpm_bustri_component|dout[3]                                                       ; out              ;
; |main|master:inst9|lpm_bustri0:inst37|lpm_bustri:lpm_bustri_component|dout[2]                                                       ; |main|master:inst9|lpm_bustri0:inst37|lpm_bustri:lpm_bustri_component|dout[2]                                                       ; out              ;
; |main|master:inst9|lpm_bustri0:inst37|lpm_bustri:lpm_bustri_component|dout[1]                                                       ; |main|master:inst9|lpm_bustri0:inst37|lpm_bustri:lpm_bustri_component|dout[1]                                                       ; out              ;
; |main|master:inst9|lpm_counter1:inst39|lpm_counter:lpm_counter_component|cntr_7nh:auto_generated|cout_actual                        ; |main|master:inst9|lpm_counter1:inst39|lpm_counter:lpm_counter_component|cntr_7nh:auto_generated|cout_actual                        ; out0             ;
; |main|master:inst9|lpm_counter1:inst39|lpm_counter:lpm_counter_component|cntr_7nh:auto_generated|counter_comb_bita2                 ; |main|master:inst9|lpm_counter1:inst39|lpm_counter:lpm_counter_component|cntr_7nh:auto_generated|counter_comb_bita2~COUT            ; cout             ;
; |main|master:inst9|lpm_counter1:inst39|lpm_counter:lpm_counter_component|cntr_7nh:auto_generated|counter_reg_bit1a[2]               ; |main|master:inst9|lpm_counter1:inst39|lpm_counter:lpm_counter_component|cntr_7nh:auto_generated|safe_q[2]                          ; regout           ;
; |main|master:inst9|lpm_counter1:inst39|lpm_counter:lpm_counter_component|cntr_7nh:auto_generated|cmpr_9dc:cmpr2|aneb_result_wire[0] ; |main|master:inst9|lpm_counter1:inst39|lpm_counter:lpm_counter_component|cntr_7nh:auto_generated|cmpr_9dc:cmpr2|aneb_result_wire[0] ; out0             ;
; |main|master:inst9|lpm_bustri1:inst40|lpm_bustri:lpm_bustri_component|dout[2]                                                       ; |main|master:inst9|lpm_bustri1:inst40|lpm_bustri:lpm_bustri_component|dout[2]                                                       ; out              ;
; |main|master:inst9|lpm_counter0:inst6|lpm_counter:lpm_counter_component|cntr_4pi:auto_generated|counter_comb_bita1                  ; |main|master:inst9|lpm_counter0:inst6|lpm_counter:lpm_counter_component|cntr_4pi:auto_generated|counter_comb_bita1~COUT             ; cout             ;
; |main|master:inst9|lpm_counter0:inst6|lpm_counter:lpm_counter_component|cntr_4pi:auto_generated|counter_comb_bita2                  ; |main|master:inst9|lpm_counter0:inst6|lpm_counter:lpm_counter_component|cntr_4pi:auto_generated|counter_comb_bita2                  ; sumout           ;
; |main|master:inst9|lpm_counter0:inst6|lpm_counter:lpm_counter_component|cntr_4pi:auto_generated|counter_reg_bit1a[2]                ; |main|master:inst9|lpm_counter0:inst6|lpm_counter:lpm_counter_component|cntr_4pi:auto_generated|safe_q[2]                           ; regout           ;
; |main|master:inst9|lpm_counter0:inst6|lpm_counter:lpm_counter_component|cntr_4pi:auto_generated|counter_reg_bit1a[1]                ; |main|master:inst9|lpm_counter0:inst6|lpm_counter:lpm_counter_component|cntr_4pi:auto_generated|safe_q[1]                           ; regout           ;
; |main|master:inst9|lpm_counter0:inst23|lpm_counter:lpm_counter_component|cntr_4pi:auto_generated|counter_comb_bita1                 ; |main|master:inst9|lpm_counter0:inst23|lpm_counter:lpm_counter_component|cntr_4pi:auto_generated|counter_comb_bita1~COUT            ; cout             ;
; |main|master:inst9|lpm_counter0:inst23|lpm_counter:lpm_counter_component|cntr_4pi:auto_generated|counter_comb_bita2                 ; |main|master:inst9|lpm_counter0:inst23|lpm_counter:lpm_counter_component|cntr_4pi:auto_generated|counter_comb_bita2                 ; sumout           ;
; |main|master:inst9|lpm_counter0:inst23|lpm_counter:lpm_counter_component|cntr_4pi:auto_generated|counter_reg_bit1a[2]               ; |main|master:inst9|lpm_counter0:inst23|lpm_counter:lpm_counter_component|cntr_4pi:auto_generated|safe_q[2]                          ; regout           ;
; |main|master:inst9|lpm_counter0:inst23|lpm_counter:lpm_counter_component|cntr_4pi:auto_generated|counter_reg_bit1a[1]               ; |main|master:inst9|lpm_counter0:inst23|lpm_counter:lpm_counter_component|cntr_4pi:auto_generated|safe_q[1]                          ; regout           ;
; |main|master:inst9|lpm_counter0:inst14|lpm_counter:lpm_counter_component|cntr_4pi:auto_generated|counter_comb_bita1                 ; |main|master:inst9|lpm_counter0:inst14|lpm_counter:lpm_counter_component|cntr_4pi:auto_generated|counter_comb_bita1~COUT            ; cout             ;
; |main|master:inst9|lpm_counter0:inst14|lpm_counter:lpm_counter_component|cntr_4pi:auto_generated|counter_comb_bita2                 ; |main|master:inst9|lpm_counter0:inst14|lpm_counter:lpm_counter_component|cntr_4pi:auto_generated|counter_comb_bita2                 ; sumout           ;
; |main|master:inst9|lpm_counter0:inst14|lpm_counter:lpm_counter_component|cntr_4pi:auto_generated|counter_reg_bit1a[2]               ; |main|master:inst9|lpm_counter0:inst14|lpm_counter:lpm_counter_component|cntr_4pi:auto_generated|safe_q[2]                          ; regout           ;
; |main|master:inst9|lpm_counter0:inst14|lpm_counter:lpm_counter_component|cntr_4pi:auto_generated|counter_reg_bit1a[1]               ; |main|master:inst9|lpm_counter0:inst14|lpm_counter:lpm_counter_component|cntr_4pi:auto_generated|safe_q[1]                          ; regout           ;
; |main|slave:inst1|lpm_dff0:inst3|lpm_ff:lpm_ff_component|dffs[7]                                                                    ; |main|slave:inst1|lpm_dff0:inst3|lpm_ff:lpm_ff_component|dffs[7]                                                                    ; regout           ;
; |main|slave:inst1|lpm_dff0:inst3|lpm_ff:lpm_ff_component|dffs[6]                                                                    ; |main|slave:inst1|lpm_dff0:inst3|lpm_ff:lpm_ff_component|dffs[6]                                                                    ; regout           ;
; |main|slave:inst1|lpm_dff0:inst3|lpm_ff:lpm_ff_component|dffs[5]                                                                    ; |main|slave:inst1|lpm_dff0:inst3|lpm_ff:lpm_ff_component|dffs[5]                                                                    ; regout           ;
; |main|slave:inst1|lpm_dff0:inst3|lpm_ff:lpm_ff_component|dffs[4]                                                                    ; |main|slave:inst1|lpm_dff0:inst3|lpm_ff:lpm_ff_component|dffs[4]                                                                    ; regout           ;
; |main|slave:inst1|lpm_dff0:inst3|lpm_ff:lpm_ff_component|dffs[3]                                                                    ; |main|slave:inst1|lpm_dff0:inst3|lpm_ff:lpm_ff_component|dffs[3]                                                                    ; regout           ;
; |main|slave:inst1|lpm_dff0:inst3|lpm_ff:lpm_ff_component|dffs[2]                                                                    ; |main|slave:inst1|lpm_dff0:inst3|lpm_ff:lpm_ff_component|dffs[2]                                                                    ; regout           ;
; |main|slave:inst1|lpm_counter0:inst6|lpm_counter:lpm_counter_component|cntr_4pi:auto_generated|counter_comb_bita1                   ; |main|slave:inst1|lpm_counter0:inst6|lpm_counter:lpm_counter_component|cntr_4pi:auto_generated|counter_comb_bita1~COUT              ; cout             ;
; |main|slave:inst1|lpm_counter0:inst6|lpm_counter:lpm_counter_component|cntr_4pi:auto_generated|counter_comb_bita2                   ; |main|slave:inst1|lpm_counter0:inst6|lpm_counter:lpm_counter_component|cntr_4pi:auto_generated|counter_comb_bita2                   ; sumout           ;
; |main|slave:inst1|lpm_counter0:inst6|lpm_counter:lpm_counter_component|cntr_4pi:auto_generated|counter_reg_bit1a[2]                 ; |main|slave:inst1|lpm_counter0:inst6|lpm_counter:lpm_counter_component|cntr_4pi:auto_generated|safe_q[2]                            ; regout           ;
; |main|slave:inst1|lpm_counter0:inst6|lpm_counter:lpm_counter_component|cntr_4pi:auto_generated|counter_reg_bit1a[1]                 ; |main|slave:inst1|lpm_counter0:inst6|lpm_counter:lpm_counter_component|cntr_4pi:auto_generated|safe_q[1]                            ; regout           ;
; |main|slave:inst1|lpm_counter0:inst14|lpm_counter:lpm_counter_component|cntr_4pi:auto_generated|counter_comb_bita1                  ; |main|slave:inst1|lpm_counter0:inst14|lpm_counter:lpm_counter_component|cntr_4pi:auto_generated|counter_comb_bita1~COUT             ; cout             ;
; |main|slave:inst1|lpm_counter0:inst14|lpm_counter:lpm_counter_component|cntr_4pi:auto_generated|counter_comb_bita2                  ; |main|slave:inst1|lpm_counter0:inst14|lpm_counter:lpm_counter_component|cntr_4pi:auto_generated|counter_comb_bita2                  ; sumout           ;
; |main|slave:inst1|lpm_counter0:inst14|lpm_counter:lpm_counter_component|cntr_4pi:auto_generated|counter_reg_bit1a[2]                ; |main|slave:inst1|lpm_counter0:inst14|lpm_counter:lpm_counter_component|cntr_4pi:auto_generated|safe_q[2]                           ; regout           ;
; |main|slave:inst1|lpm_counter0:inst14|lpm_counter:lpm_counter_component|cntr_4pi:auto_generated|counter_reg_bit1a[1]                ; |main|slave:inst1|lpm_counter0:inst14|lpm_counter:lpm_counter_component|cntr_4pi:auto_generated|safe_q[1]                           ; regout           ;
; |main|master:inst8|lpm_bustri0:inst37|lpm_bustri:lpm_bustri_component|dout[7]                                                       ; |main|master:inst8|lpm_bustri0:inst37|lpm_bustri:lpm_bustri_component|dout[7]                                                       ; out              ;
; |main|master:inst8|lpm_bustri0:inst37|lpm_bustri:lpm_bustri_component|dout[6]                                                       ; |main|master:inst8|lpm_bustri0:inst37|lpm_bustri:lpm_bustri_component|dout[6]                                                       ; out              ;
; |main|master:inst8|lpm_bustri0:inst37|lpm_bustri:lpm_bustri_component|dout[5]                                                       ; |main|master:inst8|lpm_bustri0:inst37|lpm_bustri:lpm_bustri_component|dout[5]                                                       ; out              ;
; |main|master:inst8|lpm_bustri0:inst37|lpm_bustri:lpm_bustri_component|dout[4]                                                       ; |main|master:inst8|lpm_bustri0:inst37|lpm_bustri:lpm_bustri_component|dout[4]                                                       ; out              ;
; |main|master:inst8|lpm_bustri0:inst37|lpm_bustri:lpm_bustri_component|dout[3]                                                       ; |main|master:inst8|lpm_bustri0:inst37|lpm_bustri:lpm_bustri_component|dout[3]                                                       ; out              ;
; |main|master:inst8|lpm_bustri0:inst37|lpm_bustri:lpm_bustri_component|dout[2]                                                       ; |main|master:inst8|lpm_bustri0:inst37|lpm_bustri:lpm_bustri_component|dout[2]                                                       ; out              ;
; |main|master:inst8|lpm_bustri0:inst37|lpm_bustri:lpm_bustri_component|dout[0]                                                       ; |main|master:inst8|lpm_bustri0:inst37|lpm_bustri:lpm_bustri_component|dout[0]                                                       ; out              ;
; |main|master:inst8|lpm_counter1:inst39|lpm_counter:lpm_counter_component|cntr_7nh:auto_generated|counter_comb_bita0                 ; |main|master:inst8|lpm_counter1:inst39|lpm_counter:lpm_counter_component|cntr_7nh:auto_generated|counter_comb_bita0                 ; sumout           ;
; |main|master:inst8|lpm_counter1:inst39|lpm_counter:lpm_counter_component|cntr_7nh:auto_generated|counter_comb_bita0                 ; |main|master:inst8|lpm_counter1:inst39|lpm_counter:lpm_counter_component|cntr_7nh:auto_generated|counter_comb_bita0~COUT            ; cout             ;
; |main|master:inst8|lpm_counter1:inst39|lpm_counter:lpm_counter_component|cntr_7nh:auto_generated|counter_comb_bita1                 ; |main|master:inst8|lpm_counter1:inst39|lpm_counter:lpm_counter_component|cntr_7nh:auto_generated|counter_comb_bita1                 ; sumout           ;
; |main|master:inst8|lpm_counter1:inst39|lpm_counter:lpm_counter_component|cntr_7nh:auto_generated|counter_comb_bita1                 ; |main|master:inst8|lpm_counter1:inst39|lpm_counter:lpm_counter_component|cntr_7nh:auto_generated|counter_comb_bita1~COUT            ; cout             ;
; |main|master:inst8|lpm_counter1:inst39|lpm_counter:lpm_counter_component|cntr_7nh:auto_generated|counter_comb_bita2                 ; |main|master:inst8|lpm_counter1:inst39|lpm_counter:lpm_counter_component|cntr_7nh:auto_generated|counter_comb_bita2                 ; sumout           ;
; |main|master:inst8|lpm_counter1:inst39|lpm_counter:lpm_counter_component|cntr_7nh:auto_generated|counter_reg_bit1a[1]               ; |main|master:inst8|lpm_counter1:inst39|lpm_counter:lpm_counter_component|cntr_7nh:auto_generated|safe_q[1]                          ; regout           ;
; |main|master:inst8|lpm_counter1:inst39|lpm_counter:lpm_counter_component|cntr_7nh:auto_generated|counter_reg_bit1a[0]               ; |main|master:inst8|lpm_counter1:inst39|lpm_counter:lpm_counter_component|cntr_7nh:auto_generated|safe_q[0]                          ; regout           ;
; |main|master:inst8|lpm_bustri1:inst40|lpm_bustri:lpm_bustri_component|dout[1]                                                       ; |main|master:inst8|lpm_bustri1:inst40|lpm_bustri:lpm_bustri_component|dout[1]                                                       ; out              ;
; |main|master:inst8|lpm_bustri1:inst40|lpm_bustri:lpm_bustri_component|dout[0]                                                       ; |main|master:inst8|lpm_bustri1:inst40|lpm_bustri:lpm_bustri_component|dout[0]                                                       ; out              ;
; |main|master:inst8|lpm_counter0:inst6|lpm_counter:lpm_counter_component|cntr_4pi:auto_generated|counter_reg_bit1a[2]                ; |main|master:inst8|lpm_counter0:inst6|lpm_counter:lpm_counter_component|cntr_4pi:auto_generated|safe_q[2]                           ; regout           ;
; |main|master:inst8|lpm_counter0:inst23|lpm_counter:lpm_counter_component|cntr_4pi:auto_generated|counter_reg_bit1a[2]               ; |main|master:inst8|lpm_counter0:inst23|lpm_counter:lpm_counter_component|cntr_4pi:auto_generated|safe_q[2]                          ; regout           ;
; |main|master:inst8|lpm_counter0:inst14|lpm_counter:lpm_counter_component|cntr_4pi:auto_generated|counter_reg_bit1a[2]               ; |main|master:inst8|lpm_counter0:inst14|lpm_counter:lpm_counter_component|cntr_4pi:auto_generated|safe_q[2]                          ; regout           ;
; |main|master:inst|lpm_bustri0:inst37|lpm_bustri:lpm_bustri_component|dout[7]                                                        ; |main|master:inst|lpm_bustri0:inst37|lpm_bustri:lpm_bustri_component|dout[7]                                                        ; out              ;
; |main|master:inst|lpm_bustri0:inst37|lpm_bustri:lpm_bustri_component|dout[6]                                                        ; |main|master:inst|lpm_bustri0:inst37|lpm_bustri:lpm_bustri_component|dout[6]                                                        ; out              ;
; |main|master:inst|lpm_bustri0:inst37|lpm_bustri:lpm_bustri_component|dout[5]                                                        ; |main|master:inst|lpm_bustri0:inst37|lpm_bustri:lpm_bustri_component|dout[5]                                                        ; out              ;
; |main|master:inst|lpm_bustri0:inst37|lpm_bustri:lpm_bustri_component|dout[4]                                                        ; |main|master:inst|lpm_bustri0:inst37|lpm_bustri:lpm_bustri_component|dout[4]                                                        ; out              ;
; |main|master:inst|lpm_bustri0:inst37|lpm_bustri:lpm_bustri_component|dout[3]                                                        ; |main|master:inst|lpm_bustri0:inst37|lpm_bustri:lpm_bustri_component|dout[3]                                                        ; out              ;
; |main|master:inst|lpm_bustri0:inst37|lpm_bustri:lpm_bustri_component|dout[2]                                                        ; |main|master:inst|lpm_bustri0:inst37|lpm_bustri:lpm_bustri_component|dout[2]                                                        ; out              ;
; |main|master:inst|lpm_counter1:inst39|lpm_counter:lpm_counter_component|cntr_7nh:auto_generated|cout_actual                         ; |main|master:inst|lpm_counter1:inst39|lpm_counter:lpm_counter_component|cntr_7nh:auto_generated|cout_actual                         ; out0             ;
; |main|master:inst|lpm_counter1:inst39|lpm_counter:lpm_counter_component|cntr_7nh:auto_generated|counter_comb_bita2                  ; |main|master:inst|lpm_counter1:inst39|lpm_counter:lpm_counter_component|cntr_7nh:auto_generated|counter_comb_bita2~COUT             ; cout             ;
; |main|master:inst|lpm_counter1:inst39|lpm_counter:lpm_counter_component|cntr_7nh:auto_generated|counter_reg_bit1a[2]                ; |main|master:inst|lpm_counter1:inst39|lpm_counter:lpm_counter_component|cntr_7nh:auto_generated|safe_q[2]                           ; regout           ;
; |main|master:inst|lpm_counter1:inst39|lpm_counter:lpm_counter_component|cntr_7nh:auto_generated|cmpr_9dc:cmpr2|aneb_result_wire[0]  ; |main|master:inst|lpm_counter1:inst39|lpm_counter:lpm_counter_component|cntr_7nh:auto_generated|cmpr_9dc:cmpr2|aneb_result_wire[0]  ; out0             ;
; |main|master:inst|lpm_bustri1:inst40|lpm_bustri:lpm_bustri_component|dout[2]                                                        ; |main|master:inst|lpm_bustri1:inst40|lpm_bustri:lpm_bustri_component|dout[2]                                                        ; out              ;
; |main|master:inst|lpm_counter0:inst6|lpm_counter:lpm_counter_component|cntr_4pi:auto_generated|counter_reg_bit1a[2]                 ; |main|master:inst|lpm_counter0:inst6|lpm_counter:lpm_counter_component|cntr_4pi:auto_generated|safe_q[2]                            ; regout           ;
; |main|master:inst|lpm_counter0:inst23|lpm_counter:lpm_counter_component|cntr_4pi:auto_generated|counter_reg_bit1a[2]                ; |main|master:inst|lpm_counter0:inst23|lpm_counter:lpm_counter_component|cntr_4pi:auto_generated|safe_q[2]                           ; regout           ;
; |main|master:inst|lpm_counter0:inst14|lpm_counter:lpm_counter_component|cntr_4pi:auto_generated|counter_reg_bit1a[2]                ; |main|master:inst|lpm_counter0:inst14|lpm_counter:lpm_counter_component|cntr_4pi:auto_generated|safe_q[2]                           ; regout           ;
+-------------------------------------------------------------------------------------------------------------------------------------+-------------------------------------------------------------------------------------------------------------------------------------+------------------+


The following table displays output ports that do not toggle to 0 during simulation.
+----------------------------------------------------------------------------------------------------------------------------------------------------------------------------------------------------------------------------------------------------------------------------------------------+
; Missing 0-Value Coverage                                                                                                                                                                                                                                                                     ;
+-------------------------------------------------------------------------------------------------------------------------------------+-------------------------------------------------------------------------------------------------------------------------------------+------------------+
; Node Name                                                                                                                           ; Output Port Name                                                                                                                    ; Output Port Type ;
+-------------------------------------------------------------------------------------------------------------------------------------+-------------------------------------------------------------------------------------------------------------------------------------+------------------+
; |main|slave_data1[7]                                                                                                                ; |main|slave_data1[7]                                                                                                                ; pin_out          ;
; |main|slave_data1[6]                                                                                                                ; |main|slave_data1[6]                                                                                                                ; pin_out          ;
; |main|slave_data1[5]                                                                                                                ; |main|slave_data1[5]                                                                                                                ; pin_out          ;
; |main|slave_data1[4]                                                                                                                ; |main|slave_data1[4]                                                                                                                ; pin_out          ;
; |main|slave_data1[3]                                                                                                                ; |main|slave_data1[3]                                                                                                                ; pin_out          ;
; |main|slave_data1[2]                                                                                                                ; |main|slave_data1[2]                                                                                                                ; pin_out          ;
; |main|slave_data1[0]                                                                                                                ; |main|slave_data1[0]                                                                                                                ; pin_out          ;
; |main|slave_data2[7]                                                                                                                ; |main|slave_data2[7]                                                                                                                ; pin_out          ;
; |main|slave_data2[6]                                                                                                                ; |main|slave_data2[6]                                                                                                                ; pin_out          ;
; |main|slave_data2[5]                                                                                                                ; |main|slave_data2[5]                                                                                                                ; pin_out          ;
; |main|slave_data2[4]                                                                                                                ; |main|slave_data2[4]                                                                                                                ; pin_out          ;
; |main|slave_data2[3]                                                                                                                ; |main|slave_data2[3]                                                                                                                ; pin_out          ;
; |main|slave_data2[2]                                                                                                                ; |main|slave_data2[2]                                                                                                                ; pin_out          ;
; |main|slave_data2[1]                                                                                                                ; |main|slave_data2[1]                                                                                                                ; pin_out          ;
; |main|slave_data2[0]                                                                                                                ; |main|slave_data2[0]                                                                                                                ; pin_out          ;
; |main|slave_data3[7]                                                                                                                ; |main|slave_data3[7]                                                                                                                ; pin_out          ;
; |main|slave_data3[6]                                                                                                                ; |main|slave_data3[6]                                                                                                                ; pin_out          ;
; |main|slave_data3[5]                                                                                                                ; |main|slave_data3[5]                                                                                                                ; pin_out          ;
; |main|slave_data3[4]                                                                                                                ; |main|slave_data3[4]                                                                                                                ; pin_out          ;
; |main|slave_data3[3]                                                                                                                ; |main|slave_data3[3]                                                                                                                ; pin_out          ;
; |main|slave_data3[2]                                                                                                                ; |main|slave_data3[2]                                                                                                                ; pin_out          ;
; |main|slave_data3[1]                                                                                                                ; |main|slave_data3[1]                                                                                                                ; pin_out          ;
; |main|slave_data3[0]                                                                                                                ; |main|slave_data3[0]                                                                                                                ; pin_out          ;
; |main|slave_data4[7]                                                                                                                ; |main|slave_data4[7]                                                                                                                ; pin_out          ;
; |main|slave_data4[6]                                                                                                                ; |main|slave_data4[6]                                                                                                                ; pin_out          ;
; |main|slave_data4[5]                                                                                                                ; |main|slave_data4[5]                                                                                                                ; pin_out          ;
; |main|slave_data4[4]                                                                                                                ; |main|slave_data4[4]                                                                                                                ; pin_out          ;
; |main|slave_data4[3]                                                                                                                ; |main|slave_data4[3]                                                                                                                ; pin_out          ;
; |main|slave_data4[2]                                                                                                                ; |main|slave_data4[2]                                                                                                                ; pin_out          ;
; |main|slave_data4[1]                                                                                                                ; |main|slave_data4[1]                                                                                                                ; pin_out          ;
; |main|slave_data4[0]                                                                                                                ; |main|slave_data4[0]                                                                                                                ; pin_out          ;
; |main|slave_data5[7]                                                                                                                ; |main|slave_data5[7]                                                                                                                ; pin_out          ;
; |main|slave_data5[6]                                                                                                                ; |main|slave_data5[6]                                                                                                                ; pin_out          ;
; |main|slave_data5[5]                                                                                                                ; |main|slave_data5[5]                                                                                                                ; pin_out          ;
; |main|slave_data5[4]                                                                                                                ; |main|slave_data5[4]                                                                                                                ; pin_out          ;
; |main|slave_data5[3]                                                                                                                ; |main|slave_data5[3]                                                                                                                ; pin_out          ;
; |main|slave_data5[2]                                                                                                                ; |main|slave_data5[2]                                                                                                                ; pin_out          ;
; |main|slave_data5[1]                                                                                                                ; |main|slave_data5[1]                                                                                                                ; pin_out          ;
; |main|slave_data5[0]                                                                                                                ; |main|slave_data5[0]                                                                                                                ; pin_out          ;
; |main|slave:inst7|inst51                                                                                                            ; |main|slave:inst7|inst51                                                                                                            ; regout           ;
; |main|slave:inst7|inst46                                                                                                            ; |main|slave:inst7|inst46                                                                                                            ; out0             ;
; |main|slave:inst7|inst20                                                                                                            ; |main|slave:inst7|inst20                                                                                                            ; regout           ;
; |main|slave:inst7|inst20~0                                                                                                          ; |main|slave:inst7|inst20~0                                                                                                          ; out0             ;
; |main|slave:inst7|inst18                                                                                                            ; |main|slave:inst7|inst18                                                                                                            ; out0             ;
; |main|slave:inst7|inst41                                                                                                            ; |main|slave:inst7|inst41                                                                                                            ; regout           ;
; |main|slave:inst7|inst41~0                                                                                                          ; |main|slave:inst7|inst41~0                                                                                                          ; out0             ;
; |main|slave:inst7|inst42                                                                                                            ; |main|slave:inst7|inst42                                                                                                            ; out0             ;
; |main|slave:inst7|inst12                                                                                                            ; |main|slave:inst7|inst12                                                                                                            ; regout           ;
; |main|slave:inst7|inst12~0                                                                                                          ; |main|slave:inst7|inst12~0                                                                                                          ; out0             ;
; |main|slave:inst7|inst8                                                                                                             ; |main|slave:inst7|inst8                                                                                                             ; out0             ;
; |main|slave:inst7|inst10                                                                                                            ; |main|slave:inst7|inst10                                                                                                            ; out0             ;
; |main|slave:inst7|inst9                                                                                                             ; |main|slave:inst7|inst9                                                                                                             ; out0             ;
; |main|slave:inst7|inst52                                                                                                            ; |main|slave:inst7|inst52                                                                                                            ; out0             ;
; |main|slave:inst7|lpm_dff0:inst3|lpm_ff:lpm_ff_component|dffs[7]                                                                    ; |main|slave:inst7|lpm_dff0:inst3|lpm_ff:lpm_ff_component|dffs[7]                                                                    ; regout           ;
; |main|slave:inst7|lpm_dff0:inst3|lpm_ff:lpm_ff_component|dffs[6]                                                                    ; |main|slave:inst7|lpm_dff0:inst3|lpm_ff:lpm_ff_component|dffs[6]                                                                    ; regout           ;
; |main|slave:inst7|lpm_dff0:inst3|lpm_ff:lpm_ff_component|dffs[5]                                                                    ; |main|slave:inst7|lpm_dff0:inst3|lpm_ff:lpm_ff_component|dffs[5]                                                                    ; regout           ;
; |main|slave:inst7|lpm_dff0:inst3|lpm_ff:lpm_ff_component|dffs[4]                                                                    ; |main|slave:inst7|lpm_dff0:inst3|lpm_ff:lpm_ff_component|dffs[4]                                                                    ; regout           ;
; |main|slave:inst7|lpm_dff0:inst3|lpm_ff:lpm_ff_component|dffs[3]                                                                    ; |main|slave:inst7|lpm_dff0:inst3|lpm_ff:lpm_ff_component|dffs[3]                                                                    ; regout           ;
; |main|slave:inst7|lpm_dff0:inst3|lpm_ff:lpm_ff_component|dffs[2]                                                                    ; |main|slave:inst7|lpm_dff0:inst3|lpm_ff:lpm_ff_component|dffs[2]                                                                    ; regout           ;
; |main|slave:inst7|lpm_dff0:inst3|lpm_ff:lpm_ff_component|dffs[1]                                                                    ; |main|slave:inst7|lpm_dff0:inst3|lpm_ff:lpm_ff_component|dffs[1]                                                                    ; regout           ;
; |main|slave:inst7|lpm_dff0:inst3|lpm_ff:lpm_ff_component|dffs[0]                                                                    ; |main|slave:inst7|lpm_dff0:inst3|lpm_ff:lpm_ff_component|dffs[0]                                                                    ; regout           ;
; |main|slave:inst7|lpm_counter0:inst6|lpm_counter:lpm_counter_component|cntr_4pi:auto_generated|_~7                                  ; |main|slave:inst7|lpm_counter0:inst6|lpm_counter:lpm_counter_component|cntr_4pi:auto_generated|_~7                                  ; out0             ;
; |main|slave:inst7|lpm_counter0:inst6|lpm_counter:lpm_counter_component|cntr_4pi:auto_generated|counter_comb_bita0                   ; |main|slave:inst7|lpm_counter0:inst6|lpm_counter:lpm_counter_component|cntr_4pi:auto_generated|counter_comb_bita0                   ; sumout           ;
; |main|slave:inst7|lpm_counter0:inst6|lpm_counter:lpm_counter_component|cntr_4pi:auto_generated|counter_comb_bita0                   ; |main|slave:inst7|lpm_counter0:inst6|lpm_counter:lpm_counter_component|cntr_4pi:auto_generated|counter_comb_bita0~COUT              ; cout             ;
; |main|slave:inst7|lpm_counter0:inst6|lpm_counter:lpm_counter_component|cntr_4pi:auto_generated|counter_comb_bita1                   ; |main|slave:inst7|lpm_counter0:inst6|lpm_counter:lpm_counter_component|cntr_4pi:auto_generated|counter_comb_bita1                   ; sumout           ;
; |main|slave:inst7|lpm_counter0:inst6|lpm_counter:lpm_counter_component|cntr_4pi:auto_generated|counter_comb_bita1                   ; |main|slave:inst7|lpm_counter0:inst6|lpm_counter:lpm_counter_component|cntr_4pi:auto_generated|counter_comb_bita1~COUT              ; cout             ;
; |main|slave:inst7|lpm_counter0:inst6|lpm_counter:lpm_counter_component|cntr_4pi:auto_generated|counter_comb_bita2                   ; |main|slave:inst7|lpm_counter0:inst6|lpm_counter:lpm_counter_component|cntr_4pi:auto_generated|counter_comb_bita2                   ; sumout           ;
; |main|slave:inst7|lpm_counter0:inst6|lpm_counter:lpm_counter_component|cntr_4pi:auto_generated|counter_reg_bit1a[2]                 ; |main|slave:inst7|lpm_counter0:inst6|lpm_counter:lpm_counter_component|cntr_4pi:auto_generated|safe_q[2]                            ; regout           ;
; |main|slave:inst7|lpm_counter0:inst6|lpm_counter:lpm_counter_component|cntr_4pi:auto_generated|counter_reg_bit1a[1]                 ; |main|slave:inst7|lpm_counter0:inst6|lpm_counter:lpm_counter_component|cntr_4pi:auto_generated|safe_q[1]                            ; regout           ;
; |main|slave:inst7|lpm_counter0:inst6|lpm_counter:lpm_counter_component|cntr_4pi:auto_generated|counter_reg_bit1a[0]                 ; |main|slave:inst7|lpm_counter0:inst6|lpm_counter:lpm_counter_component|cntr_4pi:auto_generated|safe_q[0]                            ; regout           ;
; |main|slave:inst7|lpm_compare0:inst5|lpm_compare:lpm_compare_component|cmpr_aig:auto_generated|aneb_result_wire[0]                  ; |main|slave:inst7|lpm_compare0:inst5|lpm_compare:lpm_compare_component|cmpr_aig:auto_generated|aneb_result_wire[0]                  ; out0             ;
; |main|slave:inst7|lpm_compare0:inst5|lpm_compare:lpm_compare_component|cmpr_aig:auto_generated|data_wire[0]                         ; |main|slave:inst7|lpm_compare0:inst5|lpm_compare:lpm_compare_component|cmpr_aig:auto_generated|data_wire[0]                         ; out0             ;
; |main|slave:inst7|lpm_counter0:inst14|lpm_counter:lpm_counter_component|cntr_4pi:auto_generated|_~7                                 ; |main|slave:inst7|lpm_counter0:inst14|lpm_counter:lpm_counter_component|cntr_4pi:auto_generated|_~7                                 ; out0             ;
; |main|slave:inst7|lpm_counter0:inst14|lpm_counter:lpm_counter_component|cntr_4pi:auto_generated|counter_comb_bita0                  ; |main|slave:inst7|lpm_counter0:inst14|lpm_counter:lpm_counter_component|cntr_4pi:auto_generated|counter_comb_bita0                  ; sumout           ;
; |main|slave:inst7|lpm_counter0:inst14|lpm_counter:lpm_counter_component|cntr_4pi:auto_generated|counter_comb_bita0                  ; |main|slave:inst7|lpm_counter0:inst14|lpm_counter:lpm_counter_component|cntr_4pi:auto_generated|counter_comb_bita0~COUT             ; cout             ;
; |main|slave:inst7|lpm_counter0:inst14|lpm_counter:lpm_counter_component|cntr_4pi:auto_generated|counter_comb_bita1                  ; |main|slave:inst7|lpm_counter0:inst14|lpm_counter:lpm_counter_component|cntr_4pi:auto_generated|counter_comb_bita1                  ; sumout           ;
; |main|slave:inst7|lpm_counter0:inst14|lpm_counter:lpm_counter_component|cntr_4pi:auto_generated|counter_comb_bita1                  ; |main|slave:inst7|lpm_counter0:inst14|lpm_counter:lpm_counter_component|cntr_4pi:auto_generated|counter_comb_bita1~COUT             ; cout             ;
; |main|slave:inst7|lpm_counter0:inst14|lpm_counter:lpm_counter_component|cntr_4pi:auto_generated|counter_comb_bita2                  ; |main|slave:inst7|lpm_counter0:inst14|lpm_counter:lpm_counter_component|cntr_4pi:auto_generated|counter_comb_bita2                  ; sumout           ;
; |main|slave:inst7|lpm_counter0:inst14|lpm_counter:lpm_counter_component|cntr_4pi:auto_generated|counter_reg_bit1a[2]                ; |main|slave:inst7|lpm_counter0:inst14|lpm_counter:lpm_counter_component|cntr_4pi:auto_generated|safe_q[2]                           ; regout           ;
; |main|slave:inst7|lpm_counter0:inst14|lpm_counter:lpm_counter_component|cntr_4pi:auto_generated|counter_reg_bit1a[1]                ; |main|slave:inst7|lpm_counter0:inst14|lpm_counter:lpm_counter_component|cntr_4pi:auto_generated|safe_q[1]                           ; regout           ;
; |main|slave:inst7|lpm_counter0:inst14|lpm_counter:lpm_counter_component|cntr_4pi:auto_generated|counter_reg_bit1a[0]                ; |main|slave:inst7|lpm_counter0:inst14|lpm_counter:lpm_counter_component|cntr_4pi:auto_generated|safe_q[0]                           ; regout           ;
; |main|slave:inst7|lpm_compare0:inst13|lpm_compare:lpm_compare_component|cmpr_aig:auto_generated|aneb_result_wire[0]                 ; |main|slave:inst7|lpm_compare0:inst13|lpm_compare:lpm_compare_component|cmpr_aig:auto_generated|aneb_result_wire[0]                 ; out0             ;
; |main|slave:inst7|lpm_compare0:inst13|lpm_compare:lpm_compare_component|cmpr_aig:auto_generated|data_wire[0]                        ; |main|slave:inst7|lpm_compare0:inst13|lpm_compare:lpm_compare_component|cmpr_aig:auto_generated|data_wire[0]                        ; out0             ;
; |main|slave:inst7|lpm_compare1:inst1|lpm_compare:lpm_compare_component|cmpr_aig:auto_generated|aneb_result_wire[0]                  ; |main|slave:inst7|lpm_compare1:inst1|lpm_compare:lpm_compare_component|cmpr_aig:auto_generated|aneb_result_wire[0]                  ; out0             ;
; |main|slave:inst7|lpm_bustri2:inst43|lpm_bustri:lpm_bustri_component|dout[0]                                                        ; |main|slave:inst7|lpm_bustri2:inst43|lpm_bustri:lpm_bustri_component|dout[0]                                                        ; out              ;
; |main|slave:inst12|lpm_dff0:inst3|lpm_ff:lpm_ff_component|dffs[7]                                                                   ; |main|slave:inst12|lpm_dff0:inst3|lpm_ff:lpm_ff_component|dffs[7]                                                                   ; regout           ;
; |main|slave:inst12|lpm_dff0:inst3|lpm_ff:lpm_ff_component|dffs[6]                                                                   ; |main|slave:inst12|lpm_dff0:inst3|lpm_ff:lpm_ff_component|dffs[6]                                                                   ; regout           ;
; |main|slave:inst12|lpm_dff0:inst3|lpm_ff:lpm_ff_component|dffs[5]                                                                   ; |main|slave:inst12|lpm_dff0:inst3|lpm_ff:lpm_ff_component|dffs[5]                                                                   ; regout           ;
; |main|slave:inst12|lpm_dff0:inst3|lpm_ff:lpm_ff_component|dffs[4]                                                                   ; |main|slave:inst12|lpm_dff0:inst3|lpm_ff:lpm_ff_component|dffs[4]                                                                   ; regout           ;
; |main|slave:inst12|lpm_dff0:inst3|lpm_ff:lpm_ff_component|dffs[3]                                                                   ; |main|slave:inst12|lpm_dff0:inst3|lpm_ff:lpm_ff_component|dffs[3]                                                                   ; regout           ;
; |main|slave:inst12|lpm_dff0:inst3|lpm_ff:lpm_ff_component|dffs[2]                                                                   ; |main|slave:inst12|lpm_dff0:inst3|lpm_ff:lpm_ff_component|dffs[2]                                                                   ; regout           ;
; |main|slave:inst12|lpm_dff0:inst3|lpm_ff:lpm_ff_component|dffs[1]                                                                   ; |main|slave:inst12|lpm_dff0:inst3|lpm_ff:lpm_ff_component|dffs[1]                                                                   ; regout           ;
; |main|slave:inst12|lpm_dff0:inst3|lpm_ff:lpm_ff_component|dffs[0]                                                                   ; |main|slave:inst12|lpm_dff0:inst3|lpm_ff:lpm_ff_component|dffs[0]                                                                   ; regout           ;
; |main|slave:inst10|inst51                                                                                                           ; |main|slave:inst10|inst51                                                                                                           ; regout           ;
; |main|slave:inst10|inst46                                                                                                           ; |main|slave:inst10|inst46                                                                                                           ; out0             ;
; |main|slave:inst10|inst20                                                                                                           ; |main|slave:inst10|inst20                                                                                                           ; regout           ;
; |main|slave:inst10|inst20~0                                                                                                         ; |main|slave:inst10|inst20~0                                                                                                         ; out0             ;
; |main|slave:inst10|inst18                                                                                                           ; |main|slave:inst10|inst18                                                                                                           ; out0             ;
; |main|slave:inst10|inst41                                                                                                           ; |main|slave:inst10|inst41                                                                                                           ; regout           ;
; |main|slave:inst10|inst41~0                                                                                                         ; |main|slave:inst10|inst41~0                                                                                                         ; out0             ;
; |main|slave:inst10|inst42                                                                                                           ; |main|slave:inst10|inst42                                                                                                           ; out0             ;
; |main|slave:inst10|inst12                                                                                                           ; |main|slave:inst10|inst12                                                                                                           ; regout           ;
; |main|slave:inst10|inst12~0                                                                                                         ; |main|slave:inst10|inst12~0                                                                                                         ; out0             ;
; |main|slave:inst10|inst8                                                                                                            ; |main|slave:inst10|inst8                                                                                                            ; out0             ;
; |main|slave:inst10|inst10                                                                                                           ; |main|slave:inst10|inst10                                                                                                           ; out0             ;
; |main|slave:inst10|inst9                                                                                                            ; |main|slave:inst10|inst9                                                                                                            ; out0             ;
; |main|slave:inst10|inst52                                                                                                           ; |main|slave:inst10|inst52                                                                                                           ; out0             ;
; |main|slave:inst10|lpm_dff0:inst3|lpm_ff:lpm_ff_component|dffs[7]                                                                   ; |main|slave:inst10|lpm_dff0:inst3|lpm_ff:lpm_ff_component|dffs[7]                                                                   ; regout           ;
; |main|slave:inst10|lpm_dff0:inst3|lpm_ff:lpm_ff_component|dffs[6]                                                                   ; |main|slave:inst10|lpm_dff0:inst3|lpm_ff:lpm_ff_component|dffs[6]                                                                   ; regout           ;
; |main|slave:inst10|lpm_dff0:inst3|lpm_ff:lpm_ff_component|dffs[5]                                                                   ; |main|slave:inst10|lpm_dff0:inst3|lpm_ff:lpm_ff_component|dffs[5]                                                                   ; regout           ;
; |main|slave:inst10|lpm_dff0:inst3|lpm_ff:lpm_ff_component|dffs[4]                                                                   ; |main|slave:inst10|lpm_dff0:inst3|lpm_ff:lpm_ff_component|dffs[4]                                                                   ; regout           ;
; |main|slave:inst10|lpm_dff0:inst3|lpm_ff:lpm_ff_component|dffs[3]                                                                   ; |main|slave:inst10|lpm_dff0:inst3|lpm_ff:lpm_ff_component|dffs[3]                                                                   ; regout           ;
; |main|slave:inst10|lpm_dff0:inst3|lpm_ff:lpm_ff_component|dffs[2]                                                                   ; |main|slave:inst10|lpm_dff0:inst3|lpm_ff:lpm_ff_component|dffs[2]                                                                   ; regout           ;
; |main|slave:inst10|lpm_dff0:inst3|lpm_ff:lpm_ff_component|dffs[1]                                                                   ; |main|slave:inst10|lpm_dff0:inst3|lpm_ff:lpm_ff_component|dffs[1]                                                                   ; regout           ;
; |main|slave:inst10|lpm_dff0:inst3|lpm_ff:lpm_ff_component|dffs[0]                                                                   ; |main|slave:inst10|lpm_dff0:inst3|lpm_ff:lpm_ff_component|dffs[0]                                                                   ; regout           ;
; |main|slave:inst10|lpm_counter0:inst6|lpm_counter:lpm_counter_component|cntr_4pi:auto_generated|_~7                                 ; |main|slave:inst10|lpm_counter0:inst6|lpm_counter:lpm_counter_component|cntr_4pi:auto_generated|_~7                                 ; out0             ;
; |main|slave:inst10|lpm_counter0:inst6|lpm_counter:lpm_counter_component|cntr_4pi:auto_generated|counter_comb_bita0                  ; |main|slave:inst10|lpm_counter0:inst6|lpm_counter:lpm_counter_component|cntr_4pi:auto_generated|counter_comb_bita0                  ; sumout           ;
; |main|slave:inst10|lpm_counter0:inst6|lpm_counter:lpm_counter_component|cntr_4pi:auto_generated|counter_comb_bita0                  ; |main|slave:inst10|lpm_counter0:inst6|lpm_counter:lpm_counter_component|cntr_4pi:auto_generated|counter_comb_bita0~COUT             ; cout             ;
; |main|slave:inst10|lpm_counter0:inst6|lpm_counter:lpm_counter_component|cntr_4pi:auto_generated|counter_comb_bita1                  ; |main|slave:inst10|lpm_counter0:inst6|lpm_counter:lpm_counter_component|cntr_4pi:auto_generated|counter_comb_bita1                  ; sumout           ;
; |main|slave:inst10|lpm_counter0:inst6|lpm_counter:lpm_counter_component|cntr_4pi:auto_generated|counter_comb_bita1                  ; |main|slave:inst10|lpm_counter0:inst6|lpm_counter:lpm_counter_component|cntr_4pi:auto_generated|counter_comb_bita1~COUT             ; cout             ;
; |main|slave:inst10|lpm_counter0:inst6|lpm_counter:lpm_counter_component|cntr_4pi:auto_generated|counter_comb_bita2                  ; |main|slave:inst10|lpm_counter0:inst6|lpm_counter:lpm_counter_component|cntr_4pi:auto_generated|counter_comb_bita2                  ; sumout           ;
; |main|slave:inst10|lpm_counter0:inst6|lpm_counter:lpm_counter_component|cntr_4pi:auto_generated|counter_reg_bit1a[2]                ; |main|slave:inst10|lpm_counter0:inst6|lpm_counter:lpm_counter_component|cntr_4pi:auto_generated|safe_q[2]                           ; regout           ;
; |main|slave:inst10|lpm_counter0:inst6|lpm_counter:lpm_counter_component|cntr_4pi:auto_generated|counter_reg_bit1a[1]                ; |main|slave:inst10|lpm_counter0:inst6|lpm_counter:lpm_counter_component|cntr_4pi:auto_generated|safe_q[1]                           ; regout           ;
; |main|slave:inst10|lpm_counter0:inst6|lpm_counter:lpm_counter_component|cntr_4pi:auto_generated|counter_reg_bit1a[0]                ; |main|slave:inst10|lpm_counter0:inst6|lpm_counter:lpm_counter_component|cntr_4pi:auto_generated|safe_q[0]                           ; regout           ;
; |main|slave:inst10|lpm_compare0:inst5|lpm_compare:lpm_compare_component|cmpr_aig:auto_generated|aneb_result_wire[0]                 ; |main|slave:inst10|lpm_compare0:inst5|lpm_compare:lpm_compare_component|cmpr_aig:auto_generated|aneb_result_wire[0]                 ; out0             ;
; |main|slave:inst10|lpm_compare0:inst5|lpm_compare:lpm_compare_component|cmpr_aig:auto_generated|data_wire[0]                        ; |main|slave:inst10|lpm_compare0:inst5|lpm_compare:lpm_compare_component|cmpr_aig:auto_generated|data_wire[0]                        ; out0             ;
; |main|slave:inst10|lpm_counter0:inst14|lpm_counter:lpm_counter_component|cntr_4pi:auto_generated|_~7                                ; |main|slave:inst10|lpm_counter0:inst14|lpm_counter:lpm_counter_component|cntr_4pi:auto_generated|_~7                                ; out0             ;
; |main|slave:inst10|lpm_counter0:inst14|lpm_counter:lpm_counter_component|cntr_4pi:auto_generated|counter_comb_bita0                 ; |main|slave:inst10|lpm_counter0:inst14|lpm_counter:lpm_counter_component|cntr_4pi:auto_generated|counter_comb_bita0                 ; sumout           ;
; |main|slave:inst10|lpm_counter0:inst14|lpm_counter:lpm_counter_component|cntr_4pi:auto_generated|counter_comb_bita0                 ; |main|slave:inst10|lpm_counter0:inst14|lpm_counter:lpm_counter_component|cntr_4pi:auto_generated|counter_comb_bita0~COUT            ; cout             ;
; |main|slave:inst10|lpm_counter0:inst14|lpm_counter:lpm_counter_component|cntr_4pi:auto_generated|counter_comb_bita1                 ; |main|slave:inst10|lpm_counter0:inst14|lpm_counter:lpm_counter_component|cntr_4pi:auto_generated|counter_comb_bita1                 ; sumout           ;
; |main|slave:inst10|lpm_counter0:inst14|lpm_counter:lpm_counter_component|cntr_4pi:auto_generated|counter_comb_bita1                 ; |main|slave:inst10|lpm_counter0:inst14|lpm_counter:lpm_counter_component|cntr_4pi:auto_generated|counter_comb_bita1~COUT            ; cout             ;
; |main|slave:inst10|lpm_counter0:inst14|lpm_counter:lpm_counter_component|cntr_4pi:auto_generated|counter_comb_bita2                 ; |main|slave:inst10|lpm_counter0:inst14|lpm_counter:lpm_counter_component|cntr_4pi:auto_generated|counter_comb_bita2                 ; sumout           ;
; |main|slave:inst10|lpm_counter0:inst14|lpm_counter:lpm_counter_component|cntr_4pi:auto_generated|counter_reg_bit1a[2]               ; |main|slave:inst10|lpm_counter0:inst14|lpm_counter:lpm_counter_component|cntr_4pi:auto_generated|safe_q[2]                          ; regout           ;
; |main|slave:inst10|lpm_counter0:inst14|lpm_counter:lpm_counter_component|cntr_4pi:auto_generated|counter_reg_bit1a[1]               ; |main|slave:inst10|lpm_counter0:inst14|lpm_counter:lpm_counter_component|cntr_4pi:auto_generated|safe_q[1]                          ; regout           ;
; |main|slave:inst10|lpm_counter0:inst14|lpm_counter:lpm_counter_component|cntr_4pi:auto_generated|counter_reg_bit1a[0]               ; |main|slave:inst10|lpm_counter0:inst14|lpm_counter:lpm_counter_component|cntr_4pi:auto_generated|safe_q[0]                          ; regout           ;
; |main|slave:inst10|lpm_compare0:inst13|lpm_compare:lpm_compare_component|cmpr_aig:auto_generated|aneb_result_wire[0]                ; |main|slave:inst10|lpm_compare0:inst13|lpm_compare:lpm_compare_component|cmpr_aig:auto_generated|aneb_result_wire[0]                ; out0             ;
; |main|slave:inst10|lpm_compare0:inst13|lpm_compare:lpm_compare_component|cmpr_aig:auto_generated|data_wire[0]                       ; |main|slave:inst10|lpm_compare0:inst13|lpm_compare:lpm_compare_component|cmpr_aig:auto_generated|data_wire[0]                       ; out0             ;
; |main|slave:inst10|lpm_compare1:inst1|lpm_compare:lpm_compare_component|cmpr_aig:auto_generated|aneb_result_wire[0]                 ; |main|slave:inst10|lpm_compare1:inst1|lpm_compare:lpm_compare_component|cmpr_aig:auto_generated|aneb_result_wire[0]                 ; out0             ;
; |main|slave:inst10|lpm_compare1:inst1|lpm_compare:lpm_compare_component|cmpr_aig:auto_generated|data_wire[0]                        ; |main|slave:inst10|lpm_compare1:inst1|lpm_compare:lpm_compare_component|cmpr_aig:auto_generated|data_wire[0]                        ; out0             ;
; |main|slave:inst10|lpm_bustri2:inst43|lpm_bustri:lpm_bustri_component|dout[0]                                                       ; |main|slave:inst10|lpm_bustri2:inst43|lpm_bustri:lpm_bustri_component|dout[0]                                                       ; out              ;
; |main|slave:inst11|lpm_dff0:inst3|lpm_ff:lpm_ff_component|dffs[7]                                                                   ; |main|slave:inst11|lpm_dff0:inst3|lpm_ff:lpm_ff_component|dffs[7]                                                                   ; regout           ;
; |main|slave:inst11|lpm_dff0:inst3|lpm_ff:lpm_ff_component|dffs[6]                                                                   ; |main|slave:inst11|lpm_dff0:inst3|lpm_ff:lpm_ff_component|dffs[6]                                                                   ; regout           ;
; |main|slave:inst11|lpm_dff0:inst3|lpm_ff:lpm_ff_component|dffs[5]                                                                   ; |main|slave:inst11|lpm_dff0:inst3|lpm_ff:lpm_ff_component|dffs[5]                                                                   ; regout           ;
; |main|slave:inst11|lpm_dff0:inst3|lpm_ff:lpm_ff_component|dffs[4]                                                                   ; |main|slave:inst11|lpm_dff0:inst3|lpm_ff:lpm_ff_component|dffs[4]                                                                   ; regout           ;
; |main|slave:inst11|lpm_dff0:inst3|lpm_ff:lpm_ff_component|dffs[3]                                                                   ; |main|slave:inst11|lpm_dff0:inst3|lpm_ff:lpm_ff_component|dffs[3]                                                                   ; regout           ;
; |main|slave:inst11|lpm_dff0:inst3|lpm_ff:lpm_ff_component|dffs[2]                                                                   ; |main|slave:inst11|lpm_dff0:inst3|lpm_ff:lpm_ff_component|dffs[2]                                                                   ; regout           ;
; |main|slave:inst11|lpm_dff0:inst3|lpm_ff:lpm_ff_component|dffs[1]                                                                   ; |main|slave:inst11|lpm_dff0:inst3|lpm_ff:lpm_ff_component|dffs[1]                                                                   ; regout           ;
; |main|slave:inst11|lpm_dff0:inst3|lpm_ff:lpm_ff_component|dffs[0]                                                                   ; |main|slave:inst11|lpm_dff0:inst3|lpm_ff:lpm_ff_component|dffs[0]                                                                   ; regout           ;
; |main|slave:inst11|lpm_counter0:inst6|lpm_counter:lpm_counter_component|cntr_4pi:auto_generated|counter_reg_bit1a[2]                ; |main|slave:inst11|lpm_counter0:inst6|lpm_counter:lpm_counter_component|cntr_4pi:auto_generated|safe_q[2]                           ; regout           ;
; |main|slave:inst11|lpm_counter0:inst14|lpm_counter:lpm_counter_component|cntr_4pi:auto_generated|counter_reg_bit1a[2]               ; |main|slave:inst11|lpm_counter0:inst14|lpm_counter:lpm_counter_component|cntr_4pi:auto_generated|safe_q[2]                          ; regout           ;
; |main|master:inst9|lpm_bustri0:inst37|lpm_bustri:lpm_bustri_component|dout[0]                                                       ; |main|master:inst9|lpm_bustri0:inst37|lpm_bustri:lpm_bustri_component|dout[0]                                                       ; out              ;
; |main|master:inst9|lpm_counter1:inst39|lpm_counter:lpm_counter_component|cntr_7nh:auto_generated|cout_actual                        ; |main|master:inst9|lpm_counter1:inst39|lpm_counter:lpm_counter_component|cntr_7nh:auto_generated|cout_actual                        ; out0             ;
; |main|master:inst9|lpm_counter1:inst39|lpm_counter:lpm_counter_component|cntr_7nh:auto_generated|counter_comb_bita2                 ; |main|master:inst9|lpm_counter1:inst39|lpm_counter:lpm_counter_component|cntr_7nh:auto_generated|counter_comb_bita2~COUT            ; cout             ;
; |main|master:inst9|lpm_counter1:inst39|lpm_counter:lpm_counter_component|cntr_7nh:auto_generated|counter_reg_bit1a[2]               ; |main|master:inst9|lpm_counter1:inst39|lpm_counter:lpm_counter_component|cntr_7nh:auto_generated|safe_q[2]                          ; regout           ;
; |main|master:inst9|lpm_counter1:inst39|lpm_counter:lpm_counter_component|cntr_7nh:auto_generated|counter_reg_bit1a[1]               ; |main|master:inst9|lpm_counter1:inst39|lpm_counter:lpm_counter_component|cntr_7nh:auto_generated|safe_q[1]                          ; regout           ;
; |main|master:inst9|lpm_counter1:inst39|lpm_counter:lpm_counter_component|cntr_7nh:auto_generated|cmpr_9dc:cmpr2|aneb_result_wire[0] ; |main|master:inst9|lpm_counter1:inst39|lpm_counter:lpm_counter_component|cntr_7nh:auto_generated|cmpr_9dc:cmpr2|aneb_result_wire[0] ; out0             ;
; |main|master:inst9|lpm_counter1:inst39|lpm_counter:lpm_counter_component|cntr_7nh:auto_generated|cmpr_9dc:cmpr2|data_wire[0]        ; |main|master:inst9|lpm_counter1:inst39|lpm_counter:lpm_counter_component|cntr_7nh:auto_generated|cmpr_9dc:cmpr2|data_wire[0]        ; out0             ;
; |main|master:inst9|lpm_counter0:inst6|lpm_counter:lpm_counter_component|cntr_4pi:auto_generated|counter_comb_bita1                  ; |main|master:inst9|lpm_counter0:inst6|lpm_counter:lpm_counter_component|cntr_4pi:auto_generated|counter_comb_bita1~COUT             ; cout             ;
; |main|master:inst9|lpm_counter0:inst6|lpm_counter:lpm_counter_component|cntr_4pi:auto_generated|counter_comb_bita2                  ; |main|master:inst9|lpm_counter0:inst6|lpm_counter:lpm_counter_component|cntr_4pi:auto_generated|counter_comb_bita2                  ; sumout           ;
; |main|master:inst9|lpm_counter0:inst6|lpm_counter:lpm_counter_component|cntr_4pi:auto_generated|counter_reg_bit1a[2]                ; |main|master:inst9|lpm_counter0:inst6|lpm_counter:lpm_counter_component|cntr_4pi:auto_generated|safe_q[2]                           ; regout           ;
; |main|master:inst9|lpm_counter0:inst6|lpm_counter:lpm_counter_component|cntr_4pi:auto_generated|counter_reg_bit1a[1]                ; |main|master:inst9|lpm_counter0:inst6|lpm_counter:lpm_counter_component|cntr_4pi:auto_generated|safe_q[1]                           ; regout           ;
; |main|master:inst9|lpm_counter0:inst23|lpm_counter:lpm_counter_component|cntr_4pi:auto_generated|counter_comb_bita1                 ; |main|master:inst9|lpm_counter0:inst23|lpm_counter:lpm_counter_component|cntr_4pi:auto_generated|counter_comb_bita1~COUT            ; cout             ;
; |main|master:inst9|lpm_counter0:inst23|lpm_counter:lpm_counter_component|cntr_4pi:auto_generated|counter_comb_bita2                 ; |main|master:inst9|lpm_counter0:inst23|lpm_counter:lpm_counter_component|cntr_4pi:auto_generated|counter_comb_bita2                 ; sumout           ;
; |main|master:inst9|lpm_counter0:inst23|lpm_counter:lpm_counter_component|cntr_4pi:auto_generated|counter_reg_bit1a[2]               ; |main|master:inst9|lpm_counter0:inst23|lpm_counter:lpm_counter_component|cntr_4pi:auto_generated|safe_q[2]                          ; regout           ;
; |main|master:inst9|lpm_counter0:inst23|lpm_counter:lpm_counter_component|cntr_4pi:auto_generated|counter_reg_bit1a[1]               ; |main|master:inst9|lpm_counter0:inst23|lpm_counter:lpm_counter_component|cntr_4pi:auto_generated|safe_q[1]                          ; regout           ;
; |main|master:inst9|lpm_counter0:inst14|lpm_counter:lpm_counter_component|cntr_4pi:auto_generated|counter_comb_bita1                 ; |main|master:inst9|lpm_counter0:inst14|lpm_counter:lpm_counter_component|cntr_4pi:auto_generated|counter_comb_bita1~COUT            ; cout             ;
; |main|master:inst9|lpm_counter0:inst14|lpm_counter:lpm_counter_component|cntr_4pi:auto_generated|counter_comb_bita2                 ; |main|master:inst9|lpm_counter0:inst14|lpm_counter:lpm_counter_component|cntr_4pi:auto_generated|counter_comb_bita2                 ; sumout           ;
; |main|master:inst9|lpm_counter0:inst14|lpm_counter:lpm_counter_component|cntr_4pi:auto_generated|counter_reg_bit1a[2]               ; |main|master:inst9|lpm_counter0:inst14|lpm_counter:lpm_counter_component|cntr_4pi:auto_generated|safe_q[2]                          ; regout           ;
; |main|master:inst9|lpm_counter0:inst14|lpm_counter:lpm_counter_component|cntr_4pi:auto_generated|counter_reg_bit1a[1]               ; |main|master:inst9|lpm_counter0:inst14|lpm_counter:lpm_counter_component|cntr_4pi:auto_generated|safe_q[1]                          ; regout           ;
; |main|slave:inst1|lpm_dff0:inst3|lpm_ff:lpm_ff_component|dffs[7]                                                                    ; |main|slave:inst1|lpm_dff0:inst3|lpm_ff:lpm_ff_component|dffs[7]                                                                    ; regout           ;
; |main|slave:inst1|lpm_dff0:inst3|lpm_ff:lpm_ff_component|dffs[6]                                                                    ; |main|slave:inst1|lpm_dff0:inst3|lpm_ff:lpm_ff_component|dffs[6]                                                                    ; regout           ;
; |main|slave:inst1|lpm_dff0:inst3|lpm_ff:lpm_ff_component|dffs[5]                                                                    ; |main|slave:inst1|lpm_dff0:inst3|lpm_ff:lpm_ff_component|dffs[5]                                                                    ; regout           ;
; |main|slave:inst1|lpm_dff0:inst3|lpm_ff:lpm_ff_component|dffs[4]                                                                    ; |main|slave:inst1|lpm_dff0:inst3|lpm_ff:lpm_ff_component|dffs[4]                                                                    ; regout           ;
; |main|slave:inst1|lpm_dff0:inst3|lpm_ff:lpm_ff_component|dffs[3]                                                                    ; |main|slave:inst1|lpm_dff0:inst3|lpm_ff:lpm_ff_component|dffs[3]                                                                    ; regout           ;
; |main|slave:inst1|lpm_dff0:inst3|lpm_ff:lpm_ff_component|dffs[2]                                                                    ; |main|slave:inst1|lpm_dff0:inst3|lpm_ff:lpm_ff_component|dffs[2]                                                                    ; regout           ;
; |main|slave:inst1|lpm_dff0:inst3|lpm_ff:lpm_ff_component|dffs[0]                                                                    ; |main|slave:inst1|lpm_dff0:inst3|lpm_ff:lpm_ff_component|dffs[0]                                                                    ; regout           ;
; |main|slave:inst1|lpm_counter0:inst6|lpm_counter:lpm_counter_component|cntr_4pi:auto_generated|counter_comb_bita1                   ; |main|slave:inst1|lpm_counter0:inst6|lpm_counter:lpm_counter_component|cntr_4pi:auto_generated|counter_comb_bita1~COUT              ; cout             ;
; |main|slave:inst1|lpm_counter0:inst6|lpm_counter:lpm_counter_component|cntr_4pi:auto_generated|counter_comb_bita2                   ; |main|slave:inst1|lpm_counter0:inst6|lpm_counter:lpm_counter_component|cntr_4pi:auto_generated|counter_comb_bita2                   ; sumout           ;
; |main|slave:inst1|lpm_counter0:inst6|lpm_counter:lpm_counter_component|cntr_4pi:auto_generated|counter_reg_bit1a[2]                 ; |main|slave:inst1|lpm_counter0:inst6|lpm_counter:lpm_counter_component|cntr_4pi:auto_generated|safe_q[2]                            ; regout           ;
; |main|slave:inst1|lpm_counter0:inst6|lpm_counter:lpm_counter_component|cntr_4pi:auto_generated|counter_reg_bit1a[1]                 ; |main|slave:inst1|lpm_counter0:inst6|lpm_counter:lpm_counter_component|cntr_4pi:auto_generated|safe_q[1]                            ; regout           ;
; |main|slave:inst1|lpm_counter0:inst14|lpm_counter:lpm_counter_component|cntr_4pi:auto_generated|counter_comb_bita1                  ; |main|slave:inst1|lpm_counter0:inst14|lpm_counter:lpm_counter_component|cntr_4pi:auto_generated|counter_comb_bita1~COUT             ; cout             ;
; |main|slave:inst1|lpm_counter0:inst14|lpm_counter:lpm_counter_component|cntr_4pi:auto_generated|counter_comb_bita2                  ; |main|slave:inst1|lpm_counter0:inst14|lpm_counter:lpm_counter_component|cntr_4pi:auto_generated|counter_comb_bita2                  ; sumout           ;
; |main|slave:inst1|lpm_counter0:inst14|lpm_counter:lpm_counter_component|cntr_4pi:auto_generated|counter_reg_bit1a[2]                ; |main|slave:inst1|lpm_counter0:inst14|lpm_counter:lpm_counter_component|cntr_4pi:auto_generated|safe_q[2]                           ; regout           ;
; |main|slave:inst1|lpm_counter0:inst14|lpm_counter:lpm_counter_component|cntr_4pi:auto_generated|counter_reg_bit1a[1]                ; |main|slave:inst1|lpm_counter0:inst14|lpm_counter:lpm_counter_component|cntr_4pi:auto_generated|safe_q[1]                           ; regout           ;
; |main|master:inst8|lpm_bustri0:inst37|lpm_bustri:lpm_bustri_component|dout[1]                                                       ; |main|master:inst8|lpm_bustri0:inst37|lpm_bustri:lpm_bustri_component|dout[1]                                                       ; out              ;
; |main|master:inst8|lpm_counter1:inst39|lpm_counter:lpm_counter_component|cntr_7nh:auto_generated|counter_comb_bita0                 ; |main|master:inst8|lpm_counter1:inst39|lpm_counter:lpm_counter_component|cntr_7nh:auto_generated|counter_comb_bita0                 ; sumout           ;
; |main|master:inst8|lpm_counter1:inst39|lpm_counter:lpm_counter_component|cntr_7nh:auto_generated|counter_comb_bita0                 ; |main|master:inst8|lpm_counter1:inst39|lpm_counter:lpm_counter_component|cntr_7nh:auto_generated|counter_comb_bita0~COUT            ; cout             ;
; |main|master:inst8|lpm_counter1:inst39|lpm_counter:lpm_counter_component|cntr_7nh:auto_generated|counter_comb_bita1                 ; |main|master:inst8|lpm_counter1:inst39|lpm_counter:lpm_counter_component|cntr_7nh:auto_generated|counter_comb_bita1                 ; sumout           ;
; |main|master:inst8|lpm_counter1:inst39|lpm_counter:lpm_counter_component|cntr_7nh:auto_generated|counter_comb_bita1                 ; |main|master:inst8|lpm_counter1:inst39|lpm_counter:lpm_counter_component|cntr_7nh:auto_generated|counter_comb_bita1~COUT            ; cout             ;
; |main|master:inst8|lpm_counter1:inst39|lpm_counter:lpm_counter_component|cntr_7nh:auto_generated|counter_comb_bita2                 ; |main|master:inst8|lpm_counter1:inst39|lpm_counter:lpm_counter_component|cntr_7nh:auto_generated|counter_comb_bita2~COUT            ; cout             ;
; |main|master:inst8|lpm_counter1:inst39|lpm_counter:lpm_counter_component|cntr_7nh:auto_generated|counter_reg_bit1a[2]               ; |main|master:inst8|lpm_counter1:inst39|lpm_counter:lpm_counter_component|cntr_7nh:auto_generated|safe_q[2]                          ; regout           ;
; |main|master:inst8|lpm_counter1:inst39|lpm_counter:lpm_counter_component|cntr_7nh:auto_generated|counter_reg_bit1a[1]               ; |main|master:inst8|lpm_counter1:inst39|lpm_counter:lpm_counter_component|cntr_7nh:auto_generated|safe_q[1]                          ; regout           ;
; |main|master:inst8|lpm_counter1:inst39|lpm_counter:lpm_counter_component|cntr_7nh:auto_generated|counter_reg_bit1a[0]               ; |main|master:inst8|lpm_counter1:inst39|lpm_counter:lpm_counter_component|cntr_7nh:auto_generated|safe_q[0]                          ; regout           ;
; |main|master:inst8|lpm_bustri1:inst40|lpm_bustri:lpm_bustri_component|dout[2]                                                       ; |main|master:inst8|lpm_bustri1:inst40|lpm_bustri:lpm_bustri_component|dout[2]                                                       ; out              ;
; |main|master:inst8|lpm_counter0:inst6|lpm_counter:lpm_counter_component|cntr_4pi:auto_generated|counter_reg_bit1a[2]                ; |main|master:inst8|lpm_counter0:inst6|lpm_counter:lpm_counter_component|cntr_4pi:auto_generated|safe_q[2]                           ; regout           ;
; |main|master:inst8|lpm_counter0:inst23|lpm_counter:lpm_counter_component|cntr_4pi:auto_generated|counter_reg_bit1a[2]               ; |main|master:inst8|lpm_counter0:inst23|lpm_counter:lpm_counter_component|cntr_4pi:auto_generated|safe_q[2]                          ; regout           ;
; |main|master:inst8|lpm_counter0:inst14|lpm_counter:lpm_counter_component|cntr_4pi:auto_generated|counter_reg_bit1a[2]               ; |main|master:inst8|lpm_counter0:inst14|lpm_counter:lpm_counter_component|cntr_4pi:auto_generated|safe_q[2]                          ; regout           ;
; |main|master:inst|lpm_bustri0:inst37|lpm_bustri:lpm_bustri_component|dout[1]                                                        ; |main|master:inst|lpm_bustri0:inst37|lpm_bustri:lpm_bustri_component|dout[1]                                                        ; out              ;
; |main|master:inst|lpm_bustri0:inst37|lpm_bustri:lpm_bustri_component|dout[0]                                                        ; |main|master:inst|lpm_bustri0:inst37|lpm_bustri:lpm_bustri_component|dout[0]                                                        ; out              ;
; |main|master:inst|lpm_counter1:inst39|lpm_counter:lpm_counter_component|cntr_7nh:auto_generated|cout_actual                         ; |main|master:inst|lpm_counter1:inst39|lpm_counter:lpm_counter_component|cntr_7nh:auto_generated|cout_actual                         ; out0             ;
; |main|master:inst|lpm_counter1:inst39|lpm_counter:lpm_counter_component|cntr_7nh:auto_generated|counter_comb_bita2                  ; |main|master:inst|lpm_counter1:inst39|lpm_counter:lpm_counter_component|cntr_7nh:auto_generated|counter_comb_bita2~COUT             ; cout             ;
; |main|master:inst|lpm_counter1:inst39|lpm_counter:lpm_counter_component|cntr_7nh:auto_generated|counter_reg_bit1a[2]                ; |main|master:inst|lpm_counter1:inst39|lpm_counter:lpm_counter_component|cntr_7nh:auto_generated|safe_q[2]                           ; regout           ;
; |main|master:inst|lpm_counter1:inst39|lpm_counter:lpm_counter_component|cntr_7nh:auto_generated|counter_reg_bit1a[1]                ; |main|master:inst|lpm_counter1:inst39|lpm_counter:lpm_counter_component|cntr_7nh:auto_generated|safe_q[1]                           ; regout           ;
; |main|master:inst|lpm_counter1:inst39|lpm_counter:lpm_counter_component|cntr_7nh:auto_generated|cmpr_9dc:cmpr2|aneb_result_wire[0]  ; |main|master:inst|lpm_counter1:inst39|lpm_counter:lpm_counter_component|cntr_7nh:auto_generated|cmpr_9dc:cmpr2|aneb_result_wire[0]  ; out0             ;
; |main|master:inst|lpm_counter1:inst39|lpm_counter:lpm_counter_component|cntr_7nh:auto_generated|cmpr_9dc:cmpr2|data_wire[0]         ; |main|master:inst|lpm_counter1:inst39|lpm_counter:lpm_counter_component|cntr_7nh:auto_generated|cmpr_9dc:cmpr2|data_wire[0]         ; out0             ;
; |main|master:inst|lpm_counter0:inst6|lpm_counter:lpm_counter_component|cntr_4pi:auto_generated|counter_reg_bit1a[2]                 ; |main|master:inst|lpm_counter0:inst6|lpm_counter:lpm_counter_component|cntr_4pi:auto_generated|safe_q[2]                            ; regout           ;
; |main|master:inst|lpm_counter0:inst23|lpm_counter:lpm_counter_component|cntr_4pi:auto_generated|counter_reg_bit1a[2]                ; |main|master:inst|lpm_counter0:inst23|lpm_counter:lpm_counter_component|cntr_4pi:auto_generated|safe_q[2]                           ; regout           ;
; |main|master:inst|lpm_counter0:inst14|lpm_counter:lpm_counter_component|cntr_4pi:auto_generated|counter_reg_bit1a[2]                ; |main|master:inst|lpm_counter0:inst14|lpm_counter:lpm_counter_component|cntr_4pi:auto_generated|safe_q[2]                           ; regout           ;
+-------------------------------------------------------------------------------------------------------------------------------------+-------------------------------------------------------------------------------------------------------------------------------------+------------------+


+---------------------+
; Simulator INI Usage ;
+--------+------------+
; Option ; Usage      ;
+--------+------------+


+--------------------+
; Simulator Messages ;
+--------------------+
Info: *******************************************************************
Info: Running Quartus II Simulator
    Info: Version 9.1 Build 222 10/21/2009 SJ Web Edition
    Info: Processing started: Fri Feb 23 10:47:00 2024
Info: Command: quartus_sim --read_settings_files=on --write_settings_files=off Lab7 -c Lab7
Warning: Tcl Script File ../lab7/lpm_constant5.qip not found
    Info: set_global_assignment -name QIP_FILE ../lab7/lpm_constant5.qip
Warning: Tcl Script File ../lab7/lpm_constant6.qip not found
    Info: set_global_assignment -name QIP_FILE ../lab7/lpm_constant6.qip
Warning: Tcl Script File ../lab7/lpm_constant7.qip not found
    Info: set_global_assignment -name QIP_FILE ../lab7/lpm_constant7.qip
Warning: Tcl Script File ../lab7/lpm_constant8.qip not found
    Info: set_global_assignment -name QIP_FILE ../lab7/lpm_constant8.qip
Warning: Tcl Script File ../lab7/lpm_constant1.qip not found
    Info: set_global_assignment -name QIP_FILE ../lab7/lpm_constant1.qip
Warning: Tcl Script File ../lab7/lpm_constant9.qip not found
    Info: set_global_assignment -name QIP_FILE ../lab7/lpm_constant9.qip
Warning: Tcl Script File ../lab7/lpm_constant10.qip not found
    Info: set_global_assignment -name QIP_FILE ../lab7/lpm_constant10.qip
Warning: Tcl Script File ../lab7/lpm_constant11.qip not found
    Info: set_global_assignment -name QIP_FILE ../lab7/lpm_constant11.qip
Info: Using vector source file "C:/Users/litse/Desktop/ÑÈÔÎ/ËĞ7/main.vwf"
Info: Option to preserve fewer signal transitions to reduce memory requirements is enabled
    Info: Simulation has been partitioned into sub-simulations according to the maximum transition count determined by the engine. Transitions from memory will be flushed out to disk at the end of each sub-simulation to reduce memory requirements.
Warning: Found clock-sensitive change during active clock edge at time 15.0 ns on register "|main|master:inst|inst12"
Warning: Found clock-sensitive change during active clock edge at time 40.0 ns on register "|main|slave:inst1|inst12"
Warning: Found clock-sensitive change during active clock edge at time 125.0 ns on register "|main|master:inst8|inst12"
Warning: Found clock-sensitive change during active clock edge at time 140.0 ns on register "|main|slave:inst12|inst12"
Warning: Found clock-sensitive change during active clock edge at time 265.0 ns on register "|main|master:inst9|inst12"
Warning: Found clock-sensitive change during active clock edge at time 530.0 ns on register "|main|slave:inst11|inst12"
Info: Simulation partitioned into 1 sub-simulations
Info: Simulation coverage is      57.49 %
Info: Number of transitions in simulation is 2708
Info: Quartus II Simulator was successful. 0 errors, 14 warnings
    Info: Peak virtual memory: 154 megabytes
    Info: Processing ended: Fri Feb 23 10:47:01 2024
    Info: Elapsed time: 00:00:01
    Info: Total CPU time (on all processors): 00:00:01


