Fitter report for Lab7
Thu Feb 22 18:50:05 2024
Quartus II Version 9.1 Build 222 10/21/2009 SJ Web Edition


---------------------
; Table of Contents ;
---------------------
  1. Legal Notice
  2. Fitter Summary
  3. Fitter Settings
  4. Parallel Compilation
  5. I/O Assignment Warnings
  6. Fitter Netlist Optimizations
  7. Incremental Compilation Preservation Summary
  8. Incremental Compilation Partition Settings
  9. Incremental Compilation Placement Preservation
 10. Pin-Out File
 11. Fitter Resource Usage Summary
 12. Input Pins
 13. Output Pins
 14. I/O Bank Usage
 15. All Package Pins
 16. Output Pin Default Load For Reported TCO
 17. Fitter Resource Utilization by Entity
 18. Delay Chain Summary
 19. Pad To Core Delay Chain Fanout
 20. Control Signals
 21. Global & Other Fast Signals
 22. Non-Global High Fan-Out Signals
 23. Interconnect Usage Summary
 24. LAB Logic Elements
 25. LAB-wide Signals
 26. LAB Signals Sourced
 27. LAB Signals Sourced Out
 28. LAB Distinct Inputs
 29. I/O Rules Summary
 30. I/O Rules Details
 31. I/O Rules Matrix
 32. Fitter Device Options
 33. Operating Settings and Conditions
 34. Estimated Delay Added for Hold Timing
 35. Fitter Messages



----------------
; Legal Notice ;
----------------
Copyright (C) 1991-2009 Altera Corporation
Your use of Altera Corporation's design tools, logic functions 
and other software and tools, and its AMPP partner logic 
functions, and any output files from any of the foregoing 
(including device programming or simulation files), and any 
associated documentation or information are expressly subject 
to the terms and conditions of the Altera Program License 
Subscription Agreement, Altera MegaCore Function License 
Agreement, or other applicable license agreement, including, 
without limitation, that your use is for the sole purpose of 
programming logic devices manufactured by Altera and sold by 
Altera or its authorized distributors.  Please refer to the 
applicable agreement for further details.



+-------------------------------------------------------------------------+
; Fitter Summary                                                          ;
+-------------------------------+-----------------------------------------+
; Fitter Status                 ; Successful - Thu Feb 22 18:50:05 2024   ;
; Quartus II Version            ; 9.1 Build 222 10/21/2009 SJ Web Edition ;
; Revision Name                 ; Lab7                                    ;
; Top-level Entity Name         ; main                                    ;
; Family                        ; Stratix II                              ;
; Device                        ; EP2S15F484C3                            ;
; Timing Models                 ; Final                                   ;
; Logic utilization             ; 2 %                                     ;
;     Combinational ALUTs       ; 248 / 12,480 ( 2 % )                    ;
;     Dedicated logic registers ; 146 / 12,480 ( 1 % )                    ;
; Total registers               ; 146                                     ;
; Total pins                    ; 62 / 343 ( 18 % )                       ;
; Total virtual pins            ; 0                                       ;
; Total block memory bits       ; 0 / 419,328 ( 0 % )                     ;
; DSP block 9-bit elements      ; 0 / 96 ( 0 % )                          ;
; Total PLLs                    ; 0 / 6 ( 0 % )                           ;
; Total DLLs                    ; 0 / 2 ( 0 % )                           ;
+-------------------------------+-----------------------------------------+


+----------------------------------------------------------------------------------------------------------------------------------------------+
; Fitter Settings                                                                                                                              ;
+----------------------------------------------------------------------------+--------------------------------+--------------------------------+
; Option                                                                     ; Setting                        ; Default Value                  ;
+----------------------------------------------------------------------------+--------------------------------+--------------------------------+
; Device                                                                     ; AUTO                           ;                                ;
; Fit Attempts to Skip                                                       ; 0                              ; 0.0                            ;
; Use smart compilation                                                      ; Off                            ; Off                            ;
; Enable parallel Assembler and TimeQuest Timing Analyzer during compilation ; On                             ; On                             ;
; Enable compact report table                                                ; Off                            ; Off                            ;
; Use TimeQuest Timing Analyzer                                              ; Off                            ; Off                            ;
; Router Timing Optimization Level                                           ; Normal                         ; Normal                         ;
; Placement Effort Multiplier                                                ; 1.0                            ; 1.0                            ;
; Router Effort Multiplier                                                   ; 1.0                            ; 1.0                            ;
; Always Enable Input Buffers                                                ; Off                            ; Off                            ;
; Optimize Hold Timing                                                       ; IO Paths and Minimum TPD Paths ; IO Paths and Minimum TPD Paths ;
; Optimize Multi-Corner Timing                                               ; Off                            ; Off                            ;
; PowerPlay Power Optimization                                               ; Normal compilation             ; Normal compilation             ;
; Optimize Timing                                                            ; Normal compilation             ; Normal compilation             ;
; Optimize Timing for ECOs                                                   ; Off                            ; Off                            ;
; Regenerate full fit report during ECO compiles                             ; Off                            ; Off                            ;
; Optimize IOC Register Placement for Timing                                 ; On                             ; On                             ;
; Limit to One Fitting Attempt                                               ; Off                            ; Off                            ;
; Final Placement Optimizations                                              ; Automatically                  ; Automatically                  ;
; Fitter Aggressive Routability Optimizations                                ; Automatically                  ; Automatically                  ;
; Fitter Initial Placement Seed                                              ; 1                              ; 1                              ;
; PCI I/O                                                                    ; Off                            ; Off                            ;
; Weak Pull-Up Resistor                                                      ; Off                            ; Off                            ;
; Enable Bus-Hold Circuitry                                                  ; Off                            ; Off                            ;
; Auto Global Memory Control Signals                                         ; Off                            ; Off                            ;
; Auto Packed Registers                                                      ; Auto                           ; Auto                           ;
; Auto Delay Chains                                                          ; On                             ; On                             ;
; Auto Merge PLLs                                                            ; On                             ; On                             ;
; Perform Physical Synthesis for Combinational Logic for Fitting             ; Off                            ; Off                            ;
; Perform Physical Synthesis for Combinational Logic for Performance         ; Off                            ; Off                            ;
; Perform Register Duplication for Performance                               ; Off                            ; Off                            ;
; Perform Logic to Memory Mapping for Fitting                                ; Off                            ; Off                            ;
; Perform Register Retiming for Performance                                  ; Off                            ; Off                            ;
; Perform Asynchronous Signal Pipelining                                     ; Off                            ; Off                            ;
; Fitter Effort                                                              ; Auto Fit                       ; Auto Fit                       ;
; Physical Synthesis Effort Level                                            ; Normal                         ; Normal                         ;
; Logic Cell Insertion - Logic Duplication                                   ; Auto                           ; Auto                           ;
; Auto Register Duplication                                                  ; Auto                           ; Auto                           ;
; Auto Global Clock                                                          ; On                             ; On                             ;
; Auto Global Register Control Signals                                       ; On                             ; On                             ;
; Stop After Congestion Map Generation                                       ; Off                            ; Off                            ;
; Save Intermediate Fitting Results                                          ; Off                            ; Off                            ;
; Force Fitter to Avoid Periphery Placement Warnings                         ; Off                            ; Off                            ;
; Use Best Effort Settings for Compilation                                   ; Off                            ; Off                            ;
+----------------------------------------------------------------------------+--------------------------------+--------------------------------+


Parallel compilation was disabled, but you have multiple processors available. Enable parallel compilation to reduce compilation time.
+-------------------------------------+
; Parallel Compilation                ;
+----------------------------+--------+
; Processors                 ; Number ;
+----------------------------+--------+
; Number detected on machine ; 8      ;
; Maximum allowed            ; 1      ;
+----------------------------+--------+


+------------------------------------------------+
; I/O Assignment Warnings                        ;
+----------------+-------------------------------+
; Pin Name       ; Reason                        ;
+----------------+-------------------------------+
; MSYN           ; Incomplete set of assignments ;
; SSYN           ; Incomplete set of assignments ;
; address[2]     ; Incomplete set of assignments ;
; address[1]     ; Incomplete set of assignments ;
; address[0]     ; Incomplete set of assignments ;
; data[7]        ; Incomplete set of assignments ;
; data[6]        ; Incomplete set of assignments ;
; data[5]        ; Incomplete set of assignments ;
; data[4]        ; Incomplete set of assignments ;
; data[3]        ; Incomplete set of assignments ;
; data[2]        ; Incomplete set of assignments ;
; data[1]        ; Incomplete set of assignments ;
; data[0]        ; Incomplete set of assignments ;
; GNT1           ; Incomplete set of assignments ;
; BBUSY          ; Incomplete set of assignments ;
; GNT2           ; Incomplete set of assignments ;
; BREQ1          ; Incomplete set of assignments ;
; BREQ2          ; Incomplete set of assignments ;
; slave_data1[7] ; Incomplete set of assignments ;
; slave_data1[6] ; Incomplete set of assignments ;
; slave_data1[5] ; Incomplete set of assignments ;
; slave_data1[4] ; Incomplete set of assignments ;
; slave_data1[3] ; Incomplete set of assignments ;
; slave_data1[2] ; Incomplete set of assignments ;
; slave_data1[1] ; Incomplete set of assignments ;
; slave_data1[0] ; Incomplete set of assignments ;
; slave_data2[7] ; Incomplete set of assignments ;
; slave_data2[6] ; Incomplete set of assignments ;
; slave_data2[5] ; Incomplete set of assignments ;
; slave_data2[4] ; Incomplete set of assignments ;
; slave_data2[3] ; Incomplete set of assignments ;
; slave_data2[2] ; Incomplete set of assignments ;
; slave_data2[1] ; Incomplete set of assignments ;
; slave_data2[0] ; Incomplete set of assignments ;
; slave_data3[7] ; Incomplete set of assignments ;
; slave_data3[6] ; Incomplete set of assignments ;
; slave_data3[5] ; Incomplete set of assignments ;
; slave_data3[4] ; Incomplete set of assignments ;
; slave_data3[3] ; Incomplete set of assignments ;
; slave_data3[2] ; Incomplete set of assignments ;
; slave_data3[1] ; Incomplete set of assignments ;
; slave_data3[0] ; Incomplete set of assignments ;
; slave_data4[7] ; Incomplete set of assignments ;
; slave_data4[6] ; Incomplete set of assignments ;
; slave_data4[5] ; Incomplete set of assignments ;
; slave_data4[4] ; Incomplete set of assignments ;
; slave_data4[3] ; Incomplete set of assignments ;
; slave_data4[2] ; Incomplete set of assignments ;
; slave_data4[1] ; Incomplete set of assignments ;
; slave_data4[0] ; Incomplete set of assignments ;
; slave_data5[7] ; Incomplete set of assignments ;
; slave_data5[6] ; Incomplete set of assignments ;
; slave_data5[5] ; Incomplete set of assignments ;
; slave_data5[4] ; Incomplete set of assignments ;
; slave_data5[3] ; Incomplete set of assignments ;
; slave_data5[2] ; Incomplete set of assignments ;
; slave_data5[1] ; Incomplete set of assignments ;
; slave_data5[0] ; Incomplete set of assignments ;
; clk            ; Incomplete set of assignments ;
; REQ[2]         ; Incomplete set of assignments ;
; REQ[1]         ; Incomplete set of assignments ;
; REQ[0]         ; Incomplete set of assignments ;
+----------------+-------------------------------+


+----------------------------------------------------------------------------------------------------------------------------------------------------------------------------------------------------------------------------------------------------------------------------------------------------------------------------------------------------------------------------+
; Fitter Netlist Optimizations                                                                                                                                                                                                                                                                                                                                               ;
+-----------------------------------------------------------------------------------------------+------------+---------------------------------------------------+--------------------------+-----------+----------------+--------------------------------------------------------------------------------------------------------+------------------+-----------------------+
; Node                                                                                          ; Action     ; Operation                                         ; Reason                   ; Node Port ; Node Port Name ; Destination Node                                                                                       ; Destination Port ; Destination Port Name ;
+-----------------------------------------------------------------------------------------------+------------+---------------------------------------------------+--------------------------+-----------+----------------+--------------------------------------------------------------------------------------------------------+------------------+-----------------------+
; master:inst9|lpm_bustri1:inst40|lpm_bustri:lpm_bustri_component|dout[1]~4                     ; Duplicated ; Router Logic Cell Insertion and Logic Duplication ; Routability optimization ;           ;                ; master:inst9|lpm_bustri1:inst40|lpm_bustri:lpm_bustri_component|dout[1]~4DUPLICATE                     ;                  ;                       ;
; master:inst|lpm_counter0:inst14|lpm_counter:lpm_counter_component|cntr_4pi:auto_generated|_~0 ; Duplicated ; Router Logic Cell Insertion and Logic Duplication ; Routability optimization ;           ;                ; master:inst|lpm_counter0:inst14|lpm_counter:lpm_counter_component|cntr_4pi:auto_generated|_~0DUPLICATE ;                  ;                       ;
+-----------------------------------------------------------------------------------------------+------------+---------------------------------------------------+--------------------------+-----------+----------------+--------------------------------------------------------------------------------------------------------+------------------+-----------------------+


+----------------------------------------------+
; Incremental Compilation Preservation Summary ;
+-------------------------+--------------------+
; Type                    ; Value              ;
+-------------------------+--------------------+
; Placement               ;                    ;
;     -- Requested        ; 0 / 463 ( 0.00 % ) ;
;     -- Achieved         ; 0 / 463 ( 0.00 % ) ;
;                         ;                    ;
; Routing (by Connection) ;                    ;
;     -- Requested        ; 0 / 0 ( 0.00 % )   ;
;     -- Achieved         ; 0 / 0 ( 0.00 % )   ;
+-------------------------+--------------------+


+--------------------------------------------------------------------------------------------------------------------------------------------------+
; Incremental Compilation Partition Settings                                                                                                       ;
+----------------+----------------+-------------------+-------------------------+------------------------+------------------------------+----------+
; Partition Name ; Partition Type ; Netlist Type Used ; Preservation Level Used ; Netlist Type Requested ; Preservation Level Requested ; Contents ;
+----------------+----------------+-------------------+-------------------------+------------------------+------------------------------+----------+
; Top            ; User-created   ; Source File       ; N/A                     ; Source File            ; N/A                          ;          ;
+----------------+----------------+-------------------+-------------------------+------------------------+------------------------------+----------+


+--------------------------------------------------------------------------------------------+
; Incremental Compilation Placement Preservation                                             ;
+----------------+---------+-------------------+-------------------------+-------------------+
; Partition Name ; # Nodes ; # Preserved Nodes ; Preservation Level Used ; Netlist Type Used ;
+----------------+---------+-------------------+-------------------------+-------------------+
; Top            ; 463     ; 0                 ; N/A                     ; Source File       ;
+----------------+---------+-------------------+-------------------------+-------------------+


+--------------+
; Pin-Out File ;
+--------------+
The pin-out file can be found in C:/Users/litse/Desktop/—»‘Œ/À–7/Lab7.pin.


+----------------------------------------------------------------------------------------------------------+
; Fitter Resource Usage Summary                                                                            ;
+-----------------------------------------------------------------------------------+----------------------+
; Resource                                                                          ; Usage                ;
+-----------------------------------------------------------------------------------+----------------------+
; Combinational ALUTs                                                               ; 248 / 12,480 ( 2 % ) ;
; Dedicated logic registers                                                         ; 146 / 12,480 ( 1 % ) ;
;                                                                                   ;                      ;
; Combinational ALUT usage by number of inputs                                      ;                      ;
;     -- 7 input functions                                                          ; 0                    ;
;     -- 6 input functions                                                          ; 7                    ;
;     -- 5 input functions                                                          ; 9                    ;
;     -- 4 input functions                                                          ; 26                   ;
;     -- <=3 input functions                                                        ; 206                  ;
;                                                                                   ;                      ;
; Combinational ALUTs by mode                                                       ;                      ;
;     -- normal mode                                                                ; 179                  ;
;     -- extended LUT mode                                                          ; 0                    ;
;     -- arithmetic mode                                                            ; 69                   ;
;     -- shared arithmetic mode                                                     ; 0                    ;
;                                                                                   ;                      ;
; Logic utilization                                                                 ; 304 / 12,480 ( 2 % ) ;
;     -- Difficulty Clustering Design                                               ; Low                  ;
;     -- Combinational ALUT/register pairs used in final Placement                  ; 304                  ;
;         -- Combinational with no register                                         ; 158                  ;
;         -- Register only                                                          ; 56                   ;
;         -- Combinational with a register                                          ; 90                   ;
;     -- Estimated pairs recoverable by pairing ALUTs and registers as design grows ; -58                  ;
;     -- Estimated Combinational ALUT/register pairs unavailable                    ; 58                   ;
;         -- Unavailable due to unpartnered 7 LUTs                                  ; 0                    ;
;         -- Unavailable due to unpartnered 6 LUTs                                  ; 6                    ;
;         -- Unavailable due to unpartnered 5 LUTs                                  ; 0                    ;
;         -- Unavailable due to LAB-wide signal conflicts                           ; 52                   ;
;         -- Unavailable due to LAB input limits                                    ; 0                    ;
;                                                                                   ;                      ;
; Total registers*                                                                  ; 146 / 14,410 ( 1 % ) ;
;     -- Dedicated logic registers                                                  ; 146 / 12,480 ( 1 % ) ;
;     -- I/O registers                                                              ; 0 / 1,930 ( 0 % )    ;
;                                                                                   ;                      ;
; ALMs:  partially or completely used                                               ; 221 / 6,240 ( 4 % )  ;
;                                                                                   ;                      ;
; Total LABs:  partially or completely used                                         ; 63 / 780 ( 8 % )     ;
;                                                                                   ;                      ;
; User inserted logic elements                                                      ; 0                    ;
; Virtual pins                                                                      ; 0                    ;
; I/O pins                                                                          ; 62 / 343 ( 18 % )    ;
;     -- Clock pins                                                                 ; 8 / 16 ( 50 % )      ;
; Global signals                                                                    ; 8                    ;
; M512s                                                                             ; 0 / 104 ( 0 % )      ;
; M4Ks                                                                              ; 0 / 78 ( 0 % )       ;
; Total block memory bits                                                           ; 0 / 419,328 ( 0 % )  ;
; Total block memory implementation bits                                            ; 0 / 419,328 ( 0 % )  ;
; DSP block 9-bit elements                                                          ; 0 / 96 ( 0 % )       ;
; PLLs                                                                              ; 0 / 6 ( 0 % )        ;
; Global clocks                                                                     ; 8 / 16 ( 50 % )      ;
; Regional clocks                                                                   ; 0 / 32 ( 0 % )       ;
; SERDES transmitters                                                               ; 0 / 38 ( 0 % )       ;
; SERDES receivers                                                                  ; 0 / 42 ( 0 % )       ;
; JTAGs                                                                             ; 0 / 1 ( 0 % )        ;
; ASMI blocks                                                                       ; 0 / 1 ( 0 % )        ;
; CRC blocks                                                                        ; 0 / 1 ( 0 % )        ;
; Remote update blocks                                                              ; 0 / 1 ( 0 % )        ;
; Average interconnect usage (total/H/V)                                            ; 0% / 0% / 0%         ;
; Peak interconnect usage (total/H/V)                                               ; 2% / 2% / 2%         ;
; Maximum fan-out node                                                              ; clk                  ;
; Maximum fan-out                                                                   ; 59                   ;
; Highest non-global fan-out signal                                                 ; clk                  ;
; Highest non-global fan-out                                                        ; 59                   ;
; Total fan-out                                                                     ; 1071                 ;
; Average fan-out                                                                   ; 2.30                 ;
+-----------------------------------------------------------------------------------+----------------------+
*  Register count does not include registers inside block RAM or DSP blocks.



+--------------------------------------------------------------------------------------------------------------------------------------------------------------------------------------------------------------------------------------------------------------+
; Input Pins                                                                                                                                                                                                                                                   ;
+--------+-------+----------+--------------+--------------+-------------+-----------------------+--------------------+--------+----------------+---------------+-----------------+----------+--------------+--------------+-------------+----------------------+
; Name   ; Pin # ; I/O Bank ; X coordinate ; Y coordinate ; Cell number ; Combinational Fan-Out ; Registered Fan-Out ; Global ; Input Register ; Power Up High ; PCI I/O Enabled ; Bus Hold ; Weak Pull Up ; I/O Standard ; Termination ; Location assigned by ;
+--------+-------+----------+--------------+--------------+-------------+-----------------------+--------------------+--------+----------------+---------------+-----------------+----------+--------------+--------------+-------------+----------------------+
; REQ[0] ; N20   ; 1        ; 0            ; 10           ; 1           ; 2                     ; 0                  ; yes    ; no             ; no            ; no              ; no       ; Off          ; 3.3-V LVTTL  ; Off         ; Fitter               ;
; REQ[1] ; M21   ; 2        ; 0            ; 16           ; 2           ; 2                     ; 0                  ; yes    ; no             ; no            ; no              ; no       ; Off          ; 3.3-V LVTTL  ; Off         ; Fitter               ;
; REQ[2] ; M2    ; 5        ; 40           ; 16           ; 2           ; 2                     ; 0                  ; yes    ; no             ; no            ; no              ; no       ; Off          ; 3.3-V LVTTL  ; Off         ; Fitter               ;
; clk    ; H12   ; 3        ; 15           ; 27           ; 2           ; 59                    ; 0                  ; no     ; no             ; no            ; no              ; no       ; Off          ; 3.3-V LVTTL  ; Off         ; Fitter               ;
+--------+-------+----------+--------------+--------------+-------------+-----------------------+--------------------+--------+----------------+---------------+-----------------+----------+--------------+--------------+-------------+----------------------+


+----------------------------------------------------------------------------------------------------------------------------------------------------------------------------------------------------------------------------------------------------------------------------------------------------------------------------------------------+
; Output Pins                                                                                                                                                                                                                                                                                                                                  ;
+----------------+-------+----------+--------------+--------------+-------------+-----------------+------------------------+---------------+-----------------+------------+---------------+----------+--------------+--------------+------------------+-------------+----------------------+------+----------------------+---------------------+
; Name           ; Pin # ; I/O Bank ; X coordinate ; Y coordinate ; Cell number ; Output Register ; Output Enable Register ; Power Up High ; PCI I/O Enabled ; Open Drain ; TRI Primitive ; Bus Hold ; Weak Pull Up ; I/O Standard ; Current Strength ; Termination ; Location assigned by ; Load ; Output Enable Source ; Output Enable Group ;
+----------------+-------+----------+--------------+--------------+-------------+-----------------+------------------------+---------------+-----------------+------------+---------------+----------+--------------+--------------+------------------+-------------+----------------------+------+----------------------+---------------------+
; BBUSY          ; R21   ; 1        ; 0            ; 8            ; 3           ; no              ; no                     ; no            ; no              ; no         ; no            ; no       ; Off          ; 3.3-V LVTTL  ; 12mA             ; Off         ; Fitter               ; 0 pF ; -                    ; -                   ;
; BREQ1          ; G2    ; 5        ; 40           ; 21           ; 3           ; no              ; no                     ; no            ; no              ; no         ; no            ; no       ; Off          ; 3.3-V LVTTL  ; 12mA             ; Off         ; Fitter               ; 0 pF ; -                    ; -                   ;
; BREQ2          ; B15   ; 3        ; 14           ; 27           ; 0           ; no              ; no                     ; no            ; no              ; no         ; no            ; no       ; Off          ; 3.3-V LVTTL  ; 24mA             ; Off         ; Fitter               ; 0 pF ; -                    ; -                   ;
; GNT1           ; G21   ; 2        ; 0            ; 21           ; 3           ; no              ; no                     ; no            ; no              ; no         ; no            ; no       ; Off          ; 3.3-V LVTTL  ; 12mA             ; Off         ; Fitter               ; 0 pF ; -                    ; -                   ;
; GNT2           ; AB15  ; 8        ; 14           ; 0            ; 3           ; no              ; no                     ; no            ; no              ; no         ; no            ; no       ; Off          ; 3.3-V LVTTL  ; 24mA             ; Off         ; Fitter               ; 0 pF ; -                    ; -                   ;
; MSYN           ; B13   ; 3        ; 18           ; 27           ; 3           ; no              ; no                     ; no            ; no              ; no         ; yes           ; no       ; Off          ; 3.3-V LVTTL  ; 24mA             ; Off         ; Fitter               ; 0 pF ; -                    ; -                   ;
; SSYN           ; J17   ; 2        ; 0            ; 21           ; 1           ; no              ; no                     ; no            ; no              ; no         ; yes           ; no       ; Off          ; 3.3-V LVTTL  ; 12mA             ; Off         ; Fitter               ; 0 pF ; -                    ; -                   ;
; address[0]     ; G12   ; 3        ; 17           ; 27           ; 2           ; no              ; no                     ; no            ; no              ; no         ; yes           ; no       ; Off          ; 3.3-V LVTTL  ; 24mA             ; Off         ; Fitter               ; 0 pF ; -                    ; -                   ;
; address[1]     ; H11   ; 3        ; 17           ; 27           ; 1           ; no              ; no                     ; no            ; no              ; no         ; yes           ; no       ; Off          ; 3.3-V LVTTL  ; 24mA             ; Off         ; Fitter               ; 0 pF ; -                    ; -                   ;
; address[2]     ; C13   ; 3        ; 18           ; 27           ; 1           ; no              ; no                     ; no            ; no              ; no         ; yes           ; no       ; Off          ; 3.3-V LVTTL  ; 24mA             ; Off         ; Fitter               ; 0 pF ; -                    ; -                   ;
; data[0]        ; E14   ; 3        ; 7            ; 27           ; 0           ; no              ; no                     ; no            ; no              ; no         ; yes           ; no       ; Off          ; 3.3-V LVTTL  ; 24mA             ; Off         ; Fitter               ; 0 pF ; -                    ; -                   ;
; data[1]        ; C15   ; 3        ; 14           ; 27           ; 1           ; no              ; no                     ; no            ; no              ; no         ; yes           ; no       ; Off          ; 3.3-V LVTTL  ; 24mA             ; Off         ; Fitter               ; 0 pF ; -                    ; -                   ;
; data[2]        ; K17   ; 2        ; 0            ; 19           ; 2           ; no              ; no                     ; no            ; no              ; yes        ; no            ; no       ; Off          ; 3.3-V LVTTL  ; 12mA             ; Off         ; Fitter               ; 0 pF ; -                    ; -                   ;
; data[3]        ; A13   ; 3        ; 18           ; 27           ; 0           ; no              ; no                     ; no            ; no              ; yes        ; no            ; no       ; Off          ; 3.3-V LVTTL  ; 24mA             ; Off         ; Fitter               ; 0 pF ; -                    ; -                   ;
; data[4]        ; W11   ; 8        ; 17           ; 0            ; 3           ; no              ; no                     ; no            ; no              ; yes        ; no            ; no       ; Off          ; 3.3-V LVTTL  ; 24mA             ; Off         ; Fitter               ; 0 pF ; -                    ; -                   ;
; data[5]        ; H21   ; 2        ; 0            ; 20           ; 3           ; no              ; no                     ; no            ; no              ; yes        ; no            ; no       ; Off          ; 3.3-V LVTTL  ; 12mA             ; Off         ; Fitter               ; 0 pF ; -                    ; -                   ;
; data[6]        ; E11   ; 3        ; 17           ; 27           ; 3           ; no              ; no                     ; no            ; no              ; yes        ; no            ; no       ; Off          ; 3.3-V LVTTL  ; 24mA             ; Off         ; Fitter               ; 0 pF ; -                    ; -                   ;
; data[7]        ; J18   ; 2        ; 0            ; 20           ; 2           ; no              ; no                     ; no            ; no              ; yes        ; no            ; no       ; Off          ; 3.3-V LVTTL  ; 12mA             ; Off         ; Fitter               ; 0 pF ; -                    ; -                   ;
; slave_data1[0] ; U12   ; 8        ; 15           ; 0            ; 1           ; no              ; no                     ; no            ; no              ; no         ; no            ; no       ; Off          ; 3.3-V LVTTL  ; 24mA             ; Off         ; Fitter               ; 0 pF ; -                    ; -                   ;
; slave_data1[1] ; AA16  ; 8        ; 13           ; 0            ; 0           ; no              ; no                     ; no            ; no              ; no         ; no            ; no       ; Off          ; 3.3-V LVTTL  ; 24mA             ; Off         ; Fitter               ; 0 pF ; -                    ; -                   ;
; slave_data1[2] ; K15   ; 2        ; 0            ; 18           ; 2           ; no              ; no                     ; no            ; no              ; no         ; no            ; no       ; Off          ; 3.3-V LVTTL  ; 12mA             ; Off         ; Fitter               ; 0 pF ; -                    ; -                   ;
; slave_data1[3] ; K4    ; 5        ; 40           ; 18           ; 3           ; no              ; no                     ; no            ; no              ; no         ; no            ; no       ; Off          ; 3.3-V LVTTL  ; 12mA             ; Off         ; Fitter               ; 0 pF ; -                    ; -                   ;
; slave_data1[4] ; K8    ; 5        ; 40           ; 18           ; 2           ; no              ; no                     ; no            ; no              ; no         ; no            ; no       ; Off          ; 3.3-V LVTTL  ; 12mA             ; Off         ; Fitter               ; 0 pF ; -                    ; -                   ;
; slave_data1[5] ; B8    ; 4        ; 26           ; 27           ; 0           ; no              ; no                     ; no            ; no              ; no         ; no            ; no       ; Off          ; 3.3-V LVTTL  ; 24mA             ; Off         ; Fitter               ; 0 pF ; -                    ; -                   ;
; slave_data1[6] ; K20   ; 2        ; 0            ; 18           ; 0           ; no              ; no                     ; no            ; no              ; no         ; no            ; no       ; Off          ; 3.3-V LVTTL  ; 12mA             ; Off         ; Fitter               ; 0 pF ; -                    ; -                   ;
; slave_data1[7] ; L7    ; 5        ; 40           ; 17           ; 1           ; no              ; no                     ; no            ; no              ; no         ; no            ; no       ; Off          ; 3.3-V LVTTL  ; 12mA             ; Off         ; Fitter               ; 0 pF ; -                    ; -                   ;
; slave_data2[0] ; N21   ; 1        ; 0            ; 10           ; 3           ; no              ; no                     ; no            ; no              ; no         ; no            ; no       ; Off          ; 3.3-V LVTTL  ; 12mA             ; Off         ; Fitter               ; 0 pF ; -                    ; -                   ;
; slave_data2[1] ; H4    ; 5        ; 40           ; 22           ; 3           ; no              ; no                     ; no            ; no              ; no         ; no            ; no       ; Off          ; 3.3-V LVTTL  ; 12mA             ; Off         ; Fitter               ; 0 pF ; -                    ; -                   ;
; slave_data2[2] ; L8    ; 5        ; 40           ; 17           ; 2           ; no              ; no                     ; no            ; no              ; no         ; no            ; no       ; Off          ; 3.3-V LVTTL  ; 12mA             ; Off         ; Fitter               ; 0 pF ; -                    ; -                   ;
; slave_data2[3] ; T9    ; 7        ; 34           ; 0            ; 1           ; no              ; no                     ; no            ; no              ; no         ; no            ; no       ; Off          ; 3.3-V LVTTL  ; 24mA             ; Off         ; Fitter               ; 0 pF ; -                    ; -                   ;
; slave_data2[4] ; H9    ; 4        ; 33           ; 27           ; 2           ; no              ; no                     ; no            ; no              ; no         ; no            ; no       ; Off          ; 3.3-V LVTTL  ; 24mA             ; Off         ; Fitter               ; 0 pF ; -                    ; -                   ;
; slave_data2[5] ; K1    ; 5        ; 40           ; 17           ; 0           ; no              ; no                     ; no            ; no              ; no         ; no            ; no       ; Off          ; 3.3-V LVTTL  ; 12mA             ; Off         ; Fitter               ; 0 pF ; -                    ; -                   ;
; slave_data2[6] ; K2    ; 5        ; 40           ; 17           ; 3           ; no              ; no                     ; no            ; no              ; no         ; no            ; no       ; Off          ; 3.3-V LVTTL  ; 12mA             ; Off         ; Fitter               ; 0 pF ; -                    ; -                   ;
; slave_data2[7] ; V10   ; 7        ; 33           ; 0            ; 3           ; no              ; no                     ; no            ; no              ; no         ; no            ; no       ; Off          ; 3.3-V LVTTL  ; 24mA             ; Off         ; Fitter               ; 0 pF ; -                    ; -                   ;
; slave_data3[0] ; N22   ; 1        ; 0            ; 10           ; 0           ; no              ; no                     ; no            ; no              ; no         ; no            ; no       ; Off          ; 3.3-V LVTTL  ; 12mA             ; Off         ; Fitter               ; 0 pF ; -                    ; -                   ;
; slave_data3[1] ; AB18  ; 8        ; 11           ; 0            ; 1           ; no              ; no                     ; no            ; no              ; no         ; no            ; no       ; Off          ; 3.3-V LVTTL  ; 24mA             ; Off         ; Fitter               ; 0 pF ; -                    ; -                   ;
; slave_data3[2] ; T10   ; 7        ; 30           ; 0            ; 2           ; no              ; no                     ; no            ; no              ; no         ; no            ; no       ; Off          ; 3.3-V LVTTL  ; 24mA             ; Off         ; Fitter               ; 0 pF ; -                    ; -                   ;
; slave_data3[3] ; Y6    ; 7        ; 31           ; 0            ; 2           ; no              ; no                     ; no            ; no              ; no         ; no            ; no       ; Off          ; 3.3-V LVTTL  ; 24mA             ; Off         ; Fitter               ; 0 pF ; -                    ; -                   ;
; slave_data3[4] ; G1    ; 5        ; 40           ; 21           ; 0           ; no              ; no                     ; no            ; no              ; no         ; no            ; no       ; Off          ; 3.3-V LVTTL  ; 12mA             ; Off         ; Fitter               ; 0 pF ; -                    ; -                   ;
; slave_data3[5] ; E10   ; 4        ; 30           ; 27           ; 2           ; no              ; no                     ; no            ; no              ; no         ; no            ; no       ; Off          ; 3.3-V LVTTL  ; 24mA             ; Off         ; Fitter               ; 0 pF ; -                    ; -                   ;
; slave_data3[6] ; B6    ; 4        ; 30           ; 27           ; 0           ; no              ; no                     ; no            ; no              ; no         ; no            ; no       ; Off          ; 3.3-V LVTTL  ; 24mA             ; Off         ; Fitter               ; 0 pF ; -                    ; -                   ;
; slave_data3[7] ; B5    ; 4        ; 31           ; 27           ; 0           ; no              ; no                     ; no            ; no              ; no         ; no            ; no       ; Off          ; 3.3-V LVTTL  ; 24mA             ; Off         ; Fitter               ; 0 pF ; -                    ; -                   ;
; slave_data4[0] ; D12   ; 3        ; 17           ; 27           ; 0           ; no              ; no                     ; no            ; no              ; no         ; no            ; no       ; Off          ; 3.3-V LVTTL  ; 24mA             ; Off         ; Fitter               ; 0 pF ; -                    ; -                   ;
; slave_data4[1] ; H22   ; 2        ; 0            ; 20           ; 0           ; no              ; no                     ; no            ; no              ; no         ; no            ; no       ; Off          ; 3.3-V LVTTL  ; 12mA             ; Off         ; Fitter               ; 0 pF ; -                    ; -                   ;
; slave_data4[2] ; U18   ; 1        ; 0            ; 4            ; 1           ; no              ; no                     ; no            ; no              ; no         ; no            ; no       ; Off          ; 3.3-V LVTTL  ; 12mA             ; Off         ; Fitter               ; 0 pF ; -                    ; -                   ;
; slave_data4[3] ; W12   ; 8        ; 17           ; 0            ; 0           ; no              ; no                     ; no            ; no              ; no         ; no            ; no       ; Off          ; 3.3-V LVTTL  ; 24mA             ; Off         ; Fitter               ; 0 pF ; -                    ; -                   ;
; slave_data4[4] ; V12   ; 8        ; 17           ; 0            ; 1           ; no              ; no                     ; no            ; no              ; no         ; no            ; no       ; Off          ; 3.3-V LVTTL  ; 24mA             ; Off         ; Fitter               ; 0 pF ; -                    ; -                   ;
; slave_data4[5] ; V11   ; 8        ; 17           ; 0            ; 2           ; no              ; no                     ; no            ; no              ; no         ; no            ; no       ; Off          ; 3.3-V LVTTL  ; 24mA             ; Off         ; Fitter               ; 0 pF ; -                    ; -                   ;
; slave_data4[6] ; P7    ; 6        ; 40           ; 7            ; 1           ; no              ; no                     ; no            ; no              ; no         ; no            ; no       ; Off          ; 3.3-V LVTTL  ; 12mA             ; Off         ; Fitter               ; 0 pF ; -                    ; -                   ;
; slave_data4[7] ; U5    ; 6        ; 40           ; 4            ; 2           ; no              ; no                     ; no            ; no              ; no         ; no            ; no       ; Off          ; 3.3-V LVTTL  ; 12mA             ; Off         ; Fitter               ; 0 pF ; -                    ; -                   ;
; slave_data5[0] ; L3    ; 5        ; 40           ; 16           ; 0           ; no              ; no                     ; no            ; no              ; no         ; no            ; no       ; Off          ; 3.3-V LVTTL  ; 12mA             ; Off         ; Fitter               ; 0 pF ; -                    ; -                   ;
; slave_data5[1] ; Y15   ; 8        ; 14           ; 0            ; 1           ; no              ; no                     ; no            ; no              ; no         ; no            ; no       ; Off          ; 3.3-V LVTTL  ; 24mA             ; Off         ; Fitter               ; 0 pF ; -                    ; -                   ;
; slave_data5[2] ; C9    ; 9        ; 26           ; 27           ; 1           ; no              ; no                     ; no            ; no              ; no         ; no            ; no       ; Off          ; 3.3-V LVTTL  ; 24mA             ; Off         ; Fitter               ; 0 pF ; -                    ; -                   ;
; slave_data5[3] ; W9    ; 10       ; 26           ; 0            ; 2           ; no              ; no                     ; no            ; no              ; no         ; no            ; no       ; Off          ; 3.3-V LVTTL  ; 24mA             ; Off         ; Fitter               ; 0 pF ; -                    ; -                   ;
; slave_data5[4] ; F2    ; 5        ; 40           ; 23           ; 3           ; no              ; no                     ; no            ; no              ; no         ; no            ; no       ; Off          ; 3.3-V LVTTL  ; 12mA             ; Off         ; Fitter               ; 0 pF ; -                    ; -                   ;
; slave_data5[5] ; C12   ; 4        ; 22           ; 27           ; 1           ; no              ; no                     ; no            ; no              ; no         ; no            ; no       ; Off          ; 3.3-V LVTTL  ; 24mA             ; Off         ; Fitter               ; 0 pF ; -                    ; -                   ;
; slave_data5[6] ; A7    ; 4        ; 29           ; 27           ; 3           ; no              ; no                     ; no            ; no              ; no         ; no            ; no       ; Off          ; 3.3-V LVTTL  ; 24mA             ; Off         ; Fitter               ; 0 pF ; -                    ; -                   ;
; slave_data5[7] ; G3    ; 5        ; 40           ; 23           ; 1           ; no              ; no                     ; no            ; no              ; no         ; no            ; no       ; Off          ; 3.3-V LVTTL  ; 12mA             ; Off         ; Fitter               ; 0 pF ; -                    ; -                   ;
+----------------+-------+----------+--------------+--------------+-------------+-----------------+------------------------+---------------+-----------------+------------+---------------+----------+--------------+--------------+------------------+-------------+----------------------+------+----------------------+---------------------+


+------------------------------------------------------------+
; I/O Bank Usage                                             ;
+----------+------------------+---------------+--------------+
; I/O Bank ; Usage            ; VCCIO Voltage ; VREF Voltage ;
+----------+------------------+---------------+--------------+
; 1        ; 5 / 40 ( 13 % )  ; 3.3V          ; --           ;
; 2        ; 9 / 44 ( 20 % )  ; 3.3V          ; --           ;
; 3        ; 12 / 50 ( 24 % ) ; 3.3V          ; --           ;
; 4        ; 7 / 35 ( 20 % )  ; 3.3V          ; --           ;
; 5        ; 13 / 44 ( 30 % ) ; 3.3V          ; --           ;
; 6        ; 2 / 40 ( 5 % )   ; 3.3V          ; --           ;
; 7        ; 4 / 34 ( 12 % )  ; 3.3V          ; --           ;
; 8        ; 9 / 43 ( 21 % )  ; 3.3V          ; --           ;
; 9        ; 1 / 6 ( 17 % )   ; 3.3V          ; --           ;
; 10       ; 1 / 6 ( 17 % )   ; 3.3V          ; --           ;
+----------+------------------+---------------+--------------+


+--------------------------------------------------------------------------------------------------------------------------------------------------------+
; All Package Pins                                                                                                                                       ;
+----------+------------+----------+--------------------------+--------+--------------+---------+------------+-----------------+----------+--------------+
; Location ; Pad Number ; I/O Bank ; Pin Name/Usage           ; Dir.   ; I/O Standard ; Voltage ; I/O Type   ; User Assignment ; Bus Hold ; Weak Pull Up ;
+----------+------------+----------+--------------------------+--------+--------------+---------+------------+-----------------+----------+--------------+
; A1       ;            ;          ; GND                      ; gnd    ;              ;         ; --         ;                 ; --       ; --           ;
; A2       ;            ;          ; TEMPDIODEp               ;        ;              ;         ; --         ;                 ; --       ; --           ;
; A3       ;            ; 4        ; VCCIO4                   ; power  ;              ; 3.3V    ; --         ;                 ; --       ; --           ;
; A4       ; 277        ; 4        ; ^MSEL3                   ;        ;              ;         ; --         ;                 ; --       ; --           ;
; A5       ; 307        ; 4        ; GND*                     ;        ;              ;         ; Column I/O ;                 ; no       ; Off          ;
; A6       ; 311        ; 4        ; GND*                     ;        ;              ;         ; Column I/O ;                 ; no       ; Off          ;
; A7       ; 315        ; 4        ; slave_data5[6]           ; output ; 3.3-V LVTTL  ;         ; Column I/O ; N               ; no       ; Off          ;
; A8       ; 318        ; 4        ; GND*                     ;        ;              ;         ; Column I/O ;                 ; no       ; Off          ;
; A9       ;            ;          ; GND                      ; gnd    ;              ;         ; --         ;                 ; --       ; --           ;
; A10      ; 323        ; 9        ; GND*                     ;        ;              ;         ; Column I/O ;                 ; no       ; Off          ;
; A11      ;            ; 4        ; VCCIO4                   ; power  ;              ; 3.3V    ; --         ;                 ; --       ; --           ;
; A12      ;            ; 3        ; VCCIO3                   ; power  ;              ; 3.3V    ; --         ;                 ; --       ; --           ;
; A13      ; 329        ; 3        ; data[3]                  ; output ; 3.3-V LVTTL  ;         ; Column I/O ; N               ; no       ; Off          ;
; A14      ;            ;          ; GND                      ; gnd    ;              ;         ; --         ;                 ; --       ; --           ;
; A15      ; 343        ; 3        ; GND*                     ;        ;              ;         ; Column I/O ;                 ; no       ; Off          ;
; A16      ; 347        ; 3        ; GND*                     ;        ;              ;         ; Column I/O ;                 ; no       ; Off          ;
; A17      ; 351        ; 3        ; GND*                     ;        ;              ;         ; Column I/O ;                 ; no       ; Off          ;
; A18      ; 350        ; 3        ; GND*                     ;        ;              ;         ; Column I/O ;                 ; no       ; Off          ;
; A19      ; 375        ; 3        ; GND*                     ;        ;              ;         ; Column I/O ;                 ; no       ; Off          ;
; A20      ;            ; 3        ; VCCIO3                   ; power  ;              ; 3.3V    ; --         ;                 ; --       ; --           ;
; A21      ; 383        ; 3        ; ^nCE                     ;        ;              ;         ; --         ;                 ; --       ; --           ;
; A22      ;            ;          ; GND                      ; gnd    ;              ;         ; --         ;                 ; --       ; --           ;
; AA1      ;            ; 6        ; VCCIO6                   ; power  ;              ; 3.3V    ; --         ;                 ; --       ; --           ;
; AA2      ;            ;          ; GND                      ; gnd    ;              ;         ; --         ;                 ; --       ; --           ;
; AA3      ; 191        ; 7        ; ^nCEO                    ;        ;              ;         ; --         ;                 ; --       ; --           ;
; AA4      ; 181        ; 7        ; GND*                     ;        ;              ;         ; Column I/O ;                 ; no       ; Off          ;
; AA5      ; 163        ; 7        ; GND*                     ;        ;              ;         ; Column I/O ;                 ; no       ; Off          ;
; AA6      ; 159        ; 7        ; GND*                     ;        ;              ;         ; Column I/O ;                 ; no       ; Off          ;
; AA7      ; 155        ; 7        ; GND*                     ;        ;              ;         ; Column I/O ;                 ; no       ; Off          ;
; AA8      ; 151        ; 7        ; GND*                     ;        ;              ;         ; Column I/O ;                 ; no       ; Off          ;
; AA9      ; 144        ; 10       ; GND*                     ;        ;              ;         ; Column I/O ;                 ; no       ; Off          ;
; AA10     ; 147        ; 10       ; GND*                     ;        ;              ;         ; Column I/O ;                 ; no       ; Off          ;
; AA11     ; 141        ; 7        ; GND*                     ;        ;              ;         ; Column I/O ;                 ; no       ; Off          ;
; AA12     ; 138        ; 8        ; GND*                     ;        ;              ;         ; Column I/O ;                 ; no       ; Off          ;
; AA13     ; 137        ; 8        ; GND*                     ;        ;              ;         ; Column I/O ;                 ; no       ; Off          ;
; AA14     ;            ; 8        ; VREFB8                   ; power  ;              ;         ; --         ;                 ; --       ; --           ;
; AA15     ; 127        ; 8        ; GND*                     ;        ;              ;         ; Column I/O ;                 ; no       ; Off          ;
; AA16     ; 123        ; 8        ; slave_data1[1]           ; output ; 3.3-V LVTTL  ;         ; Column I/O ; N               ; no       ; Off          ;
; AA17     ; 119        ; 8        ; GND*                     ;        ;              ;         ; Column I/O ;                 ; no       ; Off          ;
; AA18     ; 115        ; 8        ; GND*                     ;        ;              ;         ; Column I/O ;                 ; no       ; Off          ;
; AA19     ; 85         ; 8        ; #TCK                     ; input  ;              ;         ; --         ;                 ; --       ; --           ;
; AA20     ; 86         ; 8        ; #TMS                     ; input  ;              ;         ; --         ;                 ; --       ; --           ;
; AA21     ;            ;          ; GND                      ; gnd    ;              ;         ; --         ;                 ; --       ; --           ;
; AA22     ;            ; 1        ; VCCIO1                   ; power  ;              ; 3.3V    ; --         ;                 ; --       ; --           ;
; AB1      ;            ;          ; GND                      ; gnd    ;              ;         ; --         ;                 ; --       ; --           ;
; AB2      ; 190        ; 7        ; ^nIO_PULLUP              ;        ;              ;         ; --         ;                 ; --       ; --           ;
; AB3      ;            ; 7        ; VCCIO7                   ; power  ;              ; 3.3V    ; --         ;                 ; --       ; --           ;
; AB4      ;            ;          ; GND                      ; gnd    ;              ;         ; --         ;                 ; --       ; --           ;
; AB5      ; 161        ; 7        ; GND*                     ;        ;              ;         ; Column I/O ;                 ; no       ; Off          ;
; AB6      ; 157        ; 7        ; GND*                     ;        ;              ;         ; Column I/O ;                 ; no       ; Off          ;
; AB7      ; 153        ; 7        ; GND*                     ;        ;              ;         ; Column I/O ;                 ; no       ; Off          ;
; AB8      ; 150        ; 7        ; GND*                     ;        ;              ;         ; Column I/O ;                 ; no       ; Off          ;
; AB9      ;            ;          ; GND                      ; gnd    ;              ;         ; --         ;                 ; --       ; --           ;
; AB10     ; 145        ; 10       ; GND*                     ;        ;              ;         ; Column I/O ;                 ; no       ; Off          ;
; AB11     ;            ; 7        ; VCCIO7                   ; power  ;              ; 3.3V    ; --         ;                 ; --       ; --           ;
; AB12     ;            ; 8        ; VCCIO8                   ; power  ;              ; 3.3V    ; --         ;                 ; --       ; --           ;
; AB13     ; 139        ; 8        ; GND*                     ;        ;              ;         ; Column I/O ;                 ; no       ; Off          ;
; AB14     ;            ;          ; GND                      ; gnd    ;              ;         ; --         ;                 ; --       ; --           ;
; AB15     ; 125        ; 8        ; GNT2                     ; output ; 3.3-V LVTTL  ;         ; Column I/O ; N               ; no       ; Off          ;
; AB16     ; 124        ; 8        ; GND*                     ;        ;              ;         ; Column I/O ;                 ; no       ; Off          ;
; AB17     ; 117        ; 8        ; GND*                     ;        ;              ;         ; Column I/O ;                 ; no       ; Off          ;
; AB18     ; 118        ; 8        ; slave_data3[1]           ; output ; 3.3-V LVTTL  ;         ; Column I/O ; N               ; no       ; Off          ;
; AB19     ; 87         ; 8        ; #TRST                    ; input  ;              ;         ; --         ;                 ; --       ; --           ;
; AB20     ;            ; 8        ; VCCIO8                   ; power  ;              ; 3.3V    ; --         ;                 ; --       ; --           ;
; AB21     ; 84         ; 8        ; #TDI                     ; input  ;              ;         ; --         ;                 ; --       ; --           ;
; AB22     ;            ;          ; GND                      ; gnd    ;              ;         ; --         ;                 ; --       ; --           ;
; B1       ;            ; 5        ; VCCIO5                   ; power  ;              ; 3.3V    ; --         ;                 ; --       ; --           ;
; B2       ;            ;          ; GND                      ; gnd    ;              ;         ; --         ;                 ; --       ; --           ;
; B3       ; 276        ; 4        ; #TDO                     ; output ;              ;         ; --         ;                 ; --       ; --           ;
; B4       ; 279        ; 4        ; ^MSEL2                   ;        ;              ;         ; --         ;                 ; --       ; --           ;
; B5       ; 305        ; 4        ; slave_data3[7]           ; output ; 3.3-V LVTTL  ;         ; Column I/O ; N               ; no       ; Off          ;
; B6       ; 309        ; 4        ; slave_data3[6]           ; output ; 3.3-V LVTTL  ;         ; Column I/O ; N               ; no       ; Off          ;
; B7       ; 313        ; 4        ; GND*                     ;        ;              ;         ; Column I/O ;                 ; no       ; Off          ;
; B8       ; 317        ; 4        ; slave_data1[5]           ; output ; 3.3-V LVTTL  ;         ; Column I/O ; N               ; no       ; Off          ;
; B9       ; 320        ; 9        ; GND*                     ;        ;              ;         ; Column I/O ;                 ; no       ; Off          ;
; B10      ; 321        ; 9        ; GND*                     ;        ;              ;         ; Column I/O ;                 ; no       ; Off          ;
; B11      ; 327        ; 4        ; GND*                     ;        ;              ;         ; Column I/O ;                 ; no       ; Off          ;
; B12      ; 328        ; 4        ; GND*                     ;        ;              ;         ; Column I/O ;                 ; no       ; Off          ;
; B13      ; 331        ; 3        ; MSYN                     ; output ; 3.3-V LVTTL  ;         ; Column I/O ; N               ; no       ; Off          ;
; B14      ;            ; 3        ; VREFB3                   ; power  ;              ;         ; --         ;                 ; --       ; --           ;
; B15      ; 341        ; 3        ; BREQ2                    ; output ; 3.3-V LVTTL  ;         ; Column I/O ; N               ; no       ; Off          ;
; B16      ; 345        ; 3        ; GND*                     ;        ;              ;         ; Column I/O ;                 ; no       ; Off          ;
; B17      ; 349        ; 3        ; GND*                     ;        ;              ;         ; Column I/O ;                 ; no       ; Off          ;
; B18      ; 353        ; 3        ; GND*                     ;        ;              ;         ; Column I/O ;                 ; no       ; Off          ;
; B19      ; 377        ; 3        ; GND*                     ;        ;              ;         ; Column I/O ;                 ; no       ; Off          ;
; B20      ; 381        ; 3        ; ^nSTATUS                 ;        ;              ;         ; --         ;                 ; --       ; --           ;
; B21      ;            ;          ; GND                      ; gnd    ;              ;         ; --         ;                 ; --       ; --           ;
; B22      ;            ; 2        ; VCCIO2                   ; power  ;              ; 3.3V    ; --         ;                 ; --       ; --           ;
; C1       ; 275        ; 5        ; GND*                     ;        ;              ;         ; Row I/O    ;                 ; no       ; Off          ;
; C2       ; 273        ; 5        ; GND*                     ;        ;              ;         ; Row I/O    ;                 ; no       ; Off          ;
; C3       ;            ;          ; TEMPDIODEn               ;        ;              ;         ; --         ;                 ; --       ; --           ;
; C4       ; 285        ; 4        ; GND*                     ;        ;              ;         ; Column I/O ;                 ; no       ; Off          ;
; C5       ; 306        ; 4        ; GND*                     ;        ;              ;         ; Column I/O ;                 ; no       ; Off          ;
; C6       ; 308        ; 4        ; GND*                     ;        ;              ;         ; Column I/O ;                 ; no       ; Off          ;
; C7       ; 316        ; 4        ; GND*                     ;        ;              ;         ; Column I/O ;                 ; no       ; Off          ;
; C8       ; 314        ; 4        ; GND*                     ;        ;              ;         ; Column I/O ;                 ; no       ; Off          ;
; C9       ; 319        ; 9        ; slave_data5[2]           ; output ; 3.3-V LVTTL  ;         ; Column I/O ; N               ; no       ; Off          ;
; C10      ; 324        ; 9        ; GND*                     ;        ;              ;         ; Column I/O ;                 ; no       ; Off          ;
; C11      ; 325        ; 4        ; GND*                     ;        ;              ;         ; Column I/O ;                 ; no       ; Off          ;
; C12      ; 326        ; 4        ; slave_data5[5]           ; output ; 3.3-V LVTTL  ;         ; Column I/O ; N               ; no       ; Off          ;
; C13      ; 330        ; 3        ; address[2]               ; output ; 3.3-V LVTTL  ;         ; Column I/O ; N               ; no       ; Off          ;
; C14      ; 354        ; 3        ; GND*                     ;        ;              ;         ; Column I/O ;                 ; no       ; Off          ;
; C15      ; 342        ; 3        ; data[1]                  ; output ; 3.3-V LVTTL  ;         ; Column I/O ; N               ; no       ; Off          ;
; C16      ; 344        ; 3        ; GND*                     ;        ;              ;         ; Column I/O ;                 ; no       ; Off          ;
; C17      ; 352        ; 3        ; GND*                     ;        ;              ;         ; Column I/O ;                 ; no       ; Off          ;
; C18      ; 355        ; 3        ; GND*                     ;        ;              ;         ; Column I/O ;                 ; no       ; Off          ;
; C19      ; 369        ; 3        ; GND*                     ;        ;              ;         ; Column I/O ;                 ; no       ; Off          ;
; C20      ; 384        ; 3        ; ^CONF_DONE               ;        ;              ;         ; --         ;                 ; --       ; --           ;
; C21      ; 2          ; 2        ; GND*                     ;        ;              ;         ; Row I/O    ;                 ; no       ; Off          ;
; C22      ; 0          ; 2        ; GND*                     ;        ;              ;         ; Row I/O    ;                 ; no       ; Off          ;
; D1       ; 271        ; 5        ; GND*                     ;        ;              ;         ; Row I/O    ;                 ; no       ; Off          ;
; D2       ; 269        ; 5        ; GND*                     ;        ;              ;         ; Row I/O    ;                 ; no       ; Off          ;
; D3       ; 287        ; 4        ; GND*                     ;        ;              ;         ; Column I/O ;                 ; no       ; Off          ;
; D4       ; 278        ; 4        ; ^MSEL1                   ;        ;              ;         ; --         ;                 ; --       ; --           ;
; D5       ; 283        ; 4        ; GND*                     ;        ;              ;         ; Column I/O ;                 ; no       ; Off          ;
; D6       ; 293        ; 4        ; GND*                     ;        ;              ;         ; Column I/O ;                 ; no       ; Off          ;
; D7       ;            ; 4        ; VREFB4                   ; power  ;              ;         ; --         ;                 ; --       ; --           ;
; D8       ; 297        ; 4        ; GND*                     ;        ;              ;         ; Column I/O ;                 ; no       ; Off          ;
; D9       ;            ; 4        ; VREFB4                   ; power  ;              ;         ; --         ;                 ; --       ; --           ;
; D10      ; 322        ; 9        ; GND*                     ;        ;              ;         ; Column I/O ;                 ; no       ; Off          ;
; D11      ; 337        ; 3        ; GND*                     ;        ;              ;         ; Column I/O ;                 ; no       ; Off          ;
; D12      ; 333        ; 3        ; slave_data4[0]           ; output ; 3.3-V LVTTL  ;         ; Column I/O ; N               ; no       ; Off          ;
; D13      ; 332        ; 3        ; GND*                     ;        ;              ;         ; Column I/O ;                 ; no       ; Off          ;
; D14      ; 356        ; 3        ; GND*                     ;        ;              ;         ; Column I/O ;                 ; no       ; Off          ;
; D15      ; 361        ; 3        ; GND*                     ;        ;              ;         ; Column I/O ;                 ; no       ; Off          ;
; D16      ;            ; 3        ; VREFB3                   ; power  ;              ;         ; --         ;                 ; --       ; --           ;
; D17      ; 373        ; 3        ; GND*                     ;        ;              ;         ; Column I/O ;                 ; no       ; Off          ;
; D18      ; 379        ; 3        ; GND*                     ;        ;              ;         ; Column I/O ;                 ; no       ; Off          ;
; D19      ; 382        ; 3        ; ^DCLK                    ;        ;              ;         ; --         ;                 ; --       ; --           ;
; D20      ; 371        ; 3        ; GND*                     ;        ;              ;         ; Column I/O ;                 ; no       ; Off          ;
; D21      ; 6          ; 2        ; GND*                     ;        ;              ;         ; Row I/O    ;                 ; no       ; Off          ;
; D22      ; 4          ; 2        ; GND*                     ;        ;              ;         ; Row I/O    ;                 ; no       ; Off          ;
; E1       ; 267        ; 5        ; GND*                     ;        ;              ;         ; Row I/O    ;                 ; no       ; Off          ;
; E2       ; 265        ; 5        ; GND*                     ;        ;              ;         ; Row I/O    ;                 ; no       ; Off          ;
; E3       ; 274        ; 5        ; GND*                     ;        ;              ;         ; Row I/O    ;                 ; no       ; Off          ;
; E4       ; 272        ; 5        ; GND*                     ;        ;              ;         ; Row I/O    ;                 ; no       ; Off          ;
; E5       ; 280        ; 4        ; ^MSEL0                   ;        ;              ;         ; --         ;                 ; --       ; --           ;
; E6       ; 281        ; 4        ; GND*                     ;        ;              ;         ; Column I/O ;                 ; no       ; Off          ;
; E7       ; 289        ; 4        ; GND*                     ;        ;              ;         ; Column I/O ;                 ; no       ; Off          ;
; E8       ; 298        ; 4        ; GND*                     ;        ;              ;         ; Column I/O ;                 ; no       ; Off          ;
; E9       ; 301        ; 4        ; GND*                     ;        ;              ;         ; Column I/O ;                 ; no       ; Off          ;
; E10      ; 312        ; 4        ; slave_data3[5]           ; output ; 3.3-V LVTTL  ;         ; Column I/O ; N               ; no       ; Off          ;
; E11      ; 335        ; 3        ; data[6]                  ; output ; 3.3-V LVTTL  ;         ; Column I/O ; N               ; no       ; Off          ;
; E12      ; 339        ; 3        ; GND*                     ;        ;              ;         ; Column I/O ;                 ; no       ; Off          ;
; E13      ; 338        ; 3        ; ~DATA0~ / RESERVED_INPUT ; input  ; 3.3-V LVTTL  ;         ; Column I/O ; N               ; no       ; Off          ;
; E14      ; 357        ; 3        ; data[0]                  ; output ; 3.3-V LVTTL  ;         ; Column I/O ; N               ; no       ; Off          ;
; E15      ; 365        ; 3        ; GND*                     ;        ;              ;         ; Column I/O ;                 ; no       ; Off          ;
; E16      ; 374        ; 3        ; GND*                     ;        ;              ;         ; Column I/O ;                 ; no       ; Off          ;
; E17      ; 376        ; 3        ; GND*                     ;        ;              ;         ; Column I/O ;                 ; no       ; Off          ;
; E18      ; 380        ; 3        ; GND*                     ;        ;              ;         ; Column I/O ;                 ; no       ; Off          ;
; E19      ; 3          ; 2        ; GND*                     ;        ;              ;         ; Row I/O    ;                 ; no       ; Off          ;
; E20      ; 1          ; 2        ; GND*                     ;        ;              ;         ; Row I/O    ;                 ; no       ; Off          ;
; E21      ; 10         ; 2        ; GND*                     ;        ;              ;         ; Row I/O    ;                 ; no       ; Off          ;
; E22      ; 8          ; 2        ; GND*                     ;        ;              ;         ; Row I/O    ;                 ; no       ; Off          ;
; F1       ; 263        ; 5        ; GND*                     ;        ;              ;         ; Row I/O    ;                 ; no       ; Off          ;
; F2       ; 261        ; 5        ; slave_data5[4]           ; output ; 3.3-V LVTTL  ;         ; Row I/O    ; N               ; no       ; Off          ;
; F3       ;            ; 5        ; VREFB5                   ; power  ;              ;         ; --         ;                 ; --       ; --           ;
; F4       ; 270        ; 5        ; GND*                     ;        ;              ;         ; Row I/O    ;                 ; no       ; Off          ;
; F5       ; 268        ; 5        ; GND*                     ;        ;              ;         ; Row I/O    ;                 ; no       ; Off          ;
; F6       ; 288        ; 4        ; GND*                     ;        ;              ;         ; Column I/O ;                 ; no       ; Off          ;
; F7       ; 296        ; 4        ; GND*                     ;        ;              ;         ; Column I/O ;                 ; no       ; Off          ;
; F8       ; 294        ; 4        ; GND*                     ;        ;              ;         ; Column I/O ;                 ; no       ; Off          ;
; F9       ; 300        ; 4        ; GND*                     ;        ;              ;         ; Column I/O ;                 ; no       ; Off          ;
; F10      ;            ;          ; GNDA_PLL5                ; gnd    ;              ;         ; --         ;                 ; --       ; --           ;
; F11      ;            ;          ; GNDA_PLL5                ; gnd    ;              ;         ; --         ;                 ; --       ; --           ;
; F12      ;            ;          ; VCCA_PLL5                ; power  ;              ; 1.2V    ; --         ;                 ; --       ; --           ;
; F13      ; 346        ; 3        ; GND*                     ;        ;              ;         ; Column I/O ;                 ; no       ; Off          ;
; F14      ; 358        ; 3        ; GND*                     ;        ;              ;         ; Column I/O ;                 ; no       ; Off          ;
; F15      ; 367        ; 3        ; GND*                     ;        ;              ;         ; Column I/O ;                 ; no       ; Off          ;
; F16      ; 362        ; 3        ; GND*                     ;        ;              ;         ; Column I/O ;                 ; no       ; Off          ;
; F17      ; 378        ; 3        ; GND*                     ;        ;              ;         ; Column I/O ;                 ; no       ; Off          ;
; F18      ;            ; 2        ; VREFB2                   ; power  ;              ;         ; --         ;                 ; --       ; --           ;
; F19      ; 11         ; 2        ; GND*                     ;        ;              ;         ; Row I/O    ;                 ; no       ; Off          ;
; F20      ; 9          ; 2        ; GND*                     ;        ;              ;         ; Row I/O    ;                 ; no       ; Off          ;
; F21      ; 14         ; 2        ; GND*                     ;        ;              ;         ; Row I/O    ;                 ; no       ; Off          ;
; F22      ; 12         ; 2        ; GND*                     ;        ;              ;         ; Row I/O    ;                 ; no       ; Off          ;
; G1       ; 255        ; 5        ; slave_data3[4]           ; output ; 3.3-V LVTTL  ;         ; Row I/O    ; N               ; no       ; Off          ;
; G2       ; 253        ; 5        ; BREQ1                    ; output ; 3.3-V LVTTL  ;         ; Row I/O    ; N               ; no       ; Off          ;
; G3       ; 262        ; 5        ; slave_data5[7]           ; output ; 3.3-V LVTTL  ;         ; Row I/O    ; N               ; no       ; Off          ;
; G4       ; 260        ; 5        ; GND*                     ;        ;              ;         ; Row I/O    ;                 ; no       ; Off          ;
; G5       ; 266        ; 5        ; GND*                     ;        ;              ;         ; Row I/O    ;                 ; no       ; Off          ;
; G6       ; 264        ; 5        ; GND*                     ;        ;              ;         ; Row I/O    ;                 ; no       ; Off          ;
; G7       ; 286        ; 4        ; GND*                     ;        ;              ;         ; Column I/O ;                 ; no       ; Off          ;
; G8       ; 291        ; 4        ; GND*                     ;        ;              ;         ; Column I/O ;                 ; no       ; Off          ;
; G9       ; 302        ; 4        ; GND*                     ;        ;              ;         ; Column I/O ;                 ; no       ; Off          ;
; G10      ;            ; 9        ; VCC_PLL5_OUT             ; power  ;              ; 3.3V    ; --         ;                 ; --       ; --           ;
; G11      ;            ;          ; VCCD_PLL5                ; power  ;              ; 1.2V    ; --         ;                 ; --       ; --           ;
; G12      ; 336        ; 3        ; address[0]               ; output ; 3.3-V LVTTL  ;         ; Column I/O ; N               ; no       ; Off          ;
; G13      ; 348        ; 3        ; GND*                     ;        ;              ;         ; Column I/O ;                 ; no       ; Off          ;
; G14      ; 359        ; 3        ; GND*                     ;        ;              ;         ; Column I/O ;                 ; no       ; Off          ;
; G15      ; 366        ; 3        ; GND*                     ;        ;              ;         ; Column I/O ;                 ; no       ; Off          ;
; G16      ; 370        ; 3        ; GND*                     ;        ;              ;         ; Column I/O ;                 ; no       ; Off          ;
; G17      ; 7          ; 2        ; GND*                     ;        ;              ;         ; Row I/O    ;                 ; no       ; Off          ;
; G18      ; 5          ; 2        ; GND*                     ;        ;              ;         ; Row I/O    ;                 ; no       ; Off          ;
; G19      ; 19         ; 2        ; GND*                     ;        ;              ;         ; Row I/O    ;                 ; no       ; Off          ;
; G20      ; 17         ; 2        ; GND*                     ;        ;              ;         ; Row I/O    ;                 ; no       ; Off          ;
; G21      ; 22         ; 2        ; GNT1                     ; output ; 3.3-V LVTTL  ;         ; Row I/O    ; N               ; no       ; Off          ;
; G22      ; 20         ; 2        ; GND*                     ;        ;              ;         ; Row I/O    ;                 ; no       ; Off          ;
; H1       ; 251        ; 5        ; GND*                     ;        ;              ;         ; Row I/O    ;                 ; no       ; Off          ;
; H2       ; 249        ; 5        ; GND*                     ;        ;              ;         ; Row I/O    ;                 ; no       ; Off          ;
; H3       ; 259        ; 5        ; GND*                     ;        ;              ;         ; Row I/O    ;                 ; no       ; Off          ;
; H4       ; 257        ; 5        ; slave_data2[1]           ; output ; 3.3-V LVTTL  ;         ; Row I/O    ; N               ; no       ; Off          ;
; H5       ; 254        ; 5        ; GND*                     ;        ;              ;         ; Row I/O    ;                 ; no       ; Off          ;
; H6       ; 252        ; 5        ; GND*                     ;        ;              ;         ; Row I/O    ;                 ; no       ; Off          ;
; H7       ; 284        ; 4        ; GND*                     ;        ;              ;         ; Column I/O ;                 ; no       ; Off          ;
; H8       ;            ;          ; VCCINT                   ; power  ;              ; 1.2V    ; --         ;                 ; --       ; --           ;
; H9       ; 304        ; 4        ; slave_data2[4]           ; output ; 3.3-V LVTTL  ;         ; Column I/O ; N               ; no       ; Off          ;
; H10      ;            ; 4        ; VCCPD4                   ; power  ;              ; 3.3V    ; --         ;                 ; --       ; --           ;
; H11      ; 334        ; 3        ; address[1]               ; output ; 3.3-V LVTTL  ;         ; Column I/O ; N               ; no       ; Off          ;
; H12      ; 340        ; 3        ; clk                      ; input  ; 3.3-V LVTTL  ;         ; Column I/O ; N               ; no       ; Off          ;
; H13      ;            ; 3        ; VCCPD3                   ; power  ;              ; 3.3V    ; --         ;                 ; --       ; --           ;
; H14      ; 360        ; 3        ; GND*                     ;        ;              ;         ; Column I/O ;                 ; no       ; Off          ;
; H15      ;            ;          ; GND                      ; gnd    ;              ;         ; --         ;                 ; --       ; --           ;
; H16      ; 368        ; 3        ; GND*                     ;        ;              ;         ; Column I/O ;                 ; no       ; Off          ;
; H17      ; 15         ; 2        ; GND*                     ;        ;              ;         ; Row I/O    ;                 ; no       ; Off          ;
; H18      ; 13         ; 2        ; GND*                     ;        ;              ;         ; Row I/O    ;                 ; no       ; Off          ;
; H19      ; 18         ; 2        ; GND*                     ;        ;              ;         ; Row I/O    ;                 ; no       ; Off          ;
; H20      ; 16         ; 2        ; GND*                     ;        ;              ;         ; Row I/O    ;                 ; no       ; Off          ;
; H21      ; 26         ; 2        ; data[5]                  ; output ; 3.3-V LVTTL  ;         ; Row I/O    ; N               ; no       ; Off          ;
; H22      ; 24         ; 2        ; slave_data4[1]           ; output ; 3.3-V LVTTL  ;         ; Row I/O    ; N               ; no       ; Off          ;
; J1       ;            ;          ; GND                      ; gnd    ;              ;         ; --         ;                 ; --       ; --           ;
; J2       ; 247        ; 5        ; GND*                     ;        ;              ;         ; Row I/O    ;                 ; no       ; Off          ;
; J3       ; 245        ; 5        ; GND*                     ;        ;              ;         ; Row I/O    ;                 ; no       ; Off          ;
; J4       ;            ; 5        ; VREFB5                   ; power  ;              ;         ; --         ;                 ; --       ; --           ;
; J5       ; 250        ; 5        ; GND*                     ;        ;              ;         ; Row I/O    ;                 ; no       ; Off          ;
; J6       ; 248        ; 5        ; GND*                     ;        ;              ;         ; Row I/O    ;                 ; no       ; Off          ;
; J7       ; 258        ; 5        ; GND*                     ;        ;              ;         ; Row I/O    ;                 ; no       ; Off          ;
; J8       ; 256        ; 5        ; GND*                     ;        ;              ;         ; Row I/O    ;                 ; no       ; Off          ;
; J9       ;            ;          ; VCCINT                   ; power  ;              ; 1.2V    ; --         ;                 ; --       ; --           ;
; J10      ;            ;          ; GND                      ; gnd    ;              ;         ; --         ;                 ; --       ; --           ;
; J11      ;            ;          ; VCCINT                   ; power  ;              ; 1.2V    ; --         ;                 ; --       ; --           ;
; J12      ;            ;          ; GND                      ; gnd    ;              ;         ; --         ;                 ; --       ; --           ;
; J13      ;            ;          ; VCCINT                   ; power  ;              ; 1.2V    ; --         ;                 ; --       ; --           ;
; J14      ;            ;          ; GND                      ; gnd    ;              ;         ; --         ;                 ; --       ; --           ;
; J15      ; 364        ; 3        ; GND*                     ;        ;              ;         ; Column I/O ;                 ; no       ; Off          ;
; J16      ; 23         ; 2        ; GND*                     ;        ;              ;         ; Row I/O    ;                 ; no       ; Off          ;
; J17      ; 21         ; 2        ; SSYN                     ; output ; 3.3-V LVTTL  ;         ; Row I/O    ; N               ; no       ; Off          ;
; J18      ; 27         ; 2        ; data[7]                  ; output ; 3.3-V LVTTL  ;         ; Row I/O    ; N               ; no       ; Off          ;
; J19      ; 25         ; 2        ; GND*                     ;        ;              ;         ; Row I/O    ;                 ; no       ; Off          ;
; J20      ; 30         ; 2        ; GND*                     ;        ;              ;         ; Row I/O    ;                 ; no       ; Off          ;
; J21      ; 28         ; 2        ; GND*                     ;        ;              ;         ; Row I/O    ;                 ; no       ; Off          ;
; J22      ;            ;          ; GND                      ; gnd    ;              ;         ; --         ;                 ; --       ; --           ;
; K1       ; 239        ; 5        ; slave_data2[5]           ; output ; 3.3-V LVTTL  ;         ; Row I/O    ; N               ; no       ; Off          ;
; K2       ; 237        ; 5        ; slave_data2[6]           ; output ; 3.3-V LVTTL  ;         ; Row I/O    ; N               ; no       ; Off          ;
; K3       ; 243        ; 5        ; GND*                     ;        ;              ;         ; Row I/O    ;                 ; no       ; Off          ;
; K4       ; 241        ; 5        ; slave_data1[3]           ; output ; 3.3-V LVTTL  ;         ; Row I/O    ; N               ; no       ; Off          ;
; K5       ; 246        ; 5        ; GND*                     ;        ;              ;         ; Row I/O    ;                 ; no       ; Off          ;
; K6       ; 244        ; 5        ; GND*                     ;        ;              ;         ; Row I/O    ;                 ; no       ; Off          ;
; K7       ; 242        ; 5        ; GND*                     ;        ;              ;         ; Row I/O    ;                 ; no       ; Off          ;
; K8       ; 240        ; 5        ; slave_data1[4]           ; output ; 3.3-V LVTTL  ;         ; Row I/O    ; N               ; no       ; Off          ;
; K9       ;            ;          ; GND                      ; gnd    ;              ;         ; --         ;                 ; --       ; --           ;
; K10      ;            ;          ; VCCINT                   ; power  ;              ; 1.2V    ; --         ;                 ; --       ; --           ;
; K11      ;            ;          ; GND                      ; gnd    ;              ;         ; --         ;                 ; --       ; --           ;
; K12      ;            ;          ; VCCINT                   ; power  ;              ; 1.2V    ; --         ;                 ; --       ; --           ;
; K13      ;            ;          ; GND                      ; gnd    ;              ;         ; --         ;                 ; --       ; --           ;
; K14      ;            ; 2        ; VCCPD2                   ; power  ;              ; 3.3V    ; --         ;                 ; --       ; --           ;
; K15      ; 35         ; 2        ; slave_data1[2]           ; output ; 3.3-V LVTTL  ;         ; Row I/O    ; N               ; no       ; Off          ;
; K16      ; 33         ; 2        ; GND*                     ;        ;              ;         ; Row I/O    ;                 ; no       ; Off          ;
; K17      ; 31         ; 2        ; data[2]                  ; output ; 3.3-V LVTTL  ;         ; Row I/O    ; N               ; no       ; Off          ;
; K18      ; 29         ; 2        ; GND*                     ;        ;              ;         ; Row I/O    ;                 ; no       ; Off          ;
; K19      ; 34         ; 2        ; GND*                     ;        ;              ;         ; Row I/O    ;                 ; no       ; Off          ;
; K20      ; 32         ; 2        ; slave_data1[6]           ; output ; 3.3-V LVTTL  ;         ; Row I/O    ; N               ; no       ; Off          ;
; K21      ; 38         ; 2        ; GND*                     ;        ;              ;         ; Row I/O    ;                 ; no       ; Off          ;
; K22      ; 36         ; 2        ; GND*                     ;        ;              ;         ; Row I/O    ;                 ; no       ; Off          ;
; L1       ;            ; 5        ; VCCIO5                   ; power  ;              ; 3.3V    ; --         ;                 ; --       ; --           ;
; L2       ; 233        ; 5        ; GND*                     ;        ;              ;         ; Row I/O    ;                 ; no       ; Off          ;
; L3       ; 235        ; 5        ; slave_data5[0]           ; output ; 3.3-V LVTTL  ;         ; Row I/O    ; N               ; no       ; Off          ;
; L4       ;            ;          ; GNDA_PLL4                ; gnd    ;              ;         ; --         ;                 ; --       ; --           ;
; L5       ;            ;          ; GNDA_PLL4                ; gnd    ;              ;         ; --         ;                 ; --       ; --           ;
; L6       ;            ;          ; VCCD_PLL4                ; power  ;              ; 1.2V    ; --         ;                 ; --       ; --           ;
; L7       ; 238        ; 5        ; slave_data1[7]           ; output ; 3.3-V LVTTL  ;         ; Row I/O    ; N               ; no       ; Off          ;
; L8       ; 236        ; 5        ; slave_data2[2]           ; output ; 3.3-V LVTTL  ;         ; Row I/O    ; N               ; no       ; Off          ;
; L9       ;            ; 5        ; VCCPD5                   ; power  ;              ; 3.3V    ; --         ;                 ; --       ; --           ;
; L10      ;            ;          ; GND                      ; gnd    ;              ;         ; --         ;                 ; --       ; --           ;
; L11      ;            ;          ; VCCINT                   ; power  ;              ; 1.2V    ; --         ;                 ; --       ; --           ;
; L12      ;            ;          ; GND                      ; gnd    ;              ;         ; --         ;                 ; --       ; --           ;
; L13      ;            ;          ; VCCINT                   ; power  ;              ; 1.2V    ; --         ;                 ; --       ; --           ;
; L14      ;            ;          ; GND                      ; gnd    ;              ;         ; --         ;                 ; --       ; --           ;
; L15      ; 39         ; 2        ; GND*                     ;        ;              ;         ; Row I/O    ;                 ; no       ; Off          ;
; L16      ; 37         ; 2        ; GND*                     ;        ;              ;         ; Row I/O    ;                 ; no       ; Off          ;
; L17      ;            ;          ; GNDA_PLL1                ; gnd    ;              ;         ; --         ;                 ; --       ; --           ;
; L18      ;            ;          ; GNDA_PLL1                ; gnd    ;              ;         ; --         ;                 ; --       ; --           ;
; L19      ;            ; 2        ; VREFB2                   ; power  ;              ;         ; --         ;                 ; --       ; --           ;
; L20      ; 40         ; 2        ; GND*                     ;        ;              ;         ; Row I/O    ;                 ; no       ; Off          ;
; L21      ; 42         ; 2        ; GND*                     ;        ;              ;         ; Row I/O    ;                 ; no       ; Off          ;
; L22      ;            ; 2        ; VCCIO2                   ; power  ;              ; 3.3V    ; --         ;                 ; --       ; --           ;
; M1       ;            ; 6        ; VCCIO6                   ; power  ;              ; 3.3V    ; --         ;                 ; --       ; --           ;
; M2       ; 232        ; 5        ; REQ[2]                   ; input  ; 3.3-V LVTTL  ;         ; Row I/O    ; N               ; no       ; Off          ;
; M3       ; 234        ; 5        ; GND+                     ;        ;              ;         ; Row I/O    ;                 ; --       ; --           ;
; M4       ;            ;          ; VCCA_PLL3                ; power  ;              ; 1.2V    ; --         ;                 ; --       ; --           ;
; M5       ;            ;          ; VCCD_PLL3                ; power  ;              ; 1.2V    ; --         ;                 ; --       ; --           ;
; M6       ;            ;          ; VCCA_PLL4                ; power  ;              ; 1.2V    ; --         ;                 ; --       ; --           ;
; M7       ;            ;          ; GND                      ; gnd    ;              ;         ; --         ;                 ; --       ; --           ;
; M8       ;            ;          ; VCCINT                   ; power  ;              ; 1.2V    ; --         ;                 ; --       ; --           ;
; M9       ;            ;          ; GND                      ; gnd    ;              ;         ; --         ;                 ; --       ; --           ;
; M10      ;            ;          ; VCCINT                   ; power  ;              ; 1.2V    ; --         ;                 ; --       ; --           ;
; M11      ;            ;          ; GND                      ; gnd    ;              ;         ; --         ;                 ; --       ; --           ;
; M12      ;            ;          ; VCCINT                   ; power  ;              ; 1.2V    ; --         ;                 ; --       ; --           ;
; M13      ;            ;          ; GND                      ; gnd    ;              ;         ; --         ;                 ; --       ; --           ;
; M14      ;            ;          ; VCCINT                   ; power  ;              ; 1.2V    ; --         ;                 ; --       ; --           ;
; M15      ;            ;          ; GND                      ; gnd    ;              ;         ; --         ;                 ; --       ; --           ;
; M16      ;            ;          ; VCCD_PLL1                ; power  ;              ; 1.2V    ; --         ;                 ; --       ; --           ;
; M17      ;            ;          ; VCCA_PLL1                ; power  ;              ; 1.2V    ; --         ;                 ; --       ; --           ;
; M18      ;            ;          ; VCCD_PLL2                ; power  ;              ; 1.2V    ; --         ;                 ; --       ; --           ;
; M19      ;            ;          ; VCCA_PLL2                ; power  ;              ; 1.2V    ; --         ;                 ; --       ; --           ;
; M20      ; 41         ; 2        ; GND+                     ;        ;              ;         ; Row I/O    ;                 ; --       ; --           ;
; M21      ; 43         ; 2        ; REQ[1]                   ; input  ; 3.3-V LVTTL  ;         ; Row I/O    ; N               ; no       ; Off          ;
; M22      ;            ; 1        ; VCCIO1                   ; power  ;              ; 3.3V    ; --         ;                 ; --       ; --           ;
; N1       ; 231        ; 6        ; GND*                     ;        ;              ;         ; Row I/O    ;                 ; no       ; Off          ;
; N2       ; 229        ; 6        ; GND*                     ;        ;              ;         ; Row I/O    ;                 ; no       ; Off          ;
; N3       ; 230        ; 6        ; GND+                     ;        ;              ;         ; Row I/O    ;                 ; --       ; --           ;
; N4       ; 228        ; 6        ; GND+                     ;        ;              ;         ; Row I/O    ;                 ; --       ; --           ;
; N5       ;            ;          ; GNDA_PLL3                ; gnd    ;              ;         ; --         ;                 ; --       ; --           ;
; N6       ;            ;          ; GNDA_PLL3                ; gnd    ;              ;         ; --         ;                 ; --       ; --           ;
; N7       ; 226        ; 6        ; GND*                     ;        ;              ;         ; Row I/O    ;                 ; no       ; Off          ;
; N8       ; 224        ; 6        ; GND*                     ;        ;              ;         ; Row I/O    ;                 ; no       ; Off          ;
; N9       ;            ; 6        ; VCCPD6                   ; power  ;              ; 3.3V    ; --         ;                 ; --       ; --           ;
; N10      ;            ;          ; GND                      ; gnd    ;              ;         ; --         ;                 ; --       ; --           ;
; N11      ;            ;          ; VCCINT                   ; power  ;              ; 1.2V    ; --         ;                 ; --       ; --           ;
; N12      ;            ;          ; GND                      ; gnd    ;              ;         ; --         ;                 ; --       ; --           ;
; N13      ;            ;          ; VCCINT                   ; power  ;              ; 1.2V    ; --         ;                 ; --       ; --           ;
; N14      ;            ;          ; GND                      ; gnd    ;              ;         ; --         ;                 ; --       ; --           ;
; N15      ; 51         ; 1        ; GND*                     ;        ;              ;         ; Row I/O    ;                 ; no       ; Off          ;
; N16      ; 49         ; 1        ; GND*                     ;        ;              ;         ; Row I/O    ;                 ; no       ; Off          ;
; N17      ;            ;          ; GNDA_PLL2                ; gnd    ;              ;         ; --         ;                 ; --       ; --           ;
; N18      ;            ;          ; GNDA_PLL2                ; gnd    ;              ;         ; --         ;                 ; --       ; --           ;
; N19      ; 47         ; 1        ; GND+                     ;        ;              ;         ; Row I/O    ;                 ; --       ; --           ;
; N20      ; 45         ; 1        ; REQ[0]                   ; input  ; 3.3-V LVTTL  ;         ; Row I/O    ; N               ; no       ; Off          ;
; N21      ; 46         ; 1        ; slave_data2[0]           ; output ; 3.3-V LVTTL  ;         ; Row I/O    ; N               ; no       ; Off          ;
; N22      ; 44         ; 1        ; slave_data3[0]           ; output ; 3.3-V LVTTL  ;         ; Row I/O    ; N               ; no       ; Off          ;
; P1       ;            ;          ; GND                      ; gnd    ;              ;         ; --         ;                 ; --       ; --           ;
; P2       ; 227        ; 6        ; GND*                     ;        ;              ;         ; Row I/O    ;                 ; no       ; Off          ;
; P3       ; 225        ; 6        ; GND*                     ;        ;              ;         ; Row I/O    ;                 ; no       ; Off          ;
; P4       ;            ; 6        ; VREFB6                   ; power  ;              ;         ; --         ;                 ; --       ; --           ;
; P5       ; 222        ; 6        ; GND*                     ;        ;              ;         ; Row I/O    ;                 ; no       ; Off          ;
; P6       ; 220        ; 6        ; GND*                     ;        ;              ;         ; Row I/O    ;                 ; no       ; Off          ;
; P7       ; 218        ; 6        ; slave_data4[6]           ; output ; 3.3-V LVTTL  ;         ; Row I/O    ; N               ; no       ; Off          ;
; P8       ; 216        ; 6        ; GND*                     ;        ;              ;         ; Row I/O    ;                 ; no       ; Off          ;
; P9       ;            ;          ; VCCINT                   ; power  ;              ; 1.2V    ; --         ;                 ; --       ; --           ;
; P10      ;            ; 7        ; VCCPD7                   ; power  ;              ; 3.3V    ; --         ;                 ; --       ; --           ;
; P11      ;            ;          ; GND                      ; gnd    ;              ;         ; --         ;                 ; --       ; --           ;
; P12      ;            ;          ; VCCINT                   ; power  ;              ; 1.2V    ; --         ;                 ; --       ; --           ;
; P13      ;            ;          ; GND                      ; gnd    ;              ;         ; --         ;                 ; --       ; --           ;
; P14      ;            ;          ; VCCINT                   ; power  ;              ; 1.2V    ; --         ;                 ; --       ; --           ;
; P15      ;            ; 1        ; VCCPD1                   ; power  ;              ; 3.3V    ; --         ;                 ; --       ; --           ;
; P16      ; 59         ; 1        ; GND*                     ;        ;              ;         ; Row I/O    ;                 ; no       ; Off          ;
; P17      ; 57         ; 1        ; GND*                     ;        ;              ;         ; Row I/O    ;                 ; no       ; Off          ;
; P18      ; 55         ; 1        ; GND*                     ;        ;              ;         ; Row I/O    ;                 ; no       ; Off          ;
; P19      ; 53         ; 1        ; GND*                     ;        ;              ;         ; Row I/O    ;                 ; no       ; Off          ;
; P20      ; 50         ; 1        ; GND*                     ;        ;              ;         ; Row I/O    ;                 ; no       ; Off          ;
; P21      ; 48         ; 1        ; GND*                     ;        ;              ;         ; Row I/O    ;                 ; no       ; Off          ;
; P22      ;            ;          ; GND                      ; gnd    ;              ;         ; --         ;                 ; --       ; --           ;
; R1       ; 223        ; 6        ; GND*                     ;        ;              ;         ; Row I/O    ;                 ; no       ; Off          ;
; R2       ; 221        ; 6        ; GND*                     ;        ;              ;         ; Row I/O    ;                 ; no       ; Off          ;
; R3       ; 215        ; 6        ; GND*                     ;        ;              ;         ; Row I/O    ;                 ; no       ; Off          ;
; R4       ; 213        ; 6        ; GND*                     ;        ;              ;         ; Row I/O    ;                 ; no       ; Off          ;
; R5       ; 214        ; 6        ; GND*                     ;        ;              ;         ; Row I/O    ;                 ; no       ; Off          ;
; R6       ; 212        ; 6        ; GND*                     ;        ;              ;         ; Row I/O    ;                 ; no       ; Off          ;
; R7       ; 202        ; 6        ; GND*                     ;        ;              ;         ; Row I/O    ;                 ; no       ; Off          ;
; R8       ; 200        ; 6        ; GND*                     ;        ;              ;         ; Row I/O    ;                 ; no       ; Off          ;
; R9       ; 168        ; 7        ; GND*                     ;        ;              ;         ; Column I/O ;                 ; no       ; Off          ;
; R10      ;            ;          ; GND                      ; gnd    ;              ;         ; --         ;                 ; --       ; --           ;
; R11      ;            ; 10       ; VCC_PLL6_OUT             ; power  ;              ; 3.3V    ; --         ;                 ; --       ; --           ;
; R12      ;            ;          ; VCCA_PLL6                ; power  ;              ; 1.2V    ; --         ;                 ; --       ; --           ;
; R13      ;            ; 8        ; VCCPD8                   ; power  ;              ; 3.3V    ; --         ;                 ; --       ; --           ;
; R14      ; 106        ; 8        ; GND*                     ;        ;              ;         ; Column I/O ;                 ; no       ; Off          ;
; R15      ; 89         ; 8        ; GND*                     ;        ;              ;         ; Column I/O ;                 ; no       ; Off          ;
; R16      ; 83         ; 1        ; GND*                     ;        ;              ;         ; Row I/O    ;                 ; no       ; Off          ;
; R17      ; 81         ; 1        ; GND*                     ;        ;              ;         ; Row I/O    ;                 ; no       ; Off          ;
; R18      ; 63         ; 1        ; GND*                     ;        ;              ;         ; Row I/O    ;                 ; no       ; Off          ;
; R19      ; 61         ; 1        ; GND*                     ;        ;              ;         ; Row I/O    ;                 ; no       ; Off          ;
; R20      ;            ; 1        ; VREFB1                   ; power  ;              ;         ; --         ;                 ; --       ; --           ;
; R21      ; 54         ; 1        ; BBUSY                    ; output ; 3.3-V LVTTL  ;         ; Row I/O    ; N               ; no       ; Off          ;
; R22      ; 52         ; 1        ; GND*                     ;        ;              ;         ; Row I/O    ;                 ; no       ; Off          ;
; T1       ; 219        ; 6        ; GND*                     ;        ;              ;         ; Row I/O    ;                 ; no       ; Off          ;
; T2       ; 217        ; 6        ; GND*                     ;        ;              ;         ; Row I/O    ;                 ; no       ; Off          ;
; T3       ; 207        ; 6        ; GND*                     ;        ;              ;         ; Row I/O    ;                 ; no       ; Off          ;
; T4       ; 205        ; 6        ; GND*                     ;        ;              ;         ; Row I/O    ;                 ; no       ; Off          ;
; T5       ; 210        ; 6        ; GND*                     ;        ;              ;         ; Row I/O    ;                 ; no       ; Off          ;
; T6       ; 208        ; 6        ; GND*                     ;        ;              ;         ; Row I/O    ;                 ; no       ; Off          ;
; T7       ; 186        ; 7        ; GND*                     ;        ;              ;         ; Column I/O ;                 ; no       ; Off          ;
; T8       ; 172        ; 7        ; GND*                     ;        ;              ;         ; Column I/O ;                 ; no       ; Off          ;
; T9       ; 170        ; 7        ; slave_data2[3]           ; output ; 3.3-V LVTTL  ;         ; Column I/O ; N               ; no       ; Off          ;
; T10      ; 156        ; 7        ; slave_data3[2]           ; output ; 3.3-V LVTTL  ;         ; Column I/O ; N               ; no       ; Off          ;
; T11      ;            ;          ; GNDA_PLL6                ; gnd    ;              ;         ; --         ;                 ; --       ; --           ;
; T12      ;            ;          ; GNDA_PLL6                ; gnd    ;              ;         ; --         ;                 ; --       ; --           ;
; T13      ; 120        ; 8        ; GND*                     ;        ;              ;         ; Column I/O ;                 ; no       ; Off          ;
; T14      ; 108        ; 8        ; GND*                     ;        ;              ;         ; Column I/O ;                 ; no       ; Off          ;
; T15      ; 98         ; 8        ; GND*                     ;        ;              ;         ; Column I/O ;                 ; no       ; Off          ;
; T16      ; 92         ; 8        ; GND*                     ;        ;              ;         ; Column I/O ;                 ; no       ; Off          ;
; T17      ; 67         ; 1        ; GND*                     ;        ;              ;         ; Row I/O    ;                 ; no       ; Off          ;
; T18      ; 65         ; 1        ; GND*                     ;        ;              ;         ; Row I/O    ;                 ; no       ; Off          ;
; T19      ; 66         ; 1        ; GND*                     ;        ;              ;         ; Row I/O    ;                 ; no       ; Off          ;
; T20      ; 64         ; 1        ; GND*                     ;        ;              ;         ; Row I/O    ;                 ; no       ; Off          ;
; T21      ; 58         ; 1        ; GND*                     ;        ;              ;         ; Row I/O    ;                 ; no       ; Off          ;
; T22      ; 56         ; 1        ; GND*                     ;        ;              ;         ; Row I/O    ;                 ; no       ; Off          ;
; U1       ; 211        ; 6        ; GND*                     ;        ;              ;         ; Row I/O    ;                 ; no       ; Off          ;
; U2       ; 209        ; 6        ; GND*                     ;        ;              ;         ; Row I/O    ;                 ; no       ; Off          ;
; U3       ;            ; 6        ; VREFB6                   ; power  ;              ;         ; --         ;                 ; --       ; --           ;
; U4       ; 206        ; 6        ; GND*                     ;        ;              ;         ; Row I/O    ;                 ; no       ; Off          ;
; U5       ; 204        ; 6        ; slave_data4[7]           ; output ; 3.3-V LVTTL  ;         ; Row I/O    ; N               ; no       ; Off          ;
; U6       ; 179        ; 7        ; GND*                     ;        ;              ;         ; Column I/O ;                 ; no       ; Off          ;
; U7       ; 180        ; 7        ; GND*                     ;        ;              ;         ; Column I/O ;                 ; no       ; Off          ;
; U8       ; 173        ; 7        ; GND*                     ;        ;              ;         ; Column I/O ;                 ; no       ; Off          ;
; U9       ; 171        ; 7        ; GND*                     ;        ;              ;         ; Column I/O ;                 ; no       ; Off          ;
; U10      ; 158        ; 7        ; GND*                     ;        ;              ;         ; Column I/O ;                 ; no       ; Off          ;
; U11      ;            ;          ; VCCD_PLL6                ; power  ;              ; 1.2V    ; --         ;                 ; --       ; --           ;
; U12      ; 130        ; 8        ; slave_data1[0]           ; output ; 3.3-V LVTTL  ;         ; Column I/O ; N               ; no       ; Off          ;
; U13      ; 112        ; 8        ; GND*                     ;        ;              ;         ; Column I/O ;                 ; no       ; Off          ;
; U14      ; 103        ; 8        ; GND*                     ;        ;              ;         ; Column I/O ;                 ; no       ; Off          ;
; U15      ; 99         ; 8        ; GND*                     ;        ;              ;         ; Column I/O ;                 ; no       ; Off          ;
; U16      ; 94         ; 8        ; GND*                     ;        ;              ;         ; Column I/O ;                 ; no       ; Off          ;
; U17      ; 71         ; 1        ; GND*                     ;        ;              ;         ; Row I/O    ;                 ; no       ; Off          ;
; U18      ; 69         ; 1        ; slave_data4[2]           ; output ; 3.3-V LVTTL  ;         ; Row I/O    ; N               ; no       ; Off          ;
; U19      ; 70         ; 1        ; GND*                     ;        ;              ;         ; Row I/O    ;                 ; no       ; Off          ;
; U20      ; 68         ; 1        ; GND*                     ;        ;              ;         ; Row I/O    ;                 ; no       ; Off          ;
; U21      ; 62         ; 1        ; GND*                     ;        ;              ;         ; Row I/O    ;                 ; no       ; Off          ;
; U22      ; 60         ; 1        ; GND*                     ;        ;              ;         ; Row I/O    ;                 ; no       ; Off          ;
; V1       ; 203        ; 6        ; GND*                     ;        ;              ;         ; Row I/O    ;                 ; no       ; Off          ;
; V2       ; 201        ; 6        ; GND*                     ;        ;              ;         ; Row I/O    ;                 ; no       ; Off          ;
; V3       ; 198        ; 6        ; GND*                     ;        ;              ;         ; Row I/O    ;                 ; no       ; Off          ;
; V4       ; 196        ; 6        ; GND*                     ;        ;              ;         ; Row I/O    ;                 ; no       ; Off          ;
; V5       ; 188        ; 7        ; ^PORSEL                  ;        ;              ;         ; --         ;                 ; --       ; --           ;
; V6       ; 185        ; 7        ; GND*                     ;        ;              ;         ; Column I/O ;                 ; no       ; Off          ;
; V7       ; 175        ; 7        ; GND*                     ;        ;              ;         ; Column I/O ;                 ; no       ; Off          ;
; V8       ; 166        ; 7        ; GND*                     ;        ;              ;         ; Column I/O ;                 ; no       ; Off          ;
; V9       ; 149        ; 10       ; GND*                     ;        ;              ;         ; Column I/O ;                 ; no       ; Off          ;
; V10      ; 165        ; 7        ; slave_data2[7]           ; output ; 3.3-V LVTTL  ;         ; Column I/O ; N               ; no       ; Off          ;
; V11      ; 132        ; 8        ; slave_data4[5]           ; output ; 3.3-V LVTTL  ;         ; Column I/O ; N               ; no       ; Off          ;
; V12      ; 134        ; 8        ; slave_data4[4]           ; output ; 3.3-V LVTTL  ;         ; Column I/O ; N               ; no       ; Off          ;
; V13      ; 114        ; 8        ; GND*                     ;        ;              ;         ; Column I/O ;                 ; no       ; Off          ;
; V14      ; 105        ; 8        ; GND*                     ;        ;              ;         ; Column I/O ;                 ; no       ; Off          ;
; V15      ; 97         ; 8        ; GND*                     ;        ;              ;         ; Column I/O ;                 ; no       ; Off          ;
; V16      ; 93         ; 8        ; GND*                     ;        ;              ;         ; Column I/O ;                 ; no       ; Off          ;
; V17      ; 90         ; 8        ; ^VCCSEL                  ;        ;              ;         ; --         ;                 ; --       ; --           ;
; V18      ; 75         ; 1        ; GND*                     ;        ;              ;         ; Row I/O    ;                 ; no       ; Off          ;
; V19      ; 73         ; 1        ; GND*                     ;        ;              ;         ; Row I/O    ;                 ; no       ; Off          ;
; V20      ;            ; 1        ; VREFB1                   ; power  ;              ;         ; --         ;                 ; --       ; --           ;
; V21      ; 74         ; 1        ; GND*                     ;        ;              ;         ; Row I/O    ;                 ; no       ; Off          ;
; V22      ; 72         ; 1        ; GND*                     ;        ;              ;         ; Row I/O    ;                 ; no       ; Off          ;
; W1       ; 199        ; 6        ; GND*                     ;        ;              ;         ; Row I/O    ;                 ; no       ; Off          ;
; W2       ; 197        ; 6        ; GND*                     ;        ;              ;         ; Row I/O    ;                 ; no       ; Off          ;
; W3       ; 194        ; 6        ; GND*                     ;        ;              ;         ; Row I/O    ;                 ; no       ; Off          ;
; W4       ; 192        ; 6        ; GND*                     ;        ;              ;         ; Row I/O    ;                 ; no       ; Off          ;
; W5       ; 182        ; 7        ; GND*                     ;        ;              ;         ; Column I/O ;                 ; no       ; Off          ;
; W6       ;            ; 7        ; VREFB7                   ; power  ;              ;         ; --         ;                 ; --       ; --           ;
; W7       ; 177        ; 7        ; GND*                     ;        ;              ;         ; Column I/O ;                 ; no       ; Off          ;
; W8       ;            ; 7        ; VREFB7                   ; power  ;              ;         ; --         ;                 ; --       ; --           ;
; W9       ; 148        ; 10       ; slave_data5[3]           ; output ; 3.3-V LVTTL  ;         ; Column I/O ; N               ; no       ; Off          ;
; W10      ; 142        ; 7        ; GND*                     ;        ;              ;         ; Column I/O ;                 ; no       ; Off          ;
; W11      ; 133        ; 8        ; data[4]                  ; output ; 3.3-V LVTTL  ;         ; Column I/O ; N               ; no       ; Off          ;
; W12      ; 135        ; 8        ; slave_data4[3]           ; output ; 3.3-V LVTTL  ;         ; Column I/O ; N               ; no       ; Off          ;
; W13      ; 128        ; 8        ; GND*                     ;        ;              ;         ; Column I/O ;                 ; no       ; Off          ;
; W14      ; 109        ; 8        ; GND*                     ;        ;              ;         ; Column I/O ;                 ; no       ; Off          ;
; W15      ; 102        ; 8        ; GND*                     ;        ;              ;         ; Column I/O ;                 ; no       ; Off          ;
; W16      ; 101        ; 8        ; GND*                     ;        ;              ;         ; Column I/O ;                 ; no       ; Off          ;
; W17      ; 95         ; 8        ; GND*                     ;        ;              ;         ; Column I/O ;                 ; no       ; Off          ;
; W18      ; 88         ; 8        ; ^nCONFIG                 ;        ;              ;         ; --         ;                 ; --       ; --           ;
; W19      ; 79         ; 1        ; GND*                     ;        ;              ;         ; Row I/O    ;                 ; no       ; Off          ;
; W20      ; 77         ; 1        ; GND*                     ;        ;              ;         ; Row I/O    ;                 ; no       ; Off          ;
; W21      ; 78         ; 1        ; GND*                     ;        ;              ;         ; Row I/O    ;                 ; no       ; Off          ;
; W22      ; 76         ; 1        ; GND*                     ;        ;              ;         ; Row I/O    ;                 ; no       ; Off          ;
; Y1       ; 195        ; 6        ; GND*                     ;        ;              ;         ; Row I/O    ;                 ; no       ; Off          ;
; Y2       ; 193        ; 6        ; GND*                     ;        ;              ;         ; Row I/O    ;                 ; no       ; Off          ;
; Y3       ; 184        ; 7        ; GND*                     ;        ;              ;         ; Column I/O ;                 ; no       ; Off          ;
; Y4       ; 189        ; 7        ; PLL_ENA                  ;        ;              ;         ; --         ;                 ; --       ; --           ;
; Y5       ; 162        ; 7        ; GND*                     ;        ;              ;         ; Column I/O ;                 ; no       ; Off          ;
; Y6       ; 160        ; 7        ; slave_data3[3]           ; output ; 3.3-V LVTTL  ;         ; Column I/O ; N               ; no       ; Off          ;
; Y7       ; 154        ; 7        ; GND*                     ;        ;              ;         ; Column I/O ;                 ; no       ; Off          ;
; Y8       ; 152        ; 7        ; GND*                     ;        ;              ;         ; Column I/O ;                 ; no       ; Off          ;
; Y9       ; 146        ; 10       ; GND*                     ;        ;              ;         ; Column I/O ;                 ; no       ; Off          ;
; Y10      ; 140        ; 7        ; GND*                     ;        ;              ;         ; Column I/O ;                 ; no       ; Off          ;
; Y11      ; 143        ; 7        ; GND*                     ;        ;              ;         ; Column I/O ;                 ; no       ; Off          ;
; Y12      ; 136        ; 8        ; GND*                     ;        ;              ;         ; Column I/O ;                 ; no       ; Off          ;
; Y13      ; 131        ; 8        ; GND*                     ;        ;              ;         ; Column I/O ;                 ; no       ; Off          ;
; Y14      ; 110        ; 8        ; GND*                     ;        ;              ;         ; Column I/O ;                 ; no       ; Off          ;
; Y15      ; 126        ; 8        ; slave_data5[1]           ; output ; 3.3-V LVTTL  ;         ; Column I/O ; N               ; no       ; Off          ;
; Y16      ; 121        ; 8        ; GND*                     ;        ;              ;         ; Column I/O ;                 ; no       ; Off          ;
; Y17      ; 116        ; 8        ; GND*                     ;        ;              ;         ; Column I/O ;                 ; no       ; Off          ;
; Y18      ; 113        ; 8        ; GND*                     ;        ;              ;         ; Column I/O ;                 ; no       ; Off          ;
; Y19      ;            ; 8        ; VREFB8                   ; power  ;              ;         ; --         ;                 ; --       ; --           ;
; Y20      ; 91         ; 8        ; GND*                     ;        ;              ;         ; Column I/O ;                 ; no       ; Off          ;
; Y21      ; 82         ; 1        ; GND*                     ;        ;              ;         ; Row I/O    ;                 ; no       ; Off          ;
; Y22      ; 80         ; 1        ; GND*                     ;        ;              ;         ; Row I/O    ;                 ; no       ; Off          ;
+----------+------------+----------+--------------------------+--------+--------------+---------+------------+-----------------+----------+--------------+
Note: Pin directions (input, output or bidir) are based on device operating in user mode.


+-------------------------------------------------------------------------------+
; Output Pin Default Load For Reported TCO                                      ;
+----------------------------------+-------+------------------------------------+
; I/O Standard                     ; Load  ; Termination Resistance             ;
+----------------------------------+-------+------------------------------------+
; 3.3-V PCI                        ; 10 pF ; 25 Ohm (Parallel)                  ;
; 3.3-V PCI-X                      ; 10 pF ; 25 Ohm (Parallel)                  ;
; Differential 2.5-V SSTL Class II ; 0 pF  ; (See SSTL-2 Class II)              ;
; Differential 1.8-V SSTL Class II ; 0 pF  ; (See 1.8-V SSTL Class II)          ;
; LVDS                             ; 0 pF  ; 100 Ohm (Differential)             ;
; HyperTransport                   ; 0 pF  ; 100 Ohm (Differential)             ;
; Differential LVPECL              ; 0 pF  ; 100 Ohm (Differential)             ;
; 3.3-V LVTTL                      ; 0 pF  ; Not Available                      ;
; 3.3-V LVCMOS                     ; 0 pF  ; Not Available                      ;
; 2.5 V                            ; 0 pF  ; Not Available                      ;
; 1.8 V                            ; 0 pF  ; Not Available                      ;
; 1.5 V                            ; 0 pF  ; Not Available                      ;
; SSTL-2 Class I                   ; 0 pF  ; 50 Ohm (Parallel), 25 Ohm (Serial) ;
; SSTL-2 Class II                  ; 0 pF  ; 25 Ohm (Parallel), 25 Ohm (Serial) ;
; SSTL-18 Class I                  ; 0 pF  ; 50 Ohm (Parallel), 25 Ohm (Serial) ;
; SSTL-18 Class II                 ; 0 pF  ; 25 Ohm (Parallel), 25 Ohm (Serial) ;
; 1.5-V HSTL Class I               ; 0 pF  ; 50 Ohm (Parallel)                  ;
; 1.5-V HSTL Class II              ; 0 pF  ; 25 Ohm (Parallel)                  ;
; 1.8-V HSTL Class I               ; 0 pF  ; 50 Ohm (Parallel)                  ;
; 1.8-V HSTL Class II              ; 0 pF  ; 25 Ohm (Parallel)                  ;
; 1.2-V HSTL                       ; 0 pF  ; Not Available                      ;
; Differential SSTL-2              ; 0 pF  ; (See SSTL-2)                       ;
; Differential 1.8-V SSTL Class I  ; 0 pF  ; (See 1.8-V SSTL Class I)           ;
; Differential 1.5-V HSTL Class I  ; 0 pF  ; (See 1.5-V HSTL Class I)           ;
; Differential 1.5-V HSTL Class II ; 0 pF  ; (See 1.5-V HSTL Class II)          ;
; Differential 1.8-V HSTL Class I  ; 0 pF  ; (See 1.8-V HSTL Class I)           ;
; Differential 1.8-V HSTL Class II ; 0 pF  ; (See 1.8-V HSTL Class II)          ;
; Differential 1.2-V HSTL          ; 0 pF  ; Not Available                      ;
+----------------------------------+-------+------------------------------------+
Note: User assignments will override these defaults. The user specified values are listed in the Output Pins and Bidir Pins tables.


+-----------------------------------------------------------------------------------------------------------------------------------------------------------------------------------------------------------------------------------------------------------------------------------------------------------------------------------------------------------------------------------------------------------------------------------------------------+
; Fitter Resource Utilization by Entity                                                                                                                                                                                                                                                                                                                                                                                                               ;
+----------------------------------------------+---------------------+---------+---------------------------+---------------+-------------------+-------+------+--------+--------------+---------+-----------+-----------+------+--------------+--------------------------------+--------------------+-------------------------------+--------------------------------------------------------------------------------------------------+--------------+
; Compilation Hierarchy Node                   ; Combinational ALUTs ; ALMs    ; Dedicated Logic Registers ; I/O Registers ; Block Memory Bits ; M512s ; M4Ks ; M-RAMs ; DSP Elements ; DSP 9x9 ; DSP 18x18 ; DSP 36x36 ; Pins ; Virtual Pins ; Combinational with no register ; Register-Only      ; Combinational with a register ; Full Hierarchy Name                                                                              ; Library Name ;
;                                              ;                     ;         ;                           ;               ;                   ;       ;      ;        ;              ;         ;           ;           ;      ;              ; ALUT/register pair             ; ALUT/register pair ; ALUT/register pair            ;                                                                                                  ;              ;
+----------------------------------------------+---------------------+---------+---------------------------+---------------+-------------------+-------+------+--------+--------------+---------+-----------+-----------+------+--------------+--------------------------------+--------------------+-------------------------------+--------------------------------------------------------------------------------------------------+--------------+
; |main                                        ; 248 (3)             ; 221 (3) ; 146 (0)                   ; 0 (0)         ; 0                 ; 0     ; 0    ; 0      ; 0            ; 0       ; 0         ; 0         ; 62   ; 0            ; 158 (3)                        ; 56 (0)             ; 90 (0)                        ; |main                                                                                            ; work         ;
;    |arbiter:inst4|                           ; 4 (4)               ; 4 (4)   ; 2 (2)                     ; 0 (0)         ; 0                 ; 0     ; 0    ; 0      ; 0            ; 0       ; 0         ; 0         ; 0    ; 0            ; 2 (2)                          ; 0 (0)              ; 2 (2)                         ; |main|arbiter:inst4                                                                              ; work         ;
;    |master:inst8|                            ; 31 (12)             ; 30 (8)  ; 18 (6)                    ; 0 (0)         ; 0                 ; 0     ; 0    ; 0      ; 0            ; 0       ; 0         ; 0         ; 0    ; 0            ; 22 (6)                         ; 9 (0)              ; 9 (6)                         ; |main|master:inst8                                                                               ; work         ;
;       |lpm_compare0:inst13|                  ; 1 (0)               ; 1 (0)   ; 0 (0)                     ; 0 (0)         ; 0                 ; 0     ; 0    ; 0      ; 0            ; 0       ; 0         ; 0         ; 0    ; 0            ; 1 (0)                          ; 0 (0)              ; 0 (0)                         ; |main|master:inst8|lpm_compare0:inst13                                                           ; work         ;
;          |lpm_compare:lpm_compare_component| ; 1 (0)               ; 1 (0)   ; 0 (0)                     ; 0 (0)         ; 0                 ; 0     ; 0    ; 0      ; 0            ; 0       ; 0         ; 0         ; 0    ; 0            ; 1 (0)                          ; 0 (0)              ; 0 (0)                         ; |main|master:inst8|lpm_compare0:inst13|lpm_compare:lpm_compare_component                         ; work         ;
;             |cmpr_aig:auto_generated|        ; 1 (1)               ; 1 (1)   ; 0 (0)                     ; 0 (0)         ; 0                 ; 0     ; 0    ; 0      ; 0            ; 0       ; 0         ; 0         ; 0    ; 0            ; 1 (1)                          ; 0 (0)              ; 0 (0)                         ; |main|master:inst8|lpm_compare0:inst13|lpm_compare:lpm_compare_component|cmpr_aig:auto_generated ; work         ;
;       |lpm_compare0:inst22|                  ; 1 (0)               ; 1 (0)   ; 0 (0)                     ; 0 (0)         ; 0                 ; 0     ; 0    ; 0      ; 0            ; 0       ; 0         ; 0         ; 0    ; 0            ; 1 (0)                          ; 0 (0)              ; 0 (0)                         ; |main|master:inst8|lpm_compare0:inst22                                                           ; work         ;
;          |lpm_compare:lpm_compare_component| ; 1 (0)               ; 1 (0)   ; 0 (0)                     ; 0 (0)         ; 0                 ; 0     ; 0    ; 0      ; 0            ; 0       ; 0         ; 0         ; 0    ; 0            ; 1 (0)                          ; 0 (0)              ; 0 (0)                         ; |main|master:inst8|lpm_compare0:inst22|lpm_compare:lpm_compare_component                         ; work         ;
;             |cmpr_aig:auto_generated|        ; 1 (1)               ; 1 (1)   ; 0 (0)                     ; 0 (0)         ; 0                 ; 0     ; 0    ; 0      ; 0            ; 0       ; 0         ; 0         ; 0    ; 0            ; 1 (1)                          ; 0 (0)              ; 0 (0)                         ; |main|master:inst8|lpm_compare0:inst22|lpm_compare:lpm_compare_component|cmpr_aig:auto_generated ; work         ;
;       |lpm_compare0:inst5|                   ; 1 (0)               ; 1 (0)   ; 0 (0)                     ; 0 (0)         ; 0                 ; 0     ; 0    ; 0      ; 0            ; 0       ; 0         ; 0         ; 0    ; 0            ; 1 (0)                          ; 0 (0)              ; 0 (0)                         ; |main|master:inst8|lpm_compare0:inst5                                                            ; work         ;
;          |lpm_compare:lpm_compare_component| ; 1 (0)               ; 1 (0)   ; 0 (0)                     ; 0 (0)         ; 0                 ; 0     ; 0    ; 0      ; 0            ; 0       ; 0         ; 0         ; 0    ; 0            ; 1 (0)                          ; 0 (0)              ; 0 (0)                         ; |main|master:inst8|lpm_compare0:inst5|lpm_compare:lpm_compare_component                          ; work         ;
;             |cmpr_aig:auto_generated|        ; 1 (1)               ; 1 (1)   ; 0 (0)                     ; 0 (0)         ; 0                 ; 0     ; 0    ; 0      ; 0            ; 0       ; 0         ; 0         ; 0    ; 0            ; 1 (1)                          ; 0 (0)              ; 0 (0)                         ; |main|master:inst8|lpm_compare0:inst5|lpm_compare:lpm_compare_component|cmpr_aig:auto_generated  ; work         ;
;       |lpm_counter0:inst14|                  ; 4 (0)               ; 6 (0)   ; 3 (0)                     ; 0 (0)         ; 0                 ; 0     ; 0    ; 0      ; 0            ; 0       ; 0         ; 0         ; 0    ; 0            ; 4 (0)                          ; 3 (0)              ; 0 (0)                         ; |main|master:inst8|lpm_counter0:inst14                                                           ; work         ;
;          |lpm_counter:lpm_counter_component| ; 4 (0)               ; 6 (0)   ; 3 (0)                     ; 0 (0)         ; 0                 ; 0     ; 0    ; 0      ; 0            ; 0       ; 0         ; 0         ; 0    ; 0            ; 4 (0)                          ; 3 (0)              ; 0 (0)                         ; |main|master:inst8|lpm_counter0:inst14|lpm_counter:lpm_counter_component                         ; work         ;
;             |cntr_4pi:auto_generated|        ; 4 (4)               ; 6 (6)   ; 3 (3)                     ; 0 (0)         ; 0                 ; 0     ; 0    ; 0      ; 0            ; 0       ; 0         ; 0         ; 0    ; 0            ; 4 (4)                          ; 3 (3)              ; 0 (0)                         ; |main|master:inst8|lpm_counter0:inst14|lpm_counter:lpm_counter_component|cntr_4pi:auto_generated ; work         ;
;       |lpm_counter0:inst23|                  ; 4 (0)               ; 6 (0)   ; 3 (0)                     ; 0 (0)         ; 0                 ; 0     ; 0    ; 0      ; 0            ; 0       ; 0         ; 0         ; 0    ; 0            ; 4 (0)                          ; 3 (0)              ; 0 (0)                         ; |main|master:inst8|lpm_counter0:inst23                                                           ; work         ;
;          |lpm_counter:lpm_counter_component| ; 4 (0)               ; 6 (0)   ; 3 (0)                     ; 0 (0)         ; 0                 ; 0     ; 0    ; 0      ; 0            ; 0       ; 0         ; 0         ; 0    ; 0            ; 4 (0)                          ; 3 (0)              ; 0 (0)                         ; |main|master:inst8|lpm_counter0:inst23|lpm_counter:lpm_counter_component                         ; work         ;
;             |cntr_4pi:auto_generated|        ; 4 (4)               ; 6 (6)   ; 3 (3)                     ; 0 (0)         ; 0                 ; 0     ; 0    ; 0      ; 0            ; 0       ; 0         ; 0         ; 0    ; 0            ; 4 (4)                          ; 3 (3)              ; 0 (0)                         ; |main|master:inst8|lpm_counter0:inst23|lpm_counter:lpm_counter_component|cntr_4pi:auto_generated ; work         ;
;       |lpm_counter0:inst6|                   ; 4 (0)               ; 6 (0)   ; 3 (0)                     ; 0 (0)         ; 0                 ; 0     ; 0    ; 0      ; 0            ; 0       ; 0         ; 0         ; 0    ; 0            ; 4 (0)                          ; 3 (0)              ; 0 (0)                         ; |main|master:inst8|lpm_counter0:inst6                                                            ; work         ;
;          |lpm_counter:lpm_counter_component| ; 4 (0)               ; 6 (0)   ; 3 (0)                     ; 0 (0)         ; 0                 ; 0     ; 0    ; 0      ; 0            ; 0       ; 0         ; 0         ; 0    ; 0            ; 4 (0)                          ; 3 (0)              ; 0 (0)                         ; |main|master:inst8|lpm_counter0:inst6|lpm_counter:lpm_counter_component                          ; work         ;
;             |cntr_4pi:auto_generated|        ; 4 (4)               ; 6 (6)   ; 3 (3)                     ; 0 (0)         ; 0                 ; 0     ; 0    ; 0      ; 0            ; 0       ; 0         ; 0         ; 0    ; 0            ; 4 (4)                          ; 3 (3)              ; 0 (0)                         ; |main|master:inst8|lpm_counter0:inst6|lpm_counter:lpm_counter_component|cntr_4pi:auto_generated  ; work         ;
;       |lpm_counter1:inst39|                  ; 4 (0)               ; 2 (0)   ; 3 (0)                     ; 0 (0)         ; 0                 ; 0     ; 0    ; 0      ; 0            ; 0       ; 0         ; 0         ; 0    ; 0            ; 1 (0)                          ; 0 (0)              ; 3 (0)                         ; |main|master:inst8|lpm_counter1:inst39                                                           ; work         ;
;          |lpm_counter:lpm_counter_component| ; 4 (0)               ; 2 (0)   ; 3 (0)                     ; 0 (0)         ; 0                 ; 0     ; 0    ; 0      ; 0            ; 0       ; 0         ; 0         ; 0    ; 0            ; 1 (0)                          ; 0 (0)              ; 3 (0)                         ; |main|master:inst8|lpm_counter1:inst39|lpm_counter:lpm_counter_component                         ; work         ;
;             |cntr_7nh:auto_generated|        ; 4 (4)               ; 2 (2)   ; 3 (3)                     ; 0 (0)         ; 0                 ; 0     ; 0    ; 0      ; 0            ; 0       ; 0         ; 0         ; 0    ; 0            ; 1 (1)                          ; 0 (0)              ; 3 (3)                         ; |main|master:inst8|lpm_counter1:inst39|lpm_counter:lpm_counter_component|cntr_7nh:auto_generated ; work         ;
;    |master:inst9|                            ; 36 (12)             ; 35 (9)  ; 18 (6)                    ; 0 (0)         ; 0                 ; 0     ; 0    ; 0      ; 0            ; 0       ; 0         ; 0         ; 0    ; 0            ; 27 (6)                         ; 9 (0)              ; 9 (6)                         ; |main|master:inst9                                                                               ; work         ;
;       |lpm_bustri1:inst40|                   ; 4 (0)               ; 3 (0)   ; 0 (0)                     ; 0 (0)         ; 0                 ; 0     ; 0    ; 0      ; 0            ; 0       ; 0         ; 0         ; 0    ; 0            ; 4 (0)                          ; 0 (0)              ; 0 (0)                         ; |main|master:inst9|lpm_bustri1:inst40                                                            ; work         ;
;          |lpm_bustri:lpm_bustri_component|   ; 4 (4)               ; 3 (3)   ; 0 (0)                     ; 0 (0)         ; 0                 ; 0     ; 0    ; 0      ; 0            ; 0       ; 0         ; 0         ; 0    ; 0            ; 4 (4)                          ; 0 (0)              ; 0 (0)                         ; |main|master:inst9|lpm_bustri1:inst40|lpm_bustri:lpm_bustri_component                            ; work         ;
;       |lpm_compare0:inst13|                  ; 1 (0)               ; 1 (0)   ; 0 (0)                     ; 0 (0)         ; 0                 ; 0     ; 0    ; 0      ; 0            ; 0       ; 0         ; 0         ; 0    ; 0            ; 1 (0)                          ; 0 (0)              ; 0 (0)                         ; |main|master:inst9|lpm_compare0:inst13                                                           ; work         ;
;          |lpm_compare:lpm_compare_component| ; 1 (0)               ; 1 (0)   ; 0 (0)                     ; 0 (0)         ; 0                 ; 0     ; 0    ; 0      ; 0            ; 0       ; 0         ; 0         ; 0    ; 0            ; 1 (0)                          ; 0 (0)              ; 0 (0)                         ; |main|master:inst9|lpm_compare0:inst13|lpm_compare:lpm_compare_component                         ; work         ;
;             |cmpr_aig:auto_generated|        ; 1 (1)               ; 1 (1)   ; 0 (0)                     ; 0 (0)         ; 0                 ; 0     ; 0    ; 0      ; 0            ; 0       ; 0         ; 0         ; 0    ; 0            ; 1 (1)                          ; 0 (0)              ; 0 (0)                         ; |main|master:inst9|lpm_compare0:inst13|lpm_compare:lpm_compare_component|cmpr_aig:auto_generated ; work         ;
;       |lpm_compare0:inst22|                  ; 1 (0)               ; 1 (0)   ; 0 (0)                     ; 0 (0)         ; 0                 ; 0     ; 0    ; 0      ; 0            ; 0       ; 0         ; 0         ; 0    ; 0            ; 1 (0)                          ; 0 (0)              ; 0 (0)                         ; |main|master:inst9|lpm_compare0:inst22                                                           ; work         ;
;          |lpm_compare:lpm_compare_component| ; 1 (0)               ; 1 (0)   ; 0 (0)                     ; 0 (0)         ; 0                 ; 0     ; 0    ; 0      ; 0            ; 0       ; 0         ; 0         ; 0    ; 0            ; 1 (0)                          ; 0 (0)              ; 0 (0)                         ; |main|master:inst9|lpm_compare0:inst22|lpm_compare:lpm_compare_component                         ; work         ;
;             |cmpr_aig:auto_generated|        ; 1 (1)               ; 1 (1)   ; 0 (0)                     ; 0 (0)         ; 0                 ; 0     ; 0    ; 0      ; 0            ; 0       ; 0         ; 0         ; 0    ; 0            ; 1 (1)                          ; 0 (0)              ; 0 (0)                         ; |main|master:inst9|lpm_compare0:inst22|lpm_compare:lpm_compare_component|cmpr_aig:auto_generated ; work         ;
;       |lpm_compare0:inst5|                   ; 1 (0)               ; 1 (0)   ; 0 (0)                     ; 0 (0)         ; 0                 ; 0     ; 0    ; 0      ; 0            ; 0       ; 0         ; 0         ; 0    ; 0            ; 1 (0)                          ; 0 (0)              ; 0 (0)                         ; |main|master:inst9|lpm_compare0:inst5                                                            ; work         ;
;          |lpm_compare:lpm_compare_component| ; 1 (0)               ; 1 (0)   ; 0 (0)                     ; 0 (0)         ; 0                 ; 0     ; 0    ; 0      ; 0            ; 0       ; 0         ; 0         ; 0    ; 0            ; 1 (0)                          ; 0 (0)              ; 0 (0)                         ; |main|master:inst9|lpm_compare0:inst5|lpm_compare:lpm_compare_component                          ; work         ;
;             |cmpr_aig:auto_generated|        ; 1 (1)               ; 1 (1)   ; 0 (0)                     ; 0 (0)         ; 0                 ; 0     ; 0    ; 0      ; 0            ; 0       ; 0         ; 0         ; 0    ; 0            ; 1 (1)                          ; 0 (0)              ; 0 (0)                         ; |main|master:inst9|lpm_compare0:inst5|lpm_compare:lpm_compare_component|cmpr_aig:auto_generated  ; work         ;
;       |lpm_counter0:inst14|                  ; 4 (0)               ; 6 (0)   ; 3 (0)                     ; 0 (0)         ; 0                 ; 0     ; 0    ; 0      ; 0            ; 0       ; 0         ; 0         ; 0    ; 0            ; 4 (0)                          ; 3 (0)              ; 0 (0)                         ; |main|master:inst9|lpm_counter0:inst14                                                           ; work         ;
;          |lpm_counter:lpm_counter_component| ; 4 (0)               ; 6 (0)   ; 3 (0)                     ; 0 (0)         ; 0                 ; 0     ; 0    ; 0      ; 0            ; 0       ; 0         ; 0         ; 0    ; 0            ; 4 (0)                          ; 3 (0)              ; 0 (0)                         ; |main|master:inst9|lpm_counter0:inst14|lpm_counter:lpm_counter_component                         ; work         ;
;             |cntr_4pi:auto_generated|        ; 4 (4)               ; 6 (6)   ; 3 (3)                     ; 0 (0)         ; 0                 ; 0     ; 0    ; 0      ; 0            ; 0       ; 0         ; 0         ; 0    ; 0            ; 4 (4)                          ; 3 (3)              ; 0 (0)                         ; |main|master:inst9|lpm_counter0:inst14|lpm_counter:lpm_counter_component|cntr_4pi:auto_generated ; work         ;
;       |lpm_counter0:inst23|                  ; 4 (0)               ; 6 (0)   ; 3 (0)                     ; 0 (0)         ; 0                 ; 0     ; 0    ; 0      ; 0            ; 0       ; 0         ; 0         ; 0    ; 0            ; 4 (0)                          ; 3 (0)              ; 0 (0)                         ; |main|master:inst9|lpm_counter0:inst23                                                           ; work         ;
;          |lpm_counter:lpm_counter_component| ; 4 (0)               ; 6 (0)   ; 3 (0)                     ; 0 (0)         ; 0                 ; 0     ; 0    ; 0      ; 0            ; 0       ; 0         ; 0         ; 0    ; 0            ; 4 (0)                          ; 3 (0)              ; 0 (0)                         ; |main|master:inst9|lpm_counter0:inst23|lpm_counter:lpm_counter_component                         ; work         ;
;             |cntr_4pi:auto_generated|        ; 4 (4)               ; 6 (6)   ; 3 (3)                     ; 0 (0)         ; 0                 ; 0     ; 0    ; 0      ; 0            ; 0       ; 0         ; 0         ; 0    ; 0            ; 4 (4)                          ; 3 (3)              ; 0 (0)                         ; |main|master:inst9|lpm_counter0:inst23|lpm_counter:lpm_counter_component|cntr_4pi:auto_generated ; work         ;
;       |lpm_counter0:inst6|                   ; 4 (0)               ; 6 (0)   ; 3 (0)                     ; 0 (0)         ; 0                 ; 0     ; 0    ; 0      ; 0            ; 0       ; 0         ; 0         ; 0    ; 0            ; 4 (0)                          ; 3 (0)              ; 0 (0)                         ; |main|master:inst9|lpm_counter0:inst6                                                            ; work         ;
;          |lpm_counter:lpm_counter_component| ; 4 (0)               ; 6 (0)   ; 3 (0)                     ; 0 (0)         ; 0                 ; 0     ; 0    ; 0      ; 0            ; 0       ; 0         ; 0         ; 0    ; 0            ; 4 (0)                          ; 3 (0)              ; 0 (0)                         ; |main|master:inst9|lpm_counter0:inst6|lpm_counter:lpm_counter_component                          ; work         ;
;             |cntr_4pi:auto_generated|        ; 4 (4)               ; 6 (6)   ; 3 (3)                     ; 0 (0)         ; 0                 ; 0     ; 0    ; 0      ; 0            ; 0       ; 0         ; 0         ; 0    ; 0            ; 4 (4)                          ; 3 (3)              ; 0 (0)                         ; |main|master:inst9|lpm_counter0:inst6|lpm_counter:lpm_counter_component|cntr_4pi:auto_generated  ; work         ;
;       |lpm_counter1:inst39|                  ; 5 (0)               ; 3 (0)   ; 3 (0)                     ; 0 (0)         ; 0                 ; 0     ; 0    ; 0      ; 0            ; 0       ; 0         ; 0         ; 0    ; 0            ; 2 (0)                          ; 0 (0)              ; 3 (0)                         ; |main|master:inst9|lpm_counter1:inst39                                                           ; work         ;
;          |lpm_counter:lpm_counter_component| ; 5 (0)               ; 3 (0)   ; 3 (0)                     ; 0 (0)         ; 0                 ; 0     ; 0    ; 0      ; 0            ; 0       ; 0         ; 0         ; 0    ; 0            ; 2 (0)                          ; 0 (0)              ; 3 (0)                         ; |main|master:inst9|lpm_counter1:inst39|lpm_counter:lpm_counter_component                         ; work         ;
;             |cntr_7nh:auto_generated|        ; 5 (5)               ; 3 (3)   ; 3 (3)                     ; 0 (0)         ; 0                 ; 0     ; 0    ; 0      ; 0            ; 0       ; 0         ; 0         ; 0    ; 0            ; 2 (2)                          ; 0 (0)              ; 3 (3)                         ; |main|master:inst9|lpm_counter1:inst39|lpm_counter:lpm_counter_component|cntr_7nh:auto_generated ; work         ;
;    |master:inst|                             ; 34 (12)             ; 30 (6)  ; 18 (6)                    ; 0 (0)         ; 0                 ; 0     ; 0    ; 0      ; 0            ; 0       ; 0         ; 0         ; 0    ; 0            ; 24 (6)                         ; 8 (0)              ; 10 (6)                        ; |main|master:inst                                                                                ;              ;
;       |lpm_bustri2:inst43|                   ; 1 (0)               ; 1 (0)   ; 0 (0)                     ; 0 (0)         ; 0                 ; 0     ; 0    ; 0      ; 0            ; 0       ; 0         ; 0         ; 0    ; 0            ; 1 (0)                          ; 0 (0)              ; 0 (0)                         ; |main|master:inst|lpm_bustri2:inst43                                                             ; work         ;
;          |lpm_bustri:lpm_bustri_component|   ; 1 (1)               ; 1 (1)   ; 0 (0)                     ; 0 (0)         ; 0                 ; 0     ; 0    ; 0      ; 0            ; 0       ; 0         ; 0         ; 0    ; 0            ; 1 (1)                          ; 0 (0)              ; 0 (0)                         ; |main|master:inst|lpm_bustri2:inst43|lpm_bustri:lpm_bustri_component                             ; work         ;
;       |lpm_compare0:inst13|                  ; 1 (0)               ; 1 (0)   ; 0 (0)                     ; 0 (0)         ; 0                 ; 0     ; 0    ; 0      ; 0            ; 0       ; 0         ; 0         ; 0    ; 0            ; 1 (0)                          ; 0 (0)              ; 0 (0)                         ; |main|master:inst|lpm_compare0:inst13                                                            ; work         ;
;          |lpm_compare:lpm_compare_component| ; 1 (0)               ; 1 (0)   ; 0 (0)                     ; 0 (0)         ; 0                 ; 0     ; 0    ; 0      ; 0            ; 0       ; 0         ; 0         ; 0    ; 0            ; 1 (0)                          ; 0 (0)              ; 0 (0)                         ; |main|master:inst|lpm_compare0:inst13|lpm_compare:lpm_compare_component                          ; work         ;
;             |cmpr_aig:auto_generated|        ; 1 (1)               ; 1 (1)   ; 0 (0)                     ; 0 (0)         ; 0                 ; 0     ; 0    ; 0      ; 0            ; 0       ; 0         ; 0         ; 0    ; 0            ; 1 (1)                          ; 0 (0)              ; 0 (0)                         ; |main|master:inst|lpm_compare0:inst13|lpm_compare:lpm_compare_component|cmpr_aig:auto_generated  ; work         ;
;       |lpm_compare0:inst22|                  ; 1 (0)               ; 1 (0)   ; 0 (0)                     ; 0 (0)         ; 0                 ; 0     ; 0    ; 0      ; 0            ; 0       ; 0         ; 0         ; 0    ; 0            ; 1 (0)                          ; 0 (0)              ; 0 (0)                         ; |main|master:inst|lpm_compare0:inst22                                                            ; work         ;
;          |lpm_compare:lpm_compare_component| ; 1 (0)               ; 1 (0)   ; 0 (0)                     ; 0 (0)         ; 0                 ; 0     ; 0    ; 0      ; 0            ; 0       ; 0         ; 0         ; 0    ; 0            ; 1 (0)                          ; 0 (0)              ; 0 (0)                         ; |main|master:inst|lpm_compare0:inst22|lpm_compare:lpm_compare_component                          ; work         ;
;             |cmpr_aig:auto_generated|        ; 1 (1)               ; 1 (1)   ; 0 (0)                     ; 0 (0)         ; 0                 ; 0     ; 0    ; 0      ; 0            ; 0       ; 0         ; 0         ; 0    ; 0            ; 1 (1)                          ; 0 (0)              ; 0 (0)                         ; |main|master:inst|lpm_compare0:inst22|lpm_compare:lpm_compare_component|cmpr_aig:auto_generated  ; work         ;
;       |lpm_compare0:inst5|                   ; 1 (0)               ; 1 (0)   ; 0 (0)                     ; 0 (0)         ; 0                 ; 0     ; 0    ; 0      ; 0            ; 0       ; 0         ; 0         ; 0    ; 0            ; 1 (0)                          ; 0 (0)              ; 0 (0)                         ; |main|master:inst|lpm_compare0:inst5                                                             ; work         ;
;          |lpm_compare:lpm_compare_component| ; 1 (0)               ; 1 (0)   ; 0 (0)                     ; 0 (0)         ; 0                 ; 0     ; 0    ; 0      ; 0            ; 0       ; 0         ; 0         ; 0    ; 0            ; 1 (0)                          ; 0 (0)              ; 0 (0)                         ; |main|master:inst|lpm_compare0:inst5|lpm_compare:lpm_compare_component                           ; work         ;
;             |cmpr_aig:auto_generated|        ; 1 (1)               ; 1 (1)   ; 0 (0)                     ; 0 (0)         ; 0                 ; 0     ; 0    ; 0      ; 0            ; 0       ; 0         ; 0         ; 0    ; 0            ; 1 (1)                          ; 0 (0)              ; 0 (0)                         ; |main|master:inst|lpm_compare0:inst5|lpm_compare:lpm_compare_component|cmpr_aig:auto_generated   ; work         ;
;       |lpm_counter0:inst14|                  ; 5 (0)               ; 6 (0)   ; 3 (0)                     ; 0 (0)         ; 0                 ; 0     ; 0    ; 0      ; 0            ; 0       ; 0         ; 0         ; 0    ; 0            ; 5 (0)                          ; 3 (0)              ; 0 (0)                         ; |main|master:inst|lpm_counter0:inst14                                                            ; work         ;
;          |lpm_counter:lpm_counter_component| ; 5 (0)               ; 6 (0)   ; 3 (0)                     ; 0 (0)         ; 0                 ; 0     ; 0    ; 0      ; 0            ; 0       ; 0         ; 0         ; 0    ; 0            ; 5 (0)                          ; 3 (0)              ; 0 (0)                         ; |main|master:inst|lpm_counter0:inst14|lpm_counter:lpm_counter_component                          ; work         ;
;             |cntr_4pi:auto_generated|        ; 5 (5)               ; 6 (6)   ; 3 (3)                     ; 0 (0)         ; 0                 ; 0     ; 0    ; 0      ; 0            ; 0       ; 0         ; 0         ; 0    ; 0            ; 5 (5)                          ; 3 (3)              ; 0 (0)                         ; |main|master:inst|lpm_counter0:inst14|lpm_counter:lpm_counter_component|cntr_4pi:auto_generated  ; work         ;
;       |lpm_counter0:inst23|                  ; 4 (0)               ; 6 (0)   ; 3 (0)                     ; 0 (0)         ; 0                 ; 0     ; 0    ; 0      ; 0            ; 0       ; 0         ; 0         ; 0    ; 0            ; 4 (0)                          ; 2 (0)              ; 1 (0)                         ; |main|master:inst|lpm_counter0:inst23                                                            ; work         ;
;          |lpm_counter:lpm_counter_component| ; 4 (0)               ; 6 (0)   ; 3 (0)                     ; 0 (0)         ; 0                 ; 0     ; 0    ; 0      ; 0            ; 0       ; 0         ; 0         ; 0    ; 0            ; 4 (0)                          ; 2 (0)              ; 1 (0)                         ; |main|master:inst|lpm_counter0:inst23|lpm_counter:lpm_counter_component                          ; work         ;
;             |cntr_4pi:auto_generated|        ; 4 (4)               ; 6 (6)   ; 3 (3)                     ; 0 (0)         ; 0                 ; 0     ; 0    ; 0      ; 0            ; 0       ; 0         ; 0         ; 0    ; 0            ; 4 (4)                          ; 2 (2)              ; 1 (1)                         ; |main|master:inst|lpm_counter0:inst23|lpm_counter:lpm_counter_component|cntr_4pi:auto_generated  ; work         ;
;       |lpm_counter0:inst6|                   ; 4 (0)               ; 6 (0)   ; 3 (0)                     ; 0 (0)         ; 0                 ; 0     ; 0    ; 0      ; 0            ; 0       ; 0         ; 0         ; 0    ; 0            ; 3 (0)                          ; 3 (0)              ; 1 (0)                         ; |main|master:inst|lpm_counter0:inst6                                                             ; work         ;
;          |lpm_counter:lpm_counter_component| ; 4 (0)               ; 6 (0)   ; 3 (0)                     ; 0 (0)         ; 0                 ; 0     ; 0    ; 0      ; 0            ; 0       ; 0         ; 0         ; 0    ; 0            ; 3 (0)                          ; 3 (0)              ; 1 (0)                         ; |main|master:inst|lpm_counter0:inst6|lpm_counter:lpm_counter_component                           ; work         ;
;             |cntr_4pi:auto_generated|        ; 4 (4)               ; 6 (6)   ; 3 (3)                     ; 0 (0)         ; 0                 ; 0     ; 0    ; 0      ; 0            ; 0       ; 0         ; 0         ; 0    ; 0            ; 3 (3)                          ; 3 (3)              ; 1 (1)                         ; |main|master:inst|lpm_counter0:inst6|lpm_counter:lpm_counter_component|cntr_4pi:auto_generated   ; work         ;
;       |lpm_counter1:inst39|                  ; 5 (0)               ; 3 (0)   ; 3 (0)                     ; 0 (0)         ; 0                 ; 0     ; 0    ; 0      ; 0            ; 0       ; 0         ; 0         ; 0    ; 0            ; 2 (0)                          ; 0 (0)              ; 3 (0)                         ; |main|master:inst|lpm_counter1:inst39                                                            ; work         ;
;          |lpm_counter:lpm_counter_component| ; 5 (0)               ; 3 (0)   ; 3 (0)                     ; 0 (0)         ; 0                 ; 0     ; 0    ; 0      ; 0            ; 0       ; 0         ; 0         ; 0    ; 0            ; 2 (0)                          ; 0 (0)              ; 3 (0)                         ; |main|master:inst|lpm_counter1:inst39|lpm_counter:lpm_counter_component                          ; work         ;
;             |cntr_7nh:auto_generated|        ; 5 (5)               ; 3 (3)   ; 3 (3)                     ; 0 (0)         ; 0                 ; 0     ; 0    ; 0      ; 0            ; 0       ; 0         ; 0         ; 0    ; 0            ; 2 (2)                          ; 0 (0)              ; 3 (3)                         ; |main|master:inst|lpm_counter1:inst39|lpm_counter:lpm_counter_component|cntr_7nh:auto_generated  ; work         ;
;    |slave:inst10|                            ; 27 (9)              ; 25 (7)  ; 18 (4)                    ; 0 (0)         ; 0                 ; 0     ; 0    ; 0      ; 0            ; 0       ; 0         ; 0         ; 0    ; 0            ; 15 (5)                         ; 6 (0)              ; 12 (4)                        ; |main|slave:inst10                                                                               ; work         ;
;       |lpm_compare0:inst13|                  ; 1 (0)               ; 1 (0)   ; 0 (0)                     ; 0 (0)         ; 0                 ; 0     ; 0    ; 0      ; 0            ; 0       ; 0         ; 0         ; 0    ; 0            ; 1 (0)                          ; 0 (0)              ; 0 (0)                         ; |main|slave:inst10|lpm_compare0:inst13                                                           ; work         ;
;          |lpm_compare:lpm_compare_component| ; 1 (0)               ; 1 (0)   ; 0 (0)                     ; 0 (0)         ; 0                 ; 0     ; 0    ; 0      ; 0            ; 0       ; 0         ; 0         ; 0    ; 0            ; 1 (0)                          ; 0 (0)              ; 0 (0)                         ; |main|slave:inst10|lpm_compare0:inst13|lpm_compare:lpm_compare_component                         ; work         ;
;             |cmpr_aig:auto_generated|        ; 1 (1)               ; 1 (1)   ; 0 (0)                     ; 0 (0)         ; 0                 ; 0     ; 0    ; 0      ; 0            ; 0       ; 0         ; 0         ; 0    ; 0            ; 1 (1)                          ; 0 (0)              ; 0 (0)                         ; |main|slave:inst10|lpm_compare0:inst13|lpm_compare:lpm_compare_component|cmpr_aig:auto_generated ; work         ;
;       |lpm_compare0:inst5|                   ; 1 (0)               ; 1 (0)   ; 0 (0)                     ; 0 (0)         ; 0                 ; 0     ; 0    ; 0      ; 0            ; 0       ; 0         ; 0         ; 0    ; 0            ; 1 (0)                          ; 0 (0)              ; 0 (0)                         ; |main|slave:inst10|lpm_compare0:inst5                                                            ; work         ;
;          |lpm_compare:lpm_compare_component| ; 1 (0)               ; 1 (0)   ; 0 (0)                     ; 0 (0)         ; 0                 ; 0     ; 0    ; 0      ; 0            ; 0       ; 0         ; 0         ; 0    ; 0            ; 1 (0)                          ; 0 (0)              ; 0 (0)                         ; |main|slave:inst10|lpm_compare0:inst5|lpm_compare:lpm_compare_component                          ; work         ;
;             |cmpr_aig:auto_generated|        ; 1 (1)               ; 1 (1)   ; 0 (0)                     ; 0 (0)         ; 0                 ; 0     ; 0    ; 0      ; 0            ; 0       ; 0         ; 0         ; 0    ; 0            ; 1 (1)                          ; 0 (0)              ; 0 (0)                         ; |main|slave:inst10|lpm_compare0:inst5|lpm_compare:lpm_compare_component|cmpr_aig:auto_generated  ; work         ;
;       |lpm_counter0:inst14|                  ; 4 (0)               ; 6 (0)   ; 3 (0)                     ; 0 (0)         ; 0                 ; 0     ; 0    ; 0      ; 0            ; 0       ; 0         ; 0         ; 0    ; 0            ; 4 (0)                          ; 3 (0)              ; 0 (0)                         ; |main|slave:inst10|lpm_counter0:inst14                                                           ; work         ;
;          |lpm_counter:lpm_counter_component| ; 4 (0)               ; 6 (0)   ; 3 (0)                     ; 0 (0)         ; 0                 ; 0     ; 0    ; 0      ; 0            ; 0       ; 0         ; 0         ; 0    ; 0            ; 4 (0)                          ; 3 (0)              ; 0 (0)                         ; |main|slave:inst10|lpm_counter0:inst14|lpm_counter:lpm_counter_component                         ; work         ;
;             |cntr_4pi:auto_generated|        ; 4 (4)               ; 6 (6)   ; 3 (3)                     ; 0 (0)         ; 0                 ; 0     ; 0    ; 0      ; 0            ; 0       ; 0         ; 0         ; 0    ; 0            ; 4 (4)                          ; 3 (3)              ; 0 (0)                         ; |main|slave:inst10|lpm_counter0:inst14|lpm_counter:lpm_counter_component|cntr_4pi:auto_generated ; work         ;
;       |lpm_counter0:inst6|                   ; 4 (0)               ; 6 (0)   ; 3 (0)                     ; 0 (0)         ; 0                 ; 0     ; 0    ; 0      ; 0            ; 0       ; 0         ; 0         ; 0    ; 0            ; 4 (0)                          ; 3 (0)              ; 0 (0)                         ; |main|slave:inst10|lpm_counter0:inst6                                                            ; work         ;
;          |lpm_counter:lpm_counter_component| ; 4 (0)               ; 6 (0)   ; 3 (0)                     ; 0 (0)         ; 0                 ; 0     ; 0    ; 0      ; 0            ; 0       ; 0         ; 0         ; 0    ; 0            ; 4 (0)                          ; 3 (0)              ; 0 (0)                         ; |main|slave:inst10|lpm_counter0:inst6|lpm_counter:lpm_counter_component                          ; work         ;
;             |cntr_4pi:auto_generated|        ; 4 (4)               ; 6 (6)   ; 3 (3)                     ; 0 (0)         ; 0                 ; 0     ; 0    ; 0      ; 0            ; 0       ; 0         ; 0         ; 0    ; 0            ; 4 (4)                          ; 3 (3)              ; 0 (0)                         ; |main|slave:inst10|lpm_counter0:inst6|lpm_counter:lpm_counter_component|cntr_4pi:auto_generated  ; work         ;
;       |lpm_dff0:inst3|                       ; 8 (0)               ; 5 (0)   ; 8 (0)                     ; 0 (0)         ; 0                 ; 0     ; 0    ; 0      ; 0            ; 0       ; 0         ; 0         ; 0    ; 0            ; 0 (0)                          ; 0 (0)              ; 8 (0)                         ; |main|slave:inst10|lpm_dff0:inst3                                                                ; work         ;
;          |lpm_ff:lpm_ff_component|           ; 8 (8)               ; 5 (5)   ; 8 (8)                     ; 0 (0)         ; 0                 ; 0     ; 0    ; 0      ; 0            ; 0       ; 0         ; 0         ; 0    ; 0            ; 0 (0)                          ; 0 (0)              ; 8 (8)                         ; |main|slave:inst10|lpm_dff0:inst3|lpm_ff:lpm_ff_component                                        ; work         ;
;    |slave:inst11|                            ; 27 (9)              ; 25 (7)  ; 18 (4)                    ; 0 (0)         ; 0                 ; 0     ; 0    ; 0      ; 0            ; 0       ; 0         ; 0         ; 0    ; 0            ; 15 (5)                         ; 6 (0)              ; 12 (4)                        ; |main|slave:inst11                                                                               ; work         ;
;       |lpm_compare0:inst13|                  ; 1 (0)               ; 1 (0)   ; 0 (0)                     ; 0 (0)         ; 0                 ; 0     ; 0    ; 0      ; 0            ; 0       ; 0         ; 0         ; 0    ; 0            ; 1 (0)                          ; 0 (0)              ; 0 (0)                         ; |main|slave:inst11|lpm_compare0:inst13                                                           ; work         ;
;          |lpm_compare:lpm_compare_component| ; 1 (0)               ; 1 (0)   ; 0 (0)                     ; 0 (0)         ; 0                 ; 0     ; 0    ; 0      ; 0            ; 0       ; 0         ; 0         ; 0    ; 0            ; 1 (0)                          ; 0 (0)              ; 0 (0)                         ; |main|slave:inst11|lpm_compare0:inst13|lpm_compare:lpm_compare_component                         ; work         ;
;             |cmpr_aig:auto_generated|        ; 1 (1)               ; 1 (1)   ; 0 (0)                     ; 0 (0)         ; 0                 ; 0     ; 0    ; 0      ; 0            ; 0       ; 0         ; 0         ; 0    ; 0            ; 1 (1)                          ; 0 (0)              ; 0 (0)                         ; |main|slave:inst11|lpm_compare0:inst13|lpm_compare:lpm_compare_component|cmpr_aig:auto_generated ; work         ;
;       |lpm_compare0:inst5|                   ; 1 (0)               ; 1 (0)   ; 0 (0)                     ; 0 (0)         ; 0                 ; 0     ; 0    ; 0      ; 0            ; 0       ; 0         ; 0         ; 0    ; 0            ; 1 (0)                          ; 0 (0)              ; 0 (0)                         ; |main|slave:inst11|lpm_compare0:inst5                                                            ; work         ;
;          |lpm_compare:lpm_compare_component| ; 1 (0)               ; 1 (0)   ; 0 (0)                     ; 0 (0)         ; 0                 ; 0     ; 0    ; 0      ; 0            ; 0       ; 0         ; 0         ; 0    ; 0            ; 1 (0)                          ; 0 (0)              ; 0 (0)                         ; |main|slave:inst11|lpm_compare0:inst5|lpm_compare:lpm_compare_component                          ; work         ;
;             |cmpr_aig:auto_generated|        ; 1 (1)               ; 1 (1)   ; 0 (0)                     ; 0 (0)         ; 0                 ; 0     ; 0    ; 0      ; 0            ; 0       ; 0         ; 0         ; 0    ; 0            ; 1 (1)                          ; 0 (0)              ; 0 (0)                         ; |main|slave:inst11|lpm_compare0:inst5|lpm_compare:lpm_compare_component|cmpr_aig:auto_generated  ; work         ;
;       |lpm_counter0:inst14|                  ; 4 (0)               ; 6 (0)   ; 3 (0)                     ; 0 (0)         ; 0                 ; 0     ; 0    ; 0      ; 0            ; 0       ; 0         ; 0         ; 0    ; 0            ; 4 (0)                          ; 3 (0)              ; 0 (0)                         ; |main|slave:inst11|lpm_counter0:inst14                                                           ; work         ;
;          |lpm_counter:lpm_counter_component| ; 4 (0)               ; 6 (0)   ; 3 (0)                     ; 0 (0)         ; 0                 ; 0     ; 0    ; 0      ; 0            ; 0       ; 0         ; 0         ; 0    ; 0            ; 4 (0)                          ; 3 (0)              ; 0 (0)                         ; |main|slave:inst11|lpm_counter0:inst14|lpm_counter:lpm_counter_component                         ; work         ;
;             |cntr_4pi:auto_generated|        ; 4 (4)               ; 6 (6)   ; 3 (3)                     ; 0 (0)         ; 0                 ; 0     ; 0    ; 0      ; 0            ; 0       ; 0         ; 0         ; 0    ; 0            ; 4 (4)                          ; 3 (3)              ; 0 (0)                         ; |main|slave:inst11|lpm_counter0:inst14|lpm_counter:lpm_counter_component|cntr_4pi:auto_generated ; work         ;
;       |lpm_counter0:inst6|                   ; 4 (0)               ; 6 (0)   ; 3 (0)                     ; 0 (0)         ; 0                 ; 0     ; 0    ; 0      ; 0            ; 0       ; 0         ; 0         ; 0    ; 0            ; 4 (0)                          ; 3 (0)              ; 0 (0)                         ; |main|slave:inst11|lpm_counter0:inst6                                                            ; work         ;
;          |lpm_counter:lpm_counter_component| ; 4 (0)               ; 6 (0)   ; 3 (0)                     ; 0 (0)         ; 0                 ; 0     ; 0    ; 0      ; 0            ; 0       ; 0         ; 0         ; 0    ; 0            ; 4 (0)                          ; 3 (0)              ; 0 (0)                         ; |main|slave:inst11|lpm_counter0:inst6|lpm_counter:lpm_counter_component                          ; work         ;
;             |cntr_4pi:auto_generated|        ; 4 (4)               ; 6 (6)   ; 3 (3)                     ; 0 (0)         ; 0                 ; 0     ; 0    ; 0      ; 0            ; 0       ; 0         ; 0         ; 0    ; 0            ; 4 (4)                          ; 3 (3)              ; 0 (0)                         ; |main|slave:inst11|lpm_counter0:inst6|lpm_counter:lpm_counter_component|cntr_4pi:auto_generated  ; work         ;
;       |lpm_dff0:inst3|                       ; 8 (0)               ; 5 (0)   ; 8 (0)                     ; 0 (0)         ; 0                 ; 0     ; 0    ; 0      ; 0            ; 0       ; 0         ; 0         ; 0    ; 0            ; 0 (0)                          ; 0 (0)              ; 8 (0)                         ; |main|slave:inst11|lpm_dff0:inst3                                                                ; work         ;
;          |lpm_ff:lpm_ff_component|           ; 8 (8)               ; 5 (5)   ; 8 (8)                     ; 0 (0)         ; 0                 ; 0     ; 0    ; 0      ; 0            ; 0       ; 0         ; 0         ; 0    ; 0            ; 0 (0)                          ; 0 (0)              ; 8 (8)                         ; |main|slave:inst11|lpm_dff0:inst3|lpm_ff:lpm_ff_component                                        ; work         ;
;    |slave:inst12|                            ; 27 (9)              ; 24 (6)  ; 18 (4)                    ; 0 (0)         ; 0                 ; 0     ; 0    ; 0      ; 0            ; 0       ; 0         ; 0         ; 0    ; 0            ; 15 (5)                         ; 6 (0)              ; 12 (4)                        ; |main|slave:inst12                                                                               ; work         ;
;       |lpm_compare0:inst13|                  ; 1 (0)               ; 1 (0)   ; 0 (0)                     ; 0 (0)         ; 0                 ; 0     ; 0    ; 0      ; 0            ; 0       ; 0         ; 0         ; 0    ; 0            ; 1 (0)                          ; 0 (0)              ; 0 (0)                         ; |main|slave:inst12|lpm_compare0:inst13                                                           ; work         ;
;          |lpm_compare:lpm_compare_component| ; 1 (0)               ; 1 (0)   ; 0 (0)                     ; 0 (0)         ; 0                 ; 0     ; 0    ; 0      ; 0            ; 0       ; 0         ; 0         ; 0    ; 0            ; 1 (0)                          ; 0 (0)              ; 0 (0)                         ; |main|slave:inst12|lpm_compare0:inst13|lpm_compare:lpm_compare_component                         ; work         ;
;             |cmpr_aig:auto_generated|        ; 1 (1)               ; 1 (1)   ; 0 (0)                     ; 0 (0)         ; 0                 ; 0     ; 0    ; 0      ; 0            ; 0       ; 0         ; 0         ; 0    ; 0            ; 1 (1)                          ; 0 (0)              ; 0 (0)                         ; |main|slave:inst12|lpm_compare0:inst13|lpm_compare:lpm_compare_component|cmpr_aig:auto_generated ; work         ;
;       |lpm_compare0:inst5|                   ; 1 (0)               ; 1 (0)   ; 0 (0)                     ; 0 (0)         ; 0                 ; 0     ; 0    ; 0      ; 0            ; 0       ; 0         ; 0         ; 0    ; 0            ; 1 (0)                          ; 0 (0)              ; 0 (0)                         ; |main|slave:inst12|lpm_compare0:inst5                                                            ; work         ;
;          |lpm_compare:lpm_compare_component| ; 1 (0)               ; 1 (0)   ; 0 (0)                     ; 0 (0)         ; 0                 ; 0     ; 0    ; 0      ; 0            ; 0       ; 0         ; 0         ; 0    ; 0            ; 1 (0)                          ; 0 (0)              ; 0 (0)                         ; |main|slave:inst12|lpm_compare0:inst5|lpm_compare:lpm_compare_component                          ; work         ;
;             |cmpr_aig:auto_generated|        ; 1 (1)               ; 1 (1)   ; 0 (0)                     ; 0 (0)         ; 0                 ; 0     ; 0    ; 0      ; 0            ; 0       ; 0         ; 0         ; 0    ; 0            ; 1 (1)                          ; 0 (0)              ; 0 (0)                         ; |main|slave:inst12|lpm_compare0:inst5|lpm_compare:lpm_compare_component|cmpr_aig:auto_generated  ; work         ;
;       |lpm_counter0:inst14|                  ; 4 (0)               ; 6 (0)   ; 3 (0)                     ; 0 (0)         ; 0                 ; 0     ; 0    ; 0      ; 0            ; 0       ; 0         ; 0         ; 0    ; 0            ; 4 (0)                          ; 3 (0)              ; 0 (0)                         ; |main|slave:inst12|lpm_counter0:inst14                                                           ; work         ;
;          |lpm_counter:lpm_counter_component| ; 4 (0)               ; 6 (0)   ; 3 (0)                     ; 0 (0)         ; 0                 ; 0     ; 0    ; 0      ; 0            ; 0       ; 0         ; 0         ; 0    ; 0            ; 4 (0)                          ; 3 (0)              ; 0 (0)                         ; |main|slave:inst12|lpm_counter0:inst14|lpm_counter:lpm_counter_component                         ; work         ;
;             |cntr_4pi:auto_generated|        ; 4 (4)               ; 6 (6)   ; 3 (3)                     ; 0 (0)         ; 0                 ; 0     ; 0    ; 0      ; 0            ; 0       ; 0         ; 0         ; 0    ; 0            ; 4 (4)                          ; 3 (3)              ; 0 (0)                         ; |main|slave:inst12|lpm_counter0:inst14|lpm_counter:lpm_counter_component|cntr_4pi:auto_generated ; work         ;
;       |lpm_counter0:inst6|                   ; 4 (0)               ; 6 (0)   ; 3 (0)                     ; 0 (0)         ; 0                 ; 0     ; 0    ; 0      ; 0            ; 0       ; 0         ; 0         ; 0    ; 0            ; 4 (0)                          ; 3 (0)              ; 0 (0)                         ; |main|slave:inst12|lpm_counter0:inst6                                                            ; work         ;
;          |lpm_counter:lpm_counter_component| ; 4 (0)               ; 6 (0)   ; 3 (0)                     ; 0 (0)         ; 0                 ; 0     ; 0    ; 0      ; 0            ; 0       ; 0         ; 0         ; 0    ; 0            ; 4 (0)                          ; 3 (0)              ; 0 (0)                         ; |main|slave:inst12|lpm_counter0:inst6|lpm_counter:lpm_counter_component                          ; work         ;
;             |cntr_4pi:auto_generated|        ; 4 (4)               ; 6 (6)   ; 3 (3)                     ; 0 (0)         ; 0                 ; 0     ; 0    ; 0      ; 0            ; 0       ; 0         ; 0         ; 0    ; 0            ; 4 (4)                          ; 3 (3)              ; 0 (0)                         ; |main|slave:inst12|lpm_counter0:inst6|lpm_counter:lpm_counter_component|cntr_4pi:auto_generated  ; work         ;
;       |lpm_dff0:inst3|                       ; 8 (0)               ; 5 (0)   ; 8 (0)                     ; 0 (0)         ; 0                 ; 0     ; 0    ; 0      ; 0            ; 0       ; 0         ; 0         ; 0    ; 0            ; 0 (0)                          ; 0 (0)              ; 8 (0)                         ; |main|slave:inst12|lpm_dff0:inst3                                                                ; work         ;
;          |lpm_ff:lpm_ff_component|           ; 8 (8)               ; 5 (5)   ; 8 (8)                     ; 0 (0)         ; 0                 ; 0     ; 0    ; 0      ; 0            ; 0       ; 0         ; 0         ; 0    ; 0            ; 0 (0)                          ; 0 (0)              ; 8 (8)                         ; |main|slave:inst12|lpm_dff0:inst3|lpm_ff:lpm_ff_component                                        ; work         ;
;    |slave:inst1|                             ; 32 (9)              ; 29 (7)  ; 18 (4)                    ; 0 (0)         ; 0                 ; 0     ; 0    ; 0      ; 0            ; 0       ; 0         ; 0         ; 0    ; 0            ; 20 (5)                         ; 6 (0)              ; 12 (4)                        ; |main|slave:inst1                                                                                ; work         ;
;       |lpm_bustri2:inst43|                   ; 5 (0)               ; 4 (0)   ; 0 (0)                     ; 0 (0)         ; 0                 ; 0     ; 0    ; 0      ; 0            ; 0       ; 0         ; 0         ; 0    ; 0            ; 5 (0)                          ; 0 (0)              ; 0 (0)                         ; |main|slave:inst1|lpm_bustri2:inst43                                                             ; work         ;
;          |lpm_bustri:lpm_bustri_component|   ; 5 (5)               ; 4 (4)   ; 0 (0)                     ; 0 (0)         ; 0                 ; 0     ; 0    ; 0      ; 0            ; 0       ; 0         ; 0         ; 0    ; 0            ; 5 (5)                          ; 0 (0)              ; 0 (0)                         ; |main|slave:inst1|lpm_bustri2:inst43|lpm_bustri:lpm_bustri_component                             ; work         ;
;       |lpm_compare0:inst13|                  ; 1 (0)               ; 1 (0)   ; 0 (0)                     ; 0 (0)         ; 0                 ; 0     ; 0    ; 0      ; 0            ; 0       ; 0         ; 0         ; 0    ; 0            ; 1 (0)                          ; 0 (0)              ; 0 (0)                         ; |main|slave:inst1|lpm_compare0:inst13                                                            ; work         ;
;          |lpm_compare:lpm_compare_component| ; 1 (0)               ; 1 (0)   ; 0 (0)                     ; 0 (0)         ; 0                 ; 0     ; 0    ; 0      ; 0            ; 0       ; 0         ; 0         ; 0    ; 0            ; 1 (0)                          ; 0 (0)              ; 0 (0)                         ; |main|slave:inst1|lpm_compare0:inst13|lpm_compare:lpm_compare_component                          ; work         ;
;             |cmpr_aig:auto_generated|        ; 1 (1)               ; 1 (1)   ; 0 (0)                     ; 0 (0)         ; 0                 ; 0     ; 0    ; 0      ; 0            ; 0       ; 0         ; 0         ; 0    ; 0            ; 1 (1)                          ; 0 (0)              ; 0 (0)                         ; |main|slave:inst1|lpm_compare0:inst13|lpm_compare:lpm_compare_component|cmpr_aig:auto_generated  ; work         ;
;       |lpm_compare0:inst5|                   ; 1 (0)               ; 1 (0)   ; 0 (0)                     ; 0 (0)         ; 0                 ; 0     ; 0    ; 0      ; 0            ; 0       ; 0         ; 0         ; 0    ; 0            ; 1 (0)                          ; 0 (0)              ; 0 (0)                         ; |main|slave:inst1|lpm_compare0:inst5                                                             ; work         ;
;          |lpm_compare:lpm_compare_component| ; 1 (0)               ; 1 (0)   ; 0 (0)                     ; 0 (0)         ; 0                 ; 0     ; 0    ; 0      ; 0            ; 0       ; 0         ; 0         ; 0    ; 0            ; 1 (0)                          ; 0 (0)              ; 0 (0)                         ; |main|slave:inst1|lpm_compare0:inst5|lpm_compare:lpm_compare_component                           ; work         ;
;             |cmpr_aig:auto_generated|        ; 1 (1)               ; 1 (1)   ; 0 (0)                     ; 0 (0)         ; 0                 ; 0     ; 0    ; 0      ; 0            ; 0       ; 0         ; 0         ; 0    ; 0            ; 1 (1)                          ; 0 (0)              ; 0 (0)                         ; |main|slave:inst1|lpm_compare0:inst5|lpm_compare:lpm_compare_component|cmpr_aig:auto_generated   ; work         ;
;       |lpm_counter0:inst14|                  ; 4 (0)               ; 6 (0)   ; 3 (0)                     ; 0 (0)         ; 0                 ; 0     ; 0    ; 0      ; 0            ; 0       ; 0         ; 0         ; 0    ; 0            ; 4 (0)                          ; 3 (0)              ; 0 (0)                         ; |main|slave:inst1|lpm_counter0:inst14                                                            ; work         ;
;          |lpm_counter:lpm_counter_component| ; 4 (0)               ; 6 (0)   ; 3 (0)                     ; 0 (0)         ; 0                 ; 0     ; 0    ; 0      ; 0            ; 0       ; 0         ; 0         ; 0    ; 0            ; 4 (0)                          ; 3 (0)              ; 0 (0)                         ; |main|slave:inst1|lpm_counter0:inst14|lpm_counter:lpm_counter_component                          ; work         ;
;             |cntr_4pi:auto_generated|        ; 4 (4)               ; 6 (6)   ; 3 (3)                     ; 0 (0)         ; 0                 ; 0     ; 0    ; 0      ; 0            ; 0       ; 0         ; 0         ; 0    ; 0            ; 4 (4)                          ; 3 (3)              ; 0 (0)                         ; |main|slave:inst1|lpm_counter0:inst14|lpm_counter:lpm_counter_component|cntr_4pi:auto_generated  ; work         ;
;       |lpm_counter0:inst6|                   ; 4 (0)               ; 6 (0)   ; 3 (0)                     ; 0 (0)         ; 0                 ; 0     ; 0    ; 0      ; 0            ; 0       ; 0         ; 0         ; 0    ; 0            ; 4 (0)                          ; 3 (0)              ; 0 (0)                         ; |main|slave:inst1|lpm_counter0:inst6                                                             ; work         ;
;          |lpm_counter:lpm_counter_component| ; 4 (0)               ; 6 (0)   ; 3 (0)                     ; 0 (0)         ; 0                 ; 0     ; 0    ; 0      ; 0            ; 0       ; 0         ; 0         ; 0    ; 0            ; 4 (0)                          ; 3 (0)              ; 0 (0)                         ; |main|slave:inst1|lpm_counter0:inst6|lpm_counter:lpm_counter_component                           ; work         ;
;             |cntr_4pi:auto_generated|        ; 4 (4)               ; 6 (6)   ; 3 (3)                     ; 0 (0)         ; 0                 ; 0     ; 0    ; 0      ; 0            ; 0       ; 0         ; 0         ; 0    ; 0            ; 4 (4)                          ; 3 (3)              ; 0 (0)                         ; |main|slave:inst1|lpm_counter0:inst6|lpm_counter:lpm_counter_component|cntr_4pi:auto_generated   ; work         ;
;       |lpm_dff0:inst3|                       ; 8 (0)               ; 5 (0)   ; 8 (0)                     ; 0 (0)         ; 0                 ; 0     ; 0    ; 0      ; 0            ; 0       ; 0         ; 0         ; 0    ; 0            ; 0 (0)                          ; 0 (0)              ; 8 (0)                         ; |main|slave:inst1|lpm_dff0:inst3                                                                 ; work         ;
;          |lpm_ff:lpm_ff_component|           ; 8 (8)               ; 5 (5)   ; 8 (8)                     ; 0 (0)         ; 0                 ; 0     ; 0    ; 0      ; 0            ; 0       ; 0         ; 0         ; 0    ; 0            ; 0 (0)                          ; 0 (0)              ; 8 (8)                         ; |main|slave:inst1|lpm_dff0:inst3|lpm_ff:lpm_ff_component                                         ; work         ;
;    |slave:inst7|                             ; 27 (9)              ; 25 (7)  ; 18 (4)                    ; 0 (0)         ; 0                 ; 0     ; 0    ; 0      ; 0            ; 0       ; 0         ; 0         ; 0    ; 0            ; 15 (5)                         ; 6 (0)              ; 12 (4)                        ; |main|slave:inst7                                                                                ; work         ;
;       |lpm_compare0:inst13|                  ; 1 (0)               ; 1 (0)   ; 0 (0)                     ; 0 (0)         ; 0                 ; 0     ; 0    ; 0      ; 0            ; 0       ; 0         ; 0         ; 0    ; 0            ; 1 (0)                          ; 0 (0)              ; 0 (0)                         ; |main|slave:inst7|lpm_compare0:inst13                                                            ; work         ;
;          |lpm_compare:lpm_compare_component| ; 1 (0)               ; 1 (0)   ; 0 (0)                     ; 0 (0)         ; 0                 ; 0     ; 0    ; 0      ; 0            ; 0       ; 0         ; 0         ; 0    ; 0            ; 1 (0)                          ; 0 (0)              ; 0 (0)                         ; |main|slave:inst7|lpm_compare0:inst13|lpm_compare:lpm_compare_component                          ; work         ;
;             |cmpr_aig:auto_generated|        ; 1 (1)               ; 1 (1)   ; 0 (0)                     ; 0 (0)         ; 0                 ; 0     ; 0    ; 0      ; 0            ; 0       ; 0         ; 0         ; 0    ; 0            ; 1 (1)                          ; 0 (0)              ; 0 (0)                         ; |main|slave:inst7|lpm_compare0:inst13|lpm_compare:lpm_compare_component|cmpr_aig:auto_generated  ; work         ;
;       |lpm_compare0:inst5|                   ; 1 (0)               ; 1 (0)   ; 0 (0)                     ; 0 (0)         ; 0                 ; 0     ; 0    ; 0      ; 0            ; 0       ; 0         ; 0         ; 0    ; 0            ; 1 (0)                          ; 0 (0)              ; 0 (0)                         ; |main|slave:inst7|lpm_compare0:inst5                                                             ; work         ;
;          |lpm_compare:lpm_compare_component| ; 1 (0)               ; 1 (0)   ; 0 (0)                     ; 0 (0)         ; 0                 ; 0     ; 0    ; 0      ; 0            ; 0       ; 0         ; 0         ; 0    ; 0            ; 1 (0)                          ; 0 (0)              ; 0 (0)                         ; |main|slave:inst7|lpm_compare0:inst5|lpm_compare:lpm_compare_component                           ; work         ;
;             |cmpr_aig:auto_generated|        ; 1 (1)               ; 1 (1)   ; 0 (0)                     ; 0 (0)         ; 0                 ; 0     ; 0    ; 0      ; 0            ; 0       ; 0         ; 0         ; 0    ; 0            ; 1 (1)                          ; 0 (0)              ; 0 (0)                         ; |main|slave:inst7|lpm_compare0:inst5|lpm_compare:lpm_compare_component|cmpr_aig:auto_generated   ; work         ;
;       |lpm_counter0:inst14|                  ; 4 (0)               ; 6 (0)   ; 3 (0)                     ; 0 (0)         ; 0                 ; 0     ; 0    ; 0      ; 0            ; 0       ; 0         ; 0         ; 0    ; 0            ; 4 (0)                          ; 3 (0)              ; 0 (0)                         ; |main|slave:inst7|lpm_counter0:inst14                                                            ; work         ;
;          |lpm_counter:lpm_counter_component| ; 4 (0)               ; 6 (0)   ; 3 (0)                     ; 0 (0)         ; 0                 ; 0     ; 0    ; 0      ; 0            ; 0       ; 0         ; 0         ; 0    ; 0            ; 4 (0)                          ; 3 (0)              ; 0 (0)                         ; |main|slave:inst7|lpm_counter0:inst14|lpm_counter:lpm_counter_component                          ; work         ;
;             |cntr_4pi:auto_generated|        ; 4 (4)               ; 6 (6)   ; 3 (3)                     ; 0 (0)         ; 0                 ; 0     ; 0    ; 0      ; 0            ; 0       ; 0         ; 0         ; 0    ; 0            ; 4 (4)                          ; 3 (3)              ; 0 (0)                         ; |main|slave:inst7|lpm_counter0:inst14|lpm_counter:lpm_counter_component|cntr_4pi:auto_generated  ; work         ;
;       |lpm_counter0:inst6|                   ; 4 (0)               ; 6 (0)   ; 3 (0)                     ; 0 (0)         ; 0                 ; 0     ; 0    ; 0      ; 0            ; 0       ; 0         ; 0         ; 0    ; 0            ; 4 (0)                          ; 3 (0)              ; 0 (0)                         ; |main|slave:inst7|lpm_counter0:inst6                                                             ; work         ;
;          |lpm_counter:lpm_counter_component| ; 4 (0)               ; 6 (0)   ; 3 (0)                     ; 0 (0)         ; 0                 ; 0     ; 0    ; 0      ; 0            ; 0       ; 0         ; 0         ; 0    ; 0            ; 4 (0)                          ; 3 (0)              ; 0 (0)                         ; |main|slave:inst7|lpm_counter0:inst6|lpm_counter:lpm_counter_component                           ; work         ;
;             |cntr_4pi:auto_generated|        ; 4 (4)               ; 6 (6)   ; 3 (3)                     ; 0 (0)         ; 0                 ; 0     ; 0    ; 0      ; 0            ; 0       ; 0         ; 0         ; 0    ; 0            ; 4 (4)                          ; 3 (3)              ; 0 (0)                         ; |main|slave:inst7|lpm_counter0:inst6|lpm_counter:lpm_counter_component|cntr_4pi:auto_generated   ; work         ;
;       |lpm_dff0:inst3|                       ; 8 (0)               ; 5 (0)   ; 8 (0)                     ; 0 (0)         ; 0                 ; 0     ; 0    ; 0      ; 0            ; 0       ; 0         ; 0         ; 0    ; 0            ; 0 (0)                          ; 0 (0)              ; 8 (0)                         ; |main|slave:inst7|lpm_dff0:inst3                                                                 ; work         ;
;          |lpm_ff:lpm_ff_component|           ; 8 (8)               ; 5 (5)   ; 8 (8)                     ; 0 (0)         ; 0                 ; 0     ; 0    ; 0      ; 0            ; 0       ; 0         ; 0         ; 0    ; 0            ; 0 (0)                          ; 0 (0)              ; 8 (8)                         ; |main|slave:inst7|lpm_dff0:inst3|lpm_ff:lpm_ff_component                                         ; work         ;
+----------------------------------------------+---------------------+---------+---------------------------+---------------+-------------------+-------+------+--------+--------------+---------+-----------+-----------+------+--------------+--------------------------------+--------------------+-------------------------------+--------------------------------------------------------------------------------------------------+--------------+
Note: For table entries with two numbers listed, the numbers in parentheses indicate the number of resources of the given type used by the specific entity alone. The numbers listed outside of parentheses indicate the total resources of the given type used by the specific entity and all of its sub-entities in the hierarchy.


+---------------------------------------------------------------------------------------------------------------------------------------+
; Delay Chain Summary                                                                                                                   ;
+----------------+----------+---------------+---------------+-----------------------+-----+-----------+---------+----------+------------+
; Name           ; Pin Type ; Pad to Core 0 ; Pad to Core 1 ; Pad to Input Register ; TCO ; TCOE      ; DQS bus ; NDQS bus ; DQS output ;
+----------------+----------+---------------+---------------+-----------------------+-----+-----------+---------+----------+------------+
; MSYN           ; Output   ; --            ; --            ; --                    ; --  ; (0) 52 ps ; --      ; --       ; --         ;
; SSYN           ; Output   ; --            ; --            ; --                    ; --  ; (0) 52 ps ; --      ; --       ; --         ;
; address[2]     ; Output   ; --            ; --            ; --                    ; --  ; (0) 52 ps ; --      ; --       ; --         ;
; address[1]     ; Output   ; --            ; --            ; --                    ; --  ; (0) 52 ps ; --      ; --       ; --         ;
; address[0]     ; Output   ; --            ; --            ; --                    ; --  ; (0) 52 ps ; --      ; --       ; --         ;
; data[7]        ; Output   ; --            ; --            ; --                    ; --  ; (0) 52 ps ; --      ; --       ; --         ;
; data[6]        ; Output   ; --            ; --            ; --                    ; --  ; (0) 52 ps ; --      ; --       ; --         ;
; data[5]        ; Output   ; --            ; --            ; --                    ; --  ; (0) 52 ps ; --      ; --       ; --         ;
; data[4]        ; Output   ; --            ; --            ; --                    ; --  ; (0) 52 ps ; --      ; --       ; --         ;
; data[3]        ; Output   ; --            ; --            ; --                    ; --  ; (0) 52 ps ; --      ; --       ; --         ;
; data[2]        ; Output   ; --            ; --            ; --                    ; --  ; (0) 52 ps ; --      ; --       ; --         ;
; data[1]        ; Output   ; --            ; --            ; --                    ; --  ; (0) 52 ps ; --      ; --       ; --         ;
; data[0]        ; Output   ; --            ; --            ; --                    ; --  ; (0) 52 ps ; --      ; --       ; --         ;
; GNT1           ; Output   ; --            ; --            ; --                    ; --  ; (0) 52 ps ; --      ; --       ; --         ;
; BBUSY          ; Output   ; --            ; --            ; --                    ; --  ; (0) 52 ps ; --      ; --       ; --         ;
; GNT2           ; Output   ; --            ; --            ; --                    ; --  ; (0) 52 ps ; --      ; --       ; --         ;
; BREQ1          ; Output   ; --            ; --            ; --                    ; --  ; (0) 52 ps ; --      ; --       ; --         ;
; BREQ2          ; Output   ; --            ; --            ; --                    ; --  ; (0) 52 ps ; --      ; --       ; --         ;
; slave_data1[7] ; Output   ; --            ; --            ; --                    ; --  ; (0) 52 ps ; --      ; --       ; --         ;
; slave_data1[6] ; Output   ; --            ; --            ; --                    ; --  ; (0) 52 ps ; --      ; --       ; --         ;
; slave_data1[5] ; Output   ; --            ; --            ; --                    ; --  ; (0) 52 ps ; --      ; --       ; --         ;
; slave_data1[4] ; Output   ; --            ; --            ; --                    ; --  ; (0) 52 ps ; --      ; --       ; --         ;
; slave_data1[3] ; Output   ; --            ; --            ; --                    ; --  ; (0) 52 ps ; --      ; --       ; --         ;
; slave_data1[2] ; Output   ; --            ; --            ; --                    ; --  ; (0) 52 ps ; --      ; --       ; --         ;
; slave_data1[1] ; Output   ; --            ; --            ; --                    ; --  ; (0) 52 ps ; --      ; --       ; --         ;
; slave_data1[0] ; Output   ; --            ; --            ; --                    ; --  ; (0) 52 ps ; --      ; --       ; --         ;
; slave_data2[7] ; Output   ; --            ; --            ; --                    ; --  ; (0) 52 ps ; --      ; --       ; --         ;
; slave_data2[6] ; Output   ; --            ; --            ; --                    ; --  ; (0) 52 ps ; --      ; --       ; --         ;
; slave_data2[5] ; Output   ; --            ; --            ; --                    ; --  ; (0) 52 ps ; --      ; --       ; --         ;
; slave_data2[4] ; Output   ; --            ; --            ; --                    ; --  ; (0) 52 ps ; --      ; --       ; --         ;
; slave_data2[3] ; Output   ; --            ; --            ; --                    ; --  ; (0) 52 ps ; --      ; --       ; --         ;
; slave_data2[2] ; Output   ; --            ; --            ; --                    ; --  ; (0) 52 ps ; --      ; --       ; --         ;
; slave_data2[1] ; Output   ; --            ; --            ; --                    ; --  ; (0) 52 ps ; --      ; --       ; --         ;
; slave_data2[0] ; Output   ; --            ; --            ; --                    ; --  ; (0) 52 ps ; --      ; --       ; --         ;
; slave_data3[7] ; Output   ; --            ; --            ; --                    ; --  ; (0) 52 ps ; --      ; --       ; --         ;
; slave_data3[6] ; Output   ; --            ; --            ; --                    ; --  ; (0) 52 ps ; --      ; --       ; --         ;
; slave_data3[5] ; Output   ; --            ; --            ; --                    ; --  ; (0) 52 ps ; --      ; --       ; --         ;
; slave_data3[4] ; Output   ; --            ; --            ; --                    ; --  ; (0) 52 ps ; --      ; --       ; --         ;
; slave_data3[3] ; Output   ; --            ; --            ; --                    ; --  ; (0) 52 ps ; --      ; --       ; --         ;
; slave_data3[2] ; Output   ; --            ; --            ; --                    ; --  ; (0) 52 ps ; --      ; --       ; --         ;
; slave_data3[1] ; Output   ; --            ; --            ; --                    ; --  ; (0) 52 ps ; --      ; --       ; --         ;
; slave_data3[0] ; Output   ; --            ; --            ; --                    ; --  ; (0) 52 ps ; --      ; --       ; --         ;
; slave_data4[7] ; Output   ; --            ; --            ; --                    ; --  ; (0) 52 ps ; --      ; --       ; --         ;
; slave_data4[6] ; Output   ; --            ; --            ; --                    ; --  ; (0) 52 ps ; --      ; --       ; --         ;
; slave_data4[5] ; Output   ; --            ; --            ; --                    ; --  ; (0) 52 ps ; --      ; --       ; --         ;
; slave_data4[4] ; Output   ; --            ; --            ; --                    ; --  ; (0) 52 ps ; --      ; --       ; --         ;
; slave_data4[3] ; Output   ; --            ; --            ; --                    ; --  ; (0) 52 ps ; --      ; --       ; --         ;
; slave_data4[2] ; Output   ; --            ; --            ; --                    ; --  ; (0) 52 ps ; --      ; --       ; --         ;
; slave_data4[1] ; Output   ; --            ; --            ; --                    ; --  ; (0) 52 ps ; --      ; --       ; --         ;
; slave_data4[0] ; Output   ; --            ; --            ; --                    ; --  ; (0) 52 ps ; --      ; --       ; --         ;
; slave_data5[7] ; Output   ; --            ; --            ; --                    ; --  ; (0) 52 ps ; --      ; --       ; --         ;
; slave_data5[6] ; Output   ; --            ; --            ; --                    ; --  ; (0) 52 ps ; --      ; --       ; --         ;
; slave_data5[5] ; Output   ; --            ; --            ; --                    ; --  ; (0) 52 ps ; --      ; --       ; --         ;
; slave_data5[4] ; Output   ; --            ; --            ; --                    ; --  ; (0) 52 ps ; --      ; --       ; --         ;
; slave_data5[3] ; Output   ; --            ; --            ; --                    ; --  ; (0) 52 ps ; --      ; --       ; --         ;
; slave_data5[2] ; Output   ; --            ; --            ; --                    ; --  ; (0) 52 ps ; --      ; --       ; --         ;
; slave_data5[1] ; Output   ; --            ; --            ; --                    ; --  ; (0) 52 ps ; --      ; --       ; --         ;
; slave_data5[0] ; Output   ; --            ; --            ; --                    ; --  ; (0) 52 ps ; --      ; --       ; --         ;
; clk            ; Input    ; (0) 115 ps    ; (0) 115 ps    ; --                    ; --  ; --        ; --      ; --       ; --         ;
; REQ[2]         ; Input    ; (0) 206 ps    ; (0) 206 ps    ; --                    ; --  ; --        ; --      ; --       ; --         ;
; REQ[1]         ; Input    ; (0) 206 ps    ; (0) 206 ps    ; --                    ; --  ; --        ; --      ; --       ; --         ;
; REQ[0]         ; Input    ; (0) 206 ps    ; (0) 206 ps    ; --                    ; --  ; --        ; --      ; --       ; --         ;
+----------------+----------+---------------+---------------+-----------------------+-----+-----------+---------+----------+------------+


+------------------------------------------------------------------------------------------------------------------------------------------------------+
; Pad To Core Delay Chain Fanout                                                                                                                       ;
+------------------------------------------------------------------------------------------------------------------------+-------------------+---------+
; Source Pin / Fanout                                                                                                    ; Pad To Core Index ; Setting ;
+------------------------------------------------------------------------------------------------------------------------+-------------------+---------+
; clk                                                                                                                    ;                   ;         ;
;      - slave:inst7|lpm_counter0:inst14|lpm_counter:lpm_counter_component|cntr_4pi:auto_generated|counter_reg_bit1a[2]  ; 1                 ; 0       ;
;      - slave:inst7|lpm_counter0:inst14|lpm_counter:lpm_counter_component|cntr_4pi:auto_generated|counter_reg_bit1a[1]  ; 1                 ; 0       ;
;      - slave:inst7|lpm_counter0:inst14|lpm_counter:lpm_counter_component|cntr_4pi:auto_generated|counter_reg_bit1a[0]  ; 1                 ; 0       ;
;      - slave:inst7|lpm_counter0:inst6|lpm_counter:lpm_counter_component|cntr_4pi:auto_generated|counter_reg_bit1a[2]   ; 1                 ; 0       ;
;      - slave:inst7|lpm_counter0:inst6|lpm_counter:lpm_counter_component|cntr_4pi:auto_generated|counter_reg_bit1a[1]   ; 1                 ; 0       ;
;      - slave:inst7|lpm_counter0:inst6|lpm_counter:lpm_counter_component|cntr_4pi:auto_generated|counter_reg_bit1a[0]   ; 1                 ; 0       ;
;      - slave:inst12|lpm_counter0:inst14|lpm_counter:lpm_counter_component|cntr_4pi:auto_generated|counter_reg_bit1a[2] ; 0                 ; 0       ;
;      - slave:inst12|lpm_counter0:inst14|lpm_counter:lpm_counter_component|cntr_4pi:auto_generated|counter_reg_bit1a[1] ; 0                 ; 0       ;
;      - slave:inst12|lpm_counter0:inst14|lpm_counter:lpm_counter_component|cntr_4pi:auto_generated|counter_reg_bit1a[0] ; 0                 ; 0       ;
;      - slave:inst12|lpm_counter0:inst6|lpm_counter:lpm_counter_component|cntr_4pi:auto_generated|counter_reg_bit1a[2]  ; 0                 ; 0       ;
;      - slave:inst12|lpm_counter0:inst6|lpm_counter:lpm_counter_component|cntr_4pi:auto_generated|counter_reg_bit1a[1]  ; 0                 ; 0       ;
;      - slave:inst12|lpm_counter0:inst6|lpm_counter:lpm_counter_component|cntr_4pi:auto_generated|counter_reg_bit1a[0]  ; 0                 ; 0       ;
;      - slave:inst10|lpm_counter0:inst14|lpm_counter:lpm_counter_component|cntr_4pi:auto_generated|counter_reg_bit1a[2] ; 0                 ; 0       ;
;      - slave:inst10|lpm_counter0:inst14|lpm_counter:lpm_counter_component|cntr_4pi:auto_generated|counter_reg_bit1a[1] ; 0                 ; 0       ;
;      - slave:inst10|lpm_counter0:inst14|lpm_counter:lpm_counter_component|cntr_4pi:auto_generated|counter_reg_bit1a[0] ; 0                 ; 0       ;
;      - slave:inst10|lpm_counter0:inst6|lpm_counter:lpm_counter_component|cntr_4pi:auto_generated|counter_reg_bit1a[2]  ; 0                 ; 0       ;
;      - slave:inst10|lpm_counter0:inst6|lpm_counter:lpm_counter_component|cntr_4pi:auto_generated|counter_reg_bit1a[1]  ; 0                 ; 0       ;
;      - slave:inst10|lpm_counter0:inst6|lpm_counter:lpm_counter_component|cntr_4pi:auto_generated|counter_reg_bit1a[0]  ; 0                 ; 0       ;
;      - slave:inst11|lpm_counter0:inst14|lpm_counter:lpm_counter_component|cntr_4pi:auto_generated|counter_reg_bit1a[2] ; 1                 ; 0       ;
;      - slave:inst11|lpm_counter0:inst14|lpm_counter:lpm_counter_component|cntr_4pi:auto_generated|counter_reg_bit1a[1] ; 1                 ; 0       ;
;      - slave:inst11|lpm_counter0:inst14|lpm_counter:lpm_counter_component|cntr_4pi:auto_generated|counter_reg_bit1a[0] ; 1                 ; 0       ;
;      - slave:inst11|lpm_counter0:inst6|lpm_counter:lpm_counter_component|cntr_4pi:auto_generated|counter_reg_bit1a[2]  ; 1                 ; 0       ;
;      - slave:inst11|lpm_counter0:inst6|lpm_counter:lpm_counter_component|cntr_4pi:auto_generated|counter_reg_bit1a[1]  ; 1                 ; 0       ;
;      - slave:inst11|lpm_counter0:inst6|lpm_counter:lpm_counter_component|cntr_4pi:auto_generated|counter_reg_bit1a[0]  ; 1                 ; 0       ;
;      - master:inst9|lpm_counter0:inst14|lpm_counter:lpm_counter_component|cntr_4pi:auto_generated|counter_reg_bit1a[2] ; 1                 ; 0       ;
;      - master:inst9|lpm_counter0:inst14|lpm_counter:lpm_counter_component|cntr_4pi:auto_generated|counter_reg_bit1a[1] ; 1                 ; 0       ;
;      - master:inst9|lpm_counter0:inst14|lpm_counter:lpm_counter_component|cntr_4pi:auto_generated|counter_reg_bit1a[0] ; 1                 ; 0       ;
;      - master:inst9|lpm_counter0:inst23|lpm_counter:lpm_counter_component|cntr_4pi:auto_generated|counter_reg_bit1a[2] ; 0                 ; 0       ;
;      - master:inst9|lpm_counter0:inst23|lpm_counter:lpm_counter_component|cntr_4pi:auto_generated|counter_reg_bit1a[1] ; 1                 ; 0       ;
;      - master:inst9|lpm_counter0:inst23|lpm_counter:lpm_counter_component|cntr_4pi:auto_generated|counter_reg_bit1a[0] ; 0                 ; 0       ;
;      - master:inst9|lpm_counter0:inst6|lpm_counter:lpm_counter_component|cntr_4pi:auto_generated|counter_reg_bit1a[2]  ; 1                 ; 0       ;
;      - master:inst9|lpm_counter0:inst6|lpm_counter:lpm_counter_component|cntr_4pi:auto_generated|counter_reg_bit1a[1]  ; 1                 ; 0       ;
;      - master:inst9|lpm_counter0:inst6|lpm_counter:lpm_counter_component|cntr_4pi:auto_generated|counter_reg_bit1a[0]  ; 1                 ; 0       ;
;      - slave:inst1|lpm_counter0:inst14|lpm_counter:lpm_counter_component|cntr_4pi:auto_generated|counter_reg_bit1a[2]  ; 1                 ; 0       ;
;      - slave:inst1|lpm_counter0:inst14|lpm_counter:lpm_counter_component|cntr_4pi:auto_generated|counter_reg_bit1a[1]  ; 1                 ; 0       ;
;      - slave:inst1|lpm_counter0:inst14|lpm_counter:lpm_counter_component|cntr_4pi:auto_generated|counter_reg_bit1a[0]  ; 1                 ; 0       ;
;      - slave:inst1|lpm_counter0:inst6|lpm_counter:lpm_counter_component|cntr_4pi:auto_generated|counter_reg_bit1a[2]   ; 1                 ; 0       ;
;      - slave:inst1|lpm_counter0:inst6|lpm_counter:lpm_counter_component|cntr_4pi:auto_generated|counter_reg_bit1a[1]   ; 1                 ; 0       ;
;      - slave:inst1|lpm_counter0:inst6|lpm_counter:lpm_counter_component|cntr_4pi:auto_generated|counter_reg_bit1a[0]   ; 1                 ; 0       ;
;      - master:inst8|lpm_counter0:inst14|lpm_counter:lpm_counter_component|cntr_4pi:auto_generated|counter_reg_bit1a[2] ; 0                 ; 0       ;
;      - master:inst8|lpm_counter0:inst14|lpm_counter:lpm_counter_component|cntr_4pi:auto_generated|counter_reg_bit1a[1] ; 0                 ; 0       ;
;      - master:inst8|lpm_counter0:inst14|lpm_counter:lpm_counter_component|cntr_4pi:auto_generated|counter_reg_bit1a[0] ; 1                 ; 0       ;
;      - master:inst8|lpm_counter0:inst23|lpm_counter:lpm_counter_component|cntr_4pi:auto_generated|counter_reg_bit1a[2] ; 1                 ; 0       ;
;      - master:inst8|lpm_counter0:inst23|lpm_counter:lpm_counter_component|cntr_4pi:auto_generated|counter_reg_bit1a[1] ; 1                 ; 0       ;
;      - master:inst8|lpm_counter0:inst23|lpm_counter:lpm_counter_component|cntr_4pi:auto_generated|counter_reg_bit1a[0] ; 1                 ; 0       ;
;      - master:inst8|lpm_counter0:inst6|lpm_counter:lpm_counter_component|cntr_4pi:auto_generated|counter_reg_bit1a[2]  ; 1                 ; 0       ;
;      - master:inst8|lpm_counter0:inst6|lpm_counter:lpm_counter_component|cntr_4pi:auto_generated|counter_reg_bit1a[1]  ; 1                 ; 0       ;
;      - master:inst8|lpm_counter0:inst6|lpm_counter:lpm_counter_component|cntr_4pi:auto_generated|counter_reg_bit1a[0]  ; 1                 ; 0       ;
;      - master:inst|lpm_counter0:inst14|lpm_counter:lpm_counter_component|cntr_4pi:auto_generated|counter_reg_bit1a[2]  ; 0                 ; 0       ;
;      - master:inst|lpm_counter0:inst14|lpm_counter:lpm_counter_component|cntr_4pi:auto_generated|counter_reg_bit1a[1]  ; 0                 ; 0       ;
;      - master:inst|lpm_counter0:inst14|lpm_counter:lpm_counter_component|cntr_4pi:auto_generated|counter_reg_bit1a[0]  ; 0                 ; 0       ;
;      - master:inst|lpm_counter0:inst23|lpm_counter:lpm_counter_component|cntr_4pi:auto_generated|counter_reg_bit1a[2]  ; 1                 ; 0       ;
;      - master:inst|lpm_counter0:inst23|lpm_counter:lpm_counter_component|cntr_4pi:auto_generated|counter_reg_bit1a[1]  ; 1                 ; 0       ;
;      - master:inst|lpm_counter0:inst23|lpm_counter:lpm_counter_component|cntr_4pi:auto_generated|counter_reg_bit1a[0]  ; 1                 ; 0       ;
;      - master:inst|lpm_counter0:inst6|lpm_counter:lpm_counter_component|cntr_4pi:auto_generated|counter_reg_bit1a[2]   ; 0                 ; 0       ;
;      - master:inst|lpm_counter0:inst6|lpm_counter:lpm_counter_component|cntr_4pi:auto_generated|counter_reg_bit1a[1]   ; 0                 ; 0       ;
;      - master:inst|lpm_counter0:inst6|lpm_counter:lpm_counter_component|cntr_4pi:auto_generated|counter_reg_bit1a[0]   ; 0                 ; 0       ;
;      - arbiter:inst4|inst11                                                                                            ; 1                 ; 0       ;
;      - arbiter:inst4|inst13                                                                                            ; 1                 ; 0       ;
; REQ[2]                                                                                                                 ;                   ;         ;
;      - master:inst|inst32                                                                                              ; 0                 ; 0       ;
; REQ[1]                                                                                                                 ;                   ;         ;
;      - master:inst8|inst32                                                                                             ; 0                 ; 0       ;
; REQ[0]                                                                                                                 ;                   ;         ;
;      - master:inst9|inst32                                                                                             ; 1                 ; 0       ;
+------------------------------------------------------------------------------------------------------------------------+-------------------+---------+


+-----------------------------------------------------------------------------------------------------------------------------------------------------------------------------------------------------------------------------------------------+
; Control Signals                                                                                                                                                                                                                               ;
+-----------------------------------------------------------------------------------------------------------------+--------------------+---------+---------------+--------+----------------------+------------------+---------------------------+
; Name                                                                                                            ; Location           ; Fan-Out ; Usage         ; Global ; Global Resource Used ; Global Line Name ; Enable Signal Source Name ;
+-----------------------------------------------------------------------------------------------------------------+--------------------+---------+---------------+--------+----------------------+------------------+---------------------------+
; REQ[0]                                                                                                          ; PIN_N20            ; 3       ; Clock         ; yes    ; Global Clock         ; GCLK3            ; --                        ;
; REQ[1]                                                                                                          ; PIN_M21            ; 3       ; Clock         ; yes    ; Global Clock         ; GCLK1            ; --                        ;
; REQ[2]                                                                                                          ; PIN_M2             ; 3       ; Clock         ; yes    ; Global Clock         ; GCLK9            ; --                        ;
; arbiter:inst4|inst11                                                                                            ; LCCOMB_X14_Y21_N14 ; 1       ; Clock         ; no     ; --                   ; --               ; --                        ;
; arbiter:inst4|inst13                                                                                            ; LCCOMB_X14_Y21_N26 ; 1       ; Clock         ; no     ; --                   ; --               ; --                        ;
; clk                                                                                                             ; PIN_H12            ; 59      ; Clock         ; no     ; --                   ; --               ; --                        ;
; inst13                                                                                                          ; LCCOMB_X17_Y20_N4  ; 50      ; Output enable ; no     ; --                   ; --               ; --                        ;
; master:inst8|inst16                                                                                             ; LCCOMB_X14_Y21_N4  ; 1       ; Clock         ; no     ; --                   ; --               ; --                        ;
; master:inst8|inst25                                                                                             ; LCCOMB_X14_Y21_N30 ; 1       ; Clock         ; no     ; --                   ; --               ; --                        ;
; master:inst8|inst32                                                                                             ; LCCOMB_X14_Y21_N16 ; 1       ; Clock         ; no     ; --                   ; --               ; --                        ;
; master:inst8|inst42                                                                                             ; LCCOMB_X14_Y21_N8  ; 1       ; Clock         ; no     ; --                   ; --               ; --                        ;
; master:inst8|inst44                                                                                             ; LCFF_X17_Y20_N13   ; 20      ; Clock enable  ; no     ; --                   ; --               ; --                        ;
; master:inst8|inst45                                                                                             ; LCCOMB_X17_Y20_N14 ; 1       ; Clock         ; no     ; --                   ; --               ; --                        ;
; master:inst8|inst8                                                                                              ; LCCOMB_X17_Y20_N28 ; 1       ; Clock         ; no     ; --                   ; --               ; --                        ;
; master:inst8|lpm_compare0:inst13|lpm_compare:lpm_compare_component|cmpr_aig:auto_generated|aneb_result_wire[0]  ; LCCOMB_X14_Y21_N6  ; 5       ; Sync. clear   ; no     ; --                   ; --               ; --                        ;
; master:inst8|lpm_compare0:inst22|lpm_compare:lpm_compare_component|cmpr_aig:auto_generated|aneb_result_wire[0]  ; LCCOMB_X14_Y21_N28 ; 5       ; Sync. clear   ; no     ; --                   ; --               ; --                        ;
; master:inst8|lpm_compare0:inst5|lpm_compare:lpm_compare_component|cmpr_aig:auto_generated|aneb_result_wire[0]   ; LCCOMB_X14_Y21_N10 ; 5       ; Sync. clear   ; no     ; --                   ; --               ; --                        ;
; master:inst8|lpm_counter0:inst14|lpm_counter:lpm_counter_component|cntr_4pi:auto_generated|_~0                  ; LCCOMB_X14_Y21_N12 ; 3       ; Clock enable  ; no     ; --                   ; --               ; --                        ;
; master:inst8|lpm_counter0:inst23|lpm_counter:lpm_counter_component|cntr_4pi:auto_generated|_~0                  ; LCCOMB_X10_Y21_N20 ; 3       ; Clock enable  ; no     ; --                   ; --               ; --                        ;
; master:inst8|lpm_counter0:inst6|lpm_counter:lpm_counter_component|cntr_4pi:auto_generated|_~0                   ; LCCOMB_X14_Y21_N18 ; 3       ; Clock enable  ; no     ; --                   ; --               ; --                        ;
; master:inst8|lpm_counter1:inst39|lpm_counter:lpm_counter_component|cntr_7nh:auto_generated|counter_comb_bita2~1 ; LCCOMB_X18_Y17_N22 ; 3       ; Sync. load    ; no     ; --                   ; --               ; --                        ;
; master:inst9|inst16                                                                                             ; LCCOMB_X14_Y25_N14 ; 1       ; Clock         ; no     ; --                   ; --               ; --                        ;
; master:inst9|inst25                                                                                             ; LCCOMB_X14_Y25_N8  ; 1       ; Clock         ; no     ; --                   ; --               ; --                        ;
; master:inst9|inst32                                                                                             ; LCCOMB_X14_Y25_N16 ; 1       ; Clock         ; no     ; --                   ; --               ; --                        ;
; master:inst9|inst42                                                                                             ; LCCOMB_X14_Y25_N24 ; 1       ; Clock         ; no     ; --                   ; --               ; --                        ;
; master:inst9|inst44                                                                                             ; LCFF_X15_Y22_N29   ; 20      ; Clock enable  ; no     ; --                   ; --               ; --                        ;
; master:inst9|inst45                                                                                             ; LCCOMB_X14_Y21_N20 ; 1       ; Clock         ; no     ; --                   ; --               ; --                        ;
; master:inst9|inst8                                                                                              ; LCCOMB_X14_Y25_N30 ; 1       ; Clock         ; no     ; --                   ; --               ; --                        ;
; master:inst9|lpm_compare0:inst13|lpm_compare:lpm_compare_component|cmpr_aig:auto_generated|aneb_result_wire[0]  ; LCCOMB_X14_Y21_N24 ; 4       ; Sync. clear   ; no     ; --                   ; --               ; --                        ;
; master:inst9|lpm_compare0:inst22|lpm_compare:lpm_compare_component|cmpr_aig:auto_generated|aneb_result_wire[0]  ; LCCOMB_X14_Y25_N6  ; 5       ; Sync. clear   ; no     ; --                   ; --               ; --                        ;
; master:inst9|lpm_compare0:inst5|lpm_compare:lpm_compare_component|cmpr_aig:auto_generated|aneb_result_wire[0]   ; LCCOMB_X14_Y25_N22 ; 5       ; Sync. clear   ; no     ; --                   ; --               ; --                        ;
; master:inst9|lpm_counter0:inst14|lpm_counter:lpm_counter_component|cntr_4pi:auto_generated|_~0                  ; LCCOMB_X13_Y26_N0  ; 3       ; Clock enable  ; no     ; --                   ; --               ; --                        ;
; master:inst9|lpm_counter0:inst23|lpm_counter:lpm_counter_component|cntr_4pi:auto_generated|_~0                  ; LCCOMB_X14_Y25_N18 ; 3       ; Clock enable  ; no     ; --                   ; --               ; --                        ;
; master:inst9|lpm_counter0:inst6|lpm_counter:lpm_counter_component|cntr_4pi:auto_generated|_~0                   ; LCCOMB_X14_Y25_N28 ; 3       ; Clock enable  ; no     ; --                   ; --               ; --                        ;
; master:inst9|lpm_counter1:inst39|lpm_counter:lpm_counter_component|cntr_7nh:auto_generated|cout_actual          ; LCCOMB_X17_Y20_N30 ; 3       ; Sync. load    ; no     ; --                   ; --               ; --                        ;
; master:inst|inst16                                                                                              ; LCCOMB_X14_Y20_N14 ; 1       ; Clock         ; no     ; --                   ; --               ; --                        ;
; master:inst|inst25                                                                                              ; LCCOMB_X14_Y20_N28 ; 1       ; Clock         ; no     ; --                   ; --               ; --                        ;
; master:inst|inst32                                                                                              ; LCCOMB_X14_Y20_N24 ; 1       ; Clock         ; no     ; --                   ; --               ; --                        ;
; master:inst|inst42                                                                                              ; LCCOMB_X14_Y20_N10 ; 1       ; Clock         ; no     ; --                   ; --               ; --                        ;
; master:inst|inst44                                                                                              ; LCFF_X21_Y20_N23   ; 14      ; Clock enable  ; no     ; --                   ; --               ; --                        ;
; master:inst|inst45                                                                                              ; LCCOMB_X14_Y20_N18 ; 1       ; Clock         ; no     ; --                   ; --               ; --                        ;
; master:inst|inst8                                                                                               ; LCCOMB_X14_Y20_N8  ; 1       ; Clock         ; no     ; --                   ; --               ; --                        ;
; master:inst|lpm_compare0:inst13|lpm_compare:lpm_compare_component|cmpr_aig:auto_generated|aneb_result_wire[0]   ; LCCOMB_X14_Y20_N12 ; 4       ; Sync. clear   ; no     ; --                   ; --               ; --                        ;
; master:inst|lpm_compare0:inst22|lpm_compare:lpm_compare_component|cmpr_aig:auto_generated|aneb_result_wire[0]   ; LCCOMB_X14_Y20_N30 ; 5       ; Sync. clear   ; no     ; --                   ; --               ; --                        ;
; master:inst|lpm_compare0:inst5|lpm_compare:lpm_compare_component|cmpr_aig:auto_generated|aneb_result_wire[0]    ; LCCOMB_X14_Y20_N22 ; 5       ; Sync. clear   ; no     ; --                   ; --               ; --                        ;
; master:inst|lpm_counter0:inst14|lpm_counter:lpm_counter_component|cntr_4pi:auto_generated|_~0                   ; LCCOMB_X18_Y20_N24 ; 2       ; Clock enable  ; no     ; --                   ; --               ; --                        ;
; master:inst|lpm_counter0:inst14|lpm_counter:lpm_counter_component|cntr_4pi:auto_generated|_~0DUPLICATE          ; LCCOMB_X18_Y20_N26 ; 1       ; Clock enable  ; no     ; --                   ; --               ; --                        ;
; master:inst|lpm_counter0:inst23|lpm_counter:lpm_counter_component|cntr_4pi:auto_generated|_~0                   ; LCCOMB_X15_Y20_N30 ; 3       ; Clock enable  ; no     ; --                   ; --               ; --                        ;
; master:inst|lpm_counter0:inst6|lpm_counter:lpm_counter_component|cntr_4pi:auto_generated|_~0                    ; LCCOMB_X14_Y20_N26 ; 3       ; Clock enable  ; no     ; --                   ; --               ; --                        ;
; master:inst|lpm_counter1:inst39|lpm_counter:lpm_counter_component|cntr_7nh:auto_generated|cout_actual           ; LCCOMB_X17_Y20_N6  ; 3       ; Sync. load    ; no     ; --                   ; --               ; --                        ;
; slave:inst10|inst16                                                                                             ; LCCOMB_X18_Y19_N26 ; 1       ; Clock         ; no     ; --                   ; --               ; --                        ;
; slave:inst10|inst2                                                                                              ; LCCOMB_X18_Y19_N18 ; 1       ; Clock         ; no     ; --                   ; --               ; --                        ;
; slave:inst10|inst42                                                                                             ; LCCOMB_X18_Y19_N0  ; 1       ; Clock         ; no     ; --                   ; --               ; --                        ;
; slave:inst10|inst51                                                                                             ; LCFF_X18_Y19_N9    ; 9       ; Clock enable  ; no     ; --                   ; --               ; --                        ;
; slave:inst10|inst52                                                                                             ; LCCOMB_X18_Y19_N10 ; 8       ; Clock         ; yes    ; Global Clock         ; GCLK15           ; --                        ;
; slave:inst10|inst8                                                                                              ; LCCOMB_X18_Y19_N30 ; 1       ; Clock         ; no     ; --                   ; --               ; --                        ;
; slave:inst10|lpm_compare0:inst13|lpm_compare:lpm_compare_component|cmpr_aig:auto_generated|aneb_result_wire[0]  ; LCCOMB_X18_Y19_N20 ; 6       ; Sync. clear   ; no     ; --                   ; --               ; --                        ;
; slave:inst10|lpm_compare0:inst5|lpm_compare:lpm_compare_component|cmpr_aig:auto_generated|aneb_result_wire[0]   ; LCCOMB_X18_Y19_N6  ; 5       ; Sync. clear   ; no     ; --                   ; --               ; --                        ;
; slave:inst10|lpm_counter0:inst14|lpm_counter:lpm_counter_component|cntr_4pi:auto_generated|_~0                  ; LCCOMB_X18_Y19_N24 ; 3       ; Clock enable  ; no     ; --                   ; --               ; --                        ;
; slave:inst10|lpm_counter0:inst6|lpm_counter:lpm_counter_component|cntr_4pi:auto_generated|_~0                   ; LCCOMB_X18_Y19_N4  ; 3       ; Clock enable  ; no     ; --                   ; --               ; --                        ;
; slave:inst11|inst16                                                                                             ; LCCOMB_X18_Y24_N0  ; 1       ; Clock         ; no     ; --                   ; --               ; --                        ;
; slave:inst11|inst2                                                                                              ; LCCOMB_X18_Y24_N14 ; 1       ; Clock         ; no     ; --                   ; --               ; --                        ;
; slave:inst11|inst42                                                                                             ; LCCOMB_X18_Y24_N4  ; 1       ; Clock         ; no     ; --                   ; --               ; --                        ;
; slave:inst11|inst51                                                                                             ; LCFF_X18_Y24_N23   ; 9       ; Clock enable  ; no     ; --                   ; --               ; --                        ;
; slave:inst11|inst52                                                                                             ; LCCOMB_X18_Y24_N20 ; 8       ; Clock         ; yes    ; Global Clock         ; GCLK12           ; --                        ;
; slave:inst11|inst8                                                                                              ; LCCOMB_X18_Y24_N10 ; 1       ; Clock         ; no     ; --                   ; --               ; --                        ;
; slave:inst11|lpm_compare0:inst13|lpm_compare:lpm_compare_component|cmpr_aig:auto_generated|aneb_result_wire[0]  ; LCCOMB_X18_Y24_N24 ; 6       ; Sync. clear   ; no     ; --                   ; --               ; --                        ;
; slave:inst11|lpm_compare0:inst5|lpm_compare:lpm_compare_component|cmpr_aig:auto_generated|aneb_result_wire[0]   ; LCCOMB_X18_Y24_N28 ; 5       ; Sync. clear   ; no     ; --                   ; --               ; --                        ;
; slave:inst11|lpm_counter0:inst14|lpm_counter:lpm_counter_component|cntr_4pi:auto_generated|_~0                  ; LCCOMB_X18_Y24_N2  ; 3       ; Clock enable  ; no     ; --                   ; --               ; --                        ;
; slave:inst11|lpm_counter0:inst6|lpm_counter:lpm_counter_component|cntr_4pi:auto_generated|_~0                   ; LCCOMB_X18_Y24_N30 ; 3       ; Clock enable  ; no     ; --                   ; --               ; --                        ;
; slave:inst12|inst16                                                                                             ; LCCOMB_X18_Y21_N8  ; 1       ; Clock         ; no     ; --                   ; --               ; --                        ;
; slave:inst12|inst2                                                                                              ; LCCOMB_X18_Y21_N12 ; 1       ; Clock         ; no     ; --                   ; --               ; --                        ;
; slave:inst12|inst42                                                                                             ; LCCOMB_X18_Y21_N6  ; 1       ; Clock         ; no     ; --                   ; --               ; --                        ;
; slave:inst12|inst51                                                                                             ; LCFF_X18_Y21_N3    ; 10      ; Clock enable  ; no     ; --                   ; --               ; --                        ;
; slave:inst12|inst52                                                                                             ; LCCOMB_X18_Y21_N0  ; 8       ; Clock         ; yes    ; Global Clock         ; GCLK14           ; --                        ;
; slave:inst12|inst8                                                                                              ; LCCOMB_X18_Y21_N4  ; 1       ; Clock         ; no     ; --                   ; --               ; --                        ;
; slave:inst12|lpm_compare0:inst13|lpm_compare:lpm_compare_component|cmpr_aig:auto_generated|aneb_result_wire[0]  ; LCCOMB_X18_Y21_N30 ; 6       ; Sync. clear   ; no     ; --                   ; --               ; --                        ;
; slave:inst12|lpm_compare0:inst5|lpm_compare:lpm_compare_component|cmpr_aig:auto_generated|aneb_result_wire[0]   ; LCCOMB_X18_Y21_N22 ; 5       ; Sync. clear   ; no     ; --                   ; --               ; --                        ;
; slave:inst12|lpm_counter0:inst14|lpm_counter:lpm_counter_component|cntr_4pi:auto_generated|_~0                  ; LCCOMB_X18_Y21_N10 ; 3       ; Clock enable  ; no     ; --                   ; --               ; --                        ;
; slave:inst12|lpm_counter0:inst6|lpm_counter:lpm_counter_component|cntr_4pi:auto_generated|_~0                   ; LCCOMB_X18_Y21_N20 ; 3       ; Clock enable  ; no     ; --                   ; --               ; --                        ;
; slave:inst1|inst16                                                                                              ; LCCOMB_X18_Y18_N2  ; 1       ; Clock         ; no     ; --                   ; --               ; --                        ;
; slave:inst1|inst2                                                                                               ; LCCOMB_X18_Y18_N6  ; 1       ; Clock         ; no     ; --                   ; --               ; --                        ;
; slave:inst1|inst42                                                                                              ; LCCOMB_X18_Y18_N20 ; 1       ; Clock         ; no     ; --                   ; --               ; --                        ;
; slave:inst1|inst51                                                                                              ; LCFF_X18_Y18_N25   ; 9       ; Clock enable  ; no     ; --                   ; --               ; --                        ;
; slave:inst1|inst52                                                                                              ; LCCOMB_X18_Y18_N26 ; 8       ; Clock         ; yes    ; Global Clock         ; GCLK0            ; --                        ;
; slave:inst1|inst8                                                                                               ; LCCOMB_X18_Y18_N30 ; 1       ; Clock         ; no     ; --                   ; --               ; --                        ;
; slave:inst1|lpm_bustri2:inst43|lpm_bustri:lpm_bustri_component|dout[0]~4                                        ; LCCOMB_X18_Y21_N14 ; 2       ; Output enable ; no     ; --                   ; --               ; --                        ;
; slave:inst1|lpm_compare0:inst13|lpm_compare:lpm_compare_component|cmpr_aig:auto_generated|aneb_result_wire[0]   ; LCCOMB_X18_Y18_N12 ; 6       ; Sync. clear   ; no     ; --                   ; --               ; --                        ;
; slave:inst1|lpm_compare0:inst5|lpm_compare:lpm_compare_component|cmpr_aig:auto_generated|aneb_result_wire[0]    ; LCCOMB_X18_Y18_N18 ; 5       ; Sync. clear   ; no     ; --                   ; --               ; --                        ;
; slave:inst1|lpm_counter0:inst14|lpm_counter:lpm_counter_component|cntr_4pi:auto_generated|_~0                   ; LCCOMB_X18_Y18_N0  ; 3       ; Clock enable  ; no     ; --                   ; --               ; --                        ;
; slave:inst1|lpm_counter0:inst6|lpm_counter:lpm_counter_component|cntr_4pi:auto_generated|_~0                    ; LCCOMB_X18_Y18_N16 ; 3       ; Clock enable  ; no     ; --                   ; --               ; --                        ;
; slave:inst7|inst16                                                                                              ; LCCOMB_X18_Y23_N14 ; 1       ; Clock         ; no     ; --                   ; --               ; --                        ;
; slave:inst7|inst2                                                                                               ; LCCOMB_X18_Y23_N30 ; 1       ; Clock         ; no     ; --                   ; --               ; --                        ;
; slave:inst7|inst42                                                                                              ; LCCOMB_X18_Y23_N16 ; 1       ; Clock         ; no     ; --                   ; --               ; --                        ;
; slave:inst7|inst51                                                                                              ; LCFF_X18_Y23_N11   ; 9       ; Clock enable  ; no     ; --                   ; --               ; --                        ;
; slave:inst7|inst52                                                                                              ; LCCOMB_X18_Y23_N8  ; 8       ; Clock         ; yes    ; Global Clock         ; GCLK13           ; --                        ;
; slave:inst7|inst8                                                                                               ; LCCOMB_X18_Y23_N26 ; 1       ; Clock         ; no     ; --                   ; --               ; --                        ;
; slave:inst7|lpm_compare0:inst13|lpm_compare:lpm_compare_component|cmpr_aig:auto_generated|aneb_result_wire[0]   ; LCCOMB_X18_Y23_N4  ; 6       ; Sync. clear   ; no     ; --                   ; --               ; --                        ;
; slave:inst7|lpm_compare0:inst5|lpm_compare:lpm_compare_component|cmpr_aig:auto_generated|aneb_result_wire[0]    ; LCCOMB_X18_Y23_N22 ; 5       ; Sync. clear   ; no     ; --                   ; --               ; --                        ;
; slave:inst7|lpm_counter0:inst14|lpm_counter:lpm_counter_component|cntr_4pi:auto_generated|_~0                   ; LCCOMB_X18_Y23_N12 ; 3       ; Clock enable  ; no     ; --                   ; --               ; --                        ;
; slave:inst7|lpm_counter0:inst6|lpm_counter:lpm_counter_component|cntr_4pi:auto_generated|_~0                    ; LCCOMB_X18_Y23_N20 ; 3       ; Clock enable  ; no     ; --                   ; --               ; --                        ;
+-----------------------------------------------------------------------------------------------------------------+--------------------+---------+---------------+--------+----------------------+------------------+---------------------------+


+--------------------------------------------------------------------------------------------------------------------------+
; Global & Other Fast Signals                                                                                              ;
+---------------------+--------------------+---------+----------------------+------------------+---------------------------+
; Name                ; Location           ; Fan-Out ; Global Resource Used ; Global Line Name ; Enable Signal Source Name ;
+---------------------+--------------------+---------+----------------------+------------------+---------------------------+
; REQ[0]              ; PIN_N20            ; 3       ; Global Clock         ; GCLK3            ; --                        ;
; REQ[1]              ; PIN_M21            ; 3       ; Global Clock         ; GCLK1            ; --                        ;
; REQ[2]              ; PIN_M2             ; 3       ; Global Clock         ; GCLK9            ; --                        ;
; slave:inst10|inst52 ; LCCOMB_X18_Y19_N10 ; 8       ; Global Clock         ; GCLK15           ; --                        ;
; slave:inst11|inst52 ; LCCOMB_X18_Y24_N20 ; 8       ; Global Clock         ; GCLK12           ; --                        ;
; slave:inst12|inst52 ; LCCOMB_X18_Y21_N0  ; 8       ; Global Clock         ; GCLK14           ; --                        ;
; slave:inst1|inst52  ; LCCOMB_X18_Y18_N26 ; 8       ; Global Clock         ; GCLK0            ; --                        ;
; slave:inst7|inst52  ; LCCOMB_X18_Y23_N8  ; 8       ; Global Clock         ; GCLK13           ; --                        ;
+---------------------+--------------------+---------+----------------------+------------------+---------------------------+


+--------------------------------------------------------------------------------------------------------------------------+
; Non-Global High Fan-Out Signals                                                                                          ;
+----------------------------------------------------------------------------------------------------------------+---------+
; Name                                                                                                           ; Fan-Out ;
+----------------------------------------------------------------------------------------------------------------+---------+
; clk                                                                                                            ; 59      ;
; inst13                                                                                                         ; 50      ;
; master:inst8|inst44                                                                                            ; 20      ;
; master:inst9|inst44                                                                                            ; 20      ;
; master:inst|inst44                                                                                             ; 14      ;
; master:inst|lpm_bustri2:inst43|lpm_bustri:lpm_bustri_component|dout[0]~1                                       ; 11      ;
; slave:inst12|inst51                                                                                            ; 10      ;
; slave:inst1|inst51                                                                                             ; 9       ;
; slave:inst7|inst51                                                                                             ; 9       ;
; slave:inst10|inst51                                                                                            ; 9       ;
; slave:inst11|inst51                                                                                            ; 9       ;
; ~GND                                                                                                           ; 8       ;
; slave:inst1|lpm_bustri2:inst43|lpm_bustri:lpm_bustri_component|dout[0]~5                                       ; 6       ;
; slave:inst1|lpm_compare0:inst13|lpm_compare:lpm_compare_component|cmpr_aig:auto_generated|aneb_result_wire[0]  ; 6       ;
; slave:inst7|lpm_compare0:inst13|lpm_compare:lpm_compare_component|cmpr_aig:auto_generated|aneb_result_wire[0]  ; 6       ;
; slave:inst10|lpm_compare0:inst13|lpm_compare:lpm_compare_component|cmpr_aig:auto_generated|aneb_result_wire[0] ; 6       ;
; slave:inst11|lpm_compare0:inst13|lpm_compare:lpm_compare_component|cmpr_aig:auto_generated|aneb_result_wire[0] ; 6       ;
; slave:inst12|lpm_compare0:inst13|lpm_compare:lpm_compare_component|cmpr_aig:auto_generated|aneb_result_wire[0] ; 6       ;
; master:inst9|lpm_bustri1:inst40|lpm_bustri:lpm_bustri_component|dout[0]~5                                      ; 6       ;
; master:inst9|lpm_bustri1:inst40|lpm_bustri:lpm_bustri_component|dout[2]~3                                      ; 6       ;
; slave:inst1|lpm_compare0:inst5|lpm_compare:lpm_compare_component|cmpr_aig:auto_generated|aneb_result_wire[0]   ; 5       ;
; slave:inst7|lpm_compare0:inst5|lpm_compare:lpm_compare_component|cmpr_aig:auto_generated|aneb_result_wire[0]   ; 5       ;
; slave:inst10|lpm_compare0:inst5|lpm_compare:lpm_compare_component|cmpr_aig:auto_generated|aneb_result_wire[0]  ; 5       ;
; slave:inst11|lpm_compare0:inst5|lpm_compare:lpm_compare_component|cmpr_aig:auto_generated|aneb_result_wire[0]  ; 5       ;
; slave:inst12|lpm_compare0:inst5|lpm_compare:lpm_compare_component|cmpr_aig:auto_generated|aneb_result_wire[0]  ; 5       ;
; master:inst8|lpm_compare0:inst5|lpm_compare:lpm_compare_component|cmpr_aig:auto_generated|aneb_result_wire[0]  ; 5       ;
; master:inst8|lpm_compare0:inst22|lpm_compare:lpm_compare_component|cmpr_aig:auto_generated|aneb_result_wire[0] ; 5       ;
; master:inst9|lpm_compare0:inst5|lpm_compare:lpm_compare_component|cmpr_aig:auto_generated|aneb_result_wire[0]  ; 5       ;
; master:inst9|lpm_compare0:inst22|lpm_compare:lpm_compare_component|cmpr_aig:auto_generated|aneb_result_wire[0] ; 5       ;
; master:inst|lpm_compare0:inst5|lpm_compare:lpm_compare_component|cmpr_aig:auto_generated|aneb_result_wire[0]   ; 5       ;
; master:inst|lpm_compare0:inst22|lpm_compare:lpm_compare_component|cmpr_aig:auto_generated|aneb_result_wire[0]  ; 5       ;
; master:inst8|lpm_compare0:inst13|lpm_compare:lpm_compare_component|cmpr_aig:auto_generated|aneb_result_wire[0] ; 5       ;
; master:inst9|inst30                                                                                            ; 5       ;
; master:inst|inst30                                                                                             ; 5       ;
; arbiter:inst4|inst10                                                                                           ; 5       ;
; master:inst|lpm_counter0:inst14|lpm_counter:lpm_counter_component|cntr_4pi:auto_generated|safe_q[1]            ; 5       ;
; master:inst|lpm_counter0:inst14|lpm_counter:lpm_counter_component|cntr_4pi:auto_generated|safe_q[2]            ; 5       ;
; master:inst|lpm_counter0:inst14|lpm_counter:lpm_counter_component|cntr_4pi:auto_generated|safe_q[0]            ; 5       ;
; master:inst|inst20                                                                                             ; 4       ;
; master:inst|lpm_compare0:inst13|lpm_compare:lpm_compare_component|cmpr_aig:auto_generated|aneb_result_wire[0]  ; 4       ;
; master:inst9|lpm_compare0:inst13|lpm_compare:lpm_compare_component|cmpr_aig:auto_generated|aneb_result_wire[0] ; 4       ;
; slave:inst12|inst41                                                                                            ; 4       ;
; master:inst8|inst30                                                                                            ; 4       ;
; arbiter:inst4|inst14                                                                                           ; 4       ;
; master:inst9|lpm_counter0:inst14|lpm_counter:lpm_counter_component|cntr_4pi:auto_generated|safe_q[1]           ; 4       ;
; master:inst9|lpm_counter0:inst14|lpm_counter:lpm_counter_component|cntr_4pi:auto_generated|safe_q[2]           ; 4       ;
; master:inst9|lpm_counter0:inst14|lpm_counter:lpm_counter_component|cntr_4pi:auto_generated|safe_q[0]           ; 4       ;
; master:inst9|lpm_counter1:inst39|lpm_counter:lpm_counter_component|cntr_7nh:auto_generated|safe_q[1]           ; 4       ;
; master:inst|lpm_counter1:inst39|lpm_counter:lpm_counter_component|cntr_7nh:auto_generated|safe_q[1]            ; 4       ;
; master:inst9|lpm_bustri1:inst40|lpm_bustri:lpm_bustri_component|dout[1]~4DUPLICATE                             ; 3       ;
+----------------------------------------------------------------------------------------------------------------+---------+


+--------------------------------------------------------------------+
; Interconnect Usage Summary                                         ;
+-------------------------------------------+------------------------+
; Interconnect Resource Type                ; Usage                  ;
+-------------------------------------------+------------------------+
; Block interconnects                       ; 448 / 51,960 ( < 1 % ) ;
; C16 interconnects                         ; 7 / 1,680 ( < 1 % )    ;
; C4 interconnects                          ; 344 / 38,400 ( < 1 % ) ;
; DPA clocks                                ; 0 / 4 ( 0 % )          ;
; DQS bus muxes                             ; 0 / 18 ( 0 % )         ;
; DQS-18 I/O buses                          ; 0 / 4 ( 0 % )          ;
; DQS-4 I/O buses                           ; 0 / 18 ( 0 % )         ;
; DQS-9 I/O buses                           ; 0 / 8 ( 0 % )          ;
; Differential I/O clocks                   ; 0 / 32 ( 0 % )         ;
; Direct links                              ; 95 / 51,960 ( < 1 % )  ;
; Global clocks                             ; 8 / 16 ( 50 % )        ;
; Local interconnects                       ; 162 / 12,480 ( 1 % )   ;
; NDQS bus muxes                            ; 0 / 18 ( 0 % )         ;
; NDQS-18 I/O buses                         ; 0 / 4 ( 0 % )          ;
; NDQS-4 I/O buses                          ; 0 / 18 ( 0 % )         ;
; NDQS-9 I/O buses                          ; 0 / 8 ( 0 % )          ;
; PLL transmitter or receiver load enables  ; 0 / 8 ( 0 % )          ;
; PLL transmitter or receiver synch. clocks ; 0 / 8 ( 0 % )          ;
; R24 interconnects                         ; 10 / 1,664 ( < 1 % )   ;
; R24/C16 interconnect drivers              ; 10 / 4,160 ( < 1 % )   ;
; R4 interconnects                          ; 433 / 59,488 ( < 1 % ) ;
; Regional clocks                           ; 0 / 32 ( 0 % )         ;
+-------------------------------------------+------------------------+


+-----------------------------------------------------------------+
; LAB Logic Elements                                              ;
+----------------------------------+------------------------------+
; Number of ALMs  (Average = 3.51) ; Number of LABs  (Total = 63) ;
+----------------------------------+------------------------------+
; 1                                ; 18                           ;
; 2                                ; 9                            ;
; 3                                ; 8                            ;
; 4                                ; 6                            ;
; 5                                ; 13                           ;
; 6                                ; 0                            ;
; 7                                ; 0                            ;
; 8                                ; 9                            ;
+----------------------------------+------------------------------+


+-------------------------------------------------------------------+
; LAB-wide Signals                                                  ;
+------------------------------------+------------------------------+
; LAB-wide Signals  (Average = 1.73) ; Number of LABs  (Total = 63) ;
+------------------------------------+------------------------------+
; 1 Clock                            ; 46                           ;
; 1 Clock enable                     ; 29                           ;
; 1 Sync. clear                      ; 22                           ;
; 1 Sync. load                       ; 1                            ;
; 2 Clocks                           ; 11                           ;
+------------------------------------+------------------------------+


+----------------------------------------------------------------------------+
; LAB Signals Sourced                                                        ;
+---------------------------------------------+------------------------------+
; Number of Signals Sourced  (Average = 5.16) ; Number of LABs  (Total = 63) ;
+---------------------------------------------+------------------------------+
; 0                                           ; 0                            ;
; 1                                           ; 0                            ;
; 2                                           ; 23                           ;
; 3                                           ; 14                           ;
; 4                                           ; 11                           ;
; 5                                           ; 0                            ;
; 6                                           ; 1                            ;
; 7                                           ; 0                            ;
; 8                                           ; 0                            ;
; 9                                           ; 0                            ;
; 10                                          ; 0                            ;
; 11                                          ; 0                            ;
; 12                                          ; 6                            ;
; 13                                          ; 4                            ;
; 14                                          ; 2                            ;
; 15                                          ; 0                            ;
; 16                                          ; 0                            ;
; 17                                          ; 1                            ;
; 18                                          ; 1                            ;
+---------------------------------------------+------------------------------+


+--------------------------------------------------------------------------------+
; LAB Signals Sourced Out                                                        ;
+-------------------------------------------------+------------------------------+
; Number of Signals Sourced Out  (Average = 3.44) ; Number of LABs  (Total = 63) ;
+-------------------------------------------------+------------------------------+
; 0                                               ; 0                            ;
; 1                                               ; 17                           ;
; 2                                               ; 14                           ;
; 3                                               ; 16                           ;
; 4                                               ; 2                            ;
; 5                                               ; 0                            ;
; 6                                               ; 5                            ;
; 7                                               ; 0                            ;
; 8                                               ; 5                            ;
; 9                                               ; 1                            ;
; 10                                              ; 0                            ;
; 11                                              ; 1                            ;
; 12                                              ; 1                            ;
; 13                                              ; 0                            ;
; 14                                              ; 1                            ;
+-------------------------------------------------+------------------------------+


+----------------------------------------------------------------------------+
; LAB Distinct Inputs                                                        ;
+---------------------------------------------+------------------------------+
; Number of Distinct Inputs  (Average = 4.78) ; Number of LABs  (Total = 63) ;
+---------------------------------------------+------------------------------+
; 0                                           ; 0                            ;
; 1                                           ; 5                            ;
; 2                                           ; 21                           ;
; 3                                           ; 19                           ;
; 4                                           ; 5                            ;
; 5                                           ; 0                            ;
; 6                                           ; 1                            ;
; 7                                           ; 2                            ;
; 8                                           ; 0                            ;
; 9                                           ; 0                            ;
; 10                                          ; 0                            ;
; 11                                          ; 0                            ;
; 12                                          ; 1                            ;
; 13                                          ; 4                            ;
; 14                                          ; 1                            ;
; 15                                          ; 0                            ;
; 16                                          ; 1                            ;
; 17                                          ; 1                            ;
; 18                                          ; 0                            ;
; 19                                          ; 0                            ;
; 20                                          ; 0                            ;
; 21                                          ; 1                            ;
; 22                                          ; 0                            ;
; 23                                          ; 0                            ;
; 24                                          ; 0                            ;
; 25                                          ; 1                            ;
+---------------------------------------------+------------------------------+


+------------------------------------------+
; I/O Rules Summary                        ;
+----------------------------------+-------+
; I/O Rules Statistic              ; Total ;
+----------------------------------+-------+
; Total I/O Rules                  ; 31    ;
; Number of I/O Rules Passed       ; 5     ;
; Number of I/O Rules Failed       ; 0     ;
; Number of I/O Rules Unchecked    ; 0     ;
; Number of I/O Rules Inapplicable ; 26    ;
+----------------------------------+-------+


+--------------------------------------------------------------------------------------------------------------------------------------------------------------------------------------------------------------------------------------------------------------------------------------------+
; I/O Rules Details                                                                                                                                                                                                                                                                          ;
+--------------+-----------+-----------------------------------------+------------------------------------------------------------------------------------------------------+----------+--------------------------------------------------------------------------+------+-------------------+
; Status       ; ID        ; Category                                ; Rule Description                                                                                     ; Severity ; Information                                                              ; Area ; Extra Information ;
+--------------+-----------+-----------------------------------------+------------------------------------------------------------------------------------------------------+----------+--------------------------------------------------------------------------+------+-------------------+
; Inapplicable ; IO_000001 ; Capacity Checks                         ; Number of pins in an I/O bank should not exceed the number of locations available.                   ; Critical ; No Location assignments found.                                           ; I/O  ;                   ;
; Inapplicable ; IO_000002 ; Capacity Checks                         ; Number of clocks in an I/O bank should not exceed the number of clocks available.                    ; Critical ; No Global Signal assignments found.                                      ; I/O  ;                   ;
; Inapplicable ; IO_000003 ; Capacity Checks                         ; Number of pins in a Vrefgroup should not exceed the number of locations available.                   ; Critical ; No Location assignments found.                                           ; I/O  ;                   ;
; Inapplicable ; IO_000004 ; Voltage Compatibility Checks            ; The I/O bank should support the requested VCCIO.                                                     ; Critical ; No IOBANK_VCCIO assignments found.                                       ; I/O  ;                   ;
; Inapplicable ; IO_000005 ; Voltage Compatibility Checks            ; The I/O bank should not have competing VREF values.                                                  ; Critical ; No VREF I/O Standard assignments found.                                  ; I/O  ;                   ;
; Pass         ; IO_000006 ; Voltage Compatibility Checks            ; The I/O bank should not have competing VCCIO values.                                                 ; Critical ; 0 such failures found.                                                   ; I/O  ;                   ;
; Inapplicable ; IO_000007 ; Valid Location Checks                   ; Checks for unavailable locations.                                                                    ; Critical ; No Location assignments found.                                           ; I/O  ;                   ;
; Inapplicable ; IO_000008 ; Valid Location Checks                   ; Checks for reserved locations.                                                                       ; Critical ; No reserved LogicLock region found.                                      ; I/O  ;                   ;
; Pass         ; IO_000009 ; I/O Properties Checks for One I/O       ; The location should support the requested I/O standard.                                              ; Critical ; 0 such failures found.                                                   ; I/O  ;                   ;
; Pass         ; IO_000010 ; I/O Properties Checks for One I/O       ; The location should support the requested I/O direction.                                             ; Critical ; 0 such failures found.                                                   ; I/O  ;                   ;
; Inapplicable ; IO_000011 ; I/O Properties Checks for One I/O       ; The location should support the requested Current Strength.                                          ; Critical ; No Current Strength assignments found.                                   ; I/O  ;                   ;
; Inapplicable ; IO_000012 ; I/O Properties Checks for One I/O       ; The location should support the requested On Chip Termination value.                                 ; Critical ; No Termination assignments found.                                        ; I/O  ;                   ;
; Inapplicable ; IO_000013 ; I/O Properties Checks for One I/O       ; The location should support the requested Bus Hold value.                                            ; Critical ; No Enable Bus-Hold Circuitry assignments found.                          ; I/O  ;                   ;
; Inapplicable ; IO_000014 ; I/O Properties Checks for One I/O       ; The location should support the requested Weak Pull Up value.                                        ; Critical ; No Weak Pull-Up Resistor assignments found.                              ; I/O  ;                   ;
; Inapplicable ; IO_000015 ; I/O Properties Checks for One I/O       ; The location should support the requested PCI Clamp Diode.                                           ; Critical ; No PCI I/O assignments found.                                            ; I/O  ;                   ;
; Inapplicable ; IO_000018 ; I/O Properties Checks for One I/O       ; The I/O standard should support the requested Current Strength.                                      ; Critical ; No Current Strength assignments found.                                   ; I/O  ;                   ;
; Inapplicable ; IO_000019 ; I/O Properties Checks for One I/O       ; The I/O standard should support the requested On Chip Termination value.                             ; Critical ; No Termination assignments found.                                        ; I/O  ;                   ;
; Inapplicable ; IO_000020 ; I/O Properties Checks for One I/O       ; The I/O standard should support the requested PCI Clamp Diode.                                       ; Critical ; No PCI I/O assignments found.                                            ; I/O  ;                   ;
; Inapplicable ; IO_000021 ; I/O Properties Checks for One I/O       ; The I/O standard should support the requested Weak Pull Up value.                                    ; Critical ; No Weak Pull-Up Resistor assignments found.                              ; I/O  ;                   ;
; Inapplicable ; IO_000022 ; I/O Properties Checks for One I/O       ; The I/O standard should support the requested Bus Hold value.                                        ; Critical ; No Enable Bus-Hold Circuitry assignments found.                          ; I/O  ;                   ;
; Pass         ; IO_000023 ; I/O Properties Checks for One I/O       ; The I/O standard should support the Open Drain value.                                                ; Critical ; 0 such failures found.                                                   ; I/O  ;                   ;
; Inapplicable ; IO_000024 ; I/O Properties Checks for One I/O       ; The I/O direction should support the On Chip Termination value.                                      ; Critical ; No Termination assignments found.                                        ; I/O  ;                   ;
; Inapplicable ; IO_000026 ; I/O Properties Checks for One I/O       ; On Chip Termination and Current Strength should not be used at the same time.                        ; Critical ; No Current Strength or Termination assignments found.                    ; I/O  ;                   ;
; Inapplicable ; IO_000027 ; I/O Properties Checks for One I/O       ; Weak Pull Up and Bus Hold should not be used at the same time.                                       ; Critical ; No Enable Bus-Hold Circuitry or Weak Pull-Up Resistor assignments found. ; I/O  ;                   ;
; Inapplicable ; IO_000032 ; I/O Properties Checks for Multiple I/Os ; I/O registers and SERDES should not be used at the same XY location.                                 ; Critical ; No I/O Registers or Differential I/O Standard assignments found.         ; I/O  ;                   ;
; Pass         ; IO_000033 ; Electromigration Checks                 ; Current density for consecutive I/Os should not exceed 250mA for row I/Os and 250mA for column I/Os. ; Critical ; 0 such failures found.                                                   ; I/O  ;                   ;
; Inapplicable ; IO_000034 ; SI Related Distance Checks              ; Single-ended outputs should be 1 LAB row(s) away from a differential I/O.                            ; High     ; No Differential I/O Standard assignments found.                          ; I/O  ;                   ;
; Inapplicable ; IO_000037 ; SI Related Distance Checks              ; Single-ended I/O and differential I/O should not coexist in a PLL output I/O bank.                   ; High     ; No Differential I/O Standard assignments found.                          ; I/O  ;                   ;
; Inapplicable ; IO_000038 ; SI Related SSO Limit Checks             ; Single-ended outputs and High-speed LVDS should not coexist in an I/O bank.                          ; High     ; No High-speed LVDS found.                                                ; I/O  ;                   ;
; Inapplicable ; IO_000042 ; SI Related SSO Limit Checks             ; No more than 20 outputs are allowed in a VREF group when VREF is being read from.                    ; High     ; No VREF I/O Standard assignments found.                                  ; I/O  ;                   ;
; Inapplicable ; IO_000040 ; SI Related SSO Limit Checks             ; The total drive strength of single ended outputs in a DPA bank should not exceed 120mA.              ; High     ; No DPA found.                                                            ; I/O  ;                   ;
+--------------+-----------+-----------------------------------------+------------------------------------------------------------------------------------------------------+----------+--------------------------------------------------------------------------+------+-------------------+


+-----------------------------------------------------------------------------------------------------------------------------------------------------------------------------------------------------------------------------------------------------------------------------------------------------------------------------------------------------------------------------------------------------------------------------------------------------------------------------------------+
; I/O Rules Matrix                                                                                                                                                                                                                                                                                                                                                                                                                                                                        ;
+--------------------+--------------+--------------+--------------+--------------+--------------+-----------+--------------+--------------+-----------+-----------+--------------+--------------+--------------+--------------+--------------+--------------+--------------+--------------+--------------+--------------+--------------+--------------+--------------+--------------+--------------+-----------+--------------+--------------+--------------+--------------+--------------+
; Pin/Rules          ; IO_000001    ; IO_000002    ; IO_000003    ; IO_000004    ; IO_000005    ; IO_000006 ; IO_000007    ; IO_000008    ; IO_000009 ; IO_000010 ; IO_000011    ; IO_000012    ; IO_000013    ; IO_000014    ; IO_000015    ; IO_000018    ; IO_000019    ; IO_000020    ; IO_000021    ; IO_000022    ; IO_000023    ; IO_000024    ; IO_000026    ; IO_000027    ; IO_000032    ; IO_000033 ; IO_000034    ; IO_000037    ; IO_000038    ; IO_000042    ; IO_000040    ;
+--------------------+--------------+--------------+--------------+--------------+--------------+-----------+--------------+--------------+-----------+-----------+--------------+--------------+--------------+--------------+--------------+--------------+--------------+--------------+--------------+--------------+--------------+--------------+--------------+--------------+--------------+-----------+--------------+--------------+--------------+--------------+--------------+
; Total Pass         ; 0            ; 0            ; 0            ; 0            ; 0            ; 62        ; 0            ; 0            ; 62        ; 62        ; 0            ; 0            ; 0            ; 0            ; 0            ; 0            ; 0            ; 0            ; 0            ; 0            ; 6            ; 0            ; 0            ; 0            ; 0            ; 62        ; 0            ; 0            ; 0            ; 0            ; 0            ;
; Total Unchecked    ; 0            ; 0            ; 0            ; 0            ; 0            ; 0         ; 0            ; 0            ; 0         ; 0         ; 0            ; 0            ; 0            ; 0            ; 0            ; 0            ; 0            ; 0            ; 0            ; 0            ; 0            ; 0            ; 0            ; 0            ; 0            ; 0         ; 0            ; 0            ; 0            ; 0            ; 0            ;
; Total Inapplicable ; 62           ; 62           ; 62           ; 62           ; 62           ; 0         ; 62           ; 62           ; 0         ; 0         ; 62           ; 62           ; 62           ; 62           ; 62           ; 62           ; 62           ; 62           ; 62           ; 62           ; 56           ; 62           ; 62           ; 62           ; 62           ; 0         ; 62           ; 62           ; 62           ; 62           ; 62           ;
; Total Fail         ; 0            ; 0            ; 0            ; 0            ; 0            ; 0         ; 0            ; 0            ; 0         ; 0         ; 0            ; 0            ; 0            ; 0            ; 0            ; 0            ; 0            ; 0            ; 0            ; 0            ; 0            ; 0            ; 0            ; 0            ; 0            ; 0         ; 0            ; 0            ; 0            ; 0            ; 0            ;
; MSYN               ; Inapplicable ; Inapplicable ; Inapplicable ; Inapplicable ; Inapplicable ; Pass      ; Inapplicable ; Inapplicable ; Pass      ; Pass      ; Inapplicable ; Inapplicable ; Inapplicable ; Inapplicable ; Inapplicable ; Inapplicable ; Inapplicable ; Inapplicable ; Inapplicable ; Inapplicable ; Inapplicable ; Inapplicable ; Inapplicable ; Inapplicable ; Inapplicable ; Pass      ; Inapplicable ; Inapplicable ; Inapplicable ; Inapplicable ; Inapplicable ;
; SSYN               ; Inapplicable ; Inapplicable ; Inapplicable ; Inapplicable ; Inapplicable ; Pass      ; Inapplicable ; Inapplicable ; Pass      ; Pass      ; Inapplicable ; Inapplicable ; Inapplicable ; Inapplicable ; Inapplicable ; Inapplicable ; Inapplicable ; Inapplicable ; Inapplicable ; Inapplicable ; Inapplicable ; Inapplicable ; Inapplicable ; Inapplicable ; Inapplicable ; Pass      ; Inapplicable ; Inapplicable ; Inapplicable ; Inapplicable ; Inapplicable ;
; address[2]         ; Inapplicable ; Inapplicable ; Inapplicable ; Inapplicable ; Inapplicable ; Pass      ; Inapplicable ; Inapplicable ; Pass      ; Pass      ; Inapplicable ; Inapplicable ; Inapplicable ; Inapplicable ; Inapplicable ; Inapplicable ; Inapplicable ; Inapplicable ; Inapplicable ; Inapplicable ; Inapplicable ; Inapplicable ; Inapplicable ; Inapplicable ; Inapplicable ; Pass      ; Inapplicable ; Inapplicable ; Inapplicable ; Inapplicable ; Inapplicable ;
; address[1]         ; Inapplicable ; Inapplicable ; Inapplicable ; Inapplicable ; Inapplicable ; Pass      ; Inapplicable ; Inapplicable ; Pass      ; Pass      ; Inapplicable ; Inapplicable ; Inapplicable ; Inapplicable ; Inapplicable ; Inapplicable ; Inapplicable ; Inapplicable ; Inapplicable ; Inapplicable ; Inapplicable ; Inapplicable ; Inapplicable ; Inapplicable ; Inapplicable ; Pass      ; Inapplicable ; Inapplicable ; Inapplicable ; Inapplicable ; Inapplicable ;
; address[0]         ; Inapplicable ; Inapplicable ; Inapplicable ; Inapplicable ; Inapplicable ; Pass      ; Inapplicable ; Inapplicable ; Pass      ; Pass      ; Inapplicable ; Inapplicable ; Inapplicable ; Inapplicable ; Inapplicable ; Inapplicable ; Inapplicable ; Inapplicable ; Inapplicable ; Inapplicable ; Inapplicable ; Inapplicable ; Inapplicable ; Inapplicable ; Inapplicable ; Pass      ; Inapplicable ; Inapplicable ; Inapplicable ; Inapplicable ; Inapplicable ;
; data[7]            ; Inapplicable ; Inapplicable ; Inapplicable ; Inapplicable ; Inapplicable ; Pass      ; Inapplicable ; Inapplicable ; Pass      ; Pass      ; Inapplicable ; Inapplicable ; Inapplicable ; Inapplicable ; Inapplicable ; Inapplicable ; Inapplicable ; Inapplicable ; Inapplicable ; Inapplicable ; Pass         ; Inapplicable ; Inapplicable ; Inapplicable ; Inapplicable ; Pass      ; Inapplicable ; Inapplicable ; Inapplicable ; Inapplicable ; Inapplicable ;
; data[6]            ; Inapplicable ; Inapplicable ; Inapplicable ; Inapplicable ; Inapplicable ; Pass      ; Inapplicable ; Inapplicable ; Pass      ; Pass      ; Inapplicable ; Inapplicable ; Inapplicable ; Inapplicable ; Inapplicable ; Inapplicable ; Inapplicable ; Inapplicable ; Inapplicable ; Inapplicable ; Pass         ; Inapplicable ; Inapplicable ; Inapplicable ; Inapplicable ; Pass      ; Inapplicable ; Inapplicable ; Inapplicable ; Inapplicable ; Inapplicable ;
; data[5]            ; Inapplicable ; Inapplicable ; Inapplicable ; Inapplicable ; Inapplicable ; Pass      ; Inapplicable ; Inapplicable ; Pass      ; Pass      ; Inapplicable ; Inapplicable ; Inapplicable ; Inapplicable ; Inapplicable ; Inapplicable ; Inapplicable ; Inapplicable ; Inapplicable ; Inapplicable ; Pass         ; Inapplicable ; Inapplicable ; Inapplicable ; Inapplicable ; Pass      ; Inapplicable ; Inapplicable ; Inapplicable ; Inapplicable ; Inapplicable ;
; data[4]            ; Inapplicable ; Inapplicable ; Inapplicable ; Inapplicable ; Inapplicable ; Pass      ; Inapplicable ; Inapplicable ; Pass      ; Pass      ; Inapplicable ; Inapplicable ; Inapplicable ; Inapplicable ; Inapplicable ; Inapplicable ; Inapplicable ; Inapplicable ; Inapplicable ; Inapplicable ; Pass         ; Inapplicable ; Inapplicable ; Inapplicable ; Inapplicable ; Pass      ; Inapplicable ; Inapplicable ; Inapplicable ; Inapplicable ; Inapplicable ;
; data[3]            ; Inapplicable ; Inapplicable ; Inapplicable ; Inapplicable ; Inapplicable ; Pass      ; Inapplicable ; Inapplicable ; Pass      ; Pass      ; Inapplicable ; Inapplicable ; Inapplicable ; Inapplicable ; Inapplicable ; Inapplicable ; Inapplicable ; Inapplicable ; Inapplicable ; Inapplicable ; Pass         ; Inapplicable ; Inapplicable ; Inapplicable ; Inapplicable ; Pass      ; Inapplicable ; Inapplicable ; Inapplicable ; Inapplicable ; Inapplicable ;
; data[2]            ; Inapplicable ; Inapplicable ; Inapplicable ; Inapplicable ; Inapplicable ; Pass      ; Inapplicable ; Inapplicable ; Pass      ; Pass      ; Inapplicable ; Inapplicable ; Inapplicable ; Inapplicable ; Inapplicable ; Inapplicable ; Inapplicable ; Inapplicable ; Inapplicable ; Inapplicable ; Pass         ; Inapplicable ; Inapplicable ; Inapplicable ; Inapplicable ; Pass      ; Inapplicable ; Inapplicable ; Inapplicable ; Inapplicable ; Inapplicable ;
; data[1]            ; Inapplicable ; Inapplicable ; Inapplicable ; Inapplicable ; Inapplicable ; Pass      ; Inapplicable ; Inapplicable ; Pass      ; Pass      ; Inapplicable ; Inapplicable ; Inapplicable ; Inapplicable ; Inapplicable ; Inapplicable ; Inapplicable ; Inapplicable ; Inapplicable ; Inapplicable ; Inapplicable ; Inapplicable ; Inapplicable ; Inapplicable ; Inapplicable ; Pass      ; Inapplicable ; Inapplicable ; Inapplicable ; Inapplicable ; Inapplicable ;
; data[0]            ; Inapplicable ; Inapplicable ; Inapplicable ; Inapplicable ; Inapplicable ; Pass      ; Inapplicable ; Inapplicable ; Pass      ; Pass      ; Inapplicable ; Inapplicable ; Inapplicable ; Inapplicable ; Inapplicable ; Inapplicable ; Inapplicable ; Inapplicable ; Inapplicable ; Inapplicable ; Inapplicable ; Inapplicable ; Inapplicable ; Inapplicable ; Inapplicable ; Pass      ; Inapplicable ; Inapplicable ; Inapplicable ; Inapplicable ; Inapplicable ;
; GNT1               ; Inapplicable ; Inapplicable ; Inapplicable ; Inapplicable ; Inapplicable ; Pass      ; Inapplicable ; Inapplicable ; Pass      ; Pass      ; Inapplicable ; Inapplicable ; Inapplicable ; Inapplicable ; Inapplicable ; Inapplicable ; Inapplicable ; Inapplicable ; Inapplicable ; Inapplicable ; Inapplicable ; Inapplicable ; Inapplicable ; Inapplicable ; Inapplicable ; Pass      ; Inapplicable ; Inapplicable ; Inapplicable ; Inapplicable ; Inapplicable ;
; BBUSY              ; Inapplicable ; Inapplicable ; Inapplicable ; Inapplicable ; Inapplicable ; Pass      ; Inapplicable ; Inapplicable ; Pass      ; Pass      ; Inapplicable ; Inapplicable ; Inapplicable ; Inapplicable ; Inapplicable ; Inapplicable ; Inapplicable ; Inapplicable ; Inapplicable ; Inapplicable ; Inapplicable ; Inapplicable ; Inapplicable ; Inapplicable ; Inapplicable ; Pass      ; Inapplicable ; Inapplicable ; Inapplicable ; Inapplicable ; Inapplicable ;
; GNT2               ; Inapplicable ; Inapplicable ; Inapplicable ; Inapplicable ; Inapplicable ; Pass      ; Inapplicable ; Inapplicable ; Pass      ; Pass      ; Inapplicable ; Inapplicable ; Inapplicable ; Inapplicable ; Inapplicable ; Inapplicable ; Inapplicable ; Inapplicable ; Inapplicable ; Inapplicable ; Inapplicable ; Inapplicable ; Inapplicable ; Inapplicable ; Inapplicable ; Pass      ; Inapplicable ; Inapplicable ; Inapplicable ; Inapplicable ; Inapplicable ;
; BREQ1              ; Inapplicable ; Inapplicable ; Inapplicable ; Inapplicable ; Inapplicable ; Pass      ; Inapplicable ; Inapplicable ; Pass      ; Pass      ; Inapplicable ; Inapplicable ; Inapplicable ; Inapplicable ; Inapplicable ; Inapplicable ; Inapplicable ; Inapplicable ; Inapplicable ; Inapplicable ; Inapplicable ; Inapplicable ; Inapplicable ; Inapplicable ; Inapplicable ; Pass      ; Inapplicable ; Inapplicable ; Inapplicable ; Inapplicable ; Inapplicable ;
; BREQ2              ; Inapplicable ; Inapplicable ; Inapplicable ; Inapplicable ; Inapplicable ; Pass      ; Inapplicable ; Inapplicable ; Pass      ; Pass      ; Inapplicable ; Inapplicable ; Inapplicable ; Inapplicable ; Inapplicable ; Inapplicable ; Inapplicable ; Inapplicable ; Inapplicable ; Inapplicable ; Inapplicable ; Inapplicable ; Inapplicable ; Inapplicable ; Inapplicable ; Pass      ; Inapplicable ; Inapplicable ; Inapplicable ; Inapplicable ; Inapplicable ;
; slave_data1[7]     ; Inapplicable ; Inapplicable ; Inapplicable ; Inapplicable ; Inapplicable ; Pass      ; Inapplicable ; Inapplicable ; Pass      ; Pass      ; Inapplicable ; Inapplicable ; Inapplicable ; Inapplicable ; Inapplicable ; Inapplicable ; Inapplicable ; Inapplicable ; Inapplicable ; Inapplicable ; Inapplicable ; Inapplicable ; Inapplicable ; Inapplicable ; Inapplicable ; Pass      ; Inapplicable ; Inapplicable ; Inapplicable ; Inapplicable ; Inapplicable ;
; slave_data1[6]     ; Inapplicable ; Inapplicable ; Inapplicable ; Inapplicable ; Inapplicable ; Pass      ; Inapplicable ; Inapplicable ; Pass      ; Pass      ; Inapplicable ; Inapplicable ; Inapplicable ; Inapplicable ; Inapplicable ; Inapplicable ; Inapplicable ; Inapplicable ; Inapplicable ; Inapplicable ; Inapplicable ; Inapplicable ; Inapplicable ; Inapplicable ; Inapplicable ; Pass      ; Inapplicable ; Inapplicable ; Inapplicable ; Inapplicable ; Inapplicable ;
; slave_data1[5]     ; Inapplicable ; Inapplicable ; Inapplicable ; Inapplicable ; Inapplicable ; Pass      ; Inapplicable ; Inapplicable ; Pass      ; Pass      ; Inapplicable ; Inapplicable ; Inapplicable ; Inapplicable ; Inapplicable ; Inapplicable ; Inapplicable ; Inapplicable ; Inapplicable ; Inapplicable ; Inapplicable ; Inapplicable ; Inapplicable ; Inapplicable ; Inapplicable ; Pass      ; Inapplicable ; Inapplicable ; Inapplicable ; Inapplicable ; Inapplicable ;
; slave_data1[4]     ; Inapplicable ; Inapplicable ; Inapplicable ; Inapplicable ; Inapplicable ; Pass      ; Inapplicable ; Inapplicable ; Pass      ; Pass      ; Inapplicable ; Inapplicable ; Inapplicable ; Inapplicable ; Inapplicable ; Inapplicable ; Inapplicable ; Inapplicable ; Inapplicable ; Inapplicable ; Inapplicable ; Inapplicable ; Inapplicable ; Inapplicable ; Inapplicable ; Pass      ; Inapplicable ; Inapplicable ; Inapplicable ; Inapplicable ; Inapplicable ;
; slave_data1[3]     ; Inapplicable ; Inapplicable ; Inapplicable ; Inapplicable ; Inapplicable ; Pass      ; Inapplicable ; Inapplicable ; Pass      ; Pass      ; Inapplicable ; Inapplicable ; Inapplicable ; Inapplicable ; Inapplicable ; Inapplicable ; Inapplicable ; Inapplicable ; Inapplicable ; Inapplicable ; Inapplicable ; Inapplicable ; Inapplicable ; Inapplicable ; Inapplicable ; Pass      ; Inapplicable ; Inapplicable ; Inapplicable ; Inapplicable ; Inapplicable ;
; slave_data1[2]     ; Inapplicable ; Inapplicable ; Inapplicable ; Inapplicable ; Inapplicable ; Pass      ; Inapplicable ; Inapplicable ; Pass      ; Pass      ; Inapplicable ; Inapplicable ; Inapplicable ; Inapplicable ; Inapplicable ; Inapplicable ; Inapplicable ; Inapplicable ; Inapplicable ; Inapplicable ; Inapplicable ; Inapplicable ; Inapplicable ; Inapplicable ; Inapplicable ; Pass      ; Inapplicable ; Inapplicable ; Inapplicable ; Inapplicable ; Inapplicable ;
; slave_data1[1]     ; Inapplicable ; Inapplicable ; Inapplicable ; Inapplicable ; Inapplicable ; Pass      ; Inapplicable ; Inapplicable ; Pass      ; Pass      ; Inapplicable ; Inapplicable ; Inapplicable ; Inapplicable ; Inapplicable ; Inapplicable ; Inapplicable ; Inapplicable ; Inapplicable ; Inapplicable ; Inapplicable ; Inapplicable ; Inapplicable ; Inapplicable ; Inapplicable ; Pass      ; Inapplicable ; Inapplicable ; Inapplicable ; Inapplicable ; Inapplicable ;
; slave_data1[0]     ; Inapplicable ; Inapplicable ; Inapplicable ; Inapplicable ; Inapplicable ; Pass      ; Inapplicable ; Inapplicable ; Pass      ; Pass      ; Inapplicable ; Inapplicable ; Inapplicable ; Inapplicable ; Inapplicable ; Inapplicable ; Inapplicable ; Inapplicable ; Inapplicable ; Inapplicable ; Inapplicable ; Inapplicable ; Inapplicable ; Inapplicable ; Inapplicable ; Pass      ; Inapplicable ; Inapplicable ; Inapplicable ; Inapplicable ; Inapplicable ;
; slave_data2[7]     ; Inapplicable ; Inapplicable ; Inapplicable ; Inapplicable ; Inapplicable ; Pass      ; Inapplicable ; Inapplicable ; Pass      ; Pass      ; Inapplicable ; Inapplicable ; Inapplicable ; Inapplicable ; Inapplicable ; Inapplicable ; Inapplicable ; Inapplicable ; Inapplicable ; Inapplicable ; Inapplicable ; Inapplicable ; Inapplicable ; Inapplicable ; Inapplicable ; Pass      ; Inapplicable ; Inapplicable ; Inapplicable ; Inapplicable ; Inapplicable ;
; slave_data2[6]     ; Inapplicable ; Inapplicable ; Inapplicable ; Inapplicable ; Inapplicable ; Pass      ; Inapplicable ; Inapplicable ; Pass      ; Pass      ; Inapplicable ; Inapplicable ; Inapplicable ; Inapplicable ; Inapplicable ; Inapplicable ; Inapplicable ; Inapplicable ; Inapplicable ; Inapplicable ; Inapplicable ; Inapplicable ; Inapplicable ; Inapplicable ; Inapplicable ; Pass      ; Inapplicable ; Inapplicable ; Inapplicable ; Inapplicable ; Inapplicable ;
; slave_data2[5]     ; Inapplicable ; Inapplicable ; Inapplicable ; Inapplicable ; Inapplicable ; Pass      ; Inapplicable ; Inapplicable ; Pass      ; Pass      ; Inapplicable ; Inapplicable ; Inapplicable ; Inapplicable ; Inapplicable ; Inapplicable ; Inapplicable ; Inapplicable ; Inapplicable ; Inapplicable ; Inapplicable ; Inapplicable ; Inapplicable ; Inapplicable ; Inapplicable ; Pass      ; Inapplicable ; Inapplicable ; Inapplicable ; Inapplicable ; Inapplicable ;
; slave_data2[4]     ; Inapplicable ; Inapplicable ; Inapplicable ; Inapplicable ; Inapplicable ; Pass      ; Inapplicable ; Inapplicable ; Pass      ; Pass      ; Inapplicable ; Inapplicable ; Inapplicable ; Inapplicable ; Inapplicable ; Inapplicable ; Inapplicable ; Inapplicable ; Inapplicable ; Inapplicable ; Inapplicable ; Inapplicable ; Inapplicable ; Inapplicable ; Inapplicable ; Pass      ; Inapplicable ; Inapplicable ; Inapplicable ; Inapplicable ; Inapplicable ;
; slave_data2[3]     ; Inapplicable ; Inapplicable ; Inapplicable ; Inapplicable ; Inapplicable ; Pass      ; Inapplicable ; Inapplicable ; Pass      ; Pass      ; Inapplicable ; Inapplicable ; Inapplicable ; Inapplicable ; Inapplicable ; Inapplicable ; Inapplicable ; Inapplicable ; Inapplicable ; Inapplicable ; Inapplicable ; Inapplicable ; Inapplicable ; Inapplicable ; Inapplicable ; Pass      ; Inapplicable ; Inapplicable ; Inapplicable ; Inapplicable ; Inapplicable ;
; slave_data2[2]     ; Inapplicable ; Inapplicable ; Inapplicable ; Inapplicable ; Inapplicable ; Pass      ; Inapplicable ; Inapplicable ; Pass      ; Pass      ; Inapplicable ; Inapplicable ; Inapplicable ; Inapplicable ; Inapplicable ; Inapplicable ; Inapplicable ; Inapplicable ; Inapplicable ; Inapplicable ; Inapplicable ; Inapplicable ; Inapplicable ; Inapplicable ; Inapplicable ; Pass      ; Inapplicable ; Inapplicable ; Inapplicable ; Inapplicable ; Inapplicable ;
; slave_data2[1]     ; Inapplicable ; Inapplicable ; Inapplicable ; Inapplicable ; Inapplicable ; Pass      ; Inapplicable ; Inapplicable ; Pass      ; Pass      ; Inapplicable ; Inapplicable ; Inapplicable ; Inapplicable ; Inapplicable ; Inapplicable ; Inapplicable ; Inapplicable ; Inapplicable ; Inapplicable ; Inapplicable ; Inapplicable ; Inapplicable ; Inapplicable ; Inapplicable ; Pass      ; Inapplicable ; Inapplicable ; Inapplicable ; Inapplicable ; Inapplicable ;
; slave_data2[0]     ; Inapplicable ; Inapplicable ; Inapplicable ; Inapplicable ; Inapplicable ; Pass      ; Inapplicable ; Inapplicable ; Pass      ; Pass      ; Inapplicable ; Inapplicable ; Inapplicable ; Inapplicable ; Inapplicable ; Inapplicable ; Inapplicable ; Inapplicable ; Inapplicable ; Inapplicable ; Inapplicable ; Inapplicable ; Inapplicable ; Inapplicable ; Inapplicable ; Pass      ; Inapplicable ; Inapplicable ; Inapplicable ; Inapplicable ; Inapplicable ;
; slave_data3[7]     ; Inapplicable ; Inapplicable ; Inapplicable ; Inapplicable ; Inapplicable ; Pass      ; Inapplicable ; Inapplicable ; Pass      ; Pass      ; Inapplicable ; Inapplicable ; Inapplicable ; Inapplicable ; Inapplicable ; Inapplicable ; Inapplicable ; Inapplicable ; Inapplicable ; Inapplicable ; Inapplicable ; Inapplicable ; Inapplicable ; Inapplicable ; Inapplicable ; Pass      ; Inapplicable ; Inapplicable ; Inapplicable ; Inapplicable ; Inapplicable ;
; slave_data3[6]     ; Inapplicable ; Inapplicable ; Inapplicable ; Inapplicable ; Inapplicable ; Pass      ; Inapplicable ; Inapplicable ; Pass      ; Pass      ; Inapplicable ; Inapplicable ; Inapplicable ; Inapplicable ; Inapplicable ; Inapplicable ; Inapplicable ; Inapplicable ; Inapplicable ; Inapplicable ; Inapplicable ; Inapplicable ; Inapplicable ; Inapplicable ; Inapplicable ; Pass      ; Inapplicable ; Inapplicable ; Inapplicable ; Inapplicable ; Inapplicable ;
; slave_data3[5]     ; Inapplicable ; Inapplicable ; Inapplicable ; Inapplicable ; Inapplicable ; Pass      ; Inapplicable ; Inapplicable ; Pass      ; Pass      ; Inapplicable ; Inapplicable ; Inapplicable ; Inapplicable ; Inapplicable ; Inapplicable ; Inapplicable ; Inapplicable ; Inapplicable ; Inapplicable ; Inapplicable ; Inapplicable ; Inapplicable ; Inapplicable ; Inapplicable ; Pass      ; Inapplicable ; Inapplicable ; Inapplicable ; Inapplicable ; Inapplicable ;
; slave_data3[4]     ; Inapplicable ; Inapplicable ; Inapplicable ; Inapplicable ; Inapplicable ; Pass      ; Inapplicable ; Inapplicable ; Pass      ; Pass      ; Inapplicable ; Inapplicable ; Inapplicable ; Inapplicable ; Inapplicable ; Inapplicable ; Inapplicable ; Inapplicable ; Inapplicable ; Inapplicable ; Inapplicable ; Inapplicable ; Inapplicable ; Inapplicable ; Inapplicable ; Pass      ; Inapplicable ; Inapplicable ; Inapplicable ; Inapplicable ; Inapplicable ;
; slave_data3[3]     ; Inapplicable ; Inapplicable ; Inapplicable ; Inapplicable ; Inapplicable ; Pass      ; Inapplicable ; Inapplicable ; Pass      ; Pass      ; Inapplicable ; Inapplicable ; Inapplicable ; Inapplicable ; Inapplicable ; Inapplicable ; Inapplicable ; Inapplicable ; Inapplicable ; Inapplicable ; Inapplicable ; Inapplicable ; Inapplicable ; Inapplicable ; Inapplicable ; Pass      ; Inapplicable ; Inapplicable ; Inapplicable ; Inapplicable ; Inapplicable ;
; slave_data3[2]     ; Inapplicable ; Inapplicable ; Inapplicable ; Inapplicable ; Inapplicable ; Pass      ; Inapplicable ; Inapplicable ; Pass      ; Pass      ; Inapplicable ; Inapplicable ; Inapplicable ; Inapplicable ; Inapplicable ; Inapplicable ; Inapplicable ; Inapplicable ; Inapplicable ; Inapplicable ; Inapplicable ; Inapplicable ; Inapplicable ; Inapplicable ; Inapplicable ; Pass      ; Inapplicable ; Inapplicable ; Inapplicable ; Inapplicable ; Inapplicable ;
; slave_data3[1]     ; Inapplicable ; Inapplicable ; Inapplicable ; Inapplicable ; Inapplicable ; Pass      ; Inapplicable ; Inapplicable ; Pass      ; Pass      ; Inapplicable ; Inapplicable ; Inapplicable ; Inapplicable ; Inapplicable ; Inapplicable ; Inapplicable ; Inapplicable ; Inapplicable ; Inapplicable ; Inapplicable ; Inapplicable ; Inapplicable ; Inapplicable ; Inapplicable ; Pass      ; Inapplicable ; Inapplicable ; Inapplicable ; Inapplicable ; Inapplicable ;
; slave_data3[0]     ; Inapplicable ; Inapplicable ; Inapplicable ; Inapplicable ; Inapplicable ; Pass      ; Inapplicable ; Inapplicable ; Pass      ; Pass      ; Inapplicable ; Inapplicable ; Inapplicable ; Inapplicable ; Inapplicable ; Inapplicable ; Inapplicable ; Inapplicable ; Inapplicable ; Inapplicable ; Inapplicable ; Inapplicable ; Inapplicable ; Inapplicable ; Inapplicable ; Pass      ; Inapplicable ; Inapplicable ; Inapplicable ; Inapplicable ; Inapplicable ;
; slave_data4[7]     ; Inapplicable ; Inapplicable ; Inapplicable ; Inapplicable ; Inapplicable ; Pass      ; Inapplicable ; Inapplicable ; Pass      ; Pass      ; Inapplicable ; Inapplicable ; Inapplicable ; Inapplicable ; Inapplicable ; Inapplicable ; Inapplicable ; Inapplicable ; Inapplicable ; Inapplicable ; Inapplicable ; Inapplicable ; Inapplicable ; Inapplicable ; Inapplicable ; Pass      ; Inapplicable ; Inapplicable ; Inapplicable ; Inapplicable ; Inapplicable ;
; slave_data4[6]     ; Inapplicable ; Inapplicable ; Inapplicable ; Inapplicable ; Inapplicable ; Pass      ; Inapplicable ; Inapplicable ; Pass      ; Pass      ; Inapplicable ; Inapplicable ; Inapplicable ; Inapplicable ; Inapplicable ; Inapplicable ; Inapplicable ; Inapplicable ; Inapplicable ; Inapplicable ; Inapplicable ; Inapplicable ; Inapplicable ; Inapplicable ; Inapplicable ; Pass      ; Inapplicable ; Inapplicable ; Inapplicable ; Inapplicable ; Inapplicable ;
; slave_data4[5]     ; Inapplicable ; Inapplicable ; Inapplicable ; Inapplicable ; Inapplicable ; Pass      ; Inapplicable ; Inapplicable ; Pass      ; Pass      ; Inapplicable ; Inapplicable ; Inapplicable ; Inapplicable ; Inapplicable ; Inapplicable ; Inapplicable ; Inapplicable ; Inapplicable ; Inapplicable ; Inapplicable ; Inapplicable ; Inapplicable ; Inapplicable ; Inapplicable ; Pass      ; Inapplicable ; Inapplicable ; Inapplicable ; Inapplicable ; Inapplicable ;
; slave_data4[4]     ; Inapplicable ; Inapplicable ; Inapplicable ; Inapplicable ; Inapplicable ; Pass      ; Inapplicable ; Inapplicable ; Pass      ; Pass      ; Inapplicable ; Inapplicable ; Inapplicable ; Inapplicable ; Inapplicable ; Inapplicable ; Inapplicable ; Inapplicable ; Inapplicable ; Inapplicable ; Inapplicable ; Inapplicable ; Inapplicable ; Inapplicable ; Inapplicable ; Pass      ; Inapplicable ; Inapplicable ; Inapplicable ; Inapplicable ; Inapplicable ;
; slave_data4[3]     ; Inapplicable ; Inapplicable ; Inapplicable ; Inapplicable ; Inapplicable ; Pass      ; Inapplicable ; Inapplicable ; Pass      ; Pass      ; Inapplicable ; Inapplicable ; Inapplicable ; Inapplicable ; Inapplicable ; Inapplicable ; Inapplicable ; Inapplicable ; Inapplicable ; Inapplicable ; Inapplicable ; Inapplicable ; Inapplicable ; Inapplicable ; Inapplicable ; Pass      ; Inapplicable ; Inapplicable ; Inapplicable ; Inapplicable ; Inapplicable ;
; slave_data4[2]     ; Inapplicable ; Inapplicable ; Inapplicable ; Inapplicable ; Inapplicable ; Pass      ; Inapplicable ; Inapplicable ; Pass      ; Pass      ; Inapplicable ; Inapplicable ; Inapplicable ; Inapplicable ; Inapplicable ; Inapplicable ; Inapplicable ; Inapplicable ; Inapplicable ; Inapplicable ; Inapplicable ; Inapplicable ; Inapplicable ; Inapplicable ; Inapplicable ; Pass      ; Inapplicable ; Inapplicable ; Inapplicable ; Inapplicable ; Inapplicable ;
; slave_data4[1]     ; Inapplicable ; Inapplicable ; Inapplicable ; Inapplicable ; Inapplicable ; Pass      ; Inapplicable ; Inapplicable ; Pass      ; Pass      ; Inapplicable ; Inapplicable ; Inapplicable ; Inapplicable ; Inapplicable ; Inapplicable ; Inapplicable ; Inapplicable ; Inapplicable ; Inapplicable ; Inapplicable ; Inapplicable ; Inapplicable ; Inapplicable ; Inapplicable ; Pass      ; Inapplicable ; Inapplicable ; Inapplicable ; Inapplicable ; Inapplicable ;
; slave_data4[0]     ; Inapplicable ; Inapplicable ; Inapplicable ; Inapplicable ; Inapplicable ; Pass      ; Inapplicable ; Inapplicable ; Pass      ; Pass      ; Inapplicable ; Inapplicable ; Inapplicable ; Inapplicable ; Inapplicable ; Inapplicable ; Inapplicable ; Inapplicable ; Inapplicable ; Inapplicable ; Inapplicable ; Inapplicable ; Inapplicable ; Inapplicable ; Inapplicable ; Pass      ; Inapplicable ; Inapplicable ; Inapplicable ; Inapplicable ; Inapplicable ;
; slave_data5[7]     ; Inapplicable ; Inapplicable ; Inapplicable ; Inapplicable ; Inapplicable ; Pass      ; Inapplicable ; Inapplicable ; Pass      ; Pass      ; Inapplicable ; Inapplicable ; Inapplicable ; Inapplicable ; Inapplicable ; Inapplicable ; Inapplicable ; Inapplicable ; Inapplicable ; Inapplicable ; Inapplicable ; Inapplicable ; Inapplicable ; Inapplicable ; Inapplicable ; Pass      ; Inapplicable ; Inapplicable ; Inapplicable ; Inapplicable ; Inapplicable ;
; slave_data5[6]     ; Inapplicable ; Inapplicable ; Inapplicable ; Inapplicable ; Inapplicable ; Pass      ; Inapplicable ; Inapplicable ; Pass      ; Pass      ; Inapplicable ; Inapplicable ; Inapplicable ; Inapplicable ; Inapplicable ; Inapplicable ; Inapplicable ; Inapplicable ; Inapplicable ; Inapplicable ; Inapplicable ; Inapplicable ; Inapplicable ; Inapplicable ; Inapplicable ; Pass      ; Inapplicable ; Inapplicable ; Inapplicable ; Inapplicable ; Inapplicable ;
; slave_data5[5]     ; Inapplicable ; Inapplicable ; Inapplicable ; Inapplicable ; Inapplicable ; Pass      ; Inapplicable ; Inapplicable ; Pass      ; Pass      ; Inapplicable ; Inapplicable ; Inapplicable ; Inapplicable ; Inapplicable ; Inapplicable ; Inapplicable ; Inapplicable ; Inapplicable ; Inapplicable ; Inapplicable ; Inapplicable ; Inapplicable ; Inapplicable ; Inapplicable ; Pass      ; Inapplicable ; Inapplicable ; Inapplicable ; Inapplicable ; Inapplicable ;
; slave_data5[4]     ; Inapplicable ; Inapplicable ; Inapplicable ; Inapplicable ; Inapplicable ; Pass      ; Inapplicable ; Inapplicable ; Pass      ; Pass      ; Inapplicable ; Inapplicable ; Inapplicable ; Inapplicable ; Inapplicable ; Inapplicable ; Inapplicable ; Inapplicable ; Inapplicable ; Inapplicable ; Inapplicable ; Inapplicable ; Inapplicable ; Inapplicable ; Inapplicable ; Pass      ; Inapplicable ; Inapplicable ; Inapplicable ; Inapplicable ; Inapplicable ;
; slave_data5[3]     ; Inapplicable ; Inapplicable ; Inapplicable ; Inapplicable ; Inapplicable ; Pass      ; Inapplicable ; Inapplicable ; Pass      ; Pass      ; Inapplicable ; Inapplicable ; Inapplicable ; Inapplicable ; Inapplicable ; Inapplicable ; Inapplicable ; Inapplicable ; Inapplicable ; Inapplicable ; Inapplicable ; Inapplicable ; Inapplicable ; Inapplicable ; Inapplicable ; Pass      ; Inapplicable ; Inapplicable ; Inapplicable ; Inapplicable ; Inapplicable ;
; slave_data5[2]     ; Inapplicable ; Inapplicable ; Inapplicable ; Inapplicable ; Inapplicable ; Pass      ; Inapplicable ; Inapplicable ; Pass      ; Pass      ; Inapplicable ; Inapplicable ; Inapplicable ; Inapplicable ; Inapplicable ; Inapplicable ; Inapplicable ; Inapplicable ; Inapplicable ; Inapplicable ; Inapplicable ; Inapplicable ; Inapplicable ; Inapplicable ; Inapplicable ; Pass      ; Inapplicable ; Inapplicable ; Inapplicable ; Inapplicable ; Inapplicable ;
; slave_data5[1]     ; Inapplicable ; Inapplicable ; Inapplicable ; Inapplicable ; Inapplicable ; Pass      ; Inapplicable ; Inapplicable ; Pass      ; Pass      ; Inapplicable ; Inapplicable ; Inapplicable ; Inapplicable ; Inapplicable ; Inapplicable ; Inapplicable ; Inapplicable ; Inapplicable ; Inapplicable ; Inapplicable ; Inapplicable ; Inapplicable ; Inapplicable ; Inapplicable ; Pass      ; Inapplicable ; Inapplicable ; Inapplicable ; Inapplicable ; Inapplicable ;
; slave_data5[0]     ; Inapplicable ; Inapplicable ; Inapplicable ; Inapplicable ; Inapplicable ; Pass      ; Inapplicable ; Inapplicable ; Pass      ; Pass      ; Inapplicable ; Inapplicable ; Inapplicable ; Inapplicable ; Inapplicable ; Inapplicable ; Inapplicable ; Inapplicable ; Inapplicable ; Inapplicable ; Inapplicable ; Inapplicable ; Inapplicable ; Inapplicable ; Inapplicable ; Pass      ; Inapplicable ; Inapplicable ; Inapplicable ; Inapplicable ; Inapplicable ;
; clk                ; Inapplicable ; Inapplicable ; Inapplicable ; Inapplicable ; Inapplicable ; Pass      ; Inapplicable ; Inapplicable ; Pass      ; Pass      ; Inapplicable ; Inapplicable ; Inapplicable ; Inapplicable ; Inapplicable ; Inapplicable ; Inapplicable ; Inapplicable ; Inapplicable ; Inapplicable ; Inapplicable ; Inapplicable ; Inapplicable ; Inapplicable ; Inapplicable ; Pass      ; Inapplicable ; Inapplicable ; Inapplicable ; Inapplicable ; Inapplicable ;
; REQ[2]             ; Inapplicable ; Inapplicable ; Inapplicable ; Inapplicable ; Inapplicable ; Pass      ; Inapplicable ; Inapplicable ; Pass      ; Pass      ; Inapplicable ; Inapplicable ; Inapplicable ; Inapplicable ; Inapplicable ; Inapplicable ; Inapplicable ; Inapplicable ; Inapplicable ; Inapplicable ; Inapplicable ; Inapplicable ; Inapplicable ; Inapplicable ; Inapplicable ; Pass      ; Inapplicable ; Inapplicable ; Inapplicable ; Inapplicable ; Inapplicable ;
; REQ[1]             ; Inapplicable ; Inapplicable ; Inapplicable ; Inapplicable ; Inapplicable ; Pass      ; Inapplicable ; Inapplicable ; Pass      ; Pass      ; Inapplicable ; Inapplicable ; Inapplicable ; Inapplicable ; Inapplicable ; Inapplicable ; Inapplicable ; Inapplicable ; Inapplicable ; Inapplicable ; Inapplicable ; Inapplicable ; Inapplicable ; Inapplicable ; Inapplicable ; Pass      ; Inapplicable ; Inapplicable ; Inapplicable ; Inapplicable ; Inapplicable ;
; REQ[0]             ; Inapplicable ; Inapplicable ; Inapplicable ; Inapplicable ; Inapplicable ; Pass      ; Inapplicable ; Inapplicable ; Pass      ; Pass      ; Inapplicable ; Inapplicable ; Inapplicable ; Inapplicable ; Inapplicable ; Inapplicable ; Inapplicable ; Inapplicable ; Inapplicable ; Inapplicable ; Inapplicable ; Inapplicable ; Inapplicable ; Inapplicable ; Inapplicable ; Pass      ; Inapplicable ; Inapplicable ; Inapplicable ; Inapplicable ; Inapplicable ;
+--------------------+--------------+--------------+--------------+--------------+--------------+-----------+--------------+--------------+-----------+-----------+--------------+--------------+--------------+--------------+--------------+--------------+--------------+--------------+--------------+--------------+--------------+--------------+--------------+--------------+--------------+-----------+--------------+--------------+--------------+--------------+--------------+


+-------------------------------------------------------------------------+
; Fitter Device Options                                                   ;
+----------------------------------------------+--------------------------+
; Option                                       ; Setting                  ;
+----------------------------------------------+--------------------------+
; Enable user-supplied start-up clock (CLKUSR) ; Off                      ;
; Enable device-wide reset (DEV_CLRn)          ; Off                      ;
; Enable device-wide output enable (DEV_OE)    ; Off                      ;
; Enable INIT_DONE output                      ; Off                      ;
; Configuration scheme                         ; Passive Serial           ;
; Error detection CRC                          ; Off                      ;
; Configuration Voltage Level                  ; Auto                     ;
; Force Configuration Voltage Level            ; Off                      ;
; nWS, nRS, nCS, CS                            ; Unreserved               ;
; RDYnBUSY                                     ; Unreserved               ;
; Data[7..1]                                   ; Unreserved               ;
; Data[0]                                      ; As input tri-stated      ;
; ASDO,nCSO                                    ; Unreserved               ;
; Reserve all unused pins                      ; As output driving ground ;
; Base pin-out file on sameframe device        ; Off                      ;
+----------------------------------------------+--------------------------+


+------------------------------------+
; Operating Settings and Conditions  ;
+---------------------------+--------+
; Setting                   ; Value  ;
+---------------------------+--------+
; Nominal Core Voltage      ; 1.20 V ;
; Low Junction Temperature  ; 0 ∞C   ;
; High Junction Temperature ; 85 ∞C  ;
+---------------------------+--------+


+----------------------------------------------------------------+
; Estimated Delay Added for Hold Timing                          ;
+-----------------+--------------------------+-------------------+
; Source Clock(s) ; Destination Clock(s)     ; Delay Added in ns ;
+-----------------+--------------------------+-------------------+
; clk             ; REQ[1],REQ[2],REQ[0],clk ; 56.6468           ;
+-----------------+--------------------------+-------------------+
Note: For more information on problematic transfers, consider running the Fitter again with the Optimize hold timing option (Settings Menu) turned off.
This will disable optimization of problematic paths and expose them for further analysis using either the TimeQuest Timing Analyzer or the Classic Timing Analyzer.


+-----------------+
; Fitter Messages ;
+-----------------+
Info: *******************************************************************
Info: Running Quartus II Fitter
    Info: Version 9.1 Build 222 10/21/2009 SJ Web Edition
    Info: Processing started: Thu Feb 22 18:50:01 2024
Info: Command: quartus_fit --read_settings_files=off --write_settings_files=off Lab7 -c Lab7
Info: Automatically selected device EP2S15F484C3 for design Lab7
Info: Fitter is performing an Auto Fit compilation, which may decrease Fitter effort to reduce compilation time
Warning: Feature LogicLock is only available with a valid subscription license. Please purchase a software subscription to gain full access to this feature.
Info: Device migration not selected. If you intend to use device migration later, you may need to change the pin assignments as they may be incompatible with other devices
Info: Fitter converted 1 user pins into dedicated programming pins
    Info: Pin ~DATA0~ is reserved at location E13
Critical Warning: No exact pin location assignment(s) for 62 pins of 62 total pins
    Info: Pin MSYN not assigned to an exact location on the device
    Info: Pin SSYN not assigned to an exact location on the device
    Info: Pin address[2] not assigned to an exact location on the device
    Info: Pin address[1] not assigned to an exact location on the device
    Info: Pin address[0] not assigned to an exact location on the device
    Info: Pin data[7] not assigned to an exact location on the device
    Info: Pin data[6] not assigned to an exact location on the device
    Info: Pin data[5] not assigned to an exact location on the device
    Info: Pin data[4] not assigned to an exact location on the device
    Info: Pin data[3] not assigned to an exact location on the device
    Info: Pin data[2] not assigned to an exact location on the device
    Info: Pin data[1] not assigned to an exact location on the device
    Info: Pin data[0] not assigned to an exact location on the device
    Info: Pin GNT1 not assigned to an exact location on the device
    Info: Pin BBUSY not assigned to an exact location on the device
    Info: Pin GNT2 not assigned to an exact location on the device
    Info: Pin BREQ1 not assigned to an exact location on the device
    Info: Pin BREQ2 not assigned to an exact location on the device
    Info: Pin slave_data1[7] not assigned to an exact location on the device
    Info: Pin slave_data1[6] not assigned to an exact location on the device
    Info: Pin slave_data1[5] not assigned to an exact location on the device
    Info: Pin slave_data1[4] not assigned to an exact location on the device
    Info: Pin slave_data1[3] not assigned to an exact location on the device
    Info: Pin slave_data1[2] not assigned to an exact location on the device
    Info: Pin slave_data1[1] not assigned to an exact location on the device
    Info: Pin slave_data1[0] not assigned to an exact location on the device
    Info: Pin slave_data2[7] not assigned to an exact location on the device
    Info: Pin slave_data2[6] not assigned to an exact location on the device
    Info: Pin slave_data2[5] not assigned to an exact location on the device
    Info: Pin slave_data2[4] not assigned to an exact location on the device
    Info: Pin slave_data2[3] not assigned to an exact location on the device
    Info: Pin slave_data2[2] not assigned to an exact location on the device
    Info: Pin slave_data2[1] not assigned to an exact location on the device
    Info: Pin slave_data2[0] not assigned to an exact location on the device
    Info: Pin slave_data3[7] not assigned to an exact location on the device
    Info: Pin slave_data3[6] not assigned to an exact location on the device
    Info: Pin slave_data3[5] not assigned to an exact location on the device
    Info: Pin slave_data3[4] not assigned to an exact location on the device
    Info: Pin slave_data3[3] not assigned to an exact location on the device
    Info: Pin slave_data3[2] not assigned to an exact location on the device
    Info: Pin slave_data3[1] not assigned to an exact location on the device
    Info: Pin slave_data3[0] not assigned to an exact location on the device
    Info: Pin slave_data4[7] not assigned to an exact location on the device
    Info: Pin slave_data4[6] not assigned to an exact location on the device
    Info: Pin slave_data4[5] not assigned to an exact location on the device
    Info: Pin slave_data4[4] not assigned to an exact location on the device
    Info: Pin slave_data4[3] not assigned to an exact location on the device
    Info: Pin slave_data4[2] not assigned to an exact location on the device
    Info: Pin slave_data4[1] not assigned to an exact location on the device
    Info: Pin slave_data4[0] not assigned to an exact location on the device
    Info: Pin slave_data5[7] not assigned to an exact location on the device
    Info: Pin slave_data5[6] not assigned to an exact location on the device
    Info: Pin slave_data5[5] not assigned to an exact location on the device
    Info: Pin slave_data5[4] not assigned to an exact location on the device
    Info: Pin slave_data5[3] not assigned to an exact location on the device
    Info: Pin slave_data5[2] not assigned to an exact location on the device
    Info: Pin slave_data5[1] not assigned to an exact location on the device
    Info: Pin slave_data5[0] not assigned to an exact location on the device
    Info: Pin clk not assigned to an exact location on the device
    Info: Pin REQ[2] not assigned to an exact location on the device
    Info: Pin REQ[1] not assigned to an exact location on the device
    Info: Pin REQ[0] not assigned to an exact location on the device
Warning: Some pins have incomplete I/O assignments. Refer to the I/O Assignment Warnings report for details
Info: Timing-driven compilation is using the Classic Timing Analyzer
Info: Timing requirements not specified -- quality metrics such as performance and power consumption may be sacrificed to reduce compilation time.
Info: Automatically promoted node REQ[0] (placed in PIN N20 (CLK3p, Input))
    Info: Automatically promoted destinations to use location or clock signal Global Clock CLKCTRL_G3
    Info: Following destination nodes may be non-global or may not use global or regional clocks
        Info: Destination node master:inst9|inst32
Info: Automatically promoted node REQ[1] (placed in PIN M21 (CLK1p, Input))
    Info: Automatically promoted destinations to use location or clock signal Global Clock CLKCTRL_G1
    Info: Following destination nodes may be non-global or may not use global or regional clocks
        Info: Destination node master:inst8|inst32
Info: Automatically promoted node REQ[2] (placed in PIN M2 (CLK11p, Input))
    Info: Automatically promoted destinations to use location or clock signal Global Clock CLKCTRL_G9
    Info: Following destination nodes may be non-global or may not use global or regional clocks
        Info: Destination node master:inst|inst32
Info: Automatically promoted node slave:inst10|inst52 
    Info: Automatically promoted destinations to use location or clock signal Global Clock
Info: Automatically promoted node slave:inst11|inst52 
    Info: Automatically promoted destinations to use location or clock signal Global Clock
Info: Automatically promoted node slave:inst12|inst52 
    Info: Automatically promoted destinations to use location or clock signal Global Clock
Info: Automatically promoted node slave:inst1|inst52 
    Info: Automatically promoted destinations to use location or clock signal Global Clock
Info: Automatically promoted node slave:inst7|inst52 
    Info: Automatically promoted destinations to use location or clock signal Global Clock
Info: Starting register packing
Extra Info: Performing register packing on registers with non-logic cell location assignments
Extra Info: Completed register packing on registers with non-logic cell location assignments
Extra Info: Started Fast Input/Output/OE register processing
Extra Info: Finished Fast Input/Output/OE register processing
Extra Info: Moving registers into I/O cells, DSP blocks, and RAM blocks to improve timing and density
Extra Info: Finished moving registers into I/O cells, DSP blocks, and RAM blocks
Info: Finished register packing
    Extra Info: No registers were packed into other blocks
Info: Statistics of I/O pins that need to be placed that use the same VCCIO and VREF, before I/O pin placement
    Info: Number of I/O pins in group: 59 (unused VREF, 3.3V VCCIO, 1 input, 58 output, 0 bidirectional)
        Info: I/O standards used: 3.3-V LVTTL.
Info: I/O bank details before I/O pin placement
    Info: Statistics of I/O banks
        Info: I/O bank number 1 does not use VREF pins and has undetermined VCCIO pins. 1 total pin(s) used --  39 pins available
        Info: I/O bank number 2 does not use VREF pins and has undetermined VCCIO pins. 1 total pin(s) used --  43 pins available
        Info: I/O bank number 3 does not use VREF pins and has undetermined VCCIO pins. 1 total pin(s) used --  49 pins available
        Info: I/O bank number 4 does not use VREF pins and has undetermined VCCIO pins. 0 total pin(s) used --  35 pins available
        Info: I/O bank number 5 does not use VREF pins and has undetermined VCCIO pins. 1 total pin(s) used --  43 pins available
        Info: I/O bank number 6 does not use VREF pins and has undetermined VCCIO pins. 0 total pin(s) used --  40 pins available
        Info: I/O bank number 7 does not use VREF pins and has undetermined VCCIO pins. 0 total pin(s) used --  34 pins available
        Info: I/O bank number 8 does not use VREF pins and has undetermined VCCIO pins. 0 total pin(s) used --  43 pins available
        Info: I/O bank number 9 does not use VREF pins and has undetermined VCCIO pins. 0 total pin(s) used --  6 pins available
        Info: I/O bank number 10 does not use VREF pins and has undetermined VCCIO pins. 0 total pin(s) used --  6 pins available
Info: Fitter preparation operations ending: elapsed time is 00:00:00
Info: Fitter placement preparation operations beginning
Info: Fitter placement preparation operations ending: elapsed time is 00:00:00
Info: Fitter placement operations beginning
Info: Fitter placement was successful
Info: Fitter placement operations ending: elapsed time is 00:00:00
Info: Estimated most critical path is register to register delay of 1.445 ns
    Info: 1: + IC(0.000 ns) + CELL(0.000 ns) = 0.000 ns; Loc. = LAB_X13_Y26; Fanout = 3; REG Node = 'master:inst9|inst20'
    Info: 2: + IC(0.131 ns) + CELL(0.272 ns) = 0.403 ns; Loc. = LAB_X13_Y26; Fanout = 3; COMB Node = 'master:inst9|lpm_counter0:inst14|lpm_counter:lpm_counter_component|cntr_4pi:auto_generated|_~0'
    Info: 3: + IC(0.296 ns) + CELL(0.746 ns) = 1.445 ns; Loc. = LAB_X14_Y26; Fanout = 4; REG Node = 'master:inst9|lpm_counter0:inst14|lpm_counter:lpm_counter_component|cntr_4pi:auto_generated|safe_q[2]'
    Info: Total cell delay = 1.018 ns ( 70.45 % )
    Info: Total interconnect delay = 0.427 ns ( 29.55 % )
Info: Fitter routing operations beginning
Info: 5 (of 743) connections in the design require a large routing delay to satisfy hold requirements. Refer to the Fitter report for a summary of the relevant clock transfers. Also, check the circuit's timing constraints and clocking methodology, especially multicycles and gated clocks.
Info: Average interconnect usage is 0% of the available device resources
    Info: Peak interconnect usage is 2% of the available device resources in the region that extends from location X13_Y14 to location X26_Y27
Info: Fitter routing operations ending: elapsed time is 00:00:01
Info: The Fitter performed an Auto Fit compilation.  Optimizations were skipped to reduce compilation time.
    Info: Optimizations that may affect the design's routability were skipped
    Info: Optimizations that may affect the design's timing were skipped
Info: Started post-fitting delay annotation
Warning: Found 58 output pins without output pin load capacitance assignment
    Info: Pin "MSYN" has no specified output pin load capacitance -- assuming default load capacitance of 0 pF for timing analysis
    Info: Pin "SSYN" has no specified output pin load capacitance -- assuming default load capacitance of 0 pF for timing analysis
    Info: Pin "address[2]" has no specified output pin load capacitance -- assuming default load capacitance of 0 pF for timing analysis
    Info: Pin "address[1]" has no specified output pin load capacitance -- assuming default load capacitance of 0 pF for timing analysis
    Info: Pin "address[0]" has no specified output pin load capacitance -- assuming default load capacitance of 0 pF for timing analysis
    Info: Pin "data[7]" has no specified output pin load capacitance -- assuming default load capacitance of 0 pF for timing analysis
    Info: Pin "data[6]" has no specified output pin load capacitance -- assuming default load capacitance of 0 pF for timing analysis
    Info: Pin "data[5]" has no specified output pin load capacitance -- assuming default load capacitance of 0 pF for timing analysis
    Info: Pin "data[4]" has no specified output pin load capacitance -- assuming default load capacitance of 0 pF for timing analysis
    Info: Pin "data[3]" has no specified output pin load capacitance -- assuming default load capacitance of 0 pF for timing analysis
    Info: Pin "data[2]" has no specified output pin load capacitance -- assuming default load capacitance of 0 pF for timing analysis
    Info: Pin "data[1]" has no specified output pin load capacitance -- assuming default load capacitance of 0 pF for timing analysis
    Info: Pin "data[0]" has no specified output pin load capacitance -- assuming default load capacitance of 0 pF for timing analysis
    Info: Pin "GNT1" has no specified output pin load capacitance -- assuming default load capacitance of 0 pF for timing analysis
    Info: Pin "BBUSY" has no specified output pin load capacitance -- assuming default load capacitance of 0 pF for timing analysis
    Info: Pin "GNT2" has no specified output pin load capacitance -- assuming default load capacitance of 0 pF for timing analysis
    Info: Pin "BREQ1" has no specified output pin load capacitance -- assuming default load capacitance of 0 pF for timing analysis
    Info: Pin "BREQ2" has no specified output pin load capacitance -- assuming default load capacitance of 0 pF for timing analysis
    Info: Pin "slave_data1[7]" has no specified output pin load capacitance -- assuming default load capacitance of 0 pF for timing analysis
    Info: Pin "slave_data1[6]" has no specified output pin load capacitance -- assuming default load capacitance of 0 pF for timing analysis
    Info: Pin "slave_data1[5]" has no specified output pin load capacitance -- assuming default load capacitance of 0 pF for timing analysis
    Info: Pin "slave_data1[4]" has no specified output pin load capacitance -- assuming default load capacitance of 0 pF for timing analysis
    Info: Pin "slave_data1[3]" has no specified output pin load capacitance -- assuming default load capacitance of 0 pF for timing analysis
    Info: Pin "slave_data1[2]" has no specified output pin load capacitance -- assuming default load capacitance of 0 pF for timing analysis
    Info: Pin "slave_data1[1]" has no specified output pin load capacitance -- assuming default load capacitance of 0 pF for timing analysis
    Info: Pin "slave_data1[0]" has no specified output pin load capacitance -- assuming default load capacitance of 0 pF for timing analysis
    Info: Pin "slave_data2[7]" has no specified output pin load capacitance -- assuming default load capacitance of 0 pF for timing analysis
    Info: Pin "slave_data2[6]" has no specified output pin load capacitance -- assuming default load capacitance of 0 pF for timing analysis
    Info: Pin "slave_data2[5]" has no specified output pin load capacitance -- assuming default load capacitance of 0 pF for timing analysis
    Info: Pin "slave_data2[4]" has no specified output pin load capacitance -- assuming default load capacitance of 0 pF for timing analysis
    Info: Pin "slave_data2[3]" has no specified output pin load capacitance -- assuming default load capacitance of 0 pF for timing analysis
    Info: Pin "slave_data2[2]" has no specified output pin load capacitance -- assuming default load capacitance of 0 pF for timing analysis
    Info: Pin "slave_data2[1]" has no specified output pin load capacitance -- assuming default load capacitance of 0 pF for timing analysis
    Info: Pin "slave_data2[0]" has no specified output pin load capacitance -- assuming default load capacitance of 0 pF for timing analysis
    Info: Pin "slave_data3[7]" has no specified output pin load capacitance -- assuming default load capacitance of 0 pF for timing analysis
    Info: Pin "slave_data3[6]" has no specified output pin load capacitance -- assuming default load capacitance of 0 pF for timing analysis
    Info: Pin "slave_data3[5]" has no specified output pin load capacitance -- assuming default load capacitance of 0 pF for timing analysis
    Info: Pin "slave_data3[4]" has no specified output pin load capacitance -- assuming default load capacitance of 0 pF for timing analysis
    Info: Pin "slave_data3[3]" has no specified output pin load capacitance -- assuming default load capacitance of 0 pF for timing analysis
    Info: Pin "slave_data3[2]" has no specified output pin load capacitance -- assuming default load capacitance of 0 pF for timing analysis
    Info: Pin "slave_data3[1]" has no specified output pin load capacitance -- assuming default load capacitance of 0 pF for timing analysis
    Info: Pin "slave_data3[0]" has no specified output pin load capacitance -- assuming default load capacitance of 0 pF for timing analysis
    Info: Pin "slave_data4[7]" has no specified output pin load capacitance -- assuming default load capacitance of 0 pF for timing analysis
    Info: Pin "slave_data4[6]" has no specified output pin load capacitance -- assuming default load capacitance of 0 pF for timing analysis
    Info: Pin "slave_data4[5]" has no specified output pin load capacitance -- assuming default load capacitance of 0 pF for timing analysis
    Info: Pin "slave_data4[4]" has no specified output pin load capacitance -- assuming default load capacitance of 0 pF for timing analysis
    Info: Pin "slave_data4[3]" has no specified output pin load capacitance -- assuming default load capacitance of 0 pF for timing analysis
    Info: Pin "slave_data4[2]" has no specified output pin load capacitance -- assuming default load capacitance of 0 pF for timing analysis
    Info: Pin "slave_data4[1]" has no specified output pin load capacitance -- assuming default load capacitance of 0 pF for timing analysis
    Info: Pin "slave_data4[0]" has no specified output pin load capacitance -- assuming default load capacitance of 0 pF for timing analysis
    Info: Pin "slave_data5[7]" has no specified output pin load capacitance -- assuming default load capacitance of 0 pF for timing analysis
    Info: Pin "slave_data5[6]" has no specified output pin load capacitance -- assuming default load capacitance of 0 pF for timing analysis
    Info: Pin "slave_data5[5]" has no specified output pin load capacitance -- assuming default load capacitance of 0 pF for timing analysis
    Info: Pin "slave_data5[4]" has no specified output pin load capacitance -- assuming default load capacitance of 0 pF for timing analysis
    Info: Pin "slave_data5[3]" has no specified output pin load capacitance -- assuming default load capacitance of 0 pF for timing analysis
    Info: Pin "slave_data5[2]" has no specified output pin load capacitance -- assuming default load capacitance of 0 pF for timing analysis
    Info: Pin "slave_data5[1]" has no specified output pin load capacitance -- assuming default load capacitance of 0 pF for timing analysis
    Info: Pin "slave_data5[0]" has no specified output pin load capacitance -- assuming default load capacitance of 0 pF for timing analysis
Info: Delay annotation completed successfully
Warning: The Reserve All Unused Pins setting has not been specified, and will default to 'As output driving ground'.
Info: Quartus II Fitter was successful. 0 errors, 5 warnings
    Info: Peak virtual memory: 294 megabytes
    Info: Processing ended: Thu Feb 22 18:50:05 2024
    Info: Elapsed time: 00:00:04
    Info: Total CPU time (on all processors): 00:00:05


