Classic Timing Analyzer report for Lab7
Thu Feb 22 18:50:09 2024
Quartus II Version 9.1 Build 222 10/21/2009 SJ Web Edition


---------------------
; Table of Contents ;
---------------------
  1. Legal Notice
  2. Timing Analyzer Summary
  3. Timing Analyzer Settings
  4. Clock Settings Summary
  5. Parallel Compilation
  6. Clock Setup: 'REQ[1]'
  7. Clock Setup: 'REQ[2]'
  8. Clock Setup: 'REQ[0]'
  9. Clock Setup: 'clk'
 10. Clock Hold: 'REQ[1]'
 11. Clock Hold: 'REQ[2]'
 12. Clock Hold: 'REQ[0]'
 13. Clock Hold: 'clk'
 14. tco
 15. Timing Analyzer Messages



----------------
; Legal Notice ;
----------------
Copyright (C) 1991-2009 Altera Corporation
Your use of Altera Corporation's design tools, logic functions 
and other software and tools, and its AMPP partner logic 
functions, and any output files from any of the foregoing 
(including device programming or simulation files), and any 
associated documentation or information are expressly subject 
to the terms and conditions of the Altera Program License 
Subscription Agreement, Altera MegaCore Function License 
Agreement, or other applicable license agreement, including, 
without limitation, that your use is for the sole purpose of 
programming logic devices manufactured by Altera and sold by 
Altera or its authorized distributors.  Please refer to the 
applicable agreement for further details.



+---------------------------------------------------------------------------------------------------------------------------------------------------------------------------------------------------------------------------------------------------------------------------------------------------------------------------------------+
; Timing Analyzer Summary                                                                                                                                                                                                                                                                                                               ;
+------------------------------+------------------------------------------+---------------+----------------------------------+------------------------------------------------------------+------------------------------------------------------------------------------------------------------+------------+----------+--------------+
; Type                         ; Slack                                    ; Required Time ; Actual Time                      ; From                                                       ; To                                                                                                   ; From Clock ; To Clock ; Failed Paths ;
+------------------------------+------------------------------------------+---------------+----------------------------------+------------------------------------------------------------+------------------------------------------------------------------------------------------------------+------------+----------+--------------+
; Worst-case tco               ; N/A                                      ; None          ; 23.513 ns                        ; slave:inst7|lpm_dff0:inst3|lpm_ff:lpm_ff_component|dffs[3] ; slave_data5[3]                                                                                       ; REQ[2]     ; --       ; 0            ;
; Clock Setup: 'clk'           ; N/A                                      ; None          ; 31.58 MHz ( period = 31.670 ns ) ; master:inst9|inst20                                        ; master:inst9|lpm_counter0:inst14|lpm_counter:lpm_counter_component|cntr_4pi:auto_generated|safe_q[1] ; clk        ; clk      ; 0            ;
; Clock Setup: 'REQ[2]'        ; N/A                                      ; None          ; 102.04 MHz ( period = 9.800 ns ) ; master:inst8|inst20                                        ; master:inst8|inst20                                                                                  ; REQ[2]     ; REQ[2]   ; 0            ;
; Clock Setup: 'REQ[1]'        ; N/A                                      ; None          ; 103.80 MHz ( period = 9.634 ns ) ; master:inst8|inst20                                        ; master:inst8|inst20                                                                                  ; REQ[1]     ; REQ[1]   ; 0            ;
; Clock Setup: 'REQ[0]'        ; N/A                                      ; None          ; 121.01 MHz ( period = 8.264 ns ) ; master:inst8|inst20                                        ; master:inst8|inst20                                                                                  ; REQ[0]     ; REQ[0]   ; 0            ;
; Clock Hold: 'REQ[2]'         ; Not operational: Clock Skew > Data Delay ; None          ; N/A                              ; master:inst8|inst44                                        ; slave:inst12|lpm_dff0:inst3|lpm_ff:lpm_ff_component|dffs[0]                                          ; REQ[2]     ; REQ[2]   ; 173          ;
; Clock Hold: 'REQ[1]'         ; Not operational: Clock Skew > Data Delay ; None          ; N/A                              ; master:inst8|inst44                                        ; slave:inst12|lpm_dff0:inst3|lpm_ff:lpm_ff_component|dffs[0]                                          ; REQ[1]     ; REQ[1]   ; 173          ;
; Clock Hold: 'clk'            ; Not operational: Clock Skew > Data Delay ; None          ; N/A                              ; master:inst9|inst44                                        ; slave:inst11|lpm_dff0:inst3|lpm_ff:lpm_ff_component|dffs[1]                                          ; clk        ; clk      ; 166          ;
; Clock Hold: 'REQ[0]'         ; Not operational: Clock Skew > Data Delay ; None          ; N/A                              ; master:inst9|inst44                                        ; slave:inst10|lpm_dff0:inst3|lpm_ff:lpm_ff_component|dffs[1]                                          ; REQ[0]     ; REQ[0]   ; 132          ;
; Total number of failed paths ;                                          ;               ;                                  ;                                                            ;                                                                                                      ;            ;          ; 644          ;
+------------------------------+------------------------------------------+---------------+----------------------------------+------------------------------------------------------------+------------------------------------------------------------------------------------------------------+------------+----------+--------------+


+-----------------------------------------------------------------------------------------------------------------------------------------------------+
; Timing Analyzer Settings                                                                                                                            ;
+------------------------------------------------------------------------------------------------------+--------------------+------+----+-------------+
; Option                                                                                               ; Setting            ; From ; To ; Entity Name ;
+------------------------------------------------------------------------------------------------------+--------------------+------+----+-------------+
; Device Name                                                                                          ; EP2S15F484C3       ;      ;    ;             ;
; Timing Models                                                                                        ; Final              ;      ;    ;             ;
; Default hold multicycle                                                                              ; Same as Multicycle ;      ;    ;             ;
; Cut paths between unrelated clock domains                                                            ; On                 ;      ;    ;             ;
; Cut off read during write signal paths                                                               ; On                 ;      ;    ;             ;
; Cut off feedback from I/O pins                                                                       ; On                 ;      ;    ;             ;
; Report Combined Fast/Slow Timing                                                                     ; Off                ;      ;    ;             ;
; Ignore Clock Settings                                                                                ; Off                ;      ;    ;             ;
; Analyze latches as synchronous elements                                                              ; On                 ;      ;    ;             ;
; Enable Recovery/Removal analysis                                                                     ; Off                ;      ;    ;             ;
; Enable Clock Latency                                                                                 ; Off                ;      ;    ;             ;
; Use TimeQuest Timing Analyzer                                                                        ; Off                ;      ;    ;             ;
; Number of source nodes to report per destination node                                                ; 10                 ;      ;    ;             ;
; Number of destination nodes to report                                                                ; 10                 ;      ;    ;             ;
; Number of paths to report                                                                            ; 200                ;      ;    ;             ;
; Report Minimum Timing Checks                                                                         ; Off                ;      ;    ;             ;
; Use Fast Timing Models                                                                               ; Off                ;      ;    ;             ;
; Report IO Paths Separately                                                                           ; Off                ;      ;    ;             ;
; Perform Multicorner Analysis                                                                         ; On                 ;      ;    ;             ;
; Reports the worst-case path for each clock domain and analysis                                       ; Off                ;      ;    ;             ;
; Reports worst-case timing paths for each clock domain and analysis                                   ; Off                ;      ;    ;             ;
; Specifies the maximum number of worst-case timing paths to report for each clock domain and analysis ; 100                ;      ;    ;             ;
; Removes common clock path pessimism (CCPP) during slack computation                                  ; Off                ;      ;    ;             ;
; Output I/O Timing Endpoint                                                                           ; Near End           ;      ;    ;             ;
+------------------------------------------------------------------------------------------------------+--------------------+------+----+-------------+


+------------------------------------------------------------------------------------------------------------------------------------------------------------------------------------+
; Clock Settings Summary                                                                                                                                                             ;
+-----------------+--------------------+----------+------------------+---------------+--------------+----------+-----------------------+---------------------+--------+--------------+
; Clock Node Name ; Clock Setting Name ; Type     ; Fmax Requirement ; Early Latency ; Late Latency ; Based on ; Multiply Base Fmax by ; Divide Base Fmax by ; Offset ; Phase offset ;
+-----------------+--------------------+----------+------------------+---------------+--------------+----------+-----------------------+---------------------+--------+--------------+
; REQ[1]          ;                    ; User Pin ; None             ; 0.000 ns      ; 0.000 ns     ; --       ; N/A                   ; N/A                 ; N/A    ;              ;
; REQ[2]          ;                    ; User Pin ; None             ; 0.000 ns      ; 0.000 ns     ; --       ; N/A                   ; N/A                 ; N/A    ;              ;
; REQ[0]          ;                    ; User Pin ; None             ; 0.000 ns      ; 0.000 ns     ; --       ; N/A                   ; N/A                 ; N/A    ;              ;
; clk             ;                    ; User Pin ; None             ; 0.000 ns      ; 0.000 ns     ; --       ; N/A                   ; N/A                 ; N/A    ;              ;
+-----------------+--------------------+----------+------------------+---------------+--------------+----------+-----------------------+---------------------+--------+--------------+


Parallel compilation was disabled, but you have multiple processors available. Enable parallel compilation to reduce compilation time.
+-------------------------------------+
; Parallel Compilation                ;
+----------------------------+--------+
; Processors                 ; Number ;
+----------------------------+--------+
; Number detected on machine ; 8      ;
; Maximum allowed            ; 1      ;
+----------------------------+--------+


+----------------------------------------------------------------------------------------------------------------------------------------------------------------------------------------------------------------------------------------------------------------------------------------------------------------------------------------------------------------------------------+
; Clock Setup: 'REQ[1]'                                                                                                                                                                                                                                                                                                                                                            ;
+-------+------------------------------------------------+------------------------------------------------------------------------------------------------------+------------------------------------------------------------------------------------------------------+------------+----------+-----------------------------+---------------------------+-------------------------+
; Slack ; Actual fmax (period)                           ; From                                                                                                 ; To                                                                                                   ; From Clock ; To Clock ; Required Setup Relationship ; Required Longest P2P Time ; Actual Longest P2P Time ;
+-------+------------------------------------------------+------------------------------------------------------------------------------------------------------+------------------------------------------------------------------------------------------------------+------------+----------+-----------------------------+---------------------------+-------------------------+
; N/A   ; 103.80 MHz ( period = 9.634 ns )               ; master:inst|inst29                                                                                   ; master:inst|inst29                                                                                   ; REQ[1]     ; REQ[1]   ; None                        ; None                      ; 0.488 ns                ;
; N/A   ; 103.80 MHz ( period = 9.634 ns )               ; master:inst8|inst20                                                                                  ; master:inst8|inst20                                                                                  ; REQ[1]     ; REQ[1]   ; None                        ; None                      ; 0.488 ns                ;
; N/A   ; 104.80 MHz ( period = 9.542 ns )               ; master:inst9|inst20                                                                                  ; master:inst9|inst20                                                                                  ; REQ[1]     ; REQ[1]   ; None                        ; None                      ; 0.396 ns                ;
; N/A   ; 104.80 MHz ( period = 9.542 ns )               ; master:inst|inst20                                                                                   ; master:inst|inst20                                                                                   ; REQ[1]     ; REQ[1]   ; None                        ; None                      ; 0.396 ns                ;
; N/A   ; 104.80 MHz ( period = 9.542 ns )               ; master:inst9|inst29                                                                                  ; master:inst9|inst29                                                                                  ; REQ[1]     ; REQ[1]   ; None                        ; None                      ; 0.396 ns                ;
; N/A   ; 104.80 MHz ( period = 9.542 ns )               ; master:inst8|inst29                                                                                  ; master:inst8|inst29                                                                                  ; REQ[1]     ; REQ[1]   ; None                        ; None                      ; 0.396 ns                ;
; N/A   ; 112.37 MHz ( period = 8.899 ns )               ; slave:inst12|inst51                                                                                  ; slave:inst12|inst51                                                                                  ; REQ[1]     ; REQ[1]   ; None                        ; None                      ; 0.488 ns                ;
; N/A   ; 112.37 MHz ( period = 8.899 ns )               ; slave:inst1|inst51                                                                                   ; slave:inst1|inst51                                                                                   ; REQ[1]     ; REQ[1]   ; None                        ; None                      ; 0.488 ns                ;
; N/A   ; 112.37 MHz ( period = 8.899 ns )               ; slave:inst7|inst51                                                                                   ; slave:inst7|inst51                                                                                   ; REQ[1]     ; REQ[1]   ; None                        ; None                      ; 0.488 ns                ;
; N/A   ; 112.37 MHz ( period = 8.899 ns )               ; slave:inst10|inst51                                                                                  ; slave:inst10|inst51                                                                                  ; REQ[1]     ; REQ[1]   ; None                        ; None                      ; 0.488 ns                ;
; N/A   ; 112.37 MHz ( period = 8.899 ns )               ; slave:inst11|inst51                                                                                  ; slave:inst11|inst51                                                                                  ; REQ[1]     ; REQ[1]   ; None                        ; None                      ; 0.488 ns                ;
; N/A   ; 112.37 MHz ( period = 8.899 ns )               ; slave:inst12|inst20                                                                                  ; slave:inst12|inst20                                                                                  ; REQ[1]     ; REQ[1]   ; None                        ; None                      ; 0.488 ns                ;
; N/A   ; 113.55 MHz ( period = 8.807 ns )               ; slave:inst12|inst12                                                                                  ; slave:inst12|inst12                                                                                  ; REQ[1]     ; REQ[1]   ; None                        ; None                      ; 0.396 ns                ;
; N/A   ; 113.55 MHz ( period = 8.807 ns )               ; slave:inst1|inst20                                                                                   ; slave:inst1|inst20                                                                                   ; REQ[1]     ; REQ[1]   ; None                        ; None                      ; 0.396 ns                ;
; N/A   ; 113.55 MHz ( period = 8.807 ns )               ; slave:inst7|inst12                                                                                   ; slave:inst7|inst12                                                                                   ; REQ[1]     ; REQ[1]   ; None                        ; None                      ; 0.396 ns                ;
; N/A   ; 113.55 MHz ( period = 8.807 ns )               ; slave:inst7|inst20                                                                                   ; slave:inst7|inst20                                                                                   ; REQ[1]     ; REQ[1]   ; None                        ; None                      ; 0.396 ns                ;
; N/A   ; 113.55 MHz ( period = 8.807 ns )               ; slave:inst1|inst12                                                                                   ; slave:inst1|inst12                                                                                   ; REQ[1]     ; REQ[1]   ; None                        ; None                      ; 0.396 ns                ;
; N/A   ; 113.55 MHz ( period = 8.807 ns )               ; slave:inst10|inst12                                                                                  ; slave:inst10|inst12                                                                                  ; REQ[1]     ; REQ[1]   ; None                        ; None                      ; 0.396 ns                ;
; N/A   ; 113.55 MHz ( period = 8.807 ns )               ; slave:inst10|inst20                                                                                  ; slave:inst10|inst20                                                                                  ; REQ[1]     ; REQ[1]   ; None                        ; None                      ; 0.396 ns                ;
; N/A   ; 113.55 MHz ( period = 8.807 ns )               ; slave:inst11|inst12                                                                                  ; slave:inst11|inst12                                                                                  ; REQ[1]     ; REQ[1]   ; None                        ; None                      ; 0.396 ns                ;
; N/A   ; 113.55 MHz ( period = 8.807 ns )               ; slave:inst11|inst20                                                                                  ; slave:inst11|inst20                                                                                  ; REQ[1]     ; REQ[1]   ; None                        ; None                      ; 0.396 ns                ;
; N/A   ; 117.41 MHz ( period = 8.517 ns )               ; master:inst|inst44                                                                                   ; slave:inst11|inst51                                                                                  ; REQ[1]     ; REQ[1]   ; None                        ; None                      ; 2.329 ns                ;
; N/A   ; 117.76 MHz ( period = 8.492 ns )               ; master:inst|inst44                                                                                   ; slave:inst1|inst51                                                                                   ; REQ[1]     ; REQ[1]   ; None                        ; None                      ; 2.287 ns                ;
; N/A   ; 119.45 MHz ( period = 8.372 ns )               ; slave:inst7|inst51                                                                                   ; slave:inst7|inst12                                                                                   ; REQ[1]     ; REQ[1]   ; None                        ; None                      ; 1.493 ns                ;
; N/A   ; 119.77 MHz ( period = 8.349 ns )               ; master:inst|inst44                                                                                   ; slave:inst7|inst51                                                                                   ; REQ[1]     ; REQ[1]   ; None                        ; None                      ; 2.277 ns                ;
; N/A   ; 120.80 MHz ( period = 8.278 ns )               ; master:inst|inst44                                                                                   ; slave:inst10|inst51                                                                                  ; REQ[1]     ; REQ[1]   ; None                        ; None                      ; 2.109 ns                ;
; N/A   ; 121.77 MHz ( period = 8.212 ns )               ; slave:inst12|inst51                                                                                  ; slave:inst12|inst20                                                                                  ; REQ[1]     ; REQ[1]   ; None                        ; None                      ; 1.009 ns                ;
; N/A   ; 122.55 MHz ( period = 8.160 ns )               ; master:inst|inst44                                                                                   ; slave:inst12|inst51                                                                                  ; REQ[1]     ; REQ[1]   ; None                        ; None                      ; 2.295 ns                ;
; N/A   ; 122.87 MHz ( period = 8.139 ns )               ; slave:inst11|inst51                                                                                  ; slave:inst11|inst12                                                                                  ; REQ[1]     ; REQ[1]   ; None                        ; None                      ; 1.301 ns                ;
; N/A   ; 123.43 MHz ( period = 8.102 ns )               ; slave:inst11|inst51                                                                                  ; slave:inst11|inst20                                                                                  ; REQ[1]     ; REQ[1]   ; None                        ; None                      ; 1.102 ns                ;
; N/A   ; 124.07 MHz ( period = 8.060 ns )               ; slave:inst10|inst51                                                                                  ; slave:inst10|inst12                                                                                  ; REQ[1]     ; REQ[1]   ; None                        ; None                      ; 1.077 ns                ;
; N/A   ; 124.72 MHz ( period = 8.018 ns )               ; slave:inst1|inst51                                                                                   ; slave:inst1|inst20                                                                                   ; REQ[1]     ; REQ[1]   ; None                        ; None                      ; 0.993 ns                ;
; N/A   ; 125.88 MHz ( period = 7.944 ns )               ; slave:inst1|inst51                                                                                   ; slave:inst1|inst12                                                                                   ; REQ[1]     ; REQ[1]   ; None                        ; None                      ; 1.083 ns                ;
; N/A   ; 126.45 MHz ( period = 7.908 ns )               ; slave:inst10|inst51                                                                                  ; slave:inst10|inst20                                                                                  ; REQ[1]     ; REQ[1]   ; None                        ; None                      ; 1.007 ns                ;
; N/A   ; 126.47 MHz ( period = 7.907 ns )               ; slave:inst7|inst51                                                                                   ; slave:inst7|inst20                                                                                   ; REQ[1]     ; REQ[1]   ; None                        ; None                      ; 1.000 ns                ;
; N/A   ; 128.50 MHz ( period = 7.782 ns )               ; slave:inst12|inst51                                                                                  ; slave:inst12|inst12                                                                                  ; REQ[1]     ; REQ[1]   ; None                        ; None                      ; 1.080 ns                ;
; N/A   ; 177.78 MHz ( period = 5.625 ns )               ; master:inst|inst44                                                                                   ; master:inst|inst44                                                                                   ; REQ[1]     ; REQ[1]   ; None                        ; None                      ; 0.396 ns                ;
; N/A   ; 177.78 MHz ( period = 5.625 ns )               ; arbiter:inst4|inst10                                                                                 ; arbiter:inst4|inst10                                                                                 ; REQ[1]     ; REQ[1]   ; None                        ; None                      ; 0.396 ns                ;
; N/A   ; 177.78 MHz ( period = 5.625 ns )               ; master:inst|inst12                                                                                   ; master:inst|inst12                                                                                   ; REQ[1]     ; REQ[1]   ; None                        ; None                      ; 0.396 ns                ;
; N/A   ; 179.53 MHz ( period = 5.570 ns )               ; master:inst|inst44                                                                                   ; slave:inst11|lpm_dff0:inst3|lpm_ff:lpm_ff_component|dffs[7]                                          ; REQ[1]     ; REQ[1]   ; None                        ; None                      ; 2.543 ns                ;
; N/A   ; 179.57 MHz ( period = 5.569 ns )               ; master:inst|inst44                                                                                   ; slave:inst11|lpm_dff0:inst3|lpm_ff:lpm_ff_component|dffs[6]                                          ; REQ[1]     ; REQ[1]   ; None                        ; None                      ; 2.542 ns                ;
; N/A   ; 179.57 MHz ( period = 5.569 ns )               ; master:inst|inst44                                                                                   ; slave:inst11|lpm_dff0:inst3|lpm_ff:lpm_ff_component|dffs[4]                                          ; REQ[1]     ; REQ[1]   ; None                        ; None                      ; 2.542 ns                ;
; N/A   ; 179.60 MHz ( period = 5.568 ns )               ; master:inst|inst44                                                                                   ; slave:inst11|lpm_dff0:inst3|lpm_ff:lpm_ff_component|dffs[5]                                          ; REQ[1]     ; REQ[1]   ; None                        ; None                      ; 2.541 ns                ;
; N/A   ; 179.60 MHz ( period = 5.568 ns )               ; master:inst|inst44                                                                                   ; slave:inst11|lpm_dff0:inst3|lpm_ff:lpm_ff_component|dffs[3]                                          ; REQ[1]     ; REQ[1]   ; None                        ; None                      ; 2.541 ns                ;
; N/A   ; 179.60 MHz ( period = 5.568 ns )               ; master:inst|inst44                                                                                   ; slave:inst11|lpm_dff0:inst3|lpm_ff:lpm_ff_component|dffs[2]                                          ; REQ[1]     ; REQ[1]   ; None                        ; None                      ; 2.541 ns                ;
; N/A   ; 189.86 MHz ( period = 5.267 ns )               ; master:inst|inst44                                                                                   ; slave:inst12|lpm_dff0:inst3|lpm_ff:lpm_ff_component|dffs[4]                                          ; REQ[1]     ; REQ[1]   ; None                        ; None                      ; 2.669 ns                ;
; N/A   ; 189.90 MHz ( period = 5.266 ns )               ; master:inst|inst44                                                                                   ; slave:inst12|lpm_dff0:inst3|lpm_ff:lpm_ff_component|dffs[6]                                          ; REQ[1]     ; REQ[1]   ; None                        ; None                      ; 2.668 ns                ;
; N/A   ; 189.93 MHz ( period = 5.265 ns )               ; master:inst|inst44                                                                                   ; slave:inst1|lpm_dff0:inst3|lpm_ff:lpm_ff_component|dffs[7]                                           ; REQ[1]     ; REQ[1]   ; None                        ; None                      ; 2.347 ns                ;
; N/A   ; 189.93 MHz ( period = 5.265 ns )               ; master:inst|inst44                                                                                   ; slave:inst1|lpm_dff0:inst3|lpm_ff:lpm_ff_component|dffs[6]                                           ; REQ[1]     ; REQ[1]   ; None                        ; None                      ; 2.347 ns                ;
; N/A   ; 189.97 MHz ( period = 5.264 ns )               ; master:inst|inst44                                                                                   ; slave:inst1|lpm_dff0:inst3|lpm_ff:lpm_ff_component|dffs[4]                                           ; REQ[1]     ; REQ[1]   ; None                        ; None                      ; 2.346 ns                ;
; N/A   ; 189.97 MHz ( period = 5.264 ns )               ; master:inst|inst44                                                                                   ; slave:inst12|lpm_dff0:inst3|lpm_ff:lpm_ff_component|dffs[2]                                          ; REQ[1]     ; REQ[1]   ; None                        ; None                      ; 2.666 ns                ;
; N/A   ; 190.01 MHz ( period = 5.263 ns )               ; master:inst|inst44                                                                                   ; slave:inst1|lpm_dff0:inst3|lpm_ff:lpm_ff_component|dffs[5]                                           ; REQ[1]     ; REQ[1]   ; None                        ; None                      ; 2.345 ns                ;
; N/A   ; 190.29 MHz ( period = 5.255 ns )               ; master:inst|inst44                                                                                   ; slave:inst1|lpm_dff0:inst3|lpm_ff:lpm_ff_component|dffs[3]                                           ; REQ[1]     ; REQ[1]   ; None                        ; None                      ; 2.337 ns                ;
; N/A   ; 190.33 MHz ( period = 5.254 ns )               ; master:inst|inst44                                                                                   ; slave:inst1|lpm_dff0:inst3|lpm_ff:lpm_ff_component|dffs[2]                                           ; REQ[1]     ; REQ[1]   ; None                        ; None                      ; 2.336 ns                ;
; N/A   ; 191.13 MHz ( period = 5.232 ns )               ; master:inst|inst44                                                                                   ; slave:inst12|lpm_dff0:inst3|lpm_ff:lpm_ff_component|dffs[7]                                          ; REQ[1]     ; REQ[1]   ; None                        ; None                      ; 2.634 ns                ;
; N/A   ; 191.13 MHz ( period = 5.232 ns )               ; master:inst|inst44                                                                                   ; slave:inst12|lpm_dff0:inst3|lpm_ff:lpm_ff_component|dffs[5]                                          ; REQ[1]     ; REQ[1]   ; None                        ; None                      ; 2.634 ns                ;
; N/A   ; 191.20 MHz ( period = 5.230 ns )               ; master:inst|inst44                                                                                   ; slave:inst12|lpm_dff0:inst3|lpm_ff:lpm_ff_component|dffs[3]                                          ; REQ[1]     ; REQ[1]   ; None                        ; None                      ; 2.632 ns                ;
; N/A   ; 197.43 MHz ( period = 5.065 ns )               ; master:inst|inst44                                                                                   ; slave:inst10|lpm_dff0:inst3|lpm_ff:lpm_ff_component|dffs[5]                                          ; REQ[1]     ; REQ[1]   ; None                        ; None                      ; 2.260 ns                ;
; N/A   ; 197.43 MHz ( period = 5.065 ns )               ; master:inst|inst44                                                                                   ; slave:inst10|lpm_dff0:inst3|lpm_ff:lpm_ff_component|dffs[3]                                          ; REQ[1]     ; REQ[1]   ; None                        ; None                      ; 2.260 ns                ;
; N/A   ; 197.47 MHz ( period = 5.064 ns )               ; master:inst|inst44                                                                                   ; slave:inst10|lpm_dff0:inst3|lpm_ff:lpm_ff_component|dffs[4]                                          ; REQ[1]     ; REQ[1]   ; None                        ; None                      ; 2.259 ns                ;
; N/A   ; 197.51 MHz ( period = 5.063 ns )               ; master:inst|inst44                                                                                   ; slave:inst10|lpm_dff0:inst3|lpm_ff:lpm_ff_component|dffs[2]                                          ; REQ[1]     ; REQ[1]   ; None                        ; None                      ; 2.258 ns                ;
; N/A   ; 198.02 MHz ( period = 5.050 ns )               ; master:inst|inst44                                                                                   ; slave:inst10|lpm_dff0:inst3|lpm_ff:lpm_ff_component|dffs[7]                                          ; REQ[1]     ; REQ[1]   ; None                        ; None                      ; 2.245 ns                ;
; N/A   ; 198.06 MHz ( period = 5.049 ns )               ; master:inst|inst44                                                                                   ; slave:inst10|lpm_dff0:inst3|lpm_ff:lpm_ff_component|dffs[6]                                          ; REQ[1]     ; REQ[1]   ; None                        ; None                      ; 2.244 ns                ;
; N/A   ; 198.10 MHz ( period = 5.048 ns )               ; master:inst|inst44                                                                                   ; slave:inst7|lpm_dff0:inst3|lpm_ff:lpm_ff_component|dffs[7]                                           ; REQ[1]     ; REQ[1]   ; None                        ; None                      ; 2.100 ns                ;
; N/A   ; 198.14 MHz ( period = 5.047 ns )               ; master:inst|inst44                                                                                   ; slave:inst7|lpm_dff0:inst3|lpm_ff:lpm_ff_component|dffs[3]                                           ; REQ[1]     ; REQ[1]   ; None                        ; None                      ; 2.099 ns                ;
; N/A   ; 198.18 MHz ( period = 5.046 ns )               ; master:inst|inst44                                                                                   ; slave:inst7|lpm_dff0:inst3|lpm_ff:lpm_ff_component|dffs[6]                                           ; REQ[1]     ; REQ[1]   ; None                        ; None                      ; 2.098 ns                ;
; N/A   ; 198.18 MHz ( period = 5.046 ns )               ; master:inst|inst44                                                                                   ; slave:inst7|lpm_dff0:inst3|lpm_ff:lpm_ff_component|dffs[2]                                           ; REQ[1]     ; REQ[1]   ; None                        ; None                      ; 2.098 ns                ;
; N/A   ; 198.33 MHz ( period = 5.042 ns )               ; master:inst|inst44                                                                                   ; slave:inst7|lpm_dff0:inst3|lpm_ff:lpm_ff_component|dffs[4]                                           ; REQ[1]     ; REQ[1]   ; None                        ; None                      ; 2.094 ns                ;
; N/A   ; 198.37 MHz ( period = 5.041 ns )               ; master:inst|inst44                                                                                   ; slave:inst7|lpm_dff0:inst3|lpm_ff:lpm_ff_component|dffs[5]                                           ; REQ[1]     ; REQ[1]   ; None                        ; None                      ; 2.093 ns                ;
; N/A   ; 198.61 MHz ( period = 5.035 ns )               ; master:inst|inst44                                                                                   ; master:inst|inst29                                                                                   ; REQ[1]     ; REQ[1]   ; None                        ; None                      ; 1.503 ns                ;
; N/A   ; 211.46 MHz ( period = 4.729 ns )               ; master:inst|inst44                                                                                   ; master:inst|inst20                                                                                   ; REQ[1]     ; REQ[1]   ; None                        ; None                      ; 1.506 ns                ;
; N/A   ; 249.69 MHz ( period = 4.005 ns )               ; master:inst|inst44                                                                                   ; master:inst|inst12                                                                                   ; REQ[1]     ; REQ[1]   ; None                        ; None                      ; 0.982 ns                ;
; N/A   ; 296.91 MHz ( period = 3.368 ns )               ; master:inst9|inst44                                                                                  ; slave:inst7|inst51                                                                                   ; REQ[1]     ; REQ[1]   ; None                        ; None                      ; 2.703 ns                ;
; N/A   ; 299.67 MHz ( period = 3.337 ns )               ; master:inst9|inst44                                                                                  ; slave:inst1|inst51                                                                                   ; REQ[1]     ; REQ[1]   ; None                        ; None                      ; 2.539 ns                ;
; N/A   ; 307.03 MHz ( period = 3.257 ns )               ; master:inst9|inst44                                                                                  ; slave:inst11|inst51                                                                                  ; REQ[1]     ; REQ[1]   ; None                        ; None                      ; 2.476 ns                ;
; N/A   ; 312.40 MHz ( period = 3.201 ns )               ; master:inst9|inst44                                                                                  ; slave:inst10|inst51                                                                                  ; REQ[1]     ; REQ[1]   ; None                        ; None                      ; 2.439 ns                ;
; N/A   ; 346.14 MHz ( period = 2.889 ns )               ; master:inst9|inst44                                                                                  ; slave:inst12|inst51                                                                                  ; REQ[1]     ; REQ[1]   ; None                        ; None                      ; 2.431 ns                ;
; N/A   ; Restricted to 500.00 MHz ( period = 2.000 ns ) ; master:inst8|lpm_counter1:inst39|lpm_counter:lpm_counter_component|cntr_7nh:auto_generated|safe_q[0] ; master:inst8|lpm_counter1:inst39|lpm_counter:lpm_counter_component|cntr_7nh:auto_generated|safe_q[2] ; REQ[1]     ; REQ[1]   ; None                        ; None                      ; 1.420 ns                ;
; N/A   ; Restricted to 500.00 MHz ( period = 2.000 ns ) ; master:inst8|lpm_counter1:inst39|lpm_counter:lpm_counter_component|cntr_7nh:auto_generated|safe_q[0] ; master:inst8|lpm_counter1:inst39|lpm_counter:lpm_counter_component|cntr_7nh:auto_generated|safe_q[1] ; REQ[1]     ; REQ[1]   ; None                        ; None                      ; 1.420 ns                ;
; N/A   ; Restricted to 500.00 MHz ( period = 2.000 ns ) ; master:inst8|lpm_counter1:inst39|lpm_counter:lpm_counter_component|cntr_7nh:auto_generated|safe_q[0] ; master:inst8|lpm_counter1:inst39|lpm_counter:lpm_counter_component|cntr_7nh:auto_generated|safe_q[0] ; REQ[1]     ; REQ[1]   ; None                        ; None                      ; 1.420 ns                ;
; N/A   ; Restricted to 500.00 MHz ( period = 2.000 ns ) ; master:inst8|lpm_counter1:inst39|lpm_counter:lpm_counter_component|cntr_7nh:auto_generated|safe_q[1] ; master:inst8|lpm_counter1:inst39|lpm_counter:lpm_counter_component|cntr_7nh:auto_generated|safe_q[2] ; REQ[1]     ; REQ[1]   ; None                        ; None                      ; 1.385 ns                ;
; N/A   ; Restricted to 500.00 MHz ( period = 2.000 ns ) ; master:inst8|lpm_counter1:inst39|lpm_counter:lpm_counter_component|cntr_7nh:auto_generated|safe_q[1] ; master:inst8|lpm_counter1:inst39|lpm_counter:lpm_counter_component|cntr_7nh:auto_generated|safe_q[1] ; REQ[1]     ; REQ[1]   ; None                        ; None                      ; 1.385 ns                ;
; N/A   ; Restricted to 500.00 MHz ( period = 2.000 ns ) ; master:inst8|lpm_counter1:inst39|lpm_counter:lpm_counter_component|cntr_7nh:auto_generated|safe_q[1] ; master:inst8|lpm_counter1:inst39|lpm_counter:lpm_counter_component|cntr_7nh:auto_generated|safe_q[0] ; REQ[1]     ; REQ[1]   ; None                        ; None                      ; 1.385 ns                ;
; N/A   ; Restricted to 500.00 MHz ( period = 2.000 ns ) ; master:inst8|lpm_counter1:inst39|lpm_counter:lpm_counter_component|cntr_7nh:auto_generated|safe_q[2] ; master:inst8|lpm_counter1:inst39|lpm_counter:lpm_counter_component|cntr_7nh:auto_generated|safe_q[2] ; REQ[1]     ; REQ[1]   ; None                        ; None                      ; 1.350 ns                ;
; N/A   ; Restricted to 500.00 MHz ( period = 2.000 ns ) ; master:inst8|lpm_counter1:inst39|lpm_counter:lpm_counter_component|cntr_7nh:auto_generated|safe_q[2] ; master:inst8|lpm_counter1:inst39|lpm_counter:lpm_counter_component|cntr_7nh:auto_generated|safe_q[1] ; REQ[1]     ; REQ[1]   ; None                        ; None                      ; 1.350 ns                ;
; N/A   ; Restricted to 500.00 MHz ( period = 2.000 ns ) ; master:inst8|lpm_counter1:inst39|lpm_counter:lpm_counter_component|cntr_7nh:auto_generated|safe_q[2] ; master:inst8|lpm_counter1:inst39|lpm_counter:lpm_counter_component|cntr_7nh:auto_generated|safe_q[0] ; REQ[1]     ; REQ[1]   ; None                        ; None                      ; 1.350 ns                ;
; N/A   ; Restricted to 500.00 MHz ( period = 2.000 ns ) ; master:inst9|inst44                                                                                  ; master:inst9|inst44                                                                                  ; REQ[1]     ; REQ[1]   ; None                        ; None                      ; 0.488 ns                ;
; N/A   ; Restricted to 500.00 MHz ( period = 2.000 ns ) ; master:inst8|inst44                                                                                  ; master:inst8|inst44                                                                                  ; REQ[1]     ; REQ[1]   ; None                        ; None                      ; 0.488 ns                ;
; N/A   ; Restricted to 500.00 MHz ( period = 2.000 ns ) ; master:inst9|inst12                                                                                  ; master:inst9|inst12                                                                                  ; REQ[1]     ; REQ[1]   ; None                        ; None                      ; 0.488 ns                ;
; N/A   ; Restricted to 500.00 MHz ( period = 2.000 ns ) ; master:inst9|inst44                                                                                  ; slave:inst11|lpm_dff0:inst3|lpm_ff:lpm_ff_component|dffs[7]                                          ; REQ[1]     ; REQ[1]   ; None                        ; None                      ; 2.962 ns                ;
; N/A   ; Restricted to 500.00 MHz ( period = 2.000 ns ) ; master:inst9|inst44                                                                                  ; slave:inst11|lpm_dff0:inst3|lpm_ff:lpm_ff_component|dffs[6]                                          ; REQ[1]     ; REQ[1]   ; None                        ; None                      ; 2.961 ns                ;
; N/A   ; Restricted to 500.00 MHz ( period = 2.000 ns ) ; master:inst9|inst44                                                                                  ; slave:inst11|lpm_dff0:inst3|lpm_ff:lpm_ff_component|dffs[4]                                          ; REQ[1]     ; REQ[1]   ; None                        ; None                      ; 2.961 ns                ;
; N/A   ; Restricted to 500.00 MHz ( period = 2.000 ns ) ; arbiter:inst4|inst14                                                                                 ; arbiter:inst4|inst14                                                                                 ; REQ[1]     ; REQ[1]   ; None                        ; None                      ; 0.396 ns                ;
; N/A   ; Restricted to 500.00 MHz ( period = 2.000 ns ) ; master:inst8|inst30                                                                                  ; master:inst8|inst30                                                                                  ; REQ[1]     ; REQ[1]   ; None                        ; None                      ; 0.396 ns                ;
; N/A   ; Restricted to 500.00 MHz ( period = 2.000 ns ) ; master:inst8|inst12                                                                                  ; master:inst8|inst12                                                                                  ; REQ[1]     ; REQ[1]   ; None                        ; None                      ; 0.396 ns                ;
; N/A   ; Restricted to 500.00 MHz ( period = 2.000 ns ) ; master:inst9|inst44                                                                                  ; slave:inst11|lpm_dff0:inst3|lpm_ff:lpm_ff_component|dffs[5]                                          ; REQ[1]     ; REQ[1]   ; None                        ; None                      ; 2.960 ns                ;
; N/A   ; Restricted to 500.00 MHz ( period = 2.000 ns ) ; master:inst9|inst44                                                                                  ; slave:inst11|lpm_dff0:inst3|lpm_ff:lpm_ff_component|dffs[3]                                          ; REQ[1]     ; REQ[1]   ; None                        ; None                      ; 2.960 ns                ;
; N/A   ; Restricted to 500.00 MHz ( period = 2.000 ns ) ; master:inst9|inst44                                                                                  ; slave:inst11|lpm_dff0:inst3|lpm_ff:lpm_ff_component|dffs[2]                                          ; REQ[1]     ; REQ[1]   ; None                        ; None                      ; 2.960 ns                ;
; N/A   ; Restricted to 500.00 MHz ( period = 2.000 ns ) ; master:inst9|inst44                                                                                  ; slave:inst12|lpm_dff0:inst3|lpm_ff:lpm_ff_component|dffs[4]                                          ; REQ[1]     ; REQ[1]   ; None                        ; None                      ; 3.088 ns                ;
; N/A   ; Restricted to 500.00 MHz ( period = 2.000 ns ) ; master:inst9|inst44                                                                                  ; slave:inst12|lpm_dff0:inst3|lpm_ff:lpm_ff_component|dffs[6]                                          ; REQ[1]     ; REQ[1]   ; None                        ; None                      ; 3.087 ns                ;
; N/A   ; Restricted to 500.00 MHz ( period = 2.000 ns ) ; master:inst9|inst44                                                                                  ; slave:inst1|lpm_dff0:inst3|lpm_ff:lpm_ff_component|dffs[7]                                           ; REQ[1]     ; REQ[1]   ; None                        ; None                      ; 2.766 ns                ;
; N/A   ; Restricted to 500.00 MHz ( period = 2.000 ns ) ; master:inst9|inst44                                                                                  ; slave:inst1|lpm_dff0:inst3|lpm_ff:lpm_ff_component|dffs[6]                                           ; REQ[1]     ; REQ[1]   ; None                        ; None                      ; 2.766 ns                ;
; N/A   ; Restricted to 500.00 MHz ( period = 2.000 ns ) ; master:inst9|inst44                                                                                  ; slave:inst1|lpm_dff0:inst3|lpm_ff:lpm_ff_component|dffs[4]                                           ; REQ[1]     ; REQ[1]   ; None                        ; None                      ; 2.765 ns                ;
; N/A   ; Restricted to 500.00 MHz ( period = 2.000 ns ) ; master:inst9|inst44                                                                                  ; slave:inst12|lpm_dff0:inst3|lpm_ff:lpm_ff_component|dffs[2]                                          ; REQ[1]     ; REQ[1]   ; None                        ; None                      ; 3.085 ns                ;
; N/A   ; Restricted to 500.00 MHz ( period = 2.000 ns ) ; master:inst9|inst44                                                                                  ; slave:inst1|lpm_dff0:inst3|lpm_ff:lpm_ff_component|dffs[5]                                           ; REQ[1]     ; REQ[1]   ; None                        ; None                      ; 2.764 ns                ;
; N/A   ; Restricted to 500.00 MHz ( period = 2.000 ns ) ; master:inst9|inst44                                                                                  ; slave:inst1|lpm_dff0:inst3|lpm_ff:lpm_ff_component|dffs[3]                                           ; REQ[1]     ; REQ[1]   ; None                        ; None                      ; 2.756 ns                ;
; N/A   ; Restricted to 500.00 MHz ( period = 2.000 ns ) ; master:inst9|inst44                                                                                  ; slave:inst1|lpm_dff0:inst3|lpm_ff:lpm_ff_component|dffs[2]                                           ; REQ[1]     ; REQ[1]   ; None                        ; None                      ; 2.755 ns                ;
; N/A   ; Restricted to 500.00 MHz ( period = 2.000 ns ) ; master:inst9|inst44                                                                                  ; slave:inst12|lpm_dff0:inst3|lpm_ff:lpm_ff_component|dffs[7]                                          ; REQ[1]     ; REQ[1]   ; None                        ; None                      ; 3.053 ns                ;
; N/A   ; Restricted to 500.00 MHz ( period = 2.000 ns ) ; master:inst9|inst44                                                                                  ; slave:inst12|lpm_dff0:inst3|lpm_ff:lpm_ff_component|dffs[5]                                          ; REQ[1]     ; REQ[1]   ; None                        ; None                      ; 3.053 ns                ;
; N/A   ; Restricted to 500.00 MHz ( period = 2.000 ns ) ; master:inst9|inst44                                                                                  ; slave:inst12|lpm_dff0:inst3|lpm_ff:lpm_ff_component|dffs[3]                                          ; REQ[1]     ; REQ[1]   ; None                        ; None                      ; 3.051 ns                ;
; N/A   ; Restricted to 500.00 MHz ( period = 2.000 ns ) ; master:inst9|inst44                                                                                  ; slave:inst10|lpm_dff0:inst3|lpm_ff:lpm_ff_component|dffs[5]                                          ; REQ[1]     ; REQ[1]   ; None                        ; None                      ; 2.679 ns                ;
; N/A   ; Restricted to 500.00 MHz ( period = 2.000 ns ) ; master:inst9|inst44                                                                                  ; slave:inst10|lpm_dff0:inst3|lpm_ff:lpm_ff_component|dffs[3]                                          ; REQ[1]     ; REQ[1]   ; None                        ; None                      ; 2.679 ns                ;
; N/A   ; Restricted to 500.00 MHz ( period = 2.000 ns ) ; master:inst9|inst44                                                                                  ; slave:inst10|lpm_dff0:inst3|lpm_ff:lpm_ff_component|dffs[4]                                          ; REQ[1]     ; REQ[1]   ; None                        ; None                      ; 2.678 ns                ;
; N/A   ; Restricted to 500.00 MHz ( period = 2.000 ns ) ; master:inst9|inst44                                                                                  ; slave:inst10|lpm_dff0:inst3|lpm_ff:lpm_ff_component|dffs[2]                                          ; REQ[1]     ; REQ[1]   ; None                        ; None                      ; 2.677 ns                ;
; N/A   ; Restricted to 500.00 MHz ( period = 2.000 ns ) ; master:inst9|inst44                                                                                  ; slave:inst10|lpm_dff0:inst3|lpm_ff:lpm_ff_component|dffs[7]                                          ; REQ[1]     ; REQ[1]   ; None                        ; None                      ; 2.664 ns                ;
; N/A   ; Restricted to 500.00 MHz ( period = 2.000 ns ) ; master:inst9|inst44                                                                                  ; slave:inst10|lpm_dff0:inst3|lpm_ff:lpm_ff_component|dffs[6]                                          ; REQ[1]     ; REQ[1]   ; None                        ; None                      ; 2.663 ns                ;
; N/A   ; Restricted to 500.00 MHz ( period = 2.000 ns ) ; master:inst9|inst44                                                                                  ; slave:inst7|lpm_dff0:inst3|lpm_ff:lpm_ff_component|dffs[7]                                           ; REQ[1]     ; REQ[1]   ; None                        ; None                      ; 2.519 ns                ;
; N/A   ; Restricted to 500.00 MHz ( period = 2.000 ns ) ; master:inst9|inst44                                                                                  ; slave:inst7|lpm_dff0:inst3|lpm_ff:lpm_ff_component|dffs[3]                                           ; REQ[1]     ; REQ[1]   ; None                        ; None                      ; 2.518 ns                ;
; N/A   ; Restricted to 500.00 MHz ( period = 2.000 ns ) ; master:inst9|inst44                                                                                  ; slave:inst7|lpm_dff0:inst3|lpm_ff:lpm_ff_component|dffs[6]                                           ; REQ[1]     ; REQ[1]   ; None                        ; None                      ; 2.517 ns                ;
; N/A   ; Restricted to 500.00 MHz ( period = 2.000 ns ) ; master:inst9|inst44                                                                                  ; slave:inst7|lpm_dff0:inst3|lpm_ff:lpm_ff_component|dffs[2]                                           ; REQ[1]     ; REQ[1]   ; None                        ; None                      ; 2.517 ns                ;
; N/A   ; Restricted to 500.00 MHz ( period = 2.000 ns ) ; master:inst9|inst44                                                                                  ; slave:inst7|lpm_dff0:inst3|lpm_ff:lpm_ff_component|dffs[4]                                           ; REQ[1]     ; REQ[1]   ; None                        ; None                      ; 2.513 ns                ;
; N/A   ; Restricted to 500.00 MHz ( period = 2.000 ns ) ; master:inst9|inst44                                                                                  ; slave:inst7|lpm_dff0:inst3|lpm_ff:lpm_ff_component|dffs[5]                                           ; REQ[1]     ; REQ[1]   ; None                        ; None                      ; 2.512 ns                ;
+-------+------------------------------------------------+------------------------------------------------------------------------------------------------------+------------------------------------------------------------------------------------------------------+------------+----------+-----------------------------+---------------------------+-------------------------+


+--------------------------------------------------------------------------------------------------------------------------------------------------------------------------------------------------------------------------------------------------------------------------------------------------------------------------------------------------------------------------------+
; Clock Setup: 'REQ[2]'                                                                                                                                                                                                                                                                                                                                                          ;
+-------+------------------------------------------------+-----------------------------------------------------------------------------------------------------+-----------------------------------------------------------------------------------------------------+------------+----------+-----------------------------+---------------------------+-------------------------+
; Slack ; Actual fmax (period)                           ; From                                                                                                ; To                                                                                                  ; From Clock ; To Clock ; Required Setup Relationship ; Required Longest P2P Time ; Actual Longest P2P Time ;
+-------+------------------------------------------------+-----------------------------------------------------------------------------------------------------+-----------------------------------------------------------------------------------------------------+------------+----------+-----------------------------+---------------------------+-------------------------+
; N/A   ; 102.04 MHz ( period = 9.800 ns )               ; master:inst|inst29                                                                                  ; master:inst|inst29                                                                                  ; REQ[2]     ; REQ[2]   ; None                        ; None                      ; 0.488 ns                ;
; N/A   ; 102.04 MHz ( period = 9.800 ns )               ; master:inst8|inst20                                                                                 ; master:inst8|inst20                                                                                 ; REQ[2]     ; REQ[2]   ; None                        ; None                      ; 0.488 ns                ;
; N/A   ; 103.01 MHz ( period = 9.708 ns )               ; master:inst9|inst20                                                                                 ; master:inst9|inst20                                                                                 ; REQ[2]     ; REQ[2]   ; None                        ; None                      ; 0.396 ns                ;
; N/A   ; 103.01 MHz ( period = 9.708 ns )               ; master:inst|inst20                                                                                  ; master:inst|inst20                                                                                  ; REQ[2]     ; REQ[2]   ; None                        ; None                      ; 0.396 ns                ;
; N/A   ; 103.01 MHz ( period = 9.708 ns )               ; master:inst9|inst29                                                                                 ; master:inst9|inst29                                                                                 ; REQ[2]     ; REQ[2]   ; None                        ; None                      ; 0.396 ns                ;
; N/A   ; 103.01 MHz ( period = 9.708 ns )               ; master:inst8|inst29                                                                                 ; master:inst8|inst29                                                                                 ; REQ[2]     ; REQ[2]   ; None                        ; None                      ; 0.396 ns                ;
; N/A   ; 110.31 MHz ( period = 9.065 ns )               ; slave:inst12|inst51                                                                                 ; slave:inst12|inst51                                                                                 ; REQ[2]     ; REQ[2]   ; None                        ; None                      ; 0.488 ns                ;
; N/A   ; 110.31 MHz ( period = 9.065 ns )               ; slave:inst1|inst51                                                                                  ; slave:inst1|inst51                                                                                  ; REQ[2]     ; REQ[2]   ; None                        ; None                      ; 0.488 ns                ;
; N/A   ; 110.31 MHz ( period = 9.065 ns )               ; slave:inst7|inst51                                                                                  ; slave:inst7|inst51                                                                                  ; REQ[2]     ; REQ[2]   ; None                        ; None                      ; 0.488 ns                ;
; N/A   ; 110.31 MHz ( period = 9.065 ns )               ; slave:inst10|inst51                                                                                 ; slave:inst10|inst51                                                                                 ; REQ[2]     ; REQ[2]   ; None                        ; None                      ; 0.488 ns                ;
; N/A   ; 110.31 MHz ( period = 9.065 ns )               ; slave:inst11|inst51                                                                                 ; slave:inst11|inst51                                                                                 ; REQ[2]     ; REQ[2]   ; None                        ; None                      ; 0.488 ns                ;
; N/A   ; 110.31 MHz ( period = 9.065 ns )               ; slave:inst12|inst20                                                                                 ; slave:inst12|inst20                                                                                 ; REQ[2]     ; REQ[2]   ; None                        ; None                      ; 0.488 ns                ;
; N/A   ; 111.45 MHz ( period = 8.973 ns )               ; slave:inst12|inst12                                                                                 ; slave:inst12|inst12                                                                                 ; REQ[2]     ; REQ[2]   ; None                        ; None                      ; 0.396 ns                ;
; N/A   ; 111.45 MHz ( period = 8.973 ns )               ; slave:inst1|inst20                                                                                  ; slave:inst1|inst20                                                                                  ; REQ[2]     ; REQ[2]   ; None                        ; None                      ; 0.396 ns                ;
; N/A   ; 111.45 MHz ( period = 8.973 ns )               ; slave:inst7|inst12                                                                                  ; slave:inst7|inst12                                                                                  ; REQ[2]     ; REQ[2]   ; None                        ; None                      ; 0.396 ns                ;
; N/A   ; 111.45 MHz ( period = 8.973 ns )               ; slave:inst7|inst20                                                                                  ; slave:inst7|inst20                                                                                  ; REQ[2]     ; REQ[2]   ; None                        ; None                      ; 0.396 ns                ;
; N/A   ; 111.45 MHz ( period = 8.973 ns )               ; slave:inst1|inst12                                                                                  ; slave:inst1|inst12                                                                                  ; REQ[2]     ; REQ[2]   ; None                        ; None                      ; 0.396 ns                ;
; N/A   ; 111.45 MHz ( period = 8.973 ns )               ; slave:inst10|inst12                                                                                 ; slave:inst10|inst12                                                                                 ; REQ[2]     ; REQ[2]   ; None                        ; None                      ; 0.396 ns                ;
; N/A   ; 111.45 MHz ( period = 8.973 ns )               ; slave:inst10|inst20                                                                                 ; slave:inst10|inst20                                                                                 ; REQ[2]     ; REQ[2]   ; None                        ; None                      ; 0.396 ns                ;
; N/A   ; 111.45 MHz ( period = 8.973 ns )               ; slave:inst11|inst12                                                                                 ; slave:inst11|inst12                                                                                 ; REQ[2]     ; REQ[2]   ; None                        ; None                      ; 0.396 ns                ;
; N/A   ; 111.45 MHz ( period = 8.973 ns )               ; slave:inst11|inst20                                                                                 ; slave:inst11|inst20                                                                                 ; REQ[2]     ; REQ[2]   ; None                        ; None                      ; 0.396 ns                ;
; N/A   ; 115.17 MHz ( period = 8.683 ns )               ; master:inst|inst44                                                                                  ; slave:inst11|inst51                                                                                 ; REQ[2]     ; REQ[2]   ; None                        ; None                      ; 2.329 ns                ;
; N/A   ; 115.50 MHz ( period = 8.658 ns )               ; master:inst|inst44                                                                                  ; slave:inst1|inst51                                                                                  ; REQ[2]     ; REQ[2]   ; None                        ; None                      ; 2.287 ns                ;
; N/A   ; 117.10 MHz ( period = 8.540 ns )               ; master:inst|inst44                                                                                  ; master:inst|inst44                                                                                  ; REQ[2]     ; REQ[2]   ; None                        ; None                      ; 0.396 ns                ;
; N/A   ; 117.10 MHz ( period = 8.540 ns )               ; master:inst|inst12                                                                                  ; master:inst|inst12                                                                                  ; REQ[2]     ; REQ[2]   ; None                        ; None                      ; 0.396 ns                ;
; N/A   ; 117.12 MHz ( period = 8.538 ns )               ; slave:inst7|inst51                                                                                  ; slave:inst7|inst12                                                                                  ; REQ[2]     ; REQ[2]   ; None                        ; None                      ; 1.493 ns                ;
; N/A   ; 117.44 MHz ( period = 8.515 ns )               ; master:inst|inst44                                                                                  ; slave:inst7|inst51                                                                                  ; REQ[2]     ; REQ[2]   ; None                        ; None                      ; 2.277 ns                ;
; N/A   ; 118.43 MHz ( period = 8.444 ns )               ; master:inst|inst44                                                                                  ; slave:inst10|inst51                                                                                 ; REQ[2]     ; REQ[2]   ; None                        ; None                      ; 2.109 ns                ;
; N/A   ; 119.36 MHz ( period = 8.378 ns )               ; slave:inst12|inst51                                                                                 ; slave:inst12|inst20                                                                                 ; REQ[2]     ; REQ[2]   ; None                        ; None                      ; 1.009 ns                ;
; N/A   ; 120.11 MHz ( period = 8.326 ns )               ; master:inst|inst44                                                                                  ; slave:inst12|inst51                                                                                 ; REQ[2]     ; REQ[2]   ; None                        ; None                      ; 2.295 ns                ;
; N/A   ; 120.41 MHz ( period = 8.305 ns )               ; slave:inst11|inst51                                                                                 ; slave:inst11|inst12                                                                                 ; REQ[2]     ; REQ[2]   ; None                        ; None                      ; 1.301 ns                ;
; N/A   ; 120.95 MHz ( period = 8.268 ns )               ; slave:inst11|inst51                                                                                 ; slave:inst11|inst20                                                                                 ; REQ[2]     ; REQ[2]   ; None                        ; None                      ; 1.102 ns                ;
; N/A   ; 121.57 MHz ( period = 8.226 ns )               ; slave:inst10|inst51                                                                                 ; slave:inst10|inst12                                                                                 ; REQ[2]     ; REQ[2]   ; None                        ; None                      ; 1.077 ns                ;
; N/A   ; 122.19 MHz ( period = 8.184 ns )               ; slave:inst1|inst51                                                                                  ; slave:inst1|inst20                                                                                  ; REQ[2]     ; REQ[2]   ; None                        ; None                      ; 0.993 ns                ;
; N/A   ; 123.30 MHz ( period = 8.110 ns )               ; slave:inst1|inst51                                                                                  ; slave:inst1|inst12                                                                                  ; REQ[2]     ; REQ[2]   ; None                        ; None                      ; 1.083 ns                ;
; N/A   ; 123.85 MHz ( period = 8.074 ns )               ; slave:inst10|inst51                                                                                 ; slave:inst10|inst20                                                                                 ; REQ[2]     ; REQ[2]   ; None                        ; None                      ; 1.007 ns                ;
; N/A   ; 123.87 MHz ( period = 8.073 ns )               ; slave:inst7|inst51                                                                                  ; slave:inst7|inst20                                                                                  ; REQ[2]     ; REQ[2]   ; None                        ; None                      ; 1.000 ns                ;
; N/A   ; 125.82 MHz ( period = 7.948 ns )               ; slave:inst12|inst51                                                                                 ; slave:inst12|inst12                                                                                 ; REQ[2]     ; REQ[2]   ; None                        ; None                      ; 1.080 ns                ;
; N/A   ; 144.51 MHz ( period = 6.920 ns )               ; master:inst|inst44                                                                                  ; master:inst|inst12                                                                                  ; REQ[2]     ; REQ[2]   ; None                        ; None                      ; 0.982 ns                ;
; N/A   ; 174.34 MHz ( period = 5.736 ns )               ; master:inst|inst44                                                                                  ; slave:inst11|lpm_dff0:inst3|lpm_ff:lpm_ff_component|dffs[7]                                         ; REQ[2]     ; REQ[2]   ; None                        ; None                      ; 2.543 ns                ;
; N/A   ; 174.37 MHz ( period = 5.735 ns )               ; master:inst|inst44                                                                                  ; slave:inst11|lpm_dff0:inst3|lpm_ff:lpm_ff_component|dffs[6]                                         ; REQ[2]     ; REQ[2]   ; None                        ; None                      ; 2.542 ns                ;
; N/A   ; 174.37 MHz ( period = 5.735 ns )               ; master:inst|inst44                                                                                  ; slave:inst11|lpm_dff0:inst3|lpm_ff:lpm_ff_component|dffs[4]                                         ; REQ[2]     ; REQ[2]   ; None                        ; None                      ; 2.542 ns                ;
; N/A   ; 174.40 MHz ( period = 5.734 ns )               ; master:inst|inst44                                                                                  ; slave:inst11|lpm_dff0:inst3|lpm_ff:lpm_ff_component|dffs[5]                                         ; REQ[2]     ; REQ[2]   ; None                        ; None                      ; 2.541 ns                ;
; N/A   ; 174.40 MHz ( period = 5.734 ns )               ; master:inst|inst44                                                                                  ; slave:inst11|lpm_dff0:inst3|lpm_ff:lpm_ff_component|dffs[3]                                         ; REQ[2]     ; REQ[2]   ; None                        ; None                      ; 2.541 ns                ;
; N/A   ; 174.40 MHz ( period = 5.734 ns )               ; master:inst|inst44                                                                                  ; slave:inst11|lpm_dff0:inst3|lpm_ff:lpm_ff_component|dffs[2]                                         ; REQ[2]     ; REQ[2]   ; None                        ; None                      ; 2.541 ns                ;
; N/A   ; 177.78 MHz ( period = 5.625 ns )               ; arbiter:inst4|inst10                                                                                ; arbiter:inst4|inst10                                                                                ; REQ[2]     ; REQ[2]   ; None                        ; None                      ; 0.396 ns                ;
; N/A   ; 184.06 MHz ( period = 5.433 ns )               ; master:inst|inst44                                                                                  ; slave:inst12|lpm_dff0:inst3|lpm_ff:lpm_ff_component|dffs[4]                                         ; REQ[2]     ; REQ[2]   ; None                        ; None                      ; 2.669 ns                ;
; N/A   ; 184.09 MHz ( period = 5.432 ns )               ; master:inst|inst44                                                                                  ; slave:inst12|lpm_dff0:inst3|lpm_ff:lpm_ff_component|dffs[6]                                         ; REQ[2]     ; REQ[2]   ; None                        ; None                      ; 2.668 ns                ;
; N/A   ; 184.13 MHz ( period = 5.431 ns )               ; master:inst|inst44                                                                                  ; slave:inst1|lpm_dff0:inst3|lpm_ff:lpm_ff_component|dffs[7]                                          ; REQ[2]     ; REQ[2]   ; None                        ; None                      ; 2.347 ns                ;
; N/A   ; 184.13 MHz ( period = 5.431 ns )               ; master:inst|inst44                                                                                  ; slave:inst1|lpm_dff0:inst3|lpm_ff:lpm_ff_component|dffs[6]                                          ; REQ[2]     ; REQ[2]   ; None                        ; None                      ; 2.347 ns                ;
; N/A   ; 184.16 MHz ( period = 5.430 ns )               ; master:inst|inst44                                                                                  ; slave:inst1|lpm_dff0:inst3|lpm_ff:lpm_ff_component|dffs[4]                                          ; REQ[2]     ; REQ[2]   ; None                        ; None                      ; 2.346 ns                ;
; N/A   ; 184.16 MHz ( period = 5.430 ns )               ; master:inst|inst44                                                                                  ; slave:inst12|lpm_dff0:inst3|lpm_ff:lpm_ff_component|dffs[2]                                         ; REQ[2]     ; REQ[2]   ; None                        ; None                      ; 2.666 ns                ;
; N/A   ; 184.20 MHz ( period = 5.429 ns )               ; master:inst|inst44                                                                                  ; slave:inst1|lpm_dff0:inst3|lpm_ff:lpm_ff_component|dffs[5]                                          ; REQ[2]     ; REQ[2]   ; None                        ; None                      ; 2.345 ns                ;
; N/A   ; 184.47 MHz ( period = 5.421 ns )               ; master:inst|inst44                                                                                  ; slave:inst1|lpm_dff0:inst3|lpm_ff:lpm_ff_component|dffs[3]                                          ; REQ[2]     ; REQ[2]   ; None                        ; None                      ; 2.337 ns                ;
; N/A   ; 184.50 MHz ( period = 5.420 ns )               ; master:inst|inst44                                                                                  ; slave:inst1|lpm_dff0:inst3|lpm_ff:lpm_ff_component|dffs[2]                                          ; REQ[2]     ; REQ[2]   ; None                        ; None                      ; 2.336 ns                ;
; N/A   ; 185.25 MHz ( period = 5.398 ns )               ; master:inst|inst44                                                                                  ; slave:inst12|lpm_dff0:inst3|lpm_ff:lpm_ff_component|dffs[7]                                         ; REQ[2]     ; REQ[2]   ; None                        ; None                      ; 2.634 ns                ;
; N/A   ; 185.25 MHz ( period = 5.398 ns )               ; master:inst|inst44                                                                                  ; slave:inst12|lpm_dff0:inst3|lpm_ff:lpm_ff_component|dffs[5]                                         ; REQ[2]     ; REQ[2]   ; None                        ; None                      ; 2.634 ns                ;
; N/A   ; 185.32 MHz ( period = 5.396 ns )               ; master:inst|inst44                                                                                  ; slave:inst12|lpm_dff0:inst3|lpm_ff:lpm_ff_component|dffs[3]                                         ; REQ[2]     ; REQ[2]   ; None                        ; None                      ; 2.632 ns                ;
; N/A   ; 191.17 MHz ( period = 5.231 ns )               ; master:inst|inst44                                                                                  ; slave:inst10|lpm_dff0:inst3|lpm_ff:lpm_ff_component|dffs[5]                                         ; REQ[2]     ; REQ[2]   ; None                        ; None                      ; 2.260 ns                ;
; N/A   ; 191.17 MHz ( period = 5.231 ns )               ; master:inst|inst44                                                                                  ; slave:inst10|lpm_dff0:inst3|lpm_ff:lpm_ff_component|dffs[3]                                         ; REQ[2]     ; REQ[2]   ; None                        ; None                      ; 2.260 ns                ;
; N/A   ; 191.20 MHz ( period = 5.230 ns )               ; master:inst|inst44                                                                                  ; slave:inst10|lpm_dff0:inst3|lpm_ff:lpm_ff_component|dffs[4]                                         ; REQ[2]     ; REQ[2]   ; None                        ; None                      ; 2.259 ns                ;
; N/A   ; 191.24 MHz ( period = 5.229 ns )               ; master:inst|inst44                                                                                  ; slave:inst10|lpm_dff0:inst3|lpm_ff:lpm_ff_component|dffs[2]                                         ; REQ[2]     ; REQ[2]   ; None                        ; None                      ; 2.258 ns                ;
; N/A   ; 191.72 MHz ( period = 5.216 ns )               ; master:inst|inst44                                                                                  ; slave:inst10|lpm_dff0:inst3|lpm_ff:lpm_ff_component|dffs[7]                                         ; REQ[2]     ; REQ[2]   ; None                        ; None                      ; 2.245 ns                ;
; N/A   ; 191.75 MHz ( period = 5.215 ns )               ; master:inst|inst44                                                                                  ; slave:inst10|lpm_dff0:inst3|lpm_ff:lpm_ff_component|dffs[6]                                         ; REQ[2]     ; REQ[2]   ; None                        ; None                      ; 2.244 ns                ;
; N/A   ; 191.79 MHz ( period = 5.214 ns )               ; master:inst|inst44                                                                                  ; slave:inst7|lpm_dff0:inst3|lpm_ff:lpm_ff_component|dffs[7]                                          ; REQ[2]     ; REQ[2]   ; None                        ; None                      ; 2.100 ns                ;
; N/A   ; 191.83 MHz ( period = 5.213 ns )               ; master:inst|inst44                                                                                  ; slave:inst7|lpm_dff0:inst3|lpm_ff:lpm_ff_component|dffs[3]                                          ; REQ[2]     ; REQ[2]   ; None                        ; None                      ; 2.099 ns                ;
; N/A   ; 191.86 MHz ( period = 5.212 ns )               ; master:inst|inst44                                                                                  ; slave:inst7|lpm_dff0:inst3|lpm_ff:lpm_ff_component|dffs[6]                                          ; REQ[2]     ; REQ[2]   ; None                        ; None                      ; 2.098 ns                ;
; N/A   ; 191.86 MHz ( period = 5.212 ns )               ; master:inst|inst44                                                                                  ; slave:inst7|lpm_dff0:inst3|lpm_ff:lpm_ff_component|dffs[2]                                          ; REQ[2]     ; REQ[2]   ; None                        ; None                      ; 2.098 ns                ;
; N/A   ; 192.01 MHz ( period = 5.208 ns )               ; master:inst|inst44                                                                                  ; slave:inst7|lpm_dff0:inst3|lpm_ff:lpm_ff_component|dffs[4]                                          ; REQ[2]     ; REQ[2]   ; None                        ; None                      ; 2.094 ns                ;
; N/A   ; 192.05 MHz ( period = 5.207 ns )               ; master:inst|inst44                                                                                  ; slave:inst7|lpm_dff0:inst3|lpm_ff:lpm_ff_component|dffs[5]                                          ; REQ[2]     ; REQ[2]   ; None                        ; None                      ; 2.093 ns                ;
; N/A   ; 192.27 MHz ( period = 5.201 ns )               ; master:inst|inst44                                                                                  ; master:inst|inst29                                                                                  ; REQ[2]     ; REQ[2]   ; None                        ; None                      ; 1.503 ns                ;
; N/A   ; 204.29 MHz ( period = 4.895 ns )               ; master:inst|inst44                                                                                  ; master:inst|inst20                                                                                  ; REQ[2]     ; REQ[2]   ; None                        ; None                      ; 1.506 ns                ;
; N/A   ; 282.97 MHz ( period = 3.534 ns )               ; master:inst9|inst44                                                                                 ; slave:inst7|inst51                                                                                  ; REQ[2]     ; REQ[2]   ; None                        ; None                      ; 2.703 ns                ;
; N/A   ; 285.47 MHz ( period = 3.503 ns )               ; master:inst9|inst44                                                                                 ; slave:inst1|inst51                                                                                  ; REQ[2]     ; REQ[2]   ; None                        ; None                      ; 2.539 ns                ;
; N/A   ; 292.14 MHz ( period = 3.423 ns )               ; master:inst9|inst44                                                                                 ; slave:inst11|inst51                                                                                 ; REQ[2]     ; REQ[2]   ; None                        ; None                      ; 2.476 ns                ;
; N/A   ; 297.00 MHz ( period = 3.367 ns )               ; master:inst9|inst44                                                                                 ; slave:inst10|inst51                                                                                 ; REQ[2]     ; REQ[2]   ; None                        ; None                      ; 2.439 ns                ;
; N/A   ; 327.33 MHz ( period = 3.055 ns )               ; master:inst9|inst44                                                                                 ; slave:inst12|inst51                                                                                 ; REQ[2]     ; REQ[2]   ; None                        ; None                      ; 2.431 ns                ;
; N/A   ; Restricted to 500.00 MHz ( period = 2.000 ns ) ; master:inst|lpm_counter1:inst39|lpm_counter:lpm_counter_component|cntr_7nh:auto_generated|safe_q[0] ; master:inst|lpm_counter1:inst39|lpm_counter:lpm_counter_component|cntr_7nh:auto_generated|safe_q[2] ; REQ[2]     ; REQ[2]   ; None                        ; None                      ; 1.774 ns                ;
; N/A   ; Restricted to 500.00 MHz ( period = 2.000 ns ) ; master:inst|lpm_counter1:inst39|lpm_counter:lpm_counter_component|cntr_7nh:auto_generated|safe_q[0] ; master:inst|lpm_counter1:inst39|lpm_counter:lpm_counter_component|cntr_7nh:auto_generated|safe_q[0] ; REQ[2]     ; REQ[2]   ; None                        ; None                      ; 1.774 ns                ;
; N/A   ; Restricted to 500.00 MHz ( period = 2.000 ns ) ; master:inst|lpm_counter1:inst39|lpm_counter:lpm_counter_component|cntr_7nh:auto_generated|safe_q[0] ; master:inst|lpm_counter1:inst39|lpm_counter:lpm_counter_component|cntr_7nh:auto_generated|safe_q[1] ; REQ[2]     ; REQ[2]   ; None                        ; None                      ; 1.774 ns                ;
; N/A   ; Restricted to 500.00 MHz ( period = 2.000 ns ) ; master:inst|lpm_counter1:inst39|lpm_counter:lpm_counter_component|cntr_7nh:auto_generated|safe_q[1] ; master:inst|lpm_counter1:inst39|lpm_counter:lpm_counter_component|cntr_7nh:auto_generated|safe_q[2] ; REQ[2]     ; REQ[2]   ; None                        ; None                      ; 1.739 ns                ;
; N/A   ; Restricted to 500.00 MHz ( period = 2.000 ns ) ; master:inst|lpm_counter1:inst39|lpm_counter:lpm_counter_component|cntr_7nh:auto_generated|safe_q[1] ; master:inst|lpm_counter1:inst39|lpm_counter:lpm_counter_component|cntr_7nh:auto_generated|safe_q[0] ; REQ[2]     ; REQ[2]   ; None                        ; None                      ; 1.739 ns                ;
; N/A   ; Restricted to 500.00 MHz ( period = 2.000 ns ) ; master:inst|lpm_counter1:inst39|lpm_counter:lpm_counter_component|cntr_7nh:auto_generated|safe_q[1] ; master:inst|lpm_counter1:inst39|lpm_counter:lpm_counter_component|cntr_7nh:auto_generated|safe_q[1] ; REQ[2]     ; REQ[2]   ; None                        ; None                      ; 1.739 ns                ;
; N/A   ; Restricted to 500.00 MHz ( period = 2.000 ns ) ; master:inst|lpm_counter1:inst39|lpm_counter:lpm_counter_component|cntr_7nh:auto_generated|safe_q[2] ; master:inst|lpm_counter1:inst39|lpm_counter:lpm_counter_component|cntr_7nh:auto_generated|safe_q[2] ; REQ[2]     ; REQ[2]   ; None                        ; None                      ; 1.704 ns                ;
; N/A   ; Restricted to 500.00 MHz ( period = 2.000 ns ) ; master:inst|lpm_counter1:inst39|lpm_counter:lpm_counter_component|cntr_7nh:auto_generated|safe_q[2] ; master:inst|lpm_counter1:inst39|lpm_counter:lpm_counter_component|cntr_7nh:auto_generated|safe_q[0] ; REQ[2]     ; REQ[2]   ; None                        ; None                      ; 1.704 ns                ;
; N/A   ; Restricted to 500.00 MHz ( period = 2.000 ns ) ; master:inst|lpm_counter1:inst39|lpm_counter:lpm_counter_component|cntr_7nh:auto_generated|safe_q[2] ; master:inst|lpm_counter1:inst39|lpm_counter:lpm_counter_component|cntr_7nh:auto_generated|safe_q[1] ; REQ[2]     ; REQ[2]   ; None                        ; None                      ; 1.704 ns                ;
; N/A   ; Restricted to 500.00 MHz ( period = 2.000 ns ) ; master:inst9|inst44                                                                                 ; slave:inst11|lpm_dff0:inst3|lpm_ff:lpm_ff_component|dffs[7]                                         ; REQ[2]     ; REQ[2]   ; None                        ; None                      ; 2.962 ns                ;
; N/A   ; Restricted to 500.00 MHz ( period = 2.000 ns ) ; master:inst9|inst44                                                                                 ; slave:inst11|lpm_dff0:inst3|lpm_ff:lpm_ff_component|dffs[6]                                         ; REQ[2]     ; REQ[2]   ; None                        ; None                      ; 2.961 ns                ;
; N/A   ; Restricted to 500.00 MHz ( period = 2.000 ns ) ; master:inst9|inst44                                                                                 ; slave:inst11|lpm_dff0:inst3|lpm_ff:lpm_ff_component|dffs[4]                                         ; REQ[2]     ; REQ[2]   ; None                        ; None                      ; 2.961 ns                ;
; N/A   ; Restricted to 500.00 MHz ( period = 2.000 ns ) ; master:inst9|inst44                                                                                 ; slave:inst11|lpm_dff0:inst3|lpm_ff:lpm_ff_component|dffs[5]                                         ; REQ[2]     ; REQ[2]   ; None                        ; None                      ; 2.960 ns                ;
; N/A   ; Restricted to 500.00 MHz ( period = 2.000 ns ) ; master:inst9|inst44                                                                                 ; slave:inst11|lpm_dff0:inst3|lpm_ff:lpm_ff_component|dffs[3]                                         ; REQ[2]     ; REQ[2]   ; None                        ; None                      ; 2.960 ns                ;
; N/A   ; Restricted to 500.00 MHz ( period = 2.000 ns ) ; master:inst9|inst44                                                                                 ; slave:inst11|lpm_dff0:inst3|lpm_ff:lpm_ff_component|dffs[2]                                         ; REQ[2]     ; REQ[2]   ; None                        ; None                      ; 2.960 ns                ;
; N/A   ; Restricted to 500.00 MHz ( period = 2.000 ns ) ; master:inst9|inst44                                                                                 ; master:inst9|inst44                                                                                 ; REQ[2]     ; REQ[2]   ; None                        ; None                      ; 0.488 ns                ;
; N/A   ; Restricted to 500.00 MHz ( period = 2.000 ns ) ; master:inst8|inst44                                                                                 ; master:inst8|inst44                                                                                 ; REQ[2]     ; REQ[2]   ; None                        ; None                      ; 0.488 ns                ;
; N/A   ; Restricted to 500.00 MHz ( period = 2.000 ns ) ; master:inst9|inst12                                                                                 ; master:inst9|inst12                                                                                 ; REQ[2]     ; REQ[2]   ; None                        ; None                      ; 0.488 ns                ;
; N/A   ; Restricted to 500.00 MHz ( period = 2.000 ns ) ; arbiter:inst4|inst14                                                                                ; arbiter:inst4|inst14                                                                                ; REQ[2]     ; REQ[2]   ; None                        ; None                      ; 0.396 ns                ;
; N/A   ; Restricted to 500.00 MHz ( period = 2.000 ns ) ; master:inst|inst30                                                                                  ; master:inst|inst30                                                                                  ; REQ[2]     ; REQ[2]   ; None                        ; None                      ; 0.396 ns                ;
; N/A   ; Restricted to 500.00 MHz ( period = 2.000 ns ) ; master:inst8|inst12                                                                                 ; master:inst8|inst12                                                                                 ; REQ[2]     ; REQ[2]   ; None                        ; None                      ; 0.396 ns                ;
; N/A   ; Restricted to 500.00 MHz ( period = 2.000 ns ) ; master:inst9|inst44                                                                                 ; slave:inst12|lpm_dff0:inst3|lpm_ff:lpm_ff_component|dffs[4]                                         ; REQ[2]     ; REQ[2]   ; None                        ; None                      ; 3.088 ns                ;
; N/A   ; Restricted to 500.00 MHz ( period = 2.000 ns ) ; master:inst9|inst44                                                                                 ; slave:inst12|lpm_dff0:inst3|lpm_ff:lpm_ff_component|dffs[6]                                         ; REQ[2]     ; REQ[2]   ; None                        ; None                      ; 3.087 ns                ;
; N/A   ; Restricted to 500.00 MHz ( period = 2.000 ns ) ; master:inst9|inst44                                                                                 ; slave:inst1|lpm_dff0:inst3|lpm_ff:lpm_ff_component|dffs[7]                                          ; REQ[2]     ; REQ[2]   ; None                        ; None                      ; 2.766 ns                ;
; N/A   ; Restricted to 500.00 MHz ( period = 2.000 ns ) ; master:inst9|inst44                                                                                 ; slave:inst1|lpm_dff0:inst3|lpm_ff:lpm_ff_component|dffs[6]                                          ; REQ[2]     ; REQ[2]   ; None                        ; None                      ; 2.766 ns                ;
; N/A   ; Restricted to 500.00 MHz ( period = 2.000 ns ) ; master:inst9|inst44                                                                                 ; slave:inst1|lpm_dff0:inst3|lpm_ff:lpm_ff_component|dffs[4]                                          ; REQ[2]     ; REQ[2]   ; None                        ; None                      ; 2.765 ns                ;
; N/A   ; Restricted to 500.00 MHz ( period = 2.000 ns ) ; master:inst9|inst44                                                                                 ; slave:inst12|lpm_dff0:inst3|lpm_ff:lpm_ff_component|dffs[2]                                         ; REQ[2]     ; REQ[2]   ; None                        ; None                      ; 3.085 ns                ;
; N/A   ; Restricted to 500.00 MHz ( period = 2.000 ns ) ; master:inst9|inst44                                                                                 ; slave:inst1|lpm_dff0:inst3|lpm_ff:lpm_ff_component|dffs[5]                                          ; REQ[2]     ; REQ[2]   ; None                        ; None                      ; 2.764 ns                ;
; N/A   ; Restricted to 500.00 MHz ( period = 2.000 ns ) ; master:inst9|inst44                                                                                 ; slave:inst1|lpm_dff0:inst3|lpm_ff:lpm_ff_component|dffs[3]                                          ; REQ[2]     ; REQ[2]   ; None                        ; None                      ; 2.756 ns                ;
; N/A   ; Restricted to 500.00 MHz ( period = 2.000 ns ) ; master:inst9|inst44                                                                                 ; slave:inst1|lpm_dff0:inst3|lpm_ff:lpm_ff_component|dffs[2]                                          ; REQ[2]     ; REQ[2]   ; None                        ; None                      ; 2.755 ns                ;
; N/A   ; Restricted to 500.00 MHz ( period = 2.000 ns ) ; master:inst9|inst44                                                                                 ; slave:inst12|lpm_dff0:inst3|lpm_ff:lpm_ff_component|dffs[7]                                         ; REQ[2]     ; REQ[2]   ; None                        ; None                      ; 3.053 ns                ;
; N/A   ; Restricted to 500.00 MHz ( period = 2.000 ns ) ; master:inst9|inst44                                                                                 ; slave:inst12|lpm_dff0:inst3|lpm_ff:lpm_ff_component|dffs[5]                                         ; REQ[2]     ; REQ[2]   ; None                        ; None                      ; 3.053 ns                ;
; N/A   ; Restricted to 500.00 MHz ( period = 2.000 ns ) ; master:inst9|inst44                                                                                 ; slave:inst12|lpm_dff0:inst3|lpm_ff:lpm_ff_component|dffs[3]                                         ; REQ[2]     ; REQ[2]   ; None                        ; None                      ; 3.051 ns                ;
; N/A   ; Restricted to 500.00 MHz ( period = 2.000 ns ) ; master:inst9|inst44                                                                                 ; slave:inst10|lpm_dff0:inst3|lpm_ff:lpm_ff_component|dffs[5]                                         ; REQ[2]     ; REQ[2]   ; None                        ; None                      ; 2.679 ns                ;
; N/A   ; Restricted to 500.00 MHz ( period = 2.000 ns ) ; master:inst9|inst44                                                                                 ; slave:inst10|lpm_dff0:inst3|lpm_ff:lpm_ff_component|dffs[3]                                         ; REQ[2]     ; REQ[2]   ; None                        ; None                      ; 2.679 ns                ;
; N/A   ; Restricted to 500.00 MHz ( period = 2.000 ns ) ; master:inst9|inst44                                                                                 ; slave:inst10|lpm_dff0:inst3|lpm_ff:lpm_ff_component|dffs[4]                                         ; REQ[2]     ; REQ[2]   ; None                        ; None                      ; 2.678 ns                ;
; N/A   ; Restricted to 500.00 MHz ( period = 2.000 ns ) ; master:inst9|inst44                                                                                 ; slave:inst10|lpm_dff0:inst3|lpm_ff:lpm_ff_component|dffs[2]                                         ; REQ[2]     ; REQ[2]   ; None                        ; None                      ; 2.677 ns                ;
; N/A   ; Restricted to 500.00 MHz ( period = 2.000 ns ) ; master:inst9|inst44                                                                                 ; slave:inst10|lpm_dff0:inst3|lpm_ff:lpm_ff_component|dffs[7]                                         ; REQ[2]     ; REQ[2]   ; None                        ; None                      ; 2.664 ns                ;
; N/A   ; Restricted to 500.00 MHz ( period = 2.000 ns ) ; master:inst9|inst44                                                                                 ; slave:inst10|lpm_dff0:inst3|lpm_ff:lpm_ff_component|dffs[6]                                         ; REQ[2]     ; REQ[2]   ; None                        ; None                      ; 2.663 ns                ;
; N/A   ; Restricted to 500.00 MHz ( period = 2.000 ns ) ; master:inst9|inst44                                                                                 ; slave:inst7|lpm_dff0:inst3|lpm_ff:lpm_ff_component|dffs[7]                                          ; REQ[2]     ; REQ[2]   ; None                        ; None                      ; 2.519 ns                ;
; N/A   ; Restricted to 500.00 MHz ( period = 2.000 ns ) ; master:inst9|inst44                                                                                 ; slave:inst7|lpm_dff0:inst3|lpm_ff:lpm_ff_component|dffs[3]                                          ; REQ[2]     ; REQ[2]   ; None                        ; None                      ; 2.518 ns                ;
; N/A   ; Restricted to 500.00 MHz ( period = 2.000 ns ) ; master:inst9|inst44                                                                                 ; slave:inst7|lpm_dff0:inst3|lpm_ff:lpm_ff_component|dffs[6]                                          ; REQ[2]     ; REQ[2]   ; None                        ; None                      ; 2.517 ns                ;
; N/A   ; Restricted to 500.00 MHz ( period = 2.000 ns ) ; master:inst9|inst44                                                                                 ; slave:inst7|lpm_dff0:inst3|lpm_ff:lpm_ff_component|dffs[2]                                          ; REQ[2]     ; REQ[2]   ; None                        ; None                      ; 2.517 ns                ;
; N/A   ; Restricted to 500.00 MHz ( period = 2.000 ns ) ; master:inst9|inst44                                                                                 ; slave:inst7|lpm_dff0:inst3|lpm_ff:lpm_ff_component|dffs[4]                                          ; REQ[2]     ; REQ[2]   ; None                        ; None                      ; 2.513 ns                ;
; N/A   ; Restricted to 500.00 MHz ( period = 2.000 ns ) ; master:inst9|inst44                                                                                 ; slave:inst7|lpm_dff0:inst3|lpm_ff:lpm_ff_component|dffs[5]                                          ; REQ[2]     ; REQ[2]   ; None                        ; None                      ; 2.512 ns                ;
+-------+------------------------------------------------+-----------------------------------------------------------------------------------------------------+-----------------------------------------------------------------------------------------------------+------------+----------+-----------------------------+---------------------------+-------------------------+


+----------------------------------------------------------------------------------------------------------------------------------------------------------------------------------------------------------------------------------------------------------------------------------------------------------------------------------------------------------------------------------+
; Clock Setup: 'REQ[0]'                                                                                                                                                                                                                                                                                                                                                            ;
+-------+------------------------------------------------+------------------------------------------------------------------------------------------------------+------------------------------------------------------------------------------------------------------+------------+----------+-----------------------------+---------------------------+-------------------------+
; Slack ; Actual fmax (period)                           ; From                                                                                                 ; To                                                                                                   ; From Clock ; To Clock ; Required Setup Relationship ; Required Longest P2P Time ; Actual Longest P2P Time ;
+-------+------------------------------------------------+------------------------------------------------------------------------------------------------------+------------------------------------------------------------------------------------------------------+------------+----------+-----------------------------+---------------------------+-------------------------+
; N/A   ; 121.01 MHz ( period = 8.264 ns )               ; master:inst|inst29                                                                                   ; master:inst|inst29                                                                                   ; REQ[0]     ; REQ[0]   ; None                        ; None                      ; 0.488 ns                ;
; N/A   ; 121.01 MHz ( period = 8.264 ns )               ; master:inst8|inst20                                                                                  ; master:inst8|inst20                                                                                  ; REQ[0]     ; REQ[0]   ; None                        ; None                      ; 0.488 ns                ;
; N/A   ; 122.37 MHz ( period = 8.172 ns )               ; master:inst9|inst20                                                                                  ; master:inst9|inst20                                                                                  ; REQ[0]     ; REQ[0]   ; None                        ; None                      ; 0.396 ns                ;
; N/A   ; 122.37 MHz ( period = 8.172 ns )               ; master:inst|inst20                                                                                   ; master:inst|inst20                                                                                   ; REQ[0]     ; REQ[0]   ; None                        ; None                      ; 0.396 ns                ;
; N/A   ; 122.37 MHz ( period = 8.172 ns )               ; master:inst9|inst29                                                                                  ; master:inst9|inst29                                                                                  ; REQ[0]     ; REQ[0]   ; None                        ; None                      ; 0.396 ns                ;
; N/A   ; 122.37 MHz ( period = 8.172 ns )               ; master:inst8|inst29                                                                                  ; master:inst8|inst29                                                                                  ; REQ[0]     ; REQ[0]   ; None                        ; None                      ; 0.396 ns                ;
; N/A   ; 132.82 MHz ( period = 7.529 ns )               ; slave:inst12|inst51                                                                                  ; slave:inst12|inst51                                                                                  ; REQ[0]     ; REQ[0]   ; None                        ; None                      ; 0.488 ns                ;
; N/A   ; 132.82 MHz ( period = 7.529 ns )               ; slave:inst1|inst51                                                                                   ; slave:inst1|inst51                                                                                   ; REQ[0]     ; REQ[0]   ; None                        ; None                      ; 0.488 ns                ;
; N/A   ; 132.82 MHz ( period = 7.529 ns )               ; slave:inst7|inst51                                                                                   ; slave:inst7|inst51                                                                                   ; REQ[0]     ; REQ[0]   ; None                        ; None                      ; 0.488 ns                ;
; N/A   ; 132.82 MHz ( period = 7.529 ns )               ; slave:inst10|inst51                                                                                  ; slave:inst10|inst51                                                                                  ; REQ[0]     ; REQ[0]   ; None                        ; None                      ; 0.488 ns                ;
; N/A   ; 132.82 MHz ( period = 7.529 ns )               ; slave:inst11|inst51                                                                                  ; slave:inst11|inst51                                                                                  ; REQ[0]     ; REQ[0]   ; None                        ; None                      ; 0.488 ns                ;
; N/A   ; 132.82 MHz ( period = 7.529 ns )               ; slave:inst12|inst20                                                                                  ; slave:inst12|inst20                                                                                  ; REQ[0]     ; REQ[0]   ; None                        ; None                      ; 0.488 ns                ;
; N/A   ; 134.46 MHz ( period = 7.437 ns )               ; slave:inst12|inst12                                                                                  ; slave:inst12|inst12                                                                                  ; REQ[0]     ; REQ[0]   ; None                        ; None                      ; 0.396 ns                ;
; N/A   ; 134.46 MHz ( period = 7.437 ns )               ; slave:inst1|inst20                                                                                   ; slave:inst1|inst20                                                                                   ; REQ[0]     ; REQ[0]   ; None                        ; None                      ; 0.396 ns                ;
; N/A   ; 134.46 MHz ( period = 7.437 ns )               ; slave:inst7|inst12                                                                                   ; slave:inst7|inst12                                                                                   ; REQ[0]     ; REQ[0]   ; None                        ; None                      ; 0.396 ns                ;
; N/A   ; 134.46 MHz ( period = 7.437 ns )               ; slave:inst7|inst20                                                                                   ; slave:inst7|inst20                                                                                   ; REQ[0]     ; REQ[0]   ; None                        ; None                      ; 0.396 ns                ;
; N/A   ; 134.46 MHz ( period = 7.437 ns )               ; slave:inst1|inst12                                                                                   ; slave:inst1|inst12                                                                                   ; REQ[0]     ; REQ[0]   ; None                        ; None                      ; 0.396 ns                ;
; N/A   ; 134.46 MHz ( period = 7.437 ns )               ; slave:inst10|inst12                                                                                  ; slave:inst10|inst12                                                                                  ; REQ[0]     ; REQ[0]   ; None                        ; None                      ; 0.396 ns                ;
; N/A   ; 134.46 MHz ( period = 7.437 ns )               ; slave:inst10|inst20                                                                                  ; slave:inst10|inst20                                                                                  ; REQ[0]     ; REQ[0]   ; None                        ; None                      ; 0.396 ns                ;
; N/A   ; 134.46 MHz ( period = 7.437 ns )               ; slave:inst11|inst12                                                                                  ; slave:inst11|inst12                                                                                  ; REQ[0]     ; REQ[0]   ; None                        ; None                      ; 0.396 ns                ;
; N/A   ; 134.46 MHz ( period = 7.437 ns )               ; slave:inst11|inst20                                                                                  ; slave:inst11|inst20                                                                                  ; REQ[0]     ; REQ[0]   ; None                        ; None                      ; 0.396 ns                ;
; N/A   ; 139.92 MHz ( period = 7.147 ns )               ; master:inst|inst44                                                                                   ; slave:inst11|inst51                                                                                  ; REQ[0]     ; REQ[0]   ; None                        ; None                      ; 2.329 ns                ;
; N/A   ; 140.41 MHz ( period = 7.122 ns )               ; master:inst|inst44                                                                                   ; slave:inst1|inst51                                                                                   ; REQ[0]     ; REQ[0]   ; None                        ; None                      ; 2.287 ns                ;
; N/A   ; 142.82 MHz ( period = 7.002 ns )               ; slave:inst7|inst51                                                                                   ; slave:inst7|inst12                                                                                   ; REQ[0]     ; REQ[0]   ; None                        ; None                      ; 1.493 ns                ;
; N/A   ; 143.29 MHz ( period = 6.979 ns )               ; master:inst|inst44                                                                                   ; slave:inst7|inst51                                                                                   ; REQ[0]     ; REQ[0]   ; None                        ; None                      ; 2.277 ns                ;
; N/A   ; 144.76 MHz ( period = 6.908 ns )               ; master:inst|inst44                                                                                   ; slave:inst10|inst51                                                                                  ; REQ[0]     ; REQ[0]   ; None                        ; None                      ; 2.109 ns                ;
; N/A   ; 146.16 MHz ( period = 6.842 ns )               ; slave:inst12|inst51                                                                                  ; slave:inst12|inst20                                                                                  ; REQ[0]     ; REQ[0]   ; None                        ; None                      ; 1.009 ns                ;
; N/A   ; 147.28 MHz ( period = 6.790 ns )               ; master:inst|inst44                                                                                   ; slave:inst12|inst51                                                                                  ; REQ[0]     ; REQ[0]   ; None                        ; None                      ; 2.295 ns                ;
; N/A   ; 147.73 MHz ( period = 6.769 ns )               ; slave:inst11|inst51                                                                                  ; slave:inst11|inst12                                                                                  ; REQ[0]     ; REQ[0]   ; None                        ; None                      ; 1.301 ns                ;
; N/A   ; 148.54 MHz ( period = 6.732 ns )               ; slave:inst11|inst51                                                                                  ; slave:inst11|inst20                                                                                  ; REQ[0]     ; REQ[0]   ; None                        ; None                      ; 1.102 ns                ;
; N/A   ; 149.48 MHz ( period = 6.690 ns )               ; slave:inst10|inst51                                                                                  ; slave:inst10|inst12                                                                                  ; REQ[0]     ; REQ[0]   ; None                        ; None                      ; 1.077 ns                ;
; N/A   ; 150.42 MHz ( period = 6.648 ns )               ; slave:inst1|inst51                                                                                   ; slave:inst1|inst20                                                                                   ; REQ[0]     ; REQ[0]   ; None                        ; None                      ; 0.993 ns                ;
; N/A   ; 152.11 MHz ( period = 6.574 ns )               ; slave:inst1|inst51                                                                                   ; slave:inst1|inst12                                                                                   ; REQ[0]     ; REQ[0]   ; None                        ; None                      ; 1.083 ns                ;
; N/A   ; 152.95 MHz ( period = 6.538 ns )               ; slave:inst10|inst51                                                                                  ; slave:inst10|inst20                                                                                  ; REQ[0]     ; REQ[0]   ; None                        ; None                      ; 1.007 ns                ;
; N/A   ; 152.98 MHz ( period = 6.537 ns )               ; slave:inst7|inst51                                                                                   ; slave:inst7|inst20                                                                                   ; REQ[0]     ; REQ[0]   ; None                        ; None                      ; 1.000 ns                ;
; N/A   ; 155.96 MHz ( period = 6.412 ns )               ; slave:inst12|inst51                                                                                  ; slave:inst12|inst12                                                                                  ; REQ[0]     ; REQ[0]   ; None                        ; None                      ; 1.080 ns                ;
; N/A   ; 238.10 MHz ( period = 4.200 ns )               ; master:inst|inst44                                                                                   ; slave:inst11|lpm_dff0:inst3|lpm_ff:lpm_ff_component|dffs[7]                                          ; REQ[0]     ; REQ[0]   ; None                        ; None                      ; 2.543 ns                ;
; N/A   ; 238.15 MHz ( period = 4.199 ns )               ; master:inst|inst44                                                                                   ; slave:inst11|lpm_dff0:inst3|lpm_ff:lpm_ff_component|dffs[6]                                          ; REQ[0]     ; REQ[0]   ; None                        ; None                      ; 2.542 ns                ;
; N/A   ; 238.15 MHz ( period = 4.199 ns )               ; master:inst|inst44                                                                                   ; slave:inst11|lpm_dff0:inst3|lpm_ff:lpm_ff_component|dffs[4]                                          ; REQ[0]     ; REQ[0]   ; None                        ; None                      ; 2.542 ns                ;
; N/A   ; 238.21 MHz ( period = 4.198 ns )               ; master:inst|inst44                                                                                   ; slave:inst11|lpm_dff0:inst3|lpm_ff:lpm_ff_component|dffs[5]                                          ; REQ[0]     ; REQ[0]   ; None                        ; None                      ; 2.541 ns                ;
; N/A   ; 238.21 MHz ( period = 4.198 ns )               ; master:inst|inst44                                                                                   ; slave:inst11|lpm_dff0:inst3|lpm_ff:lpm_ff_component|dffs[3]                                          ; REQ[0]     ; REQ[0]   ; None                        ; None                      ; 2.541 ns                ;
; N/A   ; 238.21 MHz ( period = 4.198 ns )               ; master:inst|inst44                                                                                   ; slave:inst11|lpm_dff0:inst3|lpm_ff:lpm_ff_component|dffs[2]                                          ; REQ[0]     ; REQ[0]   ; None                        ; None                      ; 2.541 ns                ;
; N/A   ; 256.61 MHz ( period = 3.897 ns )               ; master:inst|inst44                                                                                   ; slave:inst12|lpm_dff0:inst3|lpm_ff:lpm_ff_component|dffs[4]                                          ; REQ[0]     ; REQ[0]   ; None                        ; None                      ; 2.669 ns                ;
; N/A   ; 256.67 MHz ( period = 3.896 ns )               ; master:inst|inst44                                                                                   ; slave:inst12|lpm_dff0:inst3|lpm_ff:lpm_ff_component|dffs[6]                                          ; REQ[0]     ; REQ[0]   ; None                        ; None                      ; 2.668 ns                ;
; N/A   ; 256.74 MHz ( period = 3.895 ns )               ; master:inst|inst44                                                                                   ; slave:inst1|lpm_dff0:inst3|lpm_ff:lpm_ff_component|dffs[7]                                           ; REQ[0]     ; REQ[0]   ; None                        ; None                      ; 2.347 ns                ;
; N/A   ; 256.74 MHz ( period = 3.895 ns )               ; master:inst|inst44                                                                                   ; slave:inst1|lpm_dff0:inst3|lpm_ff:lpm_ff_component|dffs[6]                                           ; REQ[0]     ; REQ[0]   ; None                        ; None                      ; 2.347 ns                ;
; N/A   ; 256.81 MHz ( period = 3.894 ns )               ; master:inst|inst44                                                                                   ; slave:inst1|lpm_dff0:inst3|lpm_ff:lpm_ff_component|dffs[4]                                           ; REQ[0]     ; REQ[0]   ; None                        ; None                      ; 2.346 ns                ;
; N/A   ; 256.81 MHz ( period = 3.894 ns )               ; master:inst|inst44                                                                                   ; slave:inst12|lpm_dff0:inst3|lpm_ff:lpm_ff_component|dffs[2]                                          ; REQ[0]     ; REQ[0]   ; None                        ; None                      ; 2.666 ns                ;
; N/A   ; 256.87 MHz ( period = 3.893 ns )               ; master:inst|inst44                                                                                   ; slave:inst1|lpm_dff0:inst3|lpm_ff:lpm_ff_component|dffs[5]                                           ; REQ[0]     ; REQ[0]   ; None                        ; None                      ; 2.345 ns                ;
; N/A   ; 257.40 MHz ( period = 3.885 ns )               ; master:inst|inst44                                                                                   ; slave:inst1|lpm_dff0:inst3|lpm_ff:lpm_ff_component|dffs[3]                                           ; REQ[0]     ; REQ[0]   ; None                        ; None                      ; 2.337 ns                ;
; N/A   ; 257.47 MHz ( period = 3.884 ns )               ; master:inst|inst44                                                                                   ; slave:inst1|lpm_dff0:inst3|lpm_ff:lpm_ff_component|dffs[2]                                           ; REQ[0]     ; REQ[0]   ; None                        ; None                      ; 2.336 ns                ;
; N/A   ; 258.93 MHz ( period = 3.862 ns )               ; master:inst|inst44                                                                                   ; slave:inst12|lpm_dff0:inst3|lpm_ff:lpm_ff_component|dffs[7]                                          ; REQ[0]     ; REQ[0]   ; None                        ; None                      ; 2.634 ns                ;
; N/A   ; 258.93 MHz ( period = 3.862 ns )               ; master:inst|inst44                                                                                   ; slave:inst12|lpm_dff0:inst3|lpm_ff:lpm_ff_component|dffs[5]                                          ; REQ[0]     ; REQ[0]   ; None                        ; None                      ; 2.634 ns                ;
; N/A   ; 259.07 MHz ( period = 3.860 ns )               ; master:inst|inst44                                                                                   ; slave:inst12|lpm_dff0:inst3|lpm_ff:lpm_ff_component|dffs[3]                                          ; REQ[0]     ; REQ[0]   ; None                        ; None                      ; 2.632 ns                ;
; N/A   ; 270.64 MHz ( period = 3.695 ns )               ; master:inst|inst44                                                                                   ; slave:inst10|lpm_dff0:inst3|lpm_ff:lpm_ff_component|dffs[5]                                          ; REQ[0]     ; REQ[0]   ; None                        ; None                      ; 2.260 ns                ;
; N/A   ; 270.64 MHz ( period = 3.695 ns )               ; master:inst|inst44                                                                                   ; slave:inst10|lpm_dff0:inst3|lpm_ff:lpm_ff_component|dffs[3]                                          ; REQ[0]     ; REQ[0]   ; None                        ; None                      ; 2.260 ns                ;
; N/A   ; 270.71 MHz ( period = 3.694 ns )               ; master:inst|inst44                                                                                   ; slave:inst10|lpm_dff0:inst3|lpm_ff:lpm_ff_component|dffs[4]                                          ; REQ[0]     ; REQ[0]   ; None                        ; None                      ; 2.259 ns                ;
; N/A   ; 270.78 MHz ( period = 3.693 ns )               ; master:inst|inst44                                                                                   ; slave:inst10|lpm_dff0:inst3|lpm_ff:lpm_ff_component|dffs[2]                                          ; REQ[0]     ; REQ[0]   ; None                        ; None                      ; 2.258 ns                ;
; N/A   ; 271.74 MHz ( period = 3.680 ns )               ; master:inst|inst44                                                                                   ; slave:inst10|lpm_dff0:inst3|lpm_ff:lpm_ff_component|dffs[7]                                          ; REQ[0]     ; REQ[0]   ; None                        ; None                      ; 2.245 ns                ;
; N/A   ; 271.81 MHz ( period = 3.679 ns )               ; master:inst|inst44                                                                                   ; slave:inst10|lpm_dff0:inst3|lpm_ff:lpm_ff_component|dffs[6]                                          ; REQ[0]     ; REQ[0]   ; None                        ; None                      ; 2.244 ns                ;
; N/A   ; 271.89 MHz ( period = 3.678 ns )               ; master:inst|inst44                                                                                   ; slave:inst7|lpm_dff0:inst3|lpm_ff:lpm_ff_component|dffs[7]                                           ; REQ[0]     ; REQ[0]   ; None                        ; None                      ; 2.100 ns                ;
; N/A   ; 271.96 MHz ( period = 3.677 ns )               ; master:inst|inst44                                                                                   ; slave:inst7|lpm_dff0:inst3|lpm_ff:lpm_ff_component|dffs[3]                                           ; REQ[0]     ; REQ[0]   ; None                        ; None                      ; 2.099 ns                ;
; N/A   ; 272.03 MHz ( period = 3.676 ns )               ; master:inst|inst44                                                                                   ; slave:inst7|lpm_dff0:inst3|lpm_ff:lpm_ff_component|dffs[6]                                           ; REQ[0]     ; REQ[0]   ; None                        ; None                      ; 2.098 ns                ;
; N/A   ; 272.03 MHz ( period = 3.676 ns )               ; master:inst|inst44                                                                                   ; slave:inst7|lpm_dff0:inst3|lpm_ff:lpm_ff_component|dffs[2]                                           ; REQ[0]     ; REQ[0]   ; None                        ; None                      ; 2.098 ns                ;
; N/A   ; 272.33 MHz ( period = 3.672 ns )               ; master:inst|inst44                                                                                   ; slave:inst7|lpm_dff0:inst3|lpm_ff:lpm_ff_component|dffs[4]                                           ; REQ[0]     ; REQ[0]   ; None                        ; None                      ; 2.094 ns                ;
; N/A   ; 272.41 MHz ( period = 3.671 ns )               ; master:inst|inst44                                                                                   ; slave:inst7|lpm_dff0:inst3|lpm_ff:lpm_ff_component|dffs[5]                                           ; REQ[0]     ; REQ[0]   ; None                        ; None                      ; 2.093 ns                ;
; N/A   ; 272.85 MHz ( period = 3.665 ns )               ; master:inst|inst44                                                                                   ; master:inst|inst29                                                                                   ; REQ[0]     ; REQ[0]   ; None                        ; None                      ; 1.503 ns                ;
; N/A   ; 297.71 MHz ( period = 3.359 ns )               ; master:inst|inst44                                                                                   ; master:inst|inst20                                                                                   ; REQ[0]     ; REQ[0]   ; None                        ; None                      ; 1.506 ns                ;
; N/A   ; 357.65 MHz ( period = 2.796 ns )               ; master:inst9|lpm_counter1:inst39|lpm_counter:lpm_counter_component|cntr_7nh:auto_generated|safe_q[0] ; master:inst9|lpm_counter1:inst39|lpm_counter:lpm_counter_component|cntr_7nh:auto_generated|safe_q[2] ; REQ[0]     ; REQ[0]   ; None                        ; None                      ; 2.612 ns                ;
; N/A   ; 357.65 MHz ( period = 2.796 ns )               ; master:inst9|lpm_counter1:inst39|lpm_counter:lpm_counter_component|cntr_7nh:auto_generated|safe_q[0] ; master:inst9|lpm_counter1:inst39|lpm_counter:lpm_counter_component|cntr_7nh:auto_generated|safe_q[0] ; REQ[0]     ; REQ[0]   ; None                        ; None                      ; 2.612 ns                ;
; N/A   ; 357.65 MHz ( period = 2.796 ns )               ; master:inst9|lpm_counter1:inst39|lpm_counter:lpm_counter_component|cntr_7nh:auto_generated|safe_q[0] ; master:inst9|lpm_counter1:inst39|lpm_counter:lpm_counter_component|cntr_7nh:auto_generated|safe_q[1] ; REQ[0]     ; REQ[0]   ; None                        ; None                      ; 2.612 ns                ;
; N/A   ; 362.19 MHz ( period = 2.761 ns )               ; master:inst9|lpm_counter1:inst39|lpm_counter:lpm_counter_component|cntr_7nh:auto_generated|safe_q[1] ; master:inst9|lpm_counter1:inst39|lpm_counter:lpm_counter_component|cntr_7nh:auto_generated|safe_q[2] ; REQ[0]     ; REQ[0]   ; None                        ; None                      ; 2.577 ns                ;
; N/A   ; 362.19 MHz ( period = 2.761 ns )               ; master:inst9|lpm_counter1:inst39|lpm_counter:lpm_counter_component|cntr_7nh:auto_generated|safe_q[1] ; master:inst9|lpm_counter1:inst39|lpm_counter:lpm_counter_component|cntr_7nh:auto_generated|safe_q[0] ; REQ[0]     ; REQ[0]   ; None                        ; None                      ; 2.577 ns                ;
; N/A   ; 362.19 MHz ( period = 2.761 ns )               ; master:inst9|lpm_counter1:inst39|lpm_counter:lpm_counter_component|cntr_7nh:auto_generated|safe_q[1] ; master:inst9|lpm_counter1:inst39|lpm_counter:lpm_counter_component|cntr_7nh:auto_generated|safe_q[1] ; REQ[0]     ; REQ[0]   ; None                        ; None                      ; 2.577 ns                ;
; N/A   ; 366.84 MHz ( period = 2.726 ns )               ; master:inst9|lpm_counter1:inst39|lpm_counter:lpm_counter_component|cntr_7nh:auto_generated|safe_q[2] ; master:inst9|lpm_counter1:inst39|lpm_counter:lpm_counter_component|cntr_7nh:auto_generated|safe_q[2] ; REQ[0]     ; REQ[0]   ; None                        ; None                      ; 2.542 ns                ;
; N/A   ; 366.84 MHz ( period = 2.726 ns )               ; master:inst9|lpm_counter1:inst39|lpm_counter:lpm_counter_component|cntr_7nh:auto_generated|safe_q[2] ; master:inst9|lpm_counter1:inst39|lpm_counter:lpm_counter_component|cntr_7nh:auto_generated|safe_q[0] ; REQ[0]     ; REQ[0]   ; None                        ; None                      ; 2.542 ns                ;
; N/A   ; 366.84 MHz ( period = 2.726 ns )               ; master:inst9|lpm_counter1:inst39|lpm_counter:lpm_counter_component|cntr_7nh:auto_generated|safe_q[2] ; master:inst9|lpm_counter1:inst39|lpm_counter:lpm_counter_component|cntr_7nh:auto_generated|safe_q[1] ; REQ[0]     ; REQ[0]   ; None                        ; None                      ; 2.542 ns                ;
; N/A   ; 371.47 MHz ( period = 2.692 ns )               ; master:inst9|inst44                                                                                  ; master:inst9|inst44                                                                                  ; REQ[0]     ; REQ[0]   ; None                        ; None                      ; 0.488 ns                ;
; N/A   ; 371.47 MHz ( period = 2.692 ns )               ; master:inst9|inst12                                                                                  ; master:inst9|inst12                                                                                  ; REQ[0]     ; REQ[0]   ; None                        ; None                      ; 0.488 ns                ;
; N/A   ; 384.62 MHz ( period = 2.600 ns )               ; master:inst|inst44                                                                                   ; master:inst|inst44                                                                                   ; REQ[0]     ; REQ[0]   ; None                        ; None                      ; 0.396 ns                ;
; N/A   ; 384.62 MHz ( period = 2.600 ns )               ; arbiter:inst4|inst10                                                                                 ; arbiter:inst4|inst10                                                                                 ; REQ[0]     ; REQ[0]   ; None                        ; None                      ; 0.396 ns                ;
; N/A   ; 384.62 MHz ( period = 2.600 ns )               ; master:inst|inst12                                                                                   ; master:inst|inst12                                                                                   ; REQ[0]     ; REQ[0]   ; None                        ; None                      ; 0.396 ns                ;
; N/A   ; Restricted to 500.00 MHz ( period = 2.000 ns ) ; master:inst9|inst44                                                                                  ; slave:inst7|inst51                                                                                   ; REQ[0]     ; REQ[0]   ; None                        ; None                      ; 2.703 ns                ;
; N/A   ; Restricted to 500.00 MHz ( period = 2.000 ns ) ; master:inst9|inst44                                                                                  ; slave:inst1|inst51                                                                                   ; REQ[0]     ; REQ[0]   ; None                        ; None                      ; 2.539 ns                ;
; N/A   ; Restricted to 500.00 MHz ( period = 2.000 ns ) ; master:inst9|inst44                                                                                  ; slave:inst11|inst51                                                                                  ; REQ[0]     ; REQ[0]   ; None                        ; None                      ; 2.476 ns                ;
; N/A   ; Restricted to 500.00 MHz ( period = 2.000 ns ) ; master:inst9|inst44                                                                                  ; slave:inst10|inst51                                                                                  ; REQ[0]     ; REQ[0]   ; None                        ; None                      ; 2.439 ns                ;
; N/A   ; Restricted to 500.00 MHz ( period = 2.000 ns ) ; master:inst9|inst44                                                                                  ; slave:inst12|inst51                                                                                  ; REQ[0]     ; REQ[0]   ; None                        ; None                      ; 2.431 ns                ;
; N/A   ; Restricted to 500.00 MHz ( period = 2.000 ns ) ; master:inst|inst44                                                                                   ; master:inst|inst12                                                                                   ; REQ[0]     ; REQ[0]   ; None                        ; None                      ; 0.982 ns                ;
; N/A   ; Restricted to 500.00 MHz ( period = 2.000 ns ) ; master:inst9|inst44                                                                                  ; master:inst9|inst12                                                                                  ; REQ[0]     ; REQ[0]   ; None                        ; None                      ; 1.140 ns                ;
; N/A   ; Restricted to 500.00 MHz ( period = 2.000 ns ) ; master:inst9|inst30                                                                                  ; master:inst9|inst30                                                                                  ; REQ[0]     ; REQ[0]   ; None                        ; None                      ; 0.396 ns                ;
; N/A   ; Restricted to 500.00 MHz ( period = 2.000 ns ) ; arbiter:inst4|inst14                                                                                 ; arbiter:inst4|inst14                                                                                 ; REQ[0]     ; REQ[0]   ; None                        ; None                      ; 0.396 ns                ;
+-------+------------------------------------------------+------------------------------------------------------------------------------------------------------+------------------------------------------------------------------------------------------------------+------------+----------+-----------------------------+---------------------------+-------------------------+


+-------------------------------------------------------------------------------------------------------------------------------------------------------------------------------------------------------------------------------------------------------------------------------------------------------------------------------------------------------------------------------------------------------------------------+
; Clock Setup: 'clk'                                                                                                                                                                                                                                                                                                                                                                                                      ;
+-----------------------------------------+-----------------------------------------------------+------------------------------------------------------------------------------------------------------+------------------------------------------------------------------------------------------------------+------------+----------+-----------------------------+---------------------------+-------------------------+
; Slack                                   ; Actual fmax (period)                                ; From                                                                                                 ; To                                                                                                   ; From Clock ; To Clock ; Required Setup Relationship ; Required Longest P2P Time ; Actual Longest P2P Time ;
+-----------------------------------------+-----------------------------------------------------+------------------------------------------------------------------------------------------------------+------------------------------------------------------------------------------------------------------+------------+----------+-----------------------------+---------------------------+-------------------------+
; N/A                                     ; 31.58 MHz ( period = 31.670 ns )                    ; master:inst9|inst20                                                                                  ; master:inst9|lpm_counter0:inst14|lpm_counter:lpm_counter_component|cntr_4pi:auto_generated|safe_q[2] ; clk        ; clk      ; None                        ; None                      ; 1.322 ns                ;
; N/A                                     ; 31.58 MHz ( period = 31.670 ns )                    ; master:inst9|inst20                                                                                  ; master:inst9|lpm_counter0:inst14|lpm_counter:lpm_counter_component|cntr_4pi:auto_generated|safe_q[1] ; clk        ; clk      ; None                        ; None                      ; 1.322 ns                ;
; N/A                                     ; 32.12 MHz ( period = 31.138 ns )                    ; master:inst9|inst20                                                                                  ; master:inst9|lpm_counter0:inst14|lpm_counter:lpm_counter_component|cntr_4pi:auto_generated|safe_q[0] ; clk        ; clk      ; None                        ; None                      ; 1.232 ns                ;
; N/A                                     ; 32.19 MHz ( period = 31.062 ns )                    ; master:inst9|inst29                                                                                  ; master:inst9|lpm_counter0:inst23|lpm_counter:lpm_counter_component|cntr_4pi:auto_generated|safe_q[2] ; clk        ; clk      ; None                        ; None                      ; 1.333 ns                ;
; N/A                                     ; 32.19 MHz ( period = 31.062 ns )                    ; master:inst9|inst29                                                                                  ; master:inst9|lpm_counter0:inst23|lpm_counter:lpm_counter_component|cntr_4pi:auto_generated|safe_q[0] ; clk        ; clk      ; None                        ; None                      ; 1.333 ns                ;
; N/A                                     ; 32.36 MHz ( period = 30.906 ns )                    ; master:inst9|inst29                                                                                  ; master:inst9|lpm_counter0:inst23|lpm_counter:lpm_counter_component|cntr_4pi:auto_generated|safe_q[1] ; clk        ; clk      ; None                        ; None                      ; 1.241 ns                ;
; N/A                                     ; 32.60 MHz ( period = 30.672 ns )                    ; master:inst|inst20                                                                                   ; master:inst|lpm_counter0:inst14|lpm_counter:lpm_counter_component|cntr_4pi:auto_generated|safe_q[2]  ; clk        ; clk      ; None                        ; None                      ; 1.327 ns                ;
; N/A                                     ; 32.60 MHz ( period = 30.672 ns )                    ; master:inst|inst20                                                                                   ; master:inst|lpm_counter0:inst14|lpm_counter:lpm_counter_component|cntr_4pi:auto_generated|safe_q[0]  ; clk        ; clk      ; None                        ; None                      ; 1.327 ns                ;
; N/A                                     ; 32.70 MHz ( period = 30.578 ns )                    ; master:inst|inst29                                                                                   ; master:inst|lpm_counter0:inst23|lpm_counter:lpm_counter_component|cntr_4pi:auto_generated|safe_q[2]  ; clk        ; clk      ; None                        ; None                      ; 1.431 ns                ;
; N/A                                     ; 32.70 MHz ( period = 30.578 ns )                    ; master:inst|inst29                                                                                   ; master:inst|lpm_counter0:inst23|lpm_counter:lpm_counter_component|cntr_4pi:auto_generated|safe_q[0]  ; clk        ; clk      ; None                        ; None                      ; 1.431 ns                ;
; N/A                                     ; 32.76 MHz ( period = 30.522 ns )                    ; master:inst|inst20                                                                                   ; master:inst|lpm_counter0:inst14|lpm_counter:lpm_counter_component|cntr_4pi:auto_generated|safe_q[1]  ; clk        ; clk      ; None                        ; None                      ; 1.234 ns                ;
; N/A                                     ; 32.91 MHz ( period = 30.382 ns )                    ; master:inst|inst29                                                                                   ; master:inst|lpm_counter0:inst23|lpm_counter:lpm_counter_component|cntr_4pi:auto_generated|safe_q[1]  ; clk        ; clk      ; None                        ; None                      ; 1.325 ns                ;
; N/A                                     ; 33.29 MHz ( period = 30.042 ns )                    ; master:inst8|inst29                                                                                  ; master:inst8|lpm_counter0:inst23|lpm_counter:lpm_counter_component|cntr_4pi:auto_generated|safe_q[1] ; clk        ; clk      ; None                        ; None                      ; 1.327 ns                ;
; N/A                                     ; 33.29 MHz ( period = 30.042 ns )                    ; master:inst8|inst29                                                                                  ; master:inst8|lpm_counter0:inst23|lpm_counter:lpm_counter_component|cntr_4pi:auto_generated|safe_q[0] ; clk        ; clk      ; None                        ; None                      ; 1.327 ns                ;
; N/A                                     ; 33.44 MHz ( period = 29.908 ns )                    ; master:inst8|inst20                                                                                  ; master:inst8|lpm_counter0:inst14|lpm_counter:lpm_counter_component|cntr_4pi:auto_generated|safe_q[2] ; clk        ; clk      ; None                        ; None                      ; 1.335 ns                ;
; N/A                                     ; 33.44 MHz ( period = 29.908 ns )                    ; master:inst8|inst20                                                                                  ; master:inst8|lpm_counter0:inst14|lpm_counter:lpm_counter_component|cntr_4pi:auto_generated|safe_q[1] ; clk        ; clk      ; None                        ; None                      ; 1.335 ns                ;
; N/A                                     ; 33.47 MHz ( period = 29.874 ns )                    ; master:inst8|inst29                                                                                  ; master:inst8|lpm_counter0:inst23|lpm_counter:lpm_counter_component|cntr_4pi:auto_generated|safe_q[2] ; clk        ; clk      ; None                        ; None                      ; 1.238 ns                ;
; N/A                                     ; 33.55 MHz ( period = 29.802 ns )                    ; master:inst8|inst20                                                                                  ; master:inst8|lpm_counter0:inst14|lpm_counter:lpm_counter_component|cntr_4pi:auto_generated|safe_q[0] ; clk        ; clk      ; None                        ; None                      ; 1.246 ns                ;
; N/A                                     ; 35.68 MHz ( period = 28.024 ns )                    ; slave:inst7|inst12                                                                                   ; slave:inst7|lpm_counter0:inst6|lpm_counter:lpm_counter_component|cntr_4pi:auto_generated|safe_q[2]   ; clk        ; clk      ; None                        ; None                      ; 1.855 ns                ;
; N/A                                     ; 35.68 MHz ( period = 28.024 ns )                    ; slave:inst7|inst12                                                                                   ; slave:inst7|lpm_counter0:inst6|lpm_counter:lpm_counter_component|cntr_4pi:auto_generated|safe_q[0]   ; clk        ; clk      ; None                        ; None                      ; 1.855 ns                ;
; N/A                                     ; 35.68 MHz ( period = 28.024 ns )                    ; slave:inst7|inst12                                                                                   ; slave:inst7|lpm_counter0:inst6|lpm_counter:lpm_counter_component|cntr_4pi:auto_generated|safe_q[1]   ; clk        ; clk      ; None                        ; None                      ; 1.855 ns                ;
; N/A                                     ; 35.72 MHz ( period = 27.996 ns )                    ; slave:inst11|inst20                                                                                  ; slave:inst11|lpm_counter0:inst14|lpm_counter:lpm_counter_component|cntr_4pi:auto_generated|safe_q[2] ; clk        ; clk      ; None                        ; None                      ; 1.878 ns                ;
; N/A                                     ; 35.72 MHz ( period = 27.996 ns )                    ; slave:inst11|inst20                                                                                  ; slave:inst11|lpm_counter0:inst14|lpm_counter:lpm_counter_component|cntr_4pi:auto_generated|safe_q[1] ; clk        ; clk      ; None                        ; None                      ; 1.878 ns                ;
; N/A                                     ; 35.72 MHz ( period = 27.996 ns )                    ; slave:inst11|inst20                                                                                  ; slave:inst11|lpm_counter0:inst14|lpm_counter:lpm_counter_component|cntr_4pi:auto_generated|safe_q[0] ; clk        ; clk      ; None                        ; None                      ; 1.878 ns                ;
; N/A                                     ; 36.19 MHz ( period = 27.634 ns )                    ; slave:inst12|inst20                                                                                  ; slave:inst12|lpm_counter0:inst14|lpm_counter:lpm_counter_component|cntr_4pi:auto_generated|safe_q[2] ; clk        ; clk      ; None                        ; None                      ; 1.761 ns                ;
; N/A                                     ; 36.19 MHz ( period = 27.634 ns )                    ; slave:inst12|inst20                                                                                  ; slave:inst12|lpm_counter0:inst14|lpm_counter:lpm_counter_component|cntr_4pi:auto_generated|safe_q[1] ; clk        ; clk      ; None                        ; None                      ; 1.761 ns                ;
; N/A                                     ; 36.19 MHz ( period = 27.634 ns )                    ; slave:inst12|inst20                                                                                  ; slave:inst12|lpm_counter0:inst14|lpm_counter:lpm_counter_component|cntr_4pi:auto_generated|safe_q[0] ; clk        ; clk      ; None                        ; None                      ; 1.761 ns                ;
; N/A                                     ; 36.24 MHz ( period = 27.592 ns )                    ; slave:inst12|inst12                                                                                  ; slave:inst12|lpm_counter0:inst6|lpm_counter:lpm_counter_component|cntr_4pi:auto_generated|safe_q[2]  ; clk        ; clk      ; None                        ; None                      ; 1.429 ns                ;
; N/A                                     ; 36.24 MHz ( period = 27.592 ns )                    ; slave:inst12|inst12                                                                                  ; slave:inst12|lpm_counter0:inst6|lpm_counter:lpm_counter_component|cntr_4pi:auto_generated|safe_q[0]  ; clk        ; clk      ; None                        ; None                      ; 1.429 ns                ;
; N/A                                     ; 36.24 MHz ( period = 27.592 ns )                    ; slave:inst12|inst12                                                                                  ; slave:inst12|lpm_counter0:inst6|lpm_counter:lpm_counter_component|cntr_4pi:auto_generated|safe_q[1]  ; clk        ; clk      ; None                        ; None                      ; 1.429 ns                ;
; N/A                                     ; 36.33 MHz ( period = 27.528 ns )                    ; slave:inst10|inst20                                                                                  ; slave:inst10|lpm_counter0:inst14|lpm_counter:lpm_counter_component|cntr_4pi:auto_generated|safe_q[0] ; clk        ; clk      ; None                        ; None                      ; 1.702 ns                ;
; N/A                                     ; 36.33 MHz ( period = 27.528 ns )                    ; slave:inst10|inst20                                                                                  ; slave:inst10|lpm_counter0:inst14|lpm_counter:lpm_counter_component|cntr_4pi:auto_generated|safe_q[1] ; clk        ; clk      ; None                        ; None                      ; 1.702 ns                ;
; N/A                                     ; 36.33 MHz ( period = 27.528 ns )                    ; slave:inst10|inst20                                                                                  ; slave:inst10|lpm_counter0:inst14|lpm_counter:lpm_counter_component|cntr_4pi:auto_generated|safe_q[2] ; clk        ; clk      ; None                        ; None                      ; 1.702 ns                ;
; N/A                                     ; 36.44 MHz ( period = 27.446 ns )                    ; slave:inst10|inst12                                                                                  ; slave:inst10|lpm_counter0:inst6|lpm_counter:lpm_counter_component|cntr_4pi:auto_generated|safe_q[1]  ; clk        ; clk      ; None                        ; None                      ; 1.847 ns                ;
; N/A                                     ; 36.44 MHz ( period = 27.446 ns )                    ; slave:inst10|inst12                                                                                  ; slave:inst10|lpm_counter0:inst6|lpm_counter:lpm_counter_component|cntr_4pi:auto_generated|safe_q[2]  ; clk        ; clk      ; None                        ; None                      ; 1.847 ns                ;
; N/A                                     ; 36.44 MHz ( period = 27.446 ns )                    ; slave:inst10|inst12                                                                                  ; slave:inst10|lpm_counter0:inst6|lpm_counter:lpm_counter_component|cntr_4pi:auto_generated|safe_q[0]  ; clk        ; clk      ; None                        ; None                      ; 1.847 ns                ;
; N/A                                     ; 36.80 MHz ( period = 27.176 ns )                    ; slave:inst1|inst20                                                                                   ; slave:inst1|lpm_counter0:inst14|lpm_counter:lpm_counter_component|cntr_4pi:auto_generated|safe_q[1]  ; clk        ; clk      ; None                        ; None                      ; 1.774 ns                ;
; N/A                                     ; 36.80 MHz ( period = 27.176 ns )                    ; slave:inst1|inst20                                                                                   ; slave:inst1|lpm_counter0:inst14|lpm_counter:lpm_counter_component|cntr_4pi:auto_generated|safe_q[2]  ; clk        ; clk      ; None                        ; None                      ; 1.774 ns                ;
; N/A                                     ; 36.80 MHz ( period = 27.176 ns )                    ; slave:inst1|inst20                                                                                   ; slave:inst1|lpm_counter0:inst14|lpm_counter:lpm_counter_component|cntr_4pi:auto_generated|safe_q[0]  ; clk        ; clk      ; None                        ; None                      ; 1.774 ns                ;
; N/A                                     ; 36.81 MHz ( period = 27.166 ns )                    ; slave:inst1|inst12                                                                                   ; slave:inst1|lpm_counter0:inst6|lpm_counter:lpm_counter_component|cntr_4pi:auto_generated|safe_q[1]   ; clk        ; clk      ; None                        ; None                      ; 1.792 ns                ;
; N/A                                     ; 36.81 MHz ( period = 27.166 ns )                    ; slave:inst1|inst12                                                                                   ; slave:inst1|lpm_counter0:inst6|lpm_counter:lpm_counter_component|cntr_4pi:auto_generated|safe_q[2]   ; clk        ; clk      ; None                        ; None                      ; 1.792 ns                ;
; N/A                                     ; 36.81 MHz ( period = 27.166 ns )                    ; slave:inst1|inst12                                                                                   ; slave:inst1|lpm_counter0:inst6|lpm_counter:lpm_counter_component|cntr_4pi:auto_generated|safe_q[0]   ; clk        ; clk      ; None                        ; None                      ; 1.792 ns                ;
; N/A                                     ; 36.97 MHz ( period = 27.048 ns )                    ; slave:inst11|inst12                                                                                  ; slave:inst11|lpm_counter0:inst6|lpm_counter:lpm_counter_component|cntr_4pi:auto_generated|safe_q[0]  ; clk        ; clk      ; None                        ; None                      ; 1.422 ns                ;
; N/A                                     ; 36.97 MHz ( period = 27.048 ns )                    ; slave:inst11|inst12                                                                                  ; slave:inst11|lpm_counter0:inst6|lpm_counter:lpm_counter_component|cntr_4pi:auto_generated|safe_q[1]  ; clk        ; clk      ; None                        ; None                      ; 1.422 ns                ;
; N/A                                     ; 36.97 MHz ( period = 27.048 ns )                    ; slave:inst11|inst12                                                                                  ; slave:inst11|lpm_counter0:inst6|lpm_counter:lpm_counter_component|cntr_4pi:auto_generated|safe_q[2]  ; clk        ; clk      ; None                        ; None                      ; 1.422 ns                ;
; N/A                                     ; 37.19 MHz ( period = 26.892 ns )                    ; slave:inst7|inst20                                                                                   ; slave:inst7|lpm_counter0:inst14|lpm_counter:lpm_counter_component|cntr_4pi:auto_generated|safe_q[0]  ; clk        ; clk      ; None                        ; None                      ; 1.325 ns                ;
; N/A                                     ; 37.19 MHz ( period = 26.892 ns )                    ; slave:inst7|inst20                                                                                   ; slave:inst7|lpm_counter0:inst14|lpm_counter:lpm_counter_component|cntr_4pi:auto_generated|safe_q[1]  ; clk        ; clk      ; None                        ; None                      ; 1.325 ns                ;
; N/A                                     ; 37.19 MHz ( period = 26.892 ns )                    ; slave:inst7|inst20                                                                                   ; slave:inst7|lpm_counter0:inst14|lpm_counter:lpm_counter_component|cntr_4pi:auto_generated|safe_q[2]  ; clk        ; clk      ; None                        ; None                      ; 1.325 ns                ;
; N/A                                     ; 37.70 MHz ( period = 26.526 ns )                    ; master:inst|inst12                                                                                   ; master:inst|lpm_counter0:inst6|lpm_counter:lpm_counter_component|cntr_4pi:auto_generated|safe_q[2]   ; clk        ; clk      ; None                        ; None                      ; 2.597 ns                ;
; N/A                                     ; 37.70 MHz ( period = 26.526 ns )                    ; master:inst|inst12                                                                                   ; master:inst|lpm_counter0:inst6|lpm_counter:lpm_counter_component|cntr_4pi:auto_generated|safe_q[0]   ; clk        ; clk      ; None                        ; None                      ; 2.597 ns                ;
; N/A                                     ; 37.70 MHz ( period = 26.526 ns )                    ; master:inst|inst12                                                                                   ; master:inst|lpm_counter0:inst6|lpm_counter:lpm_counter_component|cntr_4pi:auto_generated|safe_q[1]   ; clk        ; clk      ; None                        ; None                      ; 2.597 ns                ;
; N/A                                     ; 65.66 MHz ( period = 15.230 ns )                    ; master:inst9|inst12                                                                                  ; master:inst9|lpm_counter0:inst6|lpm_counter:lpm_counter_component|cntr_4pi:auto_generated|safe_q[2]  ; clk        ; clk      ; None                        ; None                      ; 2.257 ns                ;
; N/A                                     ; 65.66 MHz ( period = 15.230 ns )                    ; master:inst9|inst12                                                                                  ; master:inst9|lpm_counter0:inst6|lpm_counter:lpm_counter_component|cntr_4pi:auto_generated|safe_q[1]  ; clk        ; clk      ; None                        ; None                      ; 2.257 ns                ;
; N/A                                     ; 65.66 MHz ( period = 15.230 ns )                    ; master:inst9|inst12                                                                                  ; master:inst9|lpm_counter0:inst6|lpm_counter:lpm_counter_component|cntr_4pi:auto_generated|safe_q[0]  ; clk        ; clk      ; None                        ; None                      ; 2.257 ns                ;
; N/A                                     ; 71.82 MHz ( period = 13.924 ns )                    ; master:inst8|inst12                                                                                  ; master:inst8|lpm_counter0:inst6|lpm_counter:lpm_counter_component|cntr_4pi:auto_generated|safe_q[2]  ; clk        ; clk      ; None                        ; None                      ; 1.853 ns                ;
; N/A                                     ; 71.82 MHz ( period = 13.924 ns )                    ; master:inst8|inst12                                                                                  ; master:inst8|lpm_counter0:inst6|lpm_counter:lpm_counter_component|cntr_4pi:auto_generated|safe_q[0]  ; clk        ; clk      ; None                        ; None                      ; 1.853 ns                ;
; N/A                                     ; 71.82 MHz ( period = 13.924 ns )                    ; master:inst8|inst12                                                                                  ; master:inst8|lpm_counter0:inst6|lpm_counter:lpm_counter_component|cntr_4pi:auto_generated|safe_q[1]  ; clk        ; clk      ; None                        ; None                      ; 1.853 ns                ;
; N/A                                     ; 77.50 MHz ( period = 12.904 ns )                    ; master:inst9|inst29                                                                                  ; master:inst9|inst29                                                                                  ; clk        ; clk      ; None                        ; None                      ; 0.396 ns                ;
; N/A                                     ; 79.04 MHz ( period = 12.652 ns )                    ; master:inst|inst29                                                                                   ; master:inst|inst29                                                                                   ; clk        ; clk      ; None                        ; None                      ; 0.488 ns                ;
; N/A                                     ; 80.85 MHz ( period = 12.368 ns )                    ; master:inst8|inst20                                                                                  ; master:inst8|inst20                                                                                  ; clk        ; clk      ; None                        ; None                      ; 0.488 ns                ;
; N/A                                     ; 82.47 MHz ( period = 12.126 ns )                    ; master:inst|inst20                                                                                   ; master:inst|inst20                                                                                   ; clk        ; clk      ; None                        ; None                      ; 0.396 ns                ;
; N/A                                     ; 83.63 MHz ( period = 11.958 ns )                    ; master:inst9|inst20                                                                                  ; master:inst9|inst20                                                                                  ; clk        ; clk      ; None                        ; None                      ; 0.396 ns                ;
; N/A                                     ; 84.32 MHz ( period = 11.859 ns )                    ; master:inst8|inst29                                                                                  ; master:inst8|inst29                                                                                  ; clk        ; clk      ; None                        ; None                      ; 0.396 ns                ;
; N/A                                     ; 93.05 MHz ( period = 10.747 ns )                    ; slave:inst12|inst12                                                                                  ; slave:inst12|inst12                                                                                  ; clk        ; clk      ; None                        ; None                      ; 0.396 ns                ;
; N/A                                     ; 94.49 MHz ( period = 10.583 ns )                    ; slave:inst7|inst12                                                                                   ; slave:inst7|inst12                                                                                   ; clk        ; clk      ; None                        ; None                      ; 0.396 ns                ;
; N/A                                     ; 94.63 MHz ( period = 10.567 ns )                    ; slave:inst11|inst12                                                                                  ; slave:inst11|inst12                                                                                  ; clk        ; clk      ; None                        ; None                      ; 0.396 ns                ;
; N/A                                     ; 96.61 MHz ( period = 10.351 ns )                    ; slave:inst10|inst12                                                                                  ; slave:inst10|inst12                                                                                  ; clk        ; clk      ; None                        ; None                      ; 0.396 ns                ;
; N/A                                     ; 97.38 MHz ( period = 10.269 ns )                    ; slave:inst1|inst12                                                                                   ; slave:inst1|inst12                                                                                   ; clk        ; clk      ; None                        ; None                      ; 0.396 ns                ;
; N/A                                     ; 97.97 MHz ( period = 10.207 ns )                    ; slave:inst7|inst51                                                                                   ; slave:inst7|inst41                                                                                   ; clk        ; clk      ; None                        ; None                      ; 1.493 ns                ;
; N/A                                     ; 98.54 MHz ( period = 10.148 ns )                    ; slave:inst10|inst51                                                                                  ; slave:inst10|inst41                                                                                  ; clk        ; clk      ; None                        ; None                      ; 1.252 ns                ;
; N/A                                     ; 98.54 MHz ( period = 10.148 ns )                    ; slave:inst7|inst51                                                                                   ; slave:inst7|inst12                                                                                   ; clk        ; clk      ; None                        ; None                      ; 1.493 ns                ;
; N/A                                     ; 99.18 MHz ( period = 10.083 ns )                    ; slave:inst11|inst51                                                                                  ; slave:inst11|inst41                                                                                  ; clk        ; clk      ; None                        ; None                      ; 1.301 ns                ;
; N/A                                     ; 100.18 MHz ( period = 9.982 ns )                    ; slave:inst12|inst51                                                                                  ; slave:inst12|inst41                                                                                  ; clk        ; clk      ; None                        ; None                      ; 1.080 ns                ;
; N/A                                     ; 101.02 MHz ( period = 9.899 ns )                    ; slave:inst11|inst51                                                                                  ; slave:inst11|inst12                                                                                  ; clk        ; clk      ; None                        ; None                      ; 1.301 ns                ;
; N/A                                     ; 102.86 MHz ( period = 9.722 ns )                    ; slave:inst12|inst51                                                                                  ; slave:inst12|inst12                                                                                  ; clk        ; clk      ; None                        ; None                      ; 1.080 ns                ;
; N/A                                     ; 104.12 MHz ( period = 9.604 ns )                    ; slave:inst10|inst51                                                                                  ; slave:inst10|inst12                                                                                  ; clk        ; clk      ; None                        ; None                      ; 1.077 ns                ;
; N/A                                     ; 104.98 MHz ( period = 9.526 ns )                    ; slave:inst1|inst51                                                                                   ; slave:inst1|inst41                                                                                   ; clk        ; clk      ; None                        ; None                      ; 1.083 ns                ;
; N/A                                     ; 105.15 MHz ( period = 9.510 ns )                    ; slave:inst7|inst51                                                                                   ; slave:inst7|inst51                                                                                   ; clk        ; clk      ; None                        ; None                      ; 0.488 ns                ;
; N/A                                     ; 105.47 MHz ( period = 9.481 ns )                    ; slave:inst10|inst51                                                                                  ; slave:inst10|inst51                                                                                  ; clk        ; clk      ; None                        ; None                      ; 0.488 ns                ;
; N/A                                     ; 106.20 MHz ( period = 9.416 ns )                    ; slave:inst11|inst20                                                                                  ; slave:inst11|inst20                                                                                  ; clk        ; clk      ; None                        ; None                      ; 0.396 ns                ;
; N/A                                     ; 106.32 MHz ( period = 9.406 ns )                    ; slave:inst1|inst51                                                                                   ; slave:inst1|inst12                                                                                   ; clk        ; clk      ; None                        ; None                      ; 1.083 ns                ;
; N/A                                     ; 106.68 MHz ( period = 9.374 ns )                    ; slave:inst10|inst20                                                                                  ; slave:inst10|inst20                                                                                  ; clk        ; clk      ; None                        ; None                      ; 0.396 ns                ;
; N/A                                     ; 106.89 MHz ( period = 9.355 ns )                    ; slave:inst7|inst20                                                                                   ; slave:inst7|inst20                                                                                   ; clk        ; clk      ; None                        ; None                      ; 0.396 ns                ;
; N/A                                     ; 106.95 MHz ( period = 9.350 ns )                    ; slave:inst11|inst51                                                                                  ; slave:inst11|inst51                                                                                  ; clk        ; clk      ; None                        ; None                      ; 0.488 ns                ;
; N/A                                     ; 107.27 MHz ( period = 9.322 ns )                    ; slave:inst12|inst51                                                                                  ; slave:inst12|inst51                                                                                  ; clk        ; clk      ; None                        ; None                      ; 0.488 ns                ;
; N/A                                     ; 108.68 MHz ( period = 9.201 ns )                    ; slave:inst12|inst20                                                                                  ; slave:inst12|inst20                                                                                  ; clk        ; clk      ; None                        ; None                      ; 0.488 ns                ;
; N/A                                     ; 110.61 MHz ( period = 9.041 ns )                    ; slave:inst1|inst20                                                                                   ; slave:inst1|inst20                                                                                   ; clk        ; clk      ; None                        ; None                      ; 0.396 ns                ;
; N/A                                     ; 110.91 MHz ( period = 9.016 ns )                    ; slave:inst1|inst51                                                                                   ; slave:inst1|inst51                                                                                   ; clk        ; clk      ; None                        ; None                      ; 0.488 ns                ;
; N/A                                     ; 111.51 MHz ( period = 8.968 ns )                    ; master:inst|inst44                                                                                   ; slave:inst11|inst51                                                                                  ; clk        ; clk      ; None                        ; None                      ; 2.329 ns                ;
; N/A                                     ; 111.61 MHz ( period = 8.960 ns )                    ; master:inst|inst44                                                                                   ; slave:inst7|inst51                                                                                   ; clk        ; clk      ; None                        ; None                      ; 2.277 ns                ;
; N/A                                     ; 112.87 MHz ( period = 8.860 ns )                    ; master:inst|inst44                                                                                   ; slave:inst10|inst51                                                                                  ; clk        ; clk      ; None                        ; None                      ; 2.109 ns                ;
; N/A                                     ; 114.80 MHz ( period = 8.711 ns )                    ; slave:inst11|inst51                                                                                  ; slave:inst11|inst20                                                                                  ; clk        ; clk      ; None                        ; None                      ; 1.102 ns                ;
; N/A                                     ; 116.16 MHz ( period = 8.609 ns )                    ; master:inst|inst44                                                                                   ; slave:inst1|inst51                                                                                   ; clk        ; clk      ; None                        ; None                      ; 2.287 ns                ;
; N/A                                     ; 116.51 MHz ( period = 8.583 ns )                    ; master:inst|inst44                                                                                   ; slave:inst12|inst51                                                                                  ; clk        ; clk      ; None                        ; None                      ; 2.295 ns                ;
; N/A                                     ; 116.99 MHz ( period = 8.548 ns )                    ; master:inst|inst12                                                                                   ; master:inst|inst12                                                                                   ; clk        ; clk      ; None                        ; None                      ; 0.396 ns                ;
; N/A                                     ; 117.45 MHz ( period = 8.514 ns )                    ; slave:inst12|inst51                                                                                  ; slave:inst12|inst20                                                                                  ; clk        ; clk      ; None                        ; None                      ; 1.009 ns                ;
; N/A                                     ; 117.99 MHz ( period = 8.475 ns )                    ; slave:inst10|inst51                                                                                  ; slave:inst10|inst20                                                                                  ; clk        ; clk      ; None                        ; None                      ; 1.007 ns                ;
; N/A                                     ; 118.27 MHz ( period = 8.455 ns )                    ; slave:inst7|inst51                                                                                   ; slave:inst7|inst20                                                                                   ; clk        ; clk      ; None                        ; None                      ; 1.000 ns                ;
; N/A                                     ; 121.18 MHz ( period = 8.252 ns )                    ; slave:inst1|inst51                                                                                   ; slave:inst1|inst20                                                                                   ; clk        ; clk      ; None                        ; None                      ; 0.993 ns                ;
; N/A                                     ; 121.49 MHz ( period = 8.231 ns )                    ; master:inst|inst44                                                                                   ; master:inst|inst41                                                                                   ; clk        ; clk      ; None                        ; None                      ; 1.744 ns                ;
; N/A                                     ; 124.18 MHz ( period = 8.053 ns )                    ; master:inst|inst44                                                                                   ; master:inst|inst29                                                                                   ; clk        ; clk      ; None                        ; None                      ; 1.503 ns                ;
; N/A                                     ; 136.74 MHz ( period = 7.313 ns )                    ; master:inst|inst44                                                                                   ; master:inst|inst20                                                                                   ; clk        ; clk      ; None                        ; None                      ; 1.506 ns                ;
; N/A                                     ; 144.34 MHz ( period = 6.928 ns )                    ; master:inst|inst44                                                                                   ; master:inst|inst12                                                                                   ; clk        ; clk      ; None                        ; None                      ; 0.982 ns                ;
; N/A                                     ; 153.92 MHz ( period = 6.497 ns )                    ; master:inst|inst44                                                                                   ; master:inst|inst44                                                                                   ; clk        ; clk      ; None                        ; None                      ; 0.396 ns                ;
; N/A                                     ; 166.09 MHz ( period = 6.021 ns )                    ; master:inst|inst44                                                                                   ; slave:inst11|lpm_dff0:inst3|lpm_ff:lpm_ff_component|dffs[7]                                          ; clk        ; clk      ; None                        ; None                      ; 2.543 ns                ;
; N/A                                     ; 166.11 MHz ( period = 6.020 ns )                    ; master:inst|inst44                                                                                   ; slave:inst11|lpm_dff0:inst3|lpm_ff:lpm_ff_component|dffs[6]                                          ; clk        ; clk      ; None                        ; None                      ; 2.542 ns                ;
; N/A                                     ; 166.11 MHz ( period = 6.020 ns )                    ; master:inst|inst44                                                                                   ; slave:inst11|lpm_dff0:inst3|lpm_ff:lpm_ff_component|dffs[4]                                          ; clk        ; clk      ; None                        ; None                      ; 2.542 ns                ;
; N/A                                     ; 166.14 MHz ( period = 6.019 ns )                    ; master:inst|inst44                                                                                   ; slave:inst11|lpm_dff0:inst3|lpm_ff:lpm_ff_component|dffs[5]                                          ; clk        ; clk      ; None                        ; None                      ; 2.541 ns                ;
; N/A                                     ; 166.14 MHz ( period = 6.019 ns )                    ; master:inst|inst44                                                                                   ; slave:inst11|lpm_dff0:inst3|lpm_ff:lpm_ff_component|dffs[3]                                          ; clk        ; clk      ; None                        ; None                      ; 2.541 ns                ;
; N/A                                     ; 166.14 MHz ( period = 6.019 ns )                    ; master:inst|inst44                                                                                   ; slave:inst11|lpm_dff0:inst3|lpm_ff:lpm_ff_component|dffs[2]                                          ; clk        ; clk      ; None                        ; None                      ; 2.541 ns                ;
; N/A                                     ; 175.75 MHz ( period = 5.690 ns )                    ; master:inst|inst44                                                                                   ; slave:inst12|lpm_dff0:inst3|lpm_ff:lpm_ff_component|dffs[4]                                          ; clk        ; clk      ; None                        ; None                      ; 2.669 ns                ;
; N/A                                     ; 175.78 MHz ( period = 5.689 ns )                    ; master:inst|inst44                                                                                   ; slave:inst12|lpm_dff0:inst3|lpm_ff:lpm_ff_component|dffs[6]                                          ; clk        ; clk      ; None                        ; None                      ; 2.668 ns                ;
; N/A                                     ; 175.84 MHz ( period = 5.687 ns )                    ; master:inst|inst44                                                                                   ; slave:inst12|lpm_dff0:inst3|lpm_ff:lpm_ff_component|dffs[2]                                          ; clk        ; clk      ; None                        ; None                      ; 2.666 ns                ;
; N/A                                     ; 176.71 MHz ( period = 5.659 ns )                    ; master:inst|inst44                                                                                   ; slave:inst7|lpm_dff0:inst3|lpm_ff:lpm_ff_component|dffs[7]                                           ; clk        ; clk      ; None                        ; None                      ; 2.100 ns                ;
; N/A                                     ; 176.74 MHz ( period = 5.658 ns )                    ; master:inst|inst44                                                                                   ; slave:inst7|lpm_dff0:inst3|lpm_ff:lpm_ff_component|dffs[3]                                           ; clk        ; clk      ; None                        ; None                      ; 2.099 ns                ;
; N/A                                     ; 176.77 MHz ( period = 5.657 ns )                    ; master:inst|inst44                                                                                   ; slave:inst7|lpm_dff0:inst3|lpm_ff:lpm_ff_component|dffs[6]                                           ; clk        ; clk      ; None                        ; None                      ; 2.098 ns                ;
; N/A                                     ; 176.77 MHz ( period = 5.657 ns )                    ; master:inst|inst44                                                                                   ; slave:inst7|lpm_dff0:inst3|lpm_ff:lpm_ff_component|dffs[2]                                           ; clk        ; clk      ; None                        ; None                      ; 2.098 ns                ;
; N/A                                     ; 176.83 MHz ( period = 5.655 ns )                    ; master:inst|inst44                                                                                   ; slave:inst12|lpm_dff0:inst3|lpm_ff:lpm_ff_component|dffs[7]                                          ; clk        ; clk      ; None                        ; None                      ; 2.634 ns                ;
; N/A                                     ; 176.83 MHz ( period = 5.655 ns )                    ; master:inst|inst44                                                                                   ; slave:inst12|lpm_dff0:inst3|lpm_ff:lpm_ff_component|dffs[5]                                          ; clk        ; clk      ; None                        ; None                      ; 2.634 ns                ;
; N/A                                     ; 176.90 MHz ( period = 5.653 ns )                    ; master:inst|inst44                                                                                   ; slave:inst12|lpm_dff0:inst3|lpm_ff:lpm_ff_component|dffs[3]                                          ; clk        ; clk      ; None                        ; None                      ; 2.632 ns                ;
; N/A                                     ; 176.90 MHz ( period = 5.653 ns )                    ; master:inst|inst44                                                                                   ; slave:inst7|lpm_dff0:inst3|lpm_ff:lpm_ff_component|dffs[4]                                           ; clk        ; clk      ; None                        ; None                      ; 2.094 ns                ;
; N/A                                     ; 176.93 MHz ( period = 5.652 ns )                    ; master:inst|inst44                                                                                   ; slave:inst7|lpm_dff0:inst3|lpm_ff:lpm_ff_component|dffs[5]                                           ; clk        ; clk      ; None                        ; None                      ; 2.093 ns                ;
; N/A                                     ; 177.09 MHz ( period = 5.647 ns )                    ; master:inst|inst44                                                                                   ; slave:inst10|lpm_dff0:inst3|lpm_ff:lpm_ff_component|dffs[5]                                          ; clk        ; clk      ; None                        ; None                      ; 2.260 ns                ;
; N/A                                     ; 177.09 MHz ( period = 5.647 ns )                    ; master:inst|inst44                                                                                   ; slave:inst10|lpm_dff0:inst3|lpm_ff:lpm_ff_component|dffs[3]                                          ; clk        ; clk      ; None                        ; None                      ; 2.260 ns                ;
; N/A                                     ; 177.12 MHz ( period = 5.646 ns )                    ; master:inst|inst44                                                                                   ; slave:inst10|lpm_dff0:inst3|lpm_ff:lpm_ff_component|dffs[4]                                          ; clk        ; clk      ; None                        ; None                      ; 2.259 ns                ;
; N/A                                     ; 177.15 MHz ( period = 5.645 ns )                    ; master:inst|inst44                                                                                   ; slave:inst10|lpm_dff0:inst3|lpm_ff:lpm_ff_component|dffs[2]                                          ; clk        ; clk      ; None                        ; None                      ; 2.258 ns                ;
; N/A                                     ; 177.56 MHz ( period = 5.632 ns )                    ; master:inst|inst44                                                                                   ; slave:inst10|lpm_dff0:inst3|lpm_ff:lpm_ff_component|dffs[7]                                          ; clk        ; clk      ; None                        ; None                      ; 2.245 ns                ;
; N/A                                     ; 177.59 MHz ( period = 5.631 ns )                    ; master:inst|inst44                                                                                   ; slave:inst10|lpm_dff0:inst3|lpm_ff:lpm_ff_component|dffs[6]                                          ; clk        ; clk      ; None                        ; None                      ; 2.244 ns                ;
; N/A                                     ; 178.03 MHz ( period = 5.617 ns )                    ; arbiter:inst4|inst10                                                                                 ; arbiter:inst4|inst10                                                                                 ; clk        ; clk      ; None                        ; None                      ; 0.396 ns                ;
; N/A                                     ; 185.80 MHz ( period = 5.382 ns )                    ; master:inst|inst44                                                                                   ; slave:inst1|lpm_dff0:inst3|lpm_ff:lpm_ff_component|dffs[7]                                           ; clk        ; clk      ; None                        ; None                      ; 2.347 ns                ;
; N/A                                     ; 185.80 MHz ( period = 5.382 ns )                    ; master:inst|inst44                                                                                   ; slave:inst1|lpm_dff0:inst3|lpm_ff:lpm_ff_component|dffs[6]                                           ; clk        ; clk      ; None                        ; None                      ; 2.347 ns                ;
; N/A                                     ; 185.84 MHz ( period = 5.381 ns )                    ; master:inst|inst44                                                                                   ; slave:inst1|lpm_dff0:inst3|lpm_ff:lpm_ff_component|dffs[4]                                           ; clk        ; clk      ; None                        ; None                      ; 2.346 ns                ;
; N/A                                     ; 185.87 MHz ( period = 5.380 ns )                    ; master:inst|inst44                                                                                   ; slave:inst1|lpm_dff0:inst3|lpm_ff:lpm_ff_component|dffs[5]                                           ; clk        ; clk      ; None                        ; None                      ; 2.345 ns                ;
; N/A                                     ; 186.15 MHz ( period = 5.372 ns )                    ; master:inst|inst44                                                                                   ; slave:inst1|lpm_dff0:inst3|lpm_ff:lpm_ff_component|dffs[3]                                           ; clk        ; clk      ; None                        ; None                      ; 2.337 ns                ;
; N/A                                     ; 186.19 MHz ( period = 5.371 ns )                    ; master:inst|inst44                                                                                   ; slave:inst1|lpm_dff0:inst3|lpm_ff:lpm_ff_component|dffs[2]                                           ; clk        ; clk      ; None                        ; None                      ; 2.336 ns                ;
; N/A                                     ; 251.32 MHz ( period = 3.979 ns )                    ; master:inst9|inst44                                                                                  ; slave:inst7|inst51                                                                                   ; clk        ; clk      ; None                        ; None                      ; 2.703 ns                ;
; N/A                                     ; 264.34 MHz ( period = 3.783 ns )                    ; master:inst9|inst44                                                                                  ; slave:inst10|inst51                                                                                  ; clk        ; clk      ; None                        ; None                      ; 2.439 ns                ;
; N/A                                     ; 269.69 MHz ( period = 3.708 ns )                    ; master:inst9|inst44                                                                                  ; slave:inst11|inst51                                                                                  ; clk        ; clk      ; None                        ; None                      ; 2.476 ns                ;
; N/A                                     ; 289.52 MHz ( period = 3.454 ns )                    ; master:inst9|inst44                                                                                  ; slave:inst1|inst51                                                                                   ; clk        ; clk      ; None                        ; None                      ; 2.539 ns                ;
; N/A                                     ; 290.61 MHz ( period = 3.441 ns )                    ; master:inst9|inst12                                                                                  ; master:inst9|inst12                                                                                  ; clk        ; clk      ; None                        ; None                      ; 0.488 ns                ;
; N/A                                     ; 301.93 MHz ( period = 3.312 ns )                    ; master:inst9|inst44                                                                                  ; slave:inst12|inst51                                                                                  ; clk        ; clk      ; None                        ; None                      ; 2.431 ns                ;
; N/A                                     ; 327.01 MHz ( period = 3.058 ns )                    ; master:inst8|inst44                                                                                  ; slave:inst10|inst51                                                                                  ; clk        ; clk      ; None                        ; None                      ; 1.858 ns                ;
; N/A                                     ; 335.01 MHz ( period = 2.985 ns )                    ; master:inst8|inst44                                                                                  ; slave:inst7|inst51                                                                                   ; clk        ; clk      ; None                        ; None                      ; 1.853 ns                ;
; N/A                                     ; 335.23 MHz ( period = 2.983 ns )                    ; master:inst9|inst44                                                                                  ; master:inst9|inst29                                                                                  ; clk        ; clk      ; None                        ; None                      ; 1.600 ns                ;
; N/A                                     ; 343.76 MHz ( period = 2.909 ns )                    ; master:inst9|lpm_counter0:inst14|lpm_counter:lpm_counter_component|cntr_4pi:auto_generated|safe_q[0] ; master:inst9|lpm_counter0:inst14|lpm_counter:lpm_counter_component|cntr_4pi:auto_generated|safe_q[2] ; clk        ; clk      ; None                        ; None                      ; 2.549 ns                ;
; N/A                                     ; 343.76 MHz ( period = 2.909 ns )                    ; master:inst9|lpm_counter0:inst14|lpm_counter:lpm_counter_component|cntr_4pi:auto_generated|safe_q[0] ; master:inst9|lpm_counter0:inst14|lpm_counter:lpm_counter_component|cntr_4pi:auto_generated|safe_q[1] ; clk        ; clk      ; None                        ; None                      ; 2.549 ns                ;
; N/A                                     ; 364.56 MHz ( period = 2.743 ns )                    ; master:inst9|lpm_counter0:inst14|lpm_counter:lpm_counter_component|cntr_4pi:auto_generated|safe_q[0] ; master:inst9|lpm_counter0:inst14|lpm_counter:lpm_counter_component|cntr_4pi:auto_generated|safe_q[0] ; clk        ; clk      ; None                        ; None                      ; 2.559 ns                ;
; N/A                                     ; 365.76 MHz ( period = 2.734 ns )                    ; master:inst8|inst44                                                                                  ; slave:inst11|inst51                                                                                  ; clk        ; clk      ; None                        ; None                      ; 1.646 ns                ;
; N/A                                     ; 371.89 MHz ( period = 2.689 ns )                    ; master:inst9|lpm_counter0:inst14|lpm_counter:lpm_counter_component|cntr_4pi:auto_generated|safe_q[2] ; master:inst9|lpm_counter0:inst14|lpm_counter:lpm_counter_component|cntr_4pi:auto_generated|safe_q[2] ; clk        ; clk      ; None                        ; None                      ; 2.505 ns                ;
; N/A                                     ; 371.89 MHz ( period = 2.689 ns )                    ; master:inst9|lpm_counter0:inst14|lpm_counter:lpm_counter_component|cntr_4pi:auto_generated|safe_q[2] ; master:inst9|lpm_counter0:inst14|lpm_counter:lpm_counter_component|cntr_4pi:auto_generated|safe_q[1] ; clk        ; clk      ; None                        ; None                      ; 2.505 ns                ;
; N/A                                     ; 379.79 MHz ( period = 2.633 ns )                    ; master:inst9|inst44                                                                                  ; master:inst9|inst41                                                                                  ; clk        ; clk      ; None                        ; None                      ; 1.584 ns                ;
; N/A                                     ; 392.62 MHz ( period = 2.547 ns )                    ; master:inst|lpm_counter0:inst6|lpm_counter:lpm_counter_component|cntr_4pi:auto_generated|safe_q[0]   ; master:inst|lpm_counter0:inst6|lpm_counter:lpm_counter_component|cntr_4pi:auto_generated|safe_q[2]   ; clk        ; clk      ; None                        ; None                      ; 2.363 ns                ;
; N/A                                     ; 392.62 MHz ( period = 2.547 ns )                    ; master:inst|lpm_counter0:inst6|lpm_counter:lpm_counter_component|cntr_4pi:auto_generated|safe_q[0]   ; master:inst|lpm_counter0:inst6|lpm_counter:lpm_counter_component|cntr_4pi:auto_generated|safe_q[0]   ; clk        ; clk      ; None                        ; None                      ; 2.363 ns                ;
; N/A                                     ; 392.62 MHz ( period = 2.547 ns )                    ; master:inst|lpm_counter0:inst6|lpm_counter:lpm_counter_component|cntr_4pi:auto_generated|safe_q[0]   ; master:inst|lpm_counter0:inst6|lpm_counter:lpm_counter_component|cntr_4pi:auto_generated|safe_q[1]   ; clk        ; clk      ; None                        ; None                      ; 2.363 ns                ;
; N/A                                     ; 396.20 MHz ( period = 2.524 ns )                    ; master:inst9|lpm_counter0:inst14|lpm_counter:lpm_counter_component|cntr_4pi:auto_generated|safe_q[1] ; master:inst9|lpm_counter0:inst14|lpm_counter:lpm_counter_component|cntr_4pi:auto_generated|safe_q[2] ; clk        ; clk      ; None                        ; None                      ; 2.340 ns                ;
; N/A                                     ; 396.20 MHz ( period = 2.524 ns )                    ; master:inst9|lpm_counter0:inst14|lpm_counter:lpm_counter_component|cntr_4pi:auto_generated|safe_q[1] ; master:inst9|lpm_counter0:inst14|lpm_counter:lpm_counter_component|cntr_4pi:auto_generated|safe_q[1] ; clk        ; clk      ; None                        ; None                      ; 2.340 ns                ;
; N/A                                     ; 396.35 MHz ( period = 2.523 ns )                    ; master:inst9|lpm_counter0:inst14|lpm_counter:lpm_counter_component|cntr_4pi:auto_generated|safe_q[2] ; master:inst9|lpm_counter0:inst14|lpm_counter:lpm_counter_component|cntr_4pi:auto_generated|safe_q[0] ; clk        ; clk      ; None                        ; None                      ; 2.515 ns                ;
; N/A                                     ; 402.09 MHz ( period = 2.487 ns )                    ; slave:inst12|lpm_counter0:inst14|lpm_counter:lpm_counter_component|cntr_4pi:auto_generated|safe_q[2] ; slave:inst12|lpm_counter0:inst14|lpm_counter:lpm_counter_component|cntr_4pi:auto_generated|safe_q[2] ; clk        ; clk      ; None                        ; None                      ; 2.303 ns                ;
; N/A                                     ; 402.09 MHz ( period = 2.487 ns )                    ; slave:inst12|lpm_counter0:inst14|lpm_counter:lpm_counter_component|cntr_4pi:auto_generated|safe_q[2] ; slave:inst12|lpm_counter0:inst14|lpm_counter:lpm_counter_component|cntr_4pi:auto_generated|safe_q[1] ; clk        ; clk      ; None                        ; None                      ; 2.303 ns                ;
; N/A                                     ; 402.09 MHz ( period = 2.487 ns )                    ; slave:inst12|lpm_counter0:inst14|lpm_counter:lpm_counter_component|cntr_4pi:auto_generated|safe_q[2] ; slave:inst12|lpm_counter0:inst14|lpm_counter:lpm_counter_component|cntr_4pi:auto_generated|safe_q[0] ; clk        ; clk      ; None                        ; None                      ; 2.303 ns                ;
; N/A                                     ; 406.50 MHz ( period = 2.460 ns )                    ; master:inst|lpm_counter0:inst6|lpm_counter:lpm_counter_component|cntr_4pi:auto_generated|safe_q[2]   ; master:inst|lpm_counter0:inst6|lpm_counter:lpm_counter_component|cntr_4pi:auto_generated|safe_q[2]   ; clk        ; clk      ; None                        ; None                      ; 2.276 ns                ;
; N/A                                     ; 406.50 MHz ( period = 2.460 ns )                    ; master:inst|lpm_counter0:inst6|lpm_counter:lpm_counter_component|cntr_4pi:auto_generated|safe_q[2]   ; master:inst|lpm_counter0:inst6|lpm_counter:lpm_counter_component|cntr_4pi:auto_generated|safe_q[0]   ; clk        ; clk      ; None                        ; None                      ; 2.276 ns                ;
; N/A                                     ; 406.50 MHz ( period = 2.460 ns )                    ; master:inst|lpm_counter0:inst6|lpm_counter:lpm_counter_component|cntr_4pi:auto_generated|safe_q[2]   ; master:inst|lpm_counter0:inst6|lpm_counter:lpm_counter_component|cntr_4pi:auto_generated|safe_q[1]   ; clk        ; clk      ; None                        ; None                      ; 2.276 ns                ;
; N/A                                     ; 409.17 MHz ( period = 2.444 ns )                    ; master:inst8|inst44                                                                                  ; slave:inst1|inst51                                                                                   ; clk        ; clk      ; None                        ; None                      ; 1.673 ns                ;
; N/A                                     ; 410.68 MHz ( period = 2.435 ns )                    ; master:inst8|inst44                                                                                  ; master:inst8|inst20                                                                                  ; clk        ; clk      ; None                        ; None                      ; 1.483 ns                ;
; N/A                                     ; 417.19 MHz ( period = 2.397 ns )                    ; slave:inst10|lpm_counter0:inst6|lpm_counter:lpm_counter_component|cntr_4pi:auto_generated|safe_q[2]  ; slave:inst10|lpm_counter0:inst6|lpm_counter:lpm_counter_component|cntr_4pi:auto_generated|safe_q[1]  ; clk        ; clk      ; None                        ; None                      ; 2.213 ns                ;
; N/A                                     ; 417.19 MHz ( period = 2.397 ns )                    ; slave:inst10|lpm_counter0:inst6|lpm_counter:lpm_counter_component|cntr_4pi:auto_generated|safe_q[2]  ; slave:inst10|lpm_counter0:inst6|lpm_counter:lpm_counter_component|cntr_4pi:auto_generated|safe_q[2]  ; clk        ; clk      ; None                        ; None                      ; 2.213 ns                ;
; N/A                                     ; 417.19 MHz ( period = 2.397 ns )                    ; slave:inst10|lpm_counter0:inst6|lpm_counter:lpm_counter_component|cntr_4pi:auto_generated|safe_q[2]  ; slave:inst10|lpm_counter0:inst6|lpm_counter:lpm_counter_component|cntr_4pi:auto_generated|safe_q[0]  ; clk        ; clk      ; None                        ; None                      ; 2.213 ns                ;
; N/A                                     ; 419.82 MHz ( period = 2.382 ns )                    ; slave:inst12|lpm_counter0:inst14|lpm_counter:lpm_counter_component|cntr_4pi:auto_generated|safe_q[1] ; slave:inst12|lpm_counter0:inst14|lpm_counter:lpm_counter_component|cntr_4pi:auto_generated|safe_q[2] ; clk        ; clk      ; None                        ; None                      ; 2.198 ns                ;
; N/A                                     ; 419.82 MHz ( period = 2.382 ns )                    ; slave:inst12|lpm_counter0:inst14|lpm_counter:lpm_counter_component|cntr_4pi:auto_generated|safe_q[1] ; slave:inst12|lpm_counter0:inst14|lpm_counter:lpm_counter_component|cntr_4pi:auto_generated|safe_q[1] ; clk        ; clk      ; None                        ; None                      ; 2.198 ns                ;
; N/A                                     ; 419.82 MHz ( period = 2.382 ns )                    ; slave:inst12|lpm_counter0:inst14|lpm_counter:lpm_counter_component|cntr_4pi:auto_generated|safe_q[1] ; slave:inst12|lpm_counter0:inst14|lpm_counter:lpm_counter_component|cntr_4pi:auto_generated|safe_q[0] ; clk        ; clk      ; None                        ; None                      ; 2.198 ns                ;
; N/A                                     ; 421.59 MHz ( period = 2.372 ns )                    ; slave:inst7|lpm_counter0:inst6|lpm_counter:lpm_counter_component|cntr_4pi:auto_generated|safe_q[1]   ; slave:inst7|lpm_counter0:inst6|lpm_counter:lpm_counter_component|cntr_4pi:auto_generated|safe_q[2]   ; clk        ; clk      ; None                        ; None                      ; 2.188 ns                ;
; N/A                                     ; 421.59 MHz ( period = 2.372 ns )                    ; slave:inst7|lpm_counter0:inst6|lpm_counter:lpm_counter_component|cntr_4pi:auto_generated|safe_q[1]   ; slave:inst7|lpm_counter0:inst6|lpm_counter:lpm_counter_component|cntr_4pi:auto_generated|safe_q[0]   ; clk        ; clk      ; None                        ; None                      ; 2.188 ns                ;
; N/A                                     ; 421.59 MHz ( period = 2.372 ns )                    ; slave:inst7|lpm_counter0:inst6|lpm_counter:lpm_counter_component|cntr_4pi:auto_generated|safe_q[1]   ; slave:inst7|lpm_counter0:inst6|lpm_counter:lpm_counter_component|cntr_4pi:auto_generated|safe_q[1]   ; clk        ; clk      ; None                        ; None                      ; 2.188 ns                ;
; N/A                                     ; 422.12 MHz ( period = 2.369 ns )                    ; slave:inst1|lpm_counter0:inst14|lpm_counter:lpm_counter_component|cntr_4pi:auto_generated|safe_q[1]  ; slave:inst1|lpm_counter0:inst14|lpm_counter:lpm_counter_component|cntr_4pi:auto_generated|safe_q[1]  ; clk        ; clk      ; None                        ; None                      ; 2.185 ns                ;
; N/A                                     ; 422.12 MHz ( period = 2.369 ns )                    ; slave:inst1|lpm_counter0:inst14|lpm_counter:lpm_counter_component|cntr_4pi:auto_generated|safe_q[1]  ; slave:inst1|lpm_counter0:inst14|lpm_counter:lpm_counter_component|cntr_4pi:auto_generated|safe_q[2]  ; clk        ; clk      ; None                        ; None                      ; 2.185 ns                ;
; N/A                                     ; 422.12 MHz ( period = 2.369 ns )                    ; slave:inst1|lpm_counter0:inst14|lpm_counter:lpm_counter_component|cntr_4pi:auto_generated|safe_q[1]  ; slave:inst1|lpm_counter0:inst14|lpm_counter:lpm_counter_component|cntr_4pi:auto_generated|safe_q[0]  ; clk        ; clk      ; None                        ; None                      ; 2.185 ns                ;
; N/A                                     ; 424.09 MHz ( period = 2.358 ns )                    ; master:inst9|lpm_counter0:inst14|lpm_counter:lpm_counter_component|cntr_4pi:auto_generated|safe_q[1] ; master:inst9|lpm_counter0:inst14|lpm_counter:lpm_counter_component|cntr_4pi:auto_generated|safe_q[0] ; clk        ; clk      ; None                        ; None                      ; 2.350 ns                ;
; N/A                                     ; 424.99 MHz ( period = 2.353 ns )                    ; slave:inst12|lpm_counter0:inst14|lpm_counter:lpm_counter_component|cntr_4pi:auto_generated|safe_q[0] ; slave:inst12|lpm_counter0:inst14|lpm_counter:lpm_counter_component|cntr_4pi:auto_generated|safe_q[2] ; clk        ; clk      ; None                        ; None                      ; 2.169 ns                ;
; N/A                                     ; 424.99 MHz ( period = 2.353 ns )                    ; slave:inst12|lpm_counter0:inst14|lpm_counter:lpm_counter_component|cntr_4pi:auto_generated|safe_q[0] ; slave:inst12|lpm_counter0:inst14|lpm_counter:lpm_counter_component|cntr_4pi:auto_generated|safe_q[1] ; clk        ; clk      ; None                        ; None                      ; 2.169 ns                ;
; N/A                                     ; 424.99 MHz ( period = 2.353 ns )                    ; slave:inst12|lpm_counter0:inst14|lpm_counter:lpm_counter_component|cntr_4pi:auto_generated|safe_q[0] ; slave:inst12|lpm_counter0:inst14|lpm_counter:lpm_counter_component|cntr_4pi:auto_generated|safe_q[0] ; clk        ; clk      ; None                        ; None                      ; 2.169 ns                ;
; N/A                                     ; 425.71 MHz ( period = 2.349 ns )                    ; master:inst8|inst44                                                                                  ; slave:inst12|inst51                                                                                  ; clk        ; clk      ; None                        ; None                      ; 1.612 ns                ;
; N/A                                     ; 426.99 MHz ( period = 2.342 ns )                    ; master:inst|lpm_counter0:inst6|lpm_counter:lpm_counter_component|cntr_4pi:auto_generated|safe_q[1]   ; master:inst|lpm_counter0:inst6|lpm_counter:lpm_counter_component|cntr_4pi:auto_generated|safe_q[2]   ; clk        ; clk      ; None                        ; None                      ; 2.158 ns                ;
; N/A                                     ; 426.99 MHz ( period = 2.342 ns )                    ; master:inst|lpm_counter0:inst6|lpm_counter:lpm_counter_component|cntr_4pi:auto_generated|safe_q[1]   ; master:inst|lpm_counter0:inst6|lpm_counter:lpm_counter_component|cntr_4pi:auto_generated|safe_q[0]   ; clk        ; clk      ; None                        ; None                      ; 2.158 ns                ;
; N/A                                     ; 426.99 MHz ( period = 2.342 ns )                    ; master:inst|lpm_counter0:inst6|lpm_counter:lpm_counter_component|cntr_4pi:auto_generated|safe_q[1]   ; master:inst|lpm_counter0:inst6|lpm_counter:lpm_counter_component|cntr_4pi:auto_generated|safe_q[1]   ; clk        ; clk      ; None                        ; None                      ; 2.158 ns                ;
; N/A                                     ; 429.74 MHz ( period = 2.327 ns )                    ; slave:inst10|lpm_counter0:inst6|lpm_counter:lpm_counter_component|cntr_4pi:auto_generated|safe_q[0]  ; slave:inst10|lpm_counter0:inst6|lpm_counter:lpm_counter_component|cntr_4pi:auto_generated|safe_q[1]  ; clk        ; clk      ; None                        ; None                      ; 2.143 ns                ;
; N/A                                     ; 429.74 MHz ( period = 2.327 ns )                    ; slave:inst10|lpm_counter0:inst6|lpm_counter:lpm_counter_component|cntr_4pi:auto_generated|safe_q[0]  ; slave:inst10|lpm_counter0:inst6|lpm_counter:lpm_counter_component|cntr_4pi:auto_generated|safe_q[2]  ; clk        ; clk      ; None                        ; None                      ; 2.143 ns                ;
; N/A                                     ; 429.74 MHz ( period = 2.327 ns )                    ; slave:inst10|lpm_counter0:inst6|lpm_counter:lpm_counter_component|cntr_4pi:auto_generated|safe_q[0]  ; slave:inst10|lpm_counter0:inst6|lpm_counter:lpm_counter_component|cntr_4pi:auto_generated|safe_q[0]  ; clk        ; clk      ; None                        ; None                      ; 2.143 ns                ;
; N/A                                     ; 443.26 MHz ( period = 2.256 ns )                    ; slave:inst7|lpm_counter0:inst6|lpm_counter:lpm_counter_component|cntr_4pi:auto_generated|safe_q[2]   ; slave:inst7|lpm_counter0:inst6|lpm_counter:lpm_counter_component|cntr_4pi:auto_generated|safe_q[2]   ; clk        ; clk      ; None                        ; None                      ; 2.072 ns                ;
; N/A                                     ; 443.26 MHz ( period = 2.256 ns )                    ; slave:inst7|lpm_counter0:inst6|lpm_counter:lpm_counter_component|cntr_4pi:auto_generated|safe_q[2]   ; slave:inst7|lpm_counter0:inst6|lpm_counter:lpm_counter_component|cntr_4pi:auto_generated|safe_q[0]   ; clk        ; clk      ; None                        ; None                      ; 2.072 ns                ;
; N/A                                     ; 443.26 MHz ( period = 2.256 ns )                    ; slave:inst7|lpm_counter0:inst6|lpm_counter:lpm_counter_component|cntr_4pi:auto_generated|safe_q[2]   ; slave:inst7|lpm_counter0:inst6|lpm_counter:lpm_counter_component|cntr_4pi:auto_generated|safe_q[1]   ; clk        ; clk      ; None                        ; None                      ; 2.072 ns                ;
; N/A                                     ; 446.03 MHz ( period = 2.242 ns )                    ; slave:inst1|lpm_counter0:inst6|lpm_counter:lpm_counter_component|cntr_4pi:auto_generated|safe_q[1]   ; slave:inst1|lpm_counter0:inst6|lpm_counter:lpm_counter_component|cntr_4pi:auto_generated|safe_q[1]   ; clk        ; clk      ; None                        ; None                      ; 2.058 ns                ;
; N/A                                     ; 446.03 MHz ( period = 2.242 ns )                    ; slave:inst1|lpm_counter0:inst6|lpm_counter:lpm_counter_component|cntr_4pi:auto_generated|safe_q[1]   ; slave:inst1|lpm_counter0:inst6|lpm_counter:lpm_counter_component|cntr_4pi:auto_generated|safe_q[2]   ; clk        ; clk      ; None                        ; None                      ; 2.058 ns                ;
; N/A                                     ; 446.03 MHz ( period = 2.242 ns )                    ; slave:inst1|lpm_counter0:inst6|lpm_counter:lpm_counter_component|cntr_4pi:auto_generated|safe_q[1]   ; slave:inst1|lpm_counter0:inst6|lpm_counter:lpm_counter_component|cntr_4pi:auto_generated|safe_q[0]   ; clk        ; clk      ; None                        ; None                      ; 2.058 ns                ;
; N/A                                     ; 451.47 MHz ( period = 2.215 ns )                    ; slave:inst1|lpm_counter0:inst14|lpm_counter:lpm_counter_component|cntr_4pi:auto_generated|safe_q[0]  ; slave:inst1|lpm_counter0:inst14|lpm_counter:lpm_counter_component|cntr_4pi:auto_generated|safe_q[1]  ; clk        ; clk      ; None                        ; None                      ; 2.031 ns                ;
; N/A                                     ; 451.47 MHz ( period = 2.215 ns )                    ; slave:inst1|lpm_counter0:inst14|lpm_counter:lpm_counter_component|cntr_4pi:auto_generated|safe_q[0]  ; slave:inst1|lpm_counter0:inst14|lpm_counter:lpm_counter_component|cntr_4pi:auto_generated|safe_q[2]  ; clk        ; clk      ; None                        ; None                      ; 2.031 ns                ;
; N/A                                     ; 451.47 MHz ( period = 2.215 ns )                    ; slave:inst1|lpm_counter0:inst14|lpm_counter:lpm_counter_component|cntr_4pi:auto_generated|safe_q[0]  ; slave:inst1|lpm_counter0:inst14|lpm_counter:lpm_counter_component|cntr_4pi:auto_generated|safe_q[0]  ; clk        ; clk      ; None                        ; None                      ; 2.031 ns                ;
; N/A                                     ; 452.69 MHz ( period = 2.209 ns )                    ; slave:inst11|lpm_counter0:inst14|lpm_counter:lpm_counter_component|cntr_4pi:auto_generated|safe_q[1] ; slave:inst11|lpm_counter0:inst14|lpm_counter:lpm_counter_component|cntr_4pi:auto_generated|safe_q[2] ; clk        ; clk      ; None                        ; None                      ; 2.025 ns                ;
; N/A                                     ; 452.69 MHz ( period = 2.209 ns )                    ; slave:inst11|lpm_counter0:inst14|lpm_counter:lpm_counter_component|cntr_4pi:auto_generated|safe_q[1] ; slave:inst11|lpm_counter0:inst14|lpm_counter:lpm_counter_component|cntr_4pi:auto_generated|safe_q[1] ; clk        ; clk      ; None                        ; None                      ; 2.025 ns                ;
; N/A                                     ; 452.69 MHz ( period = 2.209 ns )                    ; slave:inst11|lpm_counter0:inst14|lpm_counter:lpm_counter_component|cntr_4pi:auto_generated|safe_q[1] ; slave:inst11|lpm_counter0:inst14|lpm_counter:lpm_counter_component|cntr_4pi:auto_generated|safe_q[0] ; clk        ; clk      ; None                        ; None                      ; 2.025 ns                ;
; Timing analysis restricted to 200 rows. ; To change the limit use Settings (Assignments menu) ;                                                                                                      ;                                                                                                      ;            ;          ;                             ;                           ;                         ;
+-----------------------------------------+-----------------------------------------------------+------------------------------------------------------------------------------------------------------+------------------------------------------------------------------------------------------------------+------------+----------+-----------------------------+---------------------------+-------------------------+


+----------------------------------------------------------------------------------------------------------------------------------------------------------------------------------------------------------------------------------------------------------------------------------------------------------------------------+
; Clock Hold: 'REQ[1]'                                                                                                                                                                                                                                                                                                       ;
+------------------------------------------+------------------------------------------------------------------------------------------------------+-------------------------------------------------------------+------------+----------+----------------------------+----------------------------+--------------------------+
; Minimum Slack                            ; From                                                                                                 ; To                                                          ; From Clock ; To Clock ; Required Hold Relationship ; Required Shortest P2P Time ; Actual Shortest P2P Time ;
+------------------------------------------+------------------------------------------------------------------------------------------------------+-------------------------------------------------------------+------------+----------+----------------------------+----------------------------+--------------------------+
; Not operational: Clock Skew > Data Delay ; master:inst8|inst44                                                                                  ; slave:inst12|lpm_dff0:inst3|lpm_ff:lpm_ff_component|dffs[0] ; REQ[1]     ; REQ[1]   ; None                       ; None                       ; 0.937 ns                 ;
; Not operational: Clock Skew > Data Delay ; master:inst8|inst44                                                                                  ; slave:inst7|lpm_dff0:inst3|lpm_ff:lpm_ff_component|dffs[0]  ; REQ[1]     ; REQ[1]   ; None                       ; None                       ; 1.046 ns                 ;
; Not operational: Clock Skew > Data Delay ; master:inst8|inst44                                                                                  ; master:inst8|inst29                                         ; REQ[1]     ; REQ[1]   ; None                       ; None                       ; 1.678 ns                 ;
; Not operational: Clock Skew > Data Delay ; master:inst8|inst44                                                                                  ; master:inst8|inst20                                         ; REQ[1]     ; REQ[1]   ; None                       ; None                       ; 1.483 ns                 ;
; Not operational: Clock Skew > Data Delay ; master:inst8|inst44                                                                                  ; slave:inst10|lpm_dff0:inst3|lpm_ff:lpm_ff_component|dffs[0] ; REQ[1]     ; REQ[1]   ; None                       ; None                       ; 1.778 ns                 ;
; Not operational: Clock Skew > Data Delay ; master:inst8|inst44                                                                                  ; slave:inst1|lpm_dff0:inst3|lpm_ff:lpm_ff_component|dffs[0]  ; REQ[1]     ; REQ[1]   ; None                       ; None                       ; 1.718 ns                 ;
; Not operational: Clock Skew > Data Delay ; master:inst8|inst44                                                                                  ; slave:inst11|lpm_dff0:inst3|lpm_ff:lpm_ff_component|dffs[0] ; REQ[1]     ; REQ[1]   ; None                       ; None                       ; 1.682 ns                 ;
; Not operational: Clock Skew > Data Delay ; master:inst8|inst44                                                                                  ; slave:inst7|lpm_dff0:inst3|lpm_ff:lpm_ff_component|dffs[5]  ; REQ[1]     ; REQ[1]   ; None                       ; None                       ; 1.957 ns                 ;
; Not operational: Clock Skew > Data Delay ; master:inst8|inst44                                                                                  ; slave:inst7|lpm_dff0:inst3|lpm_ff:lpm_ff_component|dffs[4]  ; REQ[1]     ; REQ[1]   ; None                       ; None                       ; 1.958 ns                 ;
; Not operational: Clock Skew > Data Delay ; master:inst8|inst44                                                                                  ; slave:inst7|lpm_dff0:inst3|lpm_ff:lpm_ff_component|dffs[6]  ; REQ[1]     ; REQ[1]   ; None                       ; None                       ; 1.962 ns                 ;
; Not operational: Clock Skew > Data Delay ; master:inst8|inst44                                                                                  ; slave:inst7|lpm_dff0:inst3|lpm_ff:lpm_ff_component|dffs[2]  ; REQ[1]     ; REQ[1]   ; None                       ; None                       ; 1.962 ns                 ;
; Not operational: Clock Skew > Data Delay ; master:inst8|inst44                                                                                  ; slave:inst7|lpm_dff0:inst3|lpm_ff:lpm_ff_component|dffs[3]  ; REQ[1]     ; REQ[1]   ; None                       ; None                       ; 1.963 ns                 ;
; Not operational: Clock Skew > Data Delay ; master:inst8|inst44                                                                                  ; slave:inst7|lpm_dff0:inst3|lpm_ff:lpm_ff_component|dffs[7]  ; REQ[1]     ; REQ[1]   ; None                       ; None                       ; 1.964 ns                 ;
; Not operational: Clock Skew > Data Delay ; master:inst8|inst44                                                                                  ; slave:inst10|lpm_dff0:inst3|lpm_ff:lpm_ff_component|dffs[6] ; REQ[1]     ; REQ[1]   ; None                       ; None                       ; 2.108 ns                 ;
; Not operational: Clock Skew > Data Delay ; master:inst8|inst44                                                                                  ; slave:inst10|lpm_dff0:inst3|lpm_ff:lpm_ff_component|dffs[7] ; REQ[1]     ; REQ[1]   ; None                       ; None                       ; 2.109 ns                 ;
; Not operational: Clock Skew > Data Delay ; master:inst8|inst44                                                                                  ; slave:inst10|lpm_dff0:inst3|lpm_ff:lpm_ff_component|dffs[2] ; REQ[1]     ; REQ[1]   ; None                       ; None                       ; 2.122 ns                 ;
; Not operational: Clock Skew > Data Delay ; master:inst8|inst44                                                                                  ; slave:inst10|lpm_dff0:inst3|lpm_ff:lpm_ff_component|dffs[4] ; REQ[1]     ; REQ[1]   ; None                       ; None                       ; 2.123 ns                 ;
; Not operational: Clock Skew > Data Delay ; master:inst8|inst44                                                                                  ; slave:inst10|lpm_dff0:inst3|lpm_ff:lpm_ff_component|dffs[5] ; REQ[1]     ; REQ[1]   ; None                       ; None                       ; 2.124 ns                 ;
; Not operational: Clock Skew > Data Delay ; master:inst8|inst44                                                                                  ; slave:inst10|lpm_dff0:inst3|lpm_ff:lpm_ff_component|dffs[3] ; REQ[1]     ; REQ[1]   ; None                       ; None                       ; 2.124 ns                 ;
; Not operational: Clock Skew > Data Delay ; master:inst8|inst44                                                                                  ; slave:inst12|lpm_dff0:inst3|lpm_ff:lpm_ff_component|dffs[3] ; REQ[1]     ; REQ[1]   ; None                       ; None                       ; 2.496 ns                 ;
; Not operational: Clock Skew > Data Delay ; master:inst8|inst44                                                                                  ; slave:inst12|lpm_dff0:inst3|lpm_ff:lpm_ff_component|dffs[7] ; REQ[1]     ; REQ[1]   ; None                       ; None                       ; 2.498 ns                 ;
; Not operational: Clock Skew > Data Delay ; master:inst8|inst44                                                                                  ; slave:inst12|lpm_dff0:inst3|lpm_ff:lpm_ff_component|dffs[5] ; REQ[1]     ; REQ[1]   ; None                       ; None                       ; 2.498 ns                 ;
; Not operational: Clock Skew > Data Delay ; master:inst8|inst44                                                                                  ; slave:inst1|lpm_dff0:inst3|lpm_ff:lpm_ff_component|dffs[2]  ; REQ[1]     ; REQ[1]   ; None                       ; None                       ; 2.200 ns                 ;
; Not operational: Clock Skew > Data Delay ; master:inst8|inst44                                                                                  ; slave:inst1|lpm_dff0:inst3|lpm_ff:lpm_ff_component|dffs[3]  ; REQ[1]     ; REQ[1]   ; None                       ; None                       ; 2.201 ns                 ;
; Not operational: Clock Skew > Data Delay ; master:inst8|inst44                                                                                  ; slave:inst1|lpm_dff0:inst3|lpm_ff:lpm_ff_component|dffs[5]  ; REQ[1]     ; REQ[1]   ; None                       ; None                       ; 2.209 ns                 ;
; Not operational: Clock Skew > Data Delay ; master:inst8|inst44                                                                                  ; slave:inst1|lpm_dff0:inst3|lpm_ff:lpm_ff_component|dffs[4]  ; REQ[1]     ; REQ[1]   ; None                       ; None                       ; 2.210 ns                 ;
; Not operational: Clock Skew > Data Delay ; master:inst8|inst44                                                                                  ; slave:inst12|lpm_dff0:inst3|lpm_ff:lpm_ff_component|dffs[2] ; REQ[1]     ; REQ[1]   ; None                       ; None                       ; 2.530 ns                 ;
; Not operational: Clock Skew > Data Delay ; master:inst8|inst44                                                                                  ; slave:inst1|lpm_dff0:inst3|lpm_ff:lpm_ff_component|dffs[7]  ; REQ[1]     ; REQ[1]   ; None                       ; None                       ; 2.211 ns                 ;
; Not operational: Clock Skew > Data Delay ; master:inst8|inst44                                                                                  ; slave:inst1|lpm_dff0:inst3|lpm_ff:lpm_ff_component|dffs[6]  ; REQ[1]     ; REQ[1]   ; None                       ; None                       ; 2.211 ns                 ;
; Not operational: Clock Skew > Data Delay ; master:inst8|inst44                                                                                  ; slave:inst12|lpm_dff0:inst3|lpm_ff:lpm_ff_component|dffs[6] ; REQ[1]     ; REQ[1]   ; None                       ; None                       ; 2.532 ns                 ;
; Not operational: Clock Skew > Data Delay ; master:inst8|inst44                                                                                  ; slave:inst12|lpm_dff0:inst3|lpm_ff:lpm_ff_component|dffs[4] ; REQ[1]     ; REQ[1]   ; None                       ; None                       ; 2.533 ns                 ;
; Not operational: Clock Skew > Data Delay ; master:inst8|lpm_counter1:inst39|lpm_counter:lpm_counter_component|cntr_7nh:auto_generated|safe_q[0] ; slave:inst7|inst51                                          ; REQ[1]     ; REQ[1]   ; None                       ; None                       ; 2.023 ns                 ;
; Not operational: Clock Skew > Data Delay ; master:inst8|lpm_counter1:inst39|lpm_counter:lpm_counter_component|cntr_7nh:auto_generated|safe_q[1] ; slave:inst12|inst51                                         ; REQ[1]     ; REQ[1]   ; None                       ; None                       ; 2.232 ns                 ;
; Not operational: Clock Skew > Data Delay ; master:inst8|lpm_counter1:inst39|lpm_counter:lpm_counter_component|cntr_7nh:auto_generated|safe_q[1] ; slave:inst7|inst51                                          ; REQ[1]     ; REQ[1]   ; None                       ; None                       ; 2.052 ns                 ;
; Not operational: Clock Skew > Data Delay ; master:inst8|lpm_counter1:inst39|lpm_counter:lpm_counter_component|cntr_7nh:auto_generated|safe_q[0] ; slave:inst10|inst51                                         ; REQ[1]     ; REQ[1]   ; None                       ; None                       ; 2.004 ns                 ;
; Not operational: Clock Skew > Data Delay ; master:inst8|lpm_counter1:inst39|lpm_counter:lpm_counter_component|cntr_7nh:auto_generated|safe_q[0] ; slave:inst12|inst51                                         ; REQ[1]     ; REQ[1]   ; None                       ; None                       ; 2.322 ns                 ;
; Not operational: Clock Skew > Data Delay ; master:inst8|lpm_counter1:inst39|lpm_counter:lpm_counter_component|cntr_7nh:auto_generated|safe_q[1] ; slave:inst10|inst51                                         ; REQ[1]     ; REQ[1]   ; None                       ; None                       ; 2.046 ns                 ;
; Not operational: Clock Skew > Data Delay ; master:inst8|inst44                                                                                  ; slave:inst11|lpm_dff0:inst3|lpm_ff:lpm_ff_component|dffs[5] ; REQ[1]     ; REQ[1]   ; None                       ; None                       ; 2.405 ns                 ;
; Not operational: Clock Skew > Data Delay ; master:inst8|inst44                                                                                  ; slave:inst11|lpm_dff0:inst3|lpm_ff:lpm_ff_component|dffs[3] ; REQ[1]     ; REQ[1]   ; None                       ; None                       ; 2.405 ns                 ;
; Not operational: Clock Skew > Data Delay ; master:inst8|inst44                                                                                  ; slave:inst11|lpm_dff0:inst3|lpm_ff:lpm_ff_component|dffs[2] ; REQ[1]     ; REQ[1]   ; None                       ; None                       ; 2.405 ns                 ;
; Not operational: Clock Skew > Data Delay ; master:inst8|lpm_counter1:inst39|lpm_counter:lpm_counter_component|cntr_7nh:auto_generated|safe_q[2] ; slave:inst12|inst51                                         ; REQ[1]     ; REQ[1]   ; None                       ; None                       ; 2.366 ns                 ;
; Not operational: Clock Skew > Data Delay ; master:inst8|lpm_counter1:inst39|lpm_counter:lpm_counter_component|cntr_7nh:auto_generated|safe_q[0] ; slave:inst11|inst51                                         ; REQ[1]     ; REQ[1]   ; None                       ; None                       ; 2.043 ns                 ;
; Not operational: Clock Skew > Data Delay ; master:inst8|inst44                                                                                  ; slave:inst11|lpm_dff0:inst3|lpm_ff:lpm_ff_component|dffs[6] ; REQ[1]     ; REQ[1]   ; None                       ; None                       ; 2.406 ns                 ;
; Not operational: Clock Skew > Data Delay ; master:inst8|inst44                                                                                  ; slave:inst11|lpm_dff0:inst3|lpm_ff:lpm_ff_component|dffs[4] ; REQ[1]     ; REQ[1]   ; None                       ; None                       ; 2.406 ns                 ;
; Not operational: Clock Skew > Data Delay ; master:inst8|inst44                                                                                  ; slave:inst11|lpm_dff0:inst3|lpm_ff:lpm_ff_component|dffs[7] ; REQ[1]     ; REQ[1]   ; None                       ; None                       ; 2.407 ns                 ;
; Not operational: Clock Skew > Data Delay ; master:inst8|lpm_counter1:inst39|lpm_counter:lpm_counter_component|cntr_7nh:auto_generated|safe_q[1] ; slave:inst1|inst51                                          ; REQ[1]     ; REQ[1]   ; None                       ; None                       ; 2.224 ns                 ;
; Not operational: Clock Skew > Data Delay ; master:inst8|lpm_counter1:inst39|lpm_counter:lpm_counter_component|cntr_7nh:auto_generated|safe_q[0] ; slave:inst1|inst51                                          ; REQ[1]     ; REQ[1]   ; None                       ; None                       ; 2.233 ns                 ;
; Not operational: Clock Skew > Data Delay ; master:inst8|lpm_counter1:inst39|lpm_counter:lpm_counter_component|cntr_7nh:auto_generated|safe_q[1] ; slave:inst11|inst51                                         ; REQ[1]     ; REQ[1]   ; None                       ; None                       ; 2.266 ns                 ;
; Not operational: Clock Skew > Data Delay ; master:inst8|lpm_counter1:inst39|lpm_counter:lpm_counter_component|cntr_7nh:auto_generated|safe_q[2] ; slave:inst10|inst51                                         ; REQ[1]     ; REQ[1]   ; None                       ; None                       ; 2.374 ns                 ;
; Not operational: Clock Skew > Data Delay ; master:inst8|lpm_counter1:inst39|lpm_counter:lpm_counter_component|cntr_7nh:auto_generated|safe_q[2] ; slave:inst11|inst51                                         ; REQ[1]     ; REQ[1]   ; None                       ; None                       ; 2.411 ns                 ;
; Not operational: Clock Skew > Data Delay ; master:inst8|lpm_counter1:inst39|lpm_counter:lpm_counter_component|cntr_7nh:auto_generated|safe_q[2] ; slave:inst1|inst51                                          ; REQ[1]     ; REQ[1]   ; None                       ; None                       ; 2.474 ns                 ;
; Not operational: Clock Skew > Data Delay ; master:inst8|lpm_counter1:inst39|lpm_counter:lpm_counter_component|cntr_7nh:auto_generated|safe_q[2] ; slave:inst7|inst51                                          ; REQ[1]     ; REQ[1]   ; None                       ; None                       ; 2.638 ns                 ;
; Not operational: Clock Skew > Data Delay ; master:inst9|inst44                                                                                  ; slave:inst10|lpm_dff0:inst3|lpm_ff:lpm_ff_component|dffs[1] ; REQ[1]     ; REQ[1]   ; None                       ; None                       ; 0.963 ns                 ;
; Not operational: Clock Skew > Data Delay ; master:inst9|inst44                                                                                  ; slave:inst12|lpm_dff0:inst3|lpm_ff:lpm_ff_component|dffs[1] ; REQ[1]     ; REQ[1]   ; None                       ; None                       ; 1.233 ns                 ;
; Not operational: Clock Skew > Data Delay ; master:inst9|inst44                                                                                  ; master:inst9|inst20                                         ; REQ[1]     ; REQ[1]   ; None                       ; None                       ; 1.531 ns                 ;
; Not operational: Clock Skew > Data Delay ; master:inst9|inst44                                                                                  ; slave:inst1|lpm_dff0:inst3|lpm_ff:lpm_ff_component|dffs[1]  ; REQ[1]     ; REQ[1]   ; None                       ; None                       ; 1.037 ns                 ;
; Not operational: Clock Skew > Data Delay ; master:inst9|inst44                                                                                  ; slave:inst11|lpm_dff0:inst3|lpm_ff:lpm_ff_component|dffs[1] ; REQ[1]     ; REQ[1]   ; None                       ; None                       ; 0.934 ns                 ;
; Not operational: Clock Skew > Data Delay ; master:inst9|inst44                                                                                  ; slave:inst7|lpm_dff0:inst3|lpm_ff:lpm_ff_component|dffs[1]  ; REQ[1]     ; REQ[1]   ; None                       ; None                       ; 1.133 ns                 ;
; Not operational: Clock Skew > Data Delay ; master:inst9|inst44                                                                                  ; master:inst9|inst29                                         ; REQ[1]     ; REQ[1]   ; None                       ; None                       ; 1.600 ns                 ;
; Not operational: Clock Skew > Data Delay ; master:inst|inst44                                                                                   ; master:inst|inst20                                          ; REQ[1]     ; REQ[1]   ; None                       ; None                       ; 1.506 ns                 ;
; Not operational: Clock Skew > Data Delay ; master:inst8|inst44                                                                                  ; slave:inst12|inst51                                         ; REQ[1]     ; REQ[1]   ; None                       ; None                       ; 1.306 ns                 ;
; Not operational: Clock Skew > Data Delay ; master:inst8|inst44                                                                                  ; slave:inst7|inst51                                          ; REQ[1]     ; REQ[1]   ; None                       ; None                       ; 1.235 ns                 ;
; Not operational: Clock Skew > Data Delay ; master:inst|inst44                                                                                   ; master:inst|inst29                                          ; REQ[1]     ; REQ[1]   ; None                       ; None                       ; 1.503 ns                 ;
; Not operational: Clock Skew > Data Delay ; master:inst8|inst44                                                                                  ; slave:inst10|inst51                                         ; REQ[1]     ; REQ[1]   ; None                       ; None                       ; 1.216 ns                 ;
; Not operational: Clock Skew > Data Delay ; master:inst8|inst44                                                                                  ; slave:inst11|inst51                                         ; REQ[1]     ; REQ[1]   ; None                       ; None                       ; 1.255 ns                 ;
; Not operational: Clock Skew > Data Delay ; master:inst8|inst44                                                                                  ; slave:inst1|inst51                                          ; REQ[1]     ; REQ[1]   ; None                       ; None                       ; 1.445 ns                 ;
; Not operational: Clock Skew > Data Delay ; slave:inst12|inst51                                                                                  ; slave:inst12|inst12                                         ; REQ[1]     ; REQ[1]   ; None                       ; None                       ; 1.080 ns                 ;
; Not operational: Clock Skew > Data Delay ; slave:inst7|inst51                                                                                   ; slave:inst7|inst20                                          ; REQ[1]     ; REQ[1]   ; None                       ; None                       ; 1.000 ns                 ;
; Not operational: Clock Skew > Data Delay ; slave:inst10|inst51                                                                                  ; slave:inst10|inst20                                         ; REQ[1]     ; REQ[1]   ; None                       ; None                       ; 1.007 ns                 ;
; Not operational: Clock Skew > Data Delay ; slave:inst1|inst51                                                                                   ; slave:inst1|inst12                                          ; REQ[1]     ; REQ[1]   ; None                       ; None                       ; 1.083 ns                 ;
; Not operational: Clock Skew > Data Delay ; slave:inst1|inst51                                                                                   ; slave:inst1|inst20                                          ; REQ[1]     ; REQ[1]   ; None                       ; None                       ; 0.993 ns                 ;
; Not operational: Clock Skew > Data Delay ; slave:inst10|inst51                                                                                  ; slave:inst10|inst12                                         ; REQ[1]     ; REQ[1]   ; None                       ; None                       ; 1.077 ns                 ;
; Not operational: Clock Skew > Data Delay ; master:inst9|inst20                                                                                  ; master:inst9|inst20                                         ; REQ[1]     ; REQ[1]   ; None                       ; None                       ; 0.396 ns                 ;
; Not operational: Clock Skew > Data Delay ; master:inst|inst20                                                                                   ; master:inst|inst20                                          ; REQ[1]     ; REQ[1]   ; None                       ; None                       ; 0.396 ns                 ;
; Not operational: Clock Skew > Data Delay ; master:inst9|inst29                                                                                  ; master:inst9|inst29                                         ; REQ[1]     ; REQ[1]   ; None                       ; None                       ; 0.396 ns                 ;
; Not operational: Clock Skew > Data Delay ; master:inst8|inst29                                                                                  ; master:inst8|inst29                                         ; REQ[1]     ; REQ[1]   ; None                       ; None                       ; 0.396 ns                 ;
; Not operational: Clock Skew > Data Delay ; slave:inst11|inst51                                                                                  ; slave:inst11|inst20                                         ; REQ[1]     ; REQ[1]   ; None                       ; None                       ; 1.102 ns                 ;
; Not operational: Clock Skew > Data Delay ; slave:inst11|inst51                                                                                  ; slave:inst11|inst12                                         ; REQ[1]     ; REQ[1]   ; None                       ; None                       ; 1.301 ns                 ;
; Not operational: Clock Skew > Data Delay ; master:inst|inst29                                                                                   ; master:inst|inst29                                          ; REQ[1]     ; REQ[1]   ; None                       ; None                       ; 0.488 ns                 ;
; Not operational: Clock Skew > Data Delay ; master:inst8|inst20                                                                                  ; master:inst8|inst20                                         ; REQ[1]     ; REQ[1]   ; None                       ; None                       ; 0.488 ns                 ;
; Not operational: Clock Skew > Data Delay ; slave:inst12|inst51                                                                                  ; slave:inst12|inst20                                         ; REQ[1]     ; REQ[1]   ; None                       ; None                       ; 1.009 ns                 ;
; Not operational: Clock Skew > Data Delay ; master:inst|inst44                                                                                   ; slave:inst7|lpm_dff0:inst3|lpm_ff:lpm_ff_component|dffs[5]  ; REQ[1]     ; REQ[1]   ; None                       ; None                       ; 2.093 ns                 ;
; Not operational: Clock Skew > Data Delay ; master:inst|inst44                                                                                   ; slave:inst7|lpm_dff0:inst3|lpm_ff:lpm_ff_component|dffs[4]  ; REQ[1]     ; REQ[1]   ; None                       ; None                       ; 2.094 ns                 ;
; Not operational: Clock Skew > Data Delay ; master:inst|inst44                                                                                   ; slave:inst7|lpm_dff0:inst3|lpm_ff:lpm_ff_component|dffs[6]  ; REQ[1]     ; REQ[1]   ; None                       ; None                       ; 2.098 ns                 ;
; Not operational: Clock Skew > Data Delay ; master:inst|inst44                                                                                   ; slave:inst7|lpm_dff0:inst3|lpm_ff:lpm_ff_component|dffs[2]  ; REQ[1]     ; REQ[1]   ; None                       ; None                       ; 2.098 ns                 ;
; Not operational: Clock Skew > Data Delay ; master:inst|inst44                                                                                   ; slave:inst7|lpm_dff0:inst3|lpm_ff:lpm_ff_component|dffs[3]  ; REQ[1]     ; REQ[1]   ; None                       ; None                       ; 2.099 ns                 ;
; Not operational: Clock Skew > Data Delay ; master:inst|inst44                                                                                   ; slave:inst7|lpm_dff0:inst3|lpm_ff:lpm_ff_component|dffs[7]  ; REQ[1]     ; REQ[1]   ; None                       ; None                       ; 2.100 ns                 ;
; Not operational: Clock Skew > Data Delay ; master:inst|inst44                                                                                   ; slave:inst10|lpm_dff0:inst3|lpm_ff:lpm_ff_component|dffs[6] ; REQ[1]     ; REQ[1]   ; None                       ; None                       ; 2.244 ns                 ;
; Not operational: Clock Skew > Data Delay ; master:inst|inst44                                                                                   ; slave:inst10|lpm_dff0:inst3|lpm_ff:lpm_ff_component|dffs[7] ; REQ[1]     ; REQ[1]   ; None                       ; None                       ; 2.245 ns                 ;
; Not operational: Clock Skew > Data Delay ; master:inst|inst44                                                                                   ; slave:inst10|lpm_dff0:inst3|lpm_ff:lpm_ff_component|dffs[2] ; REQ[1]     ; REQ[1]   ; None                       ; None                       ; 2.258 ns                 ;
; Not operational: Clock Skew > Data Delay ; master:inst|inst44                                                                                   ; slave:inst10|lpm_dff0:inst3|lpm_ff:lpm_ff_component|dffs[4] ; REQ[1]     ; REQ[1]   ; None                       ; None                       ; 2.259 ns                 ;
; Not operational: Clock Skew > Data Delay ; master:inst|inst44                                                                                   ; slave:inst10|lpm_dff0:inst3|lpm_ff:lpm_ff_component|dffs[5] ; REQ[1]     ; REQ[1]   ; None                       ; None                       ; 2.260 ns                 ;
; Not operational: Clock Skew > Data Delay ; master:inst|inst44                                                                                   ; slave:inst10|lpm_dff0:inst3|lpm_ff:lpm_ff_component|dffs[3] ; REQ[1]     ; REQ[1]   ; None                       ; None                       ; 2.260 ns                 ;
; Not operational: Clock Skew > Data Delay ; master:inst9|inst44                                                                                  ; slave:inst7|lpm_dff0:inst3|lpm_ff:lpm_ff_component|dffs[5]  ; REQ[1]     ; REQ[1]   ; None                       ; None                       ; 2.512 ns                 ;
; Not operational: Clock Skew > Data Delay ; master:inst9|inst44                                                                                  ; slave:inst7|lpm_dff0:inst3|lpm_ff:lpm_ff_component|dffs[4]  ; REQ[1]     ; REQ[1]   ; None                       ; None                       ; 2.513 ns                 ;
; Not operational: Clock Skew > Data Delay ; master:inst9|inst44                                                                                  ; slave:inst7|lpm_dff0:inst3|lpm_ff:lpm_ff_component|dffs[6]  ; REQ[1]     ; REQ[1]   ; None                       ; None                       ; 2.517 ns                 ;
; Not operational: Clock Skew > Data Delay ; master:inst9|inst44                                                                                  ; slave:inst7|lpm_dff0:inst3|lpm_ff:lpm_ff_component|dffs[2]  ; REQ[1]     ; REQ[1]   ; None                       ; None                       ; 2.517 ns                 ;
; Not operational: Clock Skew > Data Delay ; master:inst9|inst44                                                                                  ; slave:inst7|lpm_dff0:inst3|lpm_ff:lpm_ff_component|dffs[3]  ; REQ[1]     ; REQ[1]   ; None                       ; None                       ; 2.518 ns                 ;
; Not operational: Clock Skew > Data Delay ; master:inst9|inst44                                                                                  ; slave:inst7|lpm_dff0:inst3|lpm_ff:lpm_ff_component|dffs[7]  ; REQ[1]     ; REQ[1]   ; None                       ; None                       ; 2.519 ns                 ;
; Not operational: Clock Skew > Data Delay ; master:inst9|inst44                                                                                  ; slave:inst10|lpm_dff0:inst3|lpm_ff:lpm_ff_component|dffs[6] ; REQ[1]     ; REQ[1]   ; None                       ; None                       ; 2.663 ns                 ;
; Not operational: Clock Skew > Data Delay ; master:inst9|inst44                                                                                  ; slave:inst10|lpm_dff0:inst3|lpm_ff:lpm_ff_component|dffs[7] ; REQ[1]     ; REQ[1]   ; None                       ; None                       ; 2.664 ns                 ;
; Not operational: Clock Skew > Data Delay ; master:inst9|inst44                                                                                  ; slave:inst10|lpm_dff0:inst3|lpm_ff:lpm_ff_component|dffs[2] ; REQ[1]     ; REQ[1]   ; None                       ; None                       ; 2.677 ns                 ;
; Not operational: Clock Skew > Data Delay ; master:inst9|inst44                                                                                  ; slave:inst10|lpm_dff0:inst3|lpm_ff:lpm_ff_component|dffs[4] ; REQ[1]     ; REQ[1]   ; None                       ; None                       ; 2.678 ns                 ;
; Not operational: Clock Skew > Data Delay ; master:inst9|inst44                                                                                  ; slave:inst10|lpm_dff0:inst3|lpm_ff:lpm_ff_component|dffs[5] ; REQ[1]     ; REQ[1]   ; None                       ; None                       ; 2.679 ns                 ;
; Not operational: Clock Skew > Data Delay ; master:inst9|inst44                                                                                  ; slave:inst10|lpm_dff0:inst3|lpm_ff:lpm_ff_component|dffs[3] ; REQ[1]     ; REQ[1]   ; None                       ; None                       ; 2.679 ns                 ;
; Not operational: Clock Skew > Data Delay ; slave:inst7|inst51                                                                                   ; slave:inst7|inst12                                          ; REQ[1]     ; REQ[1]   ; None                       ; None                       ; 1.493 ns                 ;
; Not operational: Clock Skew > Data Delay ; master:inst|inst44                                                                                   ; slave:inst12|lpm_dff0:inst3|lpm_ff:lpm_ff_component|dffs[3] ; REQ[1]     ; REQ[1]   ; None                       ; None                       ; 2.632 ns                 ;
; Not operational: Clock Skew > Data Delay ; master:inst|inst44                                                                                   ; slave:inst12|lpm_dff0:inst3|lpm_ff:lpm_ff_component|dffs[7] ; REQ[1]     ; REQ[1]   ; None                       ; None                       ; 2.634 ns                 ;
; Not operational: Clock Skew > Data Delay ; master:inst|inst44                                                                                   ; slave:inst12|lpm_dff0:inst3|lpm_ff:lpm_ff_component|dffs[5] ; REQ[1]     ; REQ[1]   ; None                       ; None                       ; 2.634 ns                 ;
; Not operational: Clock Skew > Data Delay ; master:inst|inst44                                                                                   ; slave:inst1|lpm_dff0:inst3|lpm_ff:lpm_ff_component|dffs[2]  ; REQ[1]     ; REQ[1]   ; None                       ; None                       ; 2.336 ns                 ;
; Not operational: Clock Skew > Data Delay ; master:inst|inst44                                                                                   ; slave:inst1|lpm_dff0:inst3|lpm_ff:lpm_ff_component|dffs[3]  ; REQ[1]     ; REQ[1]   ; None                       ; None                       ; 2.337 ns                 ;
; Not operational: Clock Skew > Data Delay ; master:inst|inst44                                                                                   ; slave:inst1|lpm_dff0:inst3|lpm_ff:lpm_ff_component|dffs[5]  ; REQ[1]     ; REQ[1]   ; None                       ; None                       ; 2.345 ns                 ;
; Not operational: Clock Skew > Data Delay ; master:inst|inst44                                                                                   ; slave:inst1|lpm_dff0:inst3|lpm_ff:lpm_ff_component|dffs[4]  ; REQ[1]     ; REQ[1]   ; None                       ; None                       ; 2.346 ns                 ;
; Not operational: Clock Skew > Data Delay ; master:inst|inst44                                                                                   ; slave:inst12|lpm_dff0:inst3|lpm_ff:lpm_ff_component|dffs[2] ; REQ[1]     ; REQ[1]   ; None                       ; None                       ; 2.666 ns                 ;
; Not operational: Clock Skew > Data Delay ; master:inst|inst44                                                                                   ; slave:inst1|lpm_dff0:inst3|lpm_ff:lpm_ff_component|dffs[7]  ; REQ[1]     ; REQ[1]   ; None                       ; None                       ; 2.347 ns                 ;
; Not operational: Clock Skew > Data Delay ; master:inst|inst44                                                                                   ; slave:inst1|lpm_dff0:inst3|lpm_ff:lpm_ff_component|dffs[6]  ; REQ[1]     ; REQ[1]   ; None                       ; None                       ; 2.347 ns                 ;
; Not operational: Clock Skew > Data Delay ; master:inst|inst44                                                                                   ; slave:inst12|lpm_dff0:inst3|lpm_ff:lpm_ff_component|dffs[6] ; REQ[1]     ; REQ[1]   ; None                       ; None                       ; 2.668 ns                 ;
; Not operational: Clock Skew > Data Delay ; master:inst|inst44                                                                                   ; slave:inst12|lpm_dff0:inst3|lpm_ff:lpm_ff_component|dffs[4] ; REQ[1]     ; REQ[1]   ; None                       ; None                       ; 2.669 ns                 ;
; Not operational: Clock Skew > Data Delay ; master:inst9|inst44                                                                                  ; slave:inst12|lpm_dff0:inst3|lpm_ff:lpm_ff_component|dffs[3] ; REQ[1]     ; REQ[1]   ; None                       ; None                       ; 3.051 ns                 ;
; Not operational: Clock Skew > Data Delay ; master:inst9|inst44                                                                                  ; slave:inst12|lpm_dff0:inst3|lpm_ff:lpm_ff_component|dffs[7] ; REQ[1]     ; REQ[1]   ; None                       ; None                       ; 3.053 ns                 ;
; Not operational: Clock Skew > Data Delay ; master:inst9|inst44                                                                                  ; slave:inst12|lpm_dff0:inst3|lpm_ff:lpm_ff_component|dffs[5] ; REQ[1]     ; REQ[1]   ; None                       ; None                       ; 3.053 ns                 ;
; Not operational: Clock Skew > Data Delay ; master:inst9|inst44                                                                                  ; slave:inst1|lpm_dff0:inst3|lpm_ff:lpm_ff_component|dffs[2]  ; REQ[1]     ; REQ[1]   ; None                       ; None                       ; 2.755 ns                 ;
; Not operational: Clock Skew > Data Delay ; master:inst9|inst44                                                                                  ; slave:inst1|lpm_dff0:inst3|lpm_ff:lpm_ff_component|dffs[3]  ; REQ[1]     ; REQ[1]   ; None                       ; None                       ; 2.756 ns                 ;
; Not operational: Clock Skew > Data Delay ; master:inst9|inst44                                                                                  ; slave:inst1|lpm_dff0:inst3|lpm_ff:lpm_ff_component|dffs[5]  ; REQ[1]     ; REQ[1]   ; None                       ; None                       ; 2.764 ns                 ;
; Not operational: Clock Skew > Data Delay ; master:inst9|inst44                                                                                  ; slave:inst1|lpm_dff0:inst3|lpm_ff:lpm_ff_component|dffs[4]  ; REQ[1]     ; REQ[1]   ; None                       ; None                       ; 2.765 ns                 ;
; Not operational: Clock Skew > Data Delay ; master:inst9|inst44                                                                                  ; slave:inst12|lpm_dff0:inst3|lpm_ff:lpm_ff_component|dffs[2] ; REQ[1]     ; REQ[1]   ; None                       ; None                       ; 3.085 ns                 ;
; Not operational: Clock Skew > Data Delay ; master:inst9|inst44                                                                                  ; slave:inst1|lpm_dff0:inst3|lpm_ff:lpm_ff_component|dffs[7]  ; REQ[1]     ; REQ[1]   ; None                       ; None                       ; 2.766 ns                 ;
; Not operational: Clock Skew > Data Delay ; master:inst9|inst44                                                                                  ; slave:inst1|lpm_dff0:inst3|lpm_ff:lpm_ff_component|dffs[6]  ; REQ[1]     ; REQ[1]   ; None                       ; None                       ; 2.766 ns                 ;
; Not operational: Clock Skew > Data Delay ; master:inst9|inst44                                                                                  ; slave:inst12|lpm_dff0:inst3|lpm_ff:lpm_ff_component|dffs[6] ; REQ[1]     ; REQ[1]   ; None                       ; None                       ; 3.087 ns                 ;
; Not operational: Clock Skew > Data Delay ; master:inst9|inst44                                                                                  ; slave:inst12|lpm_dff0:inst3|lpm_ff:lpm_ff_component|dffs[4] ; REQ[1]     ; REQ[1]   ; None                       ; None                       ; 3.088 ns                 ;
; Not operational: Clock Skew > Data Delay ; master:inst|inst44                                                                                   ; slave:inst11|lpm_dff0:inst3|lpm_ff:lpm_ff_component|dffs[5] ; REQ[1]     ; REQ[1]   ; None                       ; None                       ; 2.541 ns                 ;
; Not operational: Clock Skew > Data Delay ; master:inst|inst44                                                                                   ; slave:inst11|lpm_dff0:inst3|lpm_ff:lpm_ff_component|dffs[3] ; REQ[1]     ; REQ[1]   ; None                       ; None                       ; 2.541 ns                 ;
; Not operational: Clock Skew > Data Delay ; master:inst|inst44                                                                                   ; slave:inst11|lpm_dff0:inst3|lpm_ff:lpm_ff_component|dffs[2] ; REQ[1]     ; REQ[1]   ; None                       ; None                       ; 2.541 ns                 ;
; Not operational: Clock Skew > Data Delay ; master:inst|inst44                                                                                   ; slave:inst11|lpm_dff0:inst3|lpm_ff:lpm_ff_component|dffs[6] ; REQ[1]     ; REQ[1]   ; None                       ; None                       ; 2.542 ns                 ;
; Not operational: Clock Skew > Data Delay ; master:inst|inst44                                                                                   ; slave:inst11|lpm_dff0:inst3|lpm_ff:lpm_ff_component|dffs[4] ; REQ[1]     ; REQ[1]   ; None                       ; None                       ; 2.542 ns                 ;
; Not operational: Clock Skew > Data Delay ; master:inst|inst44                                                                                   ; slave:inst11|lpm_dff0:inst3|lpm_ff:lpm_ff_component|dffs[7] ; REQ[1]     ; REQ[1]   ; None                       ; None                       ; 2.543 ns                 ;
; Not operational: Clock Skew > Data Delay ; slave:inst12|inst12                                                                                  ; slave:inst12|inst12                                         ; REQ[1]     ; REQ[1]   ; None                       ; None                       ; 0.396 ns                 ;
; Not operational: Clock Skew > Data Delay ; slave:inst1|inst20                                                                                   ; slave:inst1|inst20                                          ; REQ[1]     ; REQ[1]   ; None                       ; None                       ; 0.396 ns                 ;
; Not operational: Clock Skew > Data Delay ; slave:inst7|inst12                                                                                   ; slave:inst7|inst12                                          ; REQ[1]     ; REQ[1]   ; None                       ; None                       ; 0.396 ns                 ;
; Not operational: Clock Skew > Data Delay ; slave:inst7|inst20                                                                                   ; slave:inst7|inst20                                          ; REQ[1]     ; REQ[1]   ; None                       ; None                       ; 0.396 ns                 ;
; Not operational: Clock Skew > Data Delay ; slave:inst1|inst12                                                                                   ; slave:inst1|inst12                                          ; REQ[1]     ; REQ[1]   ; None                       ; None                       ; 0.396 ns                 ;
; Not operational: Clock Skew > Data Delay ; slave:inst10|inst12                                                                                  ; slave:inst10|inst12                                         ; REQ[1]     ; REQ[1]   ; None                       ; None                       ; 0.396 ns                 ;
; Not operational: Clock Skew > Data Delay ; slave:inst10|inst20                                                                                  ; slave:inst10|inst20                                         ; REQ[1]     ; REQ[1]   ; None                       ; None                       ; 0.396 ns                 ;
; Not operational: Clock Skew > Data Delay ; slave:inst11|inst12                                                                                  ; slave:inst11|inst12                                         ; REQ[1]     ; REQ[1]   ; None                       ; None                       ; 0.396 ns                 ;
; Not operational: Clock Skew > Data Delay ; slave:inst11|inst20                                                                                  ; slave:inst11|inst20                                         ; REQ[1]     ; REQ[1]   ; None                       ; None                       ; 0.396 ns                 ;
; Not operational: Clock Skew > Data Delay ; master:inst9|inst44                                                                                  ; slave:inst11|lpm_dff0:inst3|lpm_ff:lpm_ff_component|dffs[5] ; REQ[1]     ; REQ[1]   ; None                       ; None                       ; 2.960 ns                 ;
; Not operational: Clock Skew > Data Delay ; master:inst9|inst44                                                                                  ; slave:inst11|lpm_dff0:inst3|lpm_ff:lpm_ff_component|dffs[3] ; REQ[1]     ; REQ[1]   ; None                       ; None                       ; 2.960 ns                 ;
; Not operational: Clock Skew > Data Delay ; master:inst9|inst44                                                                                  ; slave:inst11|lpm_dff0:inst3|lpm_ff:lpm_ff_component|dffs[2] ; REQ[1]     ; REQ[1]   ; None                       ; None                       ; 2.960 ns                 ;
; Not operational: Clock Skew > Data Delay ; master:inst9|inst44                                                                                  ; slave:inst11|lpm_dff0:inst3|lpm_ff:lpm_ff_component|dffs[6] ; REQ[1]     ; REQ[1]   ; None                       ; None                       ; 2.961 ns                 ;
; Not operational: Clock Skew > Data Delay ; master:inst9|inst44                                                                                  ; slave:inst11|lpm_dff0:inst3|lpm_ff:lpm_ff_component|dffs[4] ; REQ[1]     ; REQ[1]   ; None                       ; None                       ; 2.961 ns                 ;
; Not operational: Clock Skew > Data Delay ; master:inst9|inst44                                                                                  ; slave:inst11|lpm_dff0:inst3|lpm_ff:lpm_ff_component|dffs[7] ; REQ[1]     ; REQ[1]   ; None                       ; None                       ; 2.962 ns                 ;
; Not operational: Clock Skew > Data Delay ; slave:inst12|inst51                                                                                  ; slave:inst12|inst51                                         ; REQ[1]     ; REQ[1]   ; None                       ; None                       ; 0.488 ns                 ;
; Not operational: Clock Skew > Data Delay ; slave:inst1|inst51                                                                                   ; slave:inst1|inst51                                          ; REQ[1]     ; REQ[1]   ; None                       ; None                       ; 0.488 ns                 ;
; Not operational: Clock Skew > Data Delay ; slave:inst7|inst51                                                                                   ; slave:inst7|inst51                                          ; REQ[1]     ; REQ[1]   ; None                       ; None                       ; 0.488 ns                 ;
; Not operational: Clock Skew > Data Delay ; slave:inst10|inst51                                                                                  ; slave:inst10|inst51                                         ; REQ[1]     ; REQ[1]   ; None                       ; None                       ; 0.488 ns                 ;
; Not operational: Clock Skew > Data Delay ; slave:inst11|inst51                                                                                  ; slave:inst11|inst51                                         ; REQ[1]     ; REQ[1]   ; None                       ; None                       ; 0.488 ns                 ;
; Not operational: Clock Skew > Data Delay ; slave:inst12|inst20                                                                                  ; slave:inst12|inst20                                         ; REQ[1]     ; REQ[1]   ; None                       ; None                       ; 0.488 ns                 ;
; Not operational: Clock Skew > Data Delay ; master:inst|inst44                                                                                   ; master:inst|inst12                                          ; REQ[1]     ; REQ[1]   ; None                       ; None                       ; 0.982 ns                 ;
; Not operational: Clock Skew > Data Delay ; master:inst|inst44                                                                                   ; slave:inst12|inst51                                         ; REQ[1]     ; REQ[1]   ; None                       ; None                       ; 1.442 ns                 ;
; Not operational: Clock Skew > Data Delay ; master:inst9|inst44                                                                                  ; slave:inst12|inst51                                         ; REQ[1]     ; REQ[1]   ; None                       ; None                       ; 1.861 ns                 ;
; Not operational: Clock Skew > Data Delay ; master:inst9|inst44                                                                                  ; slave:inst7|inst51                                          ; REQ[1]     ; REQ[1]   ; None                       ; None                       ; 1.840 ns                 ;
; Not operational: Clock Skew > Data Delay ; master:inst9|inst44                                                                                  ; slave:inst10|inst51                                         ; REQ[1]     ; REQ[1]   ; None                       ; None                       ; 1.835 ns                 ;
; Not operational: Clock Skew > Data Delay ; master:inst|inst44                                                                                   ; slave:inst7|inst51                                          ; REQ[1]     ; REQ[1]   ; None                       ; None                       ; 1.674 ns                 ;
; Not operational: Clock Skew > Data Delay ; master:inst|inst44                                                                                   ; slave:inst10|inst51                                         ; REQ[1]     ; REQ[1]   ; None                       ; None                       ; 1.655 ns                 ;
; Not operational: Clock Skew > Data Delay ; master:inst9|inst44                                                                                  ; slave:inst1|inst51                                          ; REQ[1]     ; REQ[1]   ; None                       ; None                       ; 2.013 ns                 ;
; Not operational: Clock Skew > Data Delay ; master:inst|inst44                                                                                   ; slave:inst11|inst51                                         ; REQ[1]     ; REQ[1]   ; None                       ; None                       ; 1.670 ns                 ;
; Not operational: Clock Skew > Data Delay ; master:inst9|inst44                                                                                  ; slave:inst11|inst51                                         ; REQ[1]     ; REQ[1]   ; None                       ; None                       ; 2.054 ns                 ;
; Not operational: Clock Skew > Data Delay ; master:inst|inst44                                                                                   ; slave:inst1|inst51                                          ; REQ[1]     ; REQ[1]   ; None                       ; None                       ; 1.803 ns                 ;
; Not operational: Clock Skew > Data Delay ; master:inst|inst44                                                                                   ; master:inst|inst44                                          ; REQ[1]     ; REQ[1]   ; None                       ; None                       ; 0.396 ns                 ;
; Not operational: Clock Skew > Data Delay ; arbiter:inst4|inst10                                                                                 ; arbiter:inst4|inst10                                        ; REQ[1]     ; REQ[1]   ; None                       ; None                       ; 0.396 ns                 ;
; Not operational: Clock Skew > Data Delay ; master:inst|inst12                                                                                   ; master:inst|inst12                                          ; REQ[1]     ; REQ[1]   ; None                       ; None                       ; 0.396 ns                 ;
; Not operational: Clock Skew > Data Delay ; master:inst9|inst44                                                                                  ; master:inst9|inst12                                         ; REQ[1]     ; REQ[1]   ; None                       ; None                       ; 1.140 ns                 ;
; Not operational: Clock Skew > Data Delay ; master:inst8|inst44                                                                                  ; master:inst8|inst12                                         ; REQ[1]     ; REQ[1]   ; None                       ; None                       ; 1.502 ns                 ;
+------------------------------------------+------------------------------------------------------------------------------------------------------+-------------------------------------------------------------+------------+----------+----------------------------+----------------------------+--------------------------+


+---------------------------------------------------------------------------------------------------------------------------------------------------------------------------------------------------------------------------------------------------------------------------------------------------------------------------+
; Clock Hold: 'REQ[2]'                                                                                                                                                                                                                                                                                                      ;
+------------------------------------------+-----------------------------------------------------------------------------------------------------+-------------------------------------------------------------+------------+----------+----------------------------+----------------------------+--------------------------+
; Minimum Slack                            ; From                                                                                                ; To                                                          ; From Clock ; To Clock ; Required Hold Relationship ; Required Shortest P2P Time ; Actual Shortest P2P Time ;
+------------------------------------------+-----------------------------------------------------------------------------------------------------+-------------------------------------------------------------+------------+----------+----------------------------+----------------------------+--------------------------+
; Not operational: Clock Skew > Data Delay ; master:inst8|inst44                                                                                 ; slave:inst12|lpm_dff0:inst3|lpm_ff:lpm_ff_component|dffs[0] ; REQ[2]     ; REQ[2]   ; None                       ; None                       ; 0.937 ns                 ;
; Not operational: Clock Skew > Data Delay ; master:inst8|inst44                                                                                 ; slave:inst7|lpm_dff0:inst3|lpm_ff:lpm_ff_component|dffs[0]  ; REQ[2]     ; REQ[2]   ; None                       ; None                       ; 1.046 ns                 ;
; Not operational: Clock Skew > Data Delay ; master:inst|inst44                                                                                  ; master:inst|inst20                                          ; REQ[2]     ; REQ[2]   ; None                       ; None                       ; 1.506 ns                 ;
; Not operational: Clock Skew > Data Delay ; master:inst8|inst44                                                                                 ; master:inst8|inst29                                         ; REQ[2]     ; REQ[2]   ; None                       ; None                       ; 1.678 ns                 ;
; Not operational: Clock Skew > Data Delay ; master:inst8|inst44                                                                                 ; master:inst8|inst20                                         ; REQ[2]     ; REQ[2]   ; None                       ; None                       ; 1.483 ns                 ;
; Not operational: Clock Skew > Data Delay ; master:inst8|inst44                                                                                 ; slave:inst10|lpm_dff0:inst3|lpm_ff:lpm_ff_component|dffs[0] ; REQ[2]     ; REQ[2]   ; None                       ; None                       ; 1.778 ns                 ;
; Not operational: Clock Skew > Data Delay ; master:inst|inst44                                                                                  ; master:inst|inst29                                          ; REQ[2]     ; REQ[2]   ; None                       ; None                       ; 1.503 ns                 ;
; Not operational: Clock Skew > Data Delay ; master:inst8|inst44                                                                                 ; slave:inst1|lpm_dff0:inst3|lpm_ff:lpm_ff_component|dffs[0]  ; REQ[2]     ; REQ[2]   ; None                       ; None                       ; 1.718 ns                 ;
; Not operational: Clock Skew > Data Delay ; master:inst8|inst44                                                                                 ; slave:inst11|lpm_dff0:inst3|lpm_ff:lpm_ff_component|dffs[0] ; REQ[2]     ; REQ[2]   ; None                       ; None                       ; 1.682 ns                 ;
; Not operational: Clock Skew > Data Delay ; master:inst8|inst44                                                                                 ; slave:inst7|lpm_dff0:inst3|lpm_ff:lpm_ff_component|dffs[5]  ; REQ[2]     ; REQ[2]   ; None                       ; None                       ; 1.957 ns                 ;
; Not operational: Clock Skew > Data Delay ; master:inst8|inst44                                                                                 ; slave:inst7|lpm_dff0:inst3|lpm_ff:lpm_ff_component|dffs[4]  ; REQ[2]     ; REQ[2]   ; None                       ; None                       ; 1.958 ns                 ;
; Not operational: Clock Skew > Data Delay ; master:inst8|inst44                                                                                 ; slave:inst7|lpm_dff0:inst3|lpm_ff:lpm_ff_component|dffs[6]  ; REQ[2]     ; REQ[2]   ; None                       ; None                       ; 1.962 ns                 ;
; Not operational: Clock Skew > Data Delay ; master:inst8|inst44                                                                                 ; slave:inst7|lpm_dff0:inst3|lpm_ff:lpm_ff_component|dffs[2]  ; REQ[2]     ; REQ[2]   ; None                       ; None                       ; 1.962 ns                 ;
; Not operational: Clock Skew > Data Delay ; master:inst8|inst44                                                                                 ; slave:inst7|lpm_dff0:inst3|lpm_ff:lpm_ff_component|dffs[3]  ; REQ[2]     ; REQ[2]   ; None                       ; None                       ; 1.963 ns                 ;
; Not operational: Clock Skew > Data Delay ; master:inst8|inst44                                                                                 ; slave:inst7|lpm_dff0:inst3|lpm_ff:lpm_ff_component|dffs[7]  ; REQ[2]     ; REQ[2]   ; None                       ; None                       ; 1.964 ns                 ;
; Not operational: Clock Skew > Data Delay ; master:inst8|inst44                                                                                 ; slave:inst10|lpm_dff0:inst3|lpm_ff:lpm_ff_component|dffs[6] ; REQ[2]     ; REQ[2]   ; None                       ; None                       ; 2.108 ns                 ;
; Not operational: Clock Skew > Data Delay ; master:inst8|inst44                                                                                 ; slave:inst10|lpm_dff0:inst3|lpm_ff:lpm_ff_component|dffs[7] ; REQ[2]     ; REQ[2]   ; None                       ; None                       ; 2.109 ns                 ;
; Not operational: Clock Skew > Data Delay ; master:inst8|inst44                                                                                 ; slave:inst10|lpm_dff0:inst3|lpm_ff:lpm_ff_component|dffs[2] ; REQ[2]     ; REQ[2]   ; None                       ; None                       ; 2.122 ns                 ;
; Not operational: Clock Skew > Data Delay ; master:inst8|inst44                                                                                 ; slave:inst10|lpm_dff0:inst3|lpm_ff:lpm_ff_component|dffs[4] ; REQ[2]     ; REQ[2]   ; None                       ; None                       ; 2.123 ns                 ;
; Not operational: Clock Skew > Data Delay ; master:inst8|inst44                                                                                 ; slave:inst10|lpm_dff0:inst3|lpm_ff:lpm_ff_component|dffs[5] ; REQ[2]     ; REQ[2]   ; None                       ; None                       ; 2.124 ns                 ;
; Not operational: Clock Skew > Data Delay ; master:inst8|inst44                                                                                 ; slave:inst10|lpm_dff0:inst3|lpm_ff:lpm_ff_component|dffs[3] ; REQ[2]     ; REQ[2]   ; None                       ; None                       ; 2.124 ns                 ;
; Not operational: Clock Skew > Data Delay ; master:inst|lpm_counter1:inst39|lpm_counter:lpm_counter_component|cntr_7nh:auto_generated|safe_q[1] ; slave:inst12|inst51                                         ; REQ[2]     ; REQ[2]   ; None                       ; None                       ; 1.871 ns                 ;
; Not operational: Clock Skew > Data Delay ; master:inst|lpm_counter1:inst39|lpm_counter:lpm_counter_component|cntr_7nh:auto_generated|safe_q[1] ; slave:inst7|inst51                                          ; REQ[2]     ; REQ[2]   ; None                       ; None                       ; 1.691 ns                 ;
; Not operational: Clock Skew > Data Delay ; master:inst|lpm_counter1:inst39|lpm_counter:lpm_counter_component|cntr_7nh:auto_generated|safe_q[0] ; slave:inst7|inst51                                          ; REQ[2]     ; REQ[2]   ; None                       ; None                       ; 1.778 ns                 ;
; Not operational: Clock Skew > Data Delay ; master:inst|lpm_counter1:inst39|lpm_counter:lpm_counter_component|cntr_7nh:auto_generated|safe_q[1] ; slave:inst10|inst51                                         ; REQ[2]     ; REQ[2]   ; None                       ; None                       ; 1.685 ns                 ;
; Not operational: Clock Skew > Data Delay ; master:inst8|inst44                                                                                 ; slave:inst12|lpm_dff0:inst3|lpm_ff:lpm_ff_component|dffs[3] ; REQ[2]     ; REQ[2]   ; None                       ; None                       ; 2.496 ns                 ;
; Not operational: Clock Skew > Data Delay ; master:inst|lpm_counter1:inst39|lpm_counter:lpm_counter_component|cntr_7nh:auto_generated|safe_q[2] ; slave:inst12|inst51                                         ; REQ[2]     ; REQ[2]   ; None                       ; None                       ; 2.019 ns                 ;
; Not operational: Clock Skew > Data Delay ; master:inst8|inst44                                                                                 ; slave:inst12|lpm_dff0:inst3|lpm_ff:lpm_ff_component|dffs[7] ; REQ[2]     ; REQ[2]   ; None                       ; None                       ; 2.498 ns                 ;
; Not operational: Clock Skew > Data Delay ; master:inst8|inst44                                                                                 ; slave:inst12|lpm_dff0:inst3|lpm_ff:lpm_ff_component|dffs[5] ; REQ[2]     ; REQ[2]   ; None                       ; None                       ; 2.498 ns                 ;
; Not operational: Clock Skew > Data Delay ; master:inst8|inst44                                                                                 ; slave:inst1|lpm_dff0:inst3|lpm_ff:lpm_ff_component|dffs[2]  ; REQ[2]     ; REQ[2]   ; None                       ; None                       ; 2.200 ns                 ;
; Not operational: Clock Skew > Data Delay ; master:inst8|inst44                                                                                 ; slave:inst1|lpm_dff0:inst3|lpm_ff:lpm_ff_component|dffs[3]  ; REQ[2]     ; REQ[2]   ; None                       ; None                       ; 2.201 ns                 ;
; Not operational: Clock Skew > Data Delay ; master:inst8|inst44                                                                                 ; slave:inst1|lpm_dff0:inst3|lpm_ff:lpm_ff_component|dffs[5]  ; REQ[2]     ; REQ[2]   ; None                       ; None                       ; 2.209 ns                 ;
; Not operational: Clock Skew > Data Delay ; master:inst8|inst44                                                                                 ; slave:inst1|lpm_dff0:inst3|lpm_ff:lpm_ff_component|dffs[4]  ; REQ[2]     ; REQ[2]   ; None                       ; None                       ; 2.210 ns                 ;
; Not operational: Clock Skew > Data Delay ; master:inst8|inst44                                                                                 ; slave:inst12|lpm_dff0:inst3|lpm_ff:lpm_ff_component|dffs[2] ; REQ[2]     ; REQ[2]   ; None                       ; None                       ; 2.530 ns                 ;
; Not operational: Clock Skew > Data Delay ; master:inst8|inst44                                                                                 ; slave:inst1|lpm_dff0:inst3|lpm_ff:lpm_ff_component|dffs[7]  ; REQ[2]     ; REQ[2]   ; None                       ; None                       ; 2.211 ns                 ;
; Not operational: Clock Skew > Data Delay ; master:inst8|inst44                                                                                 ; slave:inst1|lpm_dff0:inst3|lpm_ff:lpm_ff_component|dffs[6]  ; REQ[2]     ; REQ[2]   ; None                       ; None                       ; 2.211 ns                 ;
; Not operational: Clock Skew > Data Delay ; master:inst8|inst44                                                                                 ; slave:inst12|lpm_dff0:inst3|lpm_ff:lpm_ff_component|dffs[6] ; REQ[2]     ; REQ[2]   ; None                       ; None                       ; 2.532 ns                 ;
; Not operational: Clock Skew > Data Delay ; master:inst8|inst44                                                                                 ; slave:inst12|lpm_dff0:inst3|lpm_ff:lpm_ff_component|dffs[4] ; REQ[2]     ; REQ[2]   ; None                       ; None                       ; 2.533 ns                 ;
; Not operational: Clock Skew > Data Delay ; master:inst|lpm_counter1:inst39|lpm_counter:lpm_counter_component|cntr_7nh:auto_generated|safe_q[0] ; slave:inst10|inst51                                         ; REQ[2]     ; REQ[2]   ; None                       ; None                       ; 1.759 ns                 ;
; Not operational: Clock Skew > Data Delay ; master:inst|lpm_counter1:inst39|lpm_counter:lpm_counter_component|cntr_7nh:auto_generated|safe_q[0] ; slave:inst12|inst51                                         ; REQ[2]     ; REQ[2]   ; None                       ; None                       ; 2.077 ns                 ;
; Not operational: Clock Skew > Data Delay ; master:inst|lpm_counter1:inst39|lpm_counter:lpm_counter_component|cntr_7nh:auto_generated|safe_q[0] ; slave:inst11|inst51                                         ; REQ[2]     ; REQ[2]   ; None                       ; None                       ; 1.798 ns                 ;
; Not operational: Clock Skew > Data Delay ; master:inst|lpm_counter1:inst39|lpm_counter:lpm_counter_component|cntr_7nh:auto_generated|safe_q[1] ; slave:inst1|inst51                                          ; REQ[2]     ; REQ[2]   ; None                       ; None                       ; 1.863 ns                 ;
; Not operational: Clock Skew > Data Delay ; master:inst|lpm_counter1:inst39|lpm_counter:lpm_counter_component|cntr_7nh:auto_generated|safe_q[1] ; slave:inst11|inst51                                         ; REQ[2]     ; REQ[2]   ; None                       ; None                       ; 1.905 ns                 ;
; Not operational: Clock Skew > Data Delay ; master:inst|inst44                                                                                  ; slave:inst7|lpm_dff0:inst3|lpm_ff:lpm_ff_component|dffs[5]  ; REQ[2]     ; REQ[2]   ; None                       ; None                       ; 2.093 ns                 ;
; Not operational: Clock Skew > Data Delay ; master:inst|inst44                                                                                  ; slave:inst7|lpm_dff0:inst3|lpm_ff:lpm_ff_component|dffs[4]  ; REQ[2]     ; REQ[2]   ; None                       ; None                       ; 2.094 ns                 ;
; Not operational: Clock Skew > Data Delay ; master:inst|inst44                                                                                  ; slave:inst7|lpm_dff0:inst3|lpm_ff:lpm_ff_component|dffs[6]  ; REQ[2]     ; REQ[2]   ; None                       ; None                       ; 2.098 ns                 ;
; Not operational: Clock Skew > Data Delay ; master:inst|inst44                                                                                  ; slave:inst7|lpm_dff0:inst3|lpm_ff:lpm_ff_component|dffs[2]  ; REQ[2]     ; REQ[2]   ; None                       ; None                       ; 2.098 ns                 ;
; Not operational: Clock Skew > Data Delay ; master:inst|inst44                                                                                  ; slave:inst7|lpm_dff0:inst3|lpm_ff:lpm_ff_component|dffs[3]  ; REQ[2]     ; REQ[2]   ; None                       ; None                       ; 2.099 ns                 ;
; Not operational: Clock Skew > Data Delay ; master:inst|inst44                                                                                  ; slave:inst7|lpm_dff0:inst3|lpm_ff:lpm_ff_component|dffs[7]  ; REQ[2]     ; REQ[2]   ; None                       ; None                       ; 2.100 ns                 ;
; Not operational: Clock Skew > Data Delay ; master:inst|inst44                                                                                  ; slave:inst10|lpm_dff0:inst3|lpm_ff:lpm_ff_component|dffs[6] ; REQ[2]     ; REQ[2]   ; None                       ; None                       ; 2.244 ns                 ;
; Not operational: Clock Skew > Data Delay ; master:inst|inst44                                                                                  ; slave:inst10|lpm_dff0:inst3|lpm_ff:lpm_ff_component|dffs[7] ; REQ[2]     ; REQ[2]   ; None                       ; None                       ; 2.245 ns                 ;
; Not operational: Clock Skew > Data Delay ; master:inst|inst44                                                                                  ; slave:inst10|lpm_dff0:inst3|lpm_ff:lpm_ff_component|dffs[2] ; REQ[2]     ; REQ[2]   ; None                       ; None                       ; 2.258 ns                 ;
; Not operational: Clock Skew > Data Delay ; master:inst|inst44                                                                                  ; slave:inst10|lpm_dff0:inst3|lpm_ff:lpm_ff_component|dffs[4] ; REQ[2]     ; REQ[2]   ; None                       ; None                       ; 2.259 ns                 ;
; Not operational: Clock Skew > Data Delay ; master:inst|inst44                                                                                  ; slave:inst10|lpm_dff0:inst3|lpm_ff:lpm_ff_component|dffs[5] ; REQ[2]     ; REQ[2]   ; None                       ; None                       ; 2.260 ns                 ;
; Not operational: Clock Skew > Data Delay ; master:inst|inst44                                                                                  ; slave:inst10|lpm_dff0:inst3|lpm_ff:lpm_ff_component|dffs[3] ; REQ[2]     ; REQ[2]   ; None                       ; None                       ; 2.260 ns                 ;
; Not operational: Clock Skew > Data Delay ; master:inst|lpm_counter1:inst39|lpm_counter:lpm_counter_component|cntr_7nh:auto_generated|safe_q[0] ; slave:inst1|inst51                                          ; REQ[2]     ; REQ[2]   ; None                       ; None                       ; 1.988 ns                 ;
; Not operational: Clock Skew > Data Delay ; master:inst|lpm_counter1:inst39|lpm_counter:lpm_counter_component|cntr_7nh:auto_generated|safe_q[2] ; slave:inst10|inst51                                         ; REQ[2]     ; REQ[2]   ; None                       ; None                       ; 2.027 ns                 ;
; Not operational: Clock Skew > Data Delay ; master:inst8|inst44                                                                                 ; slave:inst11|lpm_dff0:inst3|lpm_ff:lpm_ff_component|dffs[5] ; REQ[2]     ; REQ[2]   ; None                       ; None                       ; 2.405 ns                 ;
; Not operational: Clock Skew > Data Delay ; master:inst8|inst44                                                                                 ; slave:inst11|lpm_dff0:inst3|lpm_ff:lpm_ff_component|dffs[3] ; REQ[2]     ; REQ[2]   ; None                       ; None                       ; 2.405 ns                 ;
; Not operational: Clock Skew > Data Delay ; master:inst8|inst44                                                                                 ; slave:inst11|lpm_dff0:inst3|lpm_ff:lpm_ff_component|dffs[2] ; REQ[2]     ; REQ[2]   ; None                       ; None                       ; 2.405 ns                 ;
; Not operational: Clock Skew > Data Delay ; master:inst8|inst44                                                                                 ; slave:inst11|lpm_dff0:inst3|lpm_ff:lpm_ff_component|dffs[6] ; REQ[2]     ; REQ[2]   ; None                       ; None                       ; 2.406 ns                 ;
; Not operational: Clock Skew > Data Delay ; master:inst8|inst44                                                                                 ; slave:inst11|lpm_dff0:inst3|lpm_ff:lpm_ff_component|dffs[4] ; REQ[2]     ; REQ[2]   ; None                       ; None                       ; 2.406 ns                 ;
; Not operational: Clock Skew > Data Delay ; master:inst8|inst44                                                                                 ; slave:inst11|lpm_dff0:inst3|lpm_ff:lpm_ff_component|dffs[7] ; REQ[2]     ; REQ[2]   ; None                       ; None                       ; 2.407 ns                 ;
; Not operational: Clock Skew > Data Delay ; master:inst|lpm_counter1:inst39|lpm_counter:lpm_counter_component|cntr_7nh:auto_generated|safe_q[2] ; slave:inst11|inst51                                         ; REQ[2]     ; REQ[2]   ; None                       ; None                       ; 2.064 ns                 ;
; Not operational: Clock Skew > Data Delay ; master:inst|inst44                                                                                  ; slave:inst12|lpm_dff0:inst3|lpm_ff:lpm_ff_component|dffs[3] ; REQ[2]     ; REQ[2]   ; None                       ; None                       ; 2.632 ns                 ;
; Not operational: Clock Skew > Data Delay ; master:inst|inst44                                                                                  ; slave:inst12|lpm_dff0:inst3|lpm_ff:lpm_ff_component|dffs[7] ; REQ[2]     ; REQ[2]   ; None                       ; None                       ; 2.634 ns                 ;
; Not operational: Clock Skew > Data Delay ; master:inst|inst44                                                                                  ; slave:inst12|lpm_dff0:inst3|lpm_ff:lpm_ff_component|dffs[5] ; REQ[2]     ; REQ[2]   ; None                       ; None                       ; 2.634 ns                 ;
; Not operational: Clock Skew > Data Delay ; master:inst|lpm_counter1:inst39|lpm_counter:lpm_counter_component|cntr_7nh:auto_generated|safe_q[2] ; slave:inst1|inst51                                          ; REQ[2]     ; REQ[2]   ; None                       ; None                       ; 2.127 ns                 ;
; Not operational: Clock Skew > Data Delay ; master:inst|inst44                                                                                  ; slave:inst1|lpm_dff0:inst3|lpm_ff:lpm_ff_component|dffs[2]  ; REQ[2]     ; REQ[2]   ; None                       ; None                       ; 2.336 ns                 ;
; Not operational: Clock Skew > Data Delay ; master:inst|inst44                                                                                  ; slave:inst1|lpm_dff0:inst3|lpm_ff:lpm_ff_component|dffs[3]  ; REQ[2]     ; REQ[2]   ; None                       ; None                       ; 2.337 ns                 ;
; Not operational: Clock Skew > Data Delay ; master:inst|inst44                                                                                  ; slave:inst1|lpm_dff0:inst3|lpm_ff:lpm_ff_component|dffs[5]  ; REQ[2]     ; REQ[2]   ; None                       ; None                       ; 2.345 ns                 ;
; Not operational: Clock Skew > Data Delay ; master:inst|inst44                                                                                  ; slave:inst1|lpm_dff0:inst3|lpm_ff:lpm_ff_component|dffs[4]  ; REQ[2]     ; REQ[2]   ; None                       ; None                       ; 2.346 ns                 ;
; Not operational: Clock Skew > Data Delay ; master:inst|inst44                                                                                  ; slave:inst12|lpm_dff0:inst3|lpm_ff:lpm_ff_component|dffs[2] ; REQ[2]     ; REQ[2]   ; None                       ; None                       ; 2.666 ns                 ;
; Not operational: Clock Skew > Data Delay ; master:inst|inst44                                                                                  ; slave:inst1|lpm_dff0:inst3|lpm_ff:lpm_ff_component|dffs[7]  ; REQ[2]     ; REQ[2]   ; None                       ; None                       ; 2.347 ns                 ;
; Not operational: Clock Skew > Data Delay ; master:inst|inst44                                                                                  ; slave:inst1|lpm_dff0:inst3|lpm_ff:lpm_ff_component|dffs[6]  ; REQ[2]     ; REQ[2]   ; None                       ; None                       ; 2.347 ns                 ;
; Not operational: Clock Skew > Data Delay ; master:inst|inst44                                                                                  ; slave:inst12|lpm_dff0:inst3|lpm_ff:lpm_ff_component|dffs[6] ; REQ[2]     ; REQ[2]   ; None                       ; None                       ; 2.668 ns                 ;
; Not operational: Clock Skew > Data Delay ; master:inst|lpm_counter1:inst39|lpm_counter:lpm_counter_component|cntr_7nh:auto_generated|safe_q[2] ; slave:inst7|inst51                                          ; REQ[2]     ; REQ[2]   ; None                       ; None                       ; 2.291 ns                 ;
; Not operational: Clock Skew > Data Delay ; master:inst|inst44                                                                                  ; slave:inst12|lpm_dff0:inst3|lpm_ff:lpm_ff_component|dffs[4] ; REQ[2]     ; REQ[2]   ; None                       ; None                       ; 2.669 ns                 ;
; Not operational: Clock Skew > Data Delay ; master:inst|inst44                                                                                  ; slave:inst11|lpm_dff0:inst3|lpm_ff:lpm_ff_component|dffs[5] ; REQ[2]     ; REQ[2]   ; None                       ; None                       ; 2.541 ns                 ;
; Not operational: Clock Skew > Data Delay ; master:inst|inst44                                                                                  ; slave:inst11|lpm_dff0:inst3|lpm_ff:lpm_ff_component|dffs[3] ; REQ[2]     ; REQ[2]   ; None                       ; None                       ; 2.541 ns                 ;
; Not operational: Clock Skew > Data Delay ; master:inst|inst44                                                                                  ; slave:inst11|lpm_dff0:inst3|lpm_ff:lpm_ff_component|dffs[2] ; REQ[2]     ; REQ[2]   ; None                       ; None                       ; 2.541 ns                 ;
; Not operational: Clock Skew > Data Delay ; master:inst|inst44                                                                                  ; slave:inst11|lpm_dff0:inst3|lpm_ff:lpm_ff_component|dffs[6] ; REQ[2]     ; REQ[2]   ; None                       ; None                       ; 2.542 ns                 ;
; Not operational: Clock Skew > Data Delay ; master:inst|inst44                                                                                  ; slave:inst11|lpm_dff0:inst3|lpm_ff:lpm_ff_component|dffs[4] ; REQ[2]     ; REQ[2]   ; None                       ; None                       ; 2.542 ns                 ;
; Not operational: Clock Skew > Data Delay ; master:inst|inst44                                                                                  ; slave:inst11|lpm_dff0:inst3|lpm_ff:lpm_ff_component|dffs[7] ; REQ[2]     ; REQ[2]   ; None                       ; None                       ; 2.543 ns                 ;
; Not operational: Clock Skew > Data Delay ; master:inst9|inst44                                                                                 ; slave:inst10|lpm_dff0:inst3|lpm_ff:lpm_ff_component|dffs[1] ; REQ[2]     ; REQ[2]   ; None                       ; None                       ; 0.963 ns                 ;
; Not operational: Clock Skew > Data Delay ; master:inst9|inst44                                                                                 ; slave:inst12|lpm_dff0:inst3|lpm_ff:lpm_ff_component|dffs[1] ; REQ[2]     ; REQ[2]   ; None                       ; None                       ; 1.233 ns                 ;
; Not operational: Clock Skew > Data Delay ; master:inst9|inst44                                                                                 ; master:inst9|inst20                                         ; REQ[2]     ; REQ[2]   ; None                       ; None                       ; 1.531 ns                 ;
; Not operational: Clock Skew > Data Delay ; master:inst9|inst44                                                                                 ; slave:inst1|lpm_dff0:inst3|lpm_ff:lpm_ff_component|dffs[1]  ; REQ[2]     ; REQ[2]   ; None                       ; None                       ; 1.037 ns                 ;
; Not operational: Clock Skew > Data Delay ; master:inst9|inst44                                                                                 ; slave:inst11|lpm_dff0:inst3|lpm_ff:lpm_ff_component|dffs[1] ; REQ[2]     ; REQ[2]   ; None                       ; None                       ; 0.934 ns                 ;
; Not operational: Clock Skew > Data Delay ; master:inst9|inst44                                                                                 ; slave:inst7|lpm_dff0:inst3|lpm_ff:lpm_ff_component|dffs[1]  ; REQ[2]     ; REQ[2]   ; None                       ; None                       ; 1.133 ns                 ;
; Not operational: Clock Skew > Data Delay ; master:inst9|inst44                                                                                 ; master:inst9|inst29                                         ; REQ[2]     ; REQ[2]   ; None                       ; None                       ; 1.600 ns                 ;
; Not operational: Clock Skew > Data Delay ; master:inst8|inst44                                                                                 ; slave:inst12|inst51                                         ; REQ[2]     ; REQ[2]   ; None                       ; None                       ; 1.306 ns                 ;
; Not operational: Clock Skew > Data Delay ; master:inst8|inst44                                                                                 ; slave:inst7|inst51                                          ; REQ[2]     ; REQ[2]   ; None                       ; None                       ; 1.235 ns                 ;
; Not operational: Clock Skew > Data Delay ; master:inst8|inst44                                                                                 ; slave:inst10|inst51                                         ; REQ[2]     ; REQ[2]   ; None                       ; None                       ; 1.216 ns                 ;
; Not operational: Clock Skew > Data Delay ; master:inst8|inst44                                                                                 ; slave:inst11|inst51                                         ; REQ[2]     ; REQ[2]   ; None                       ; None                       ; 1.255 ns                 ;
; Not operational: Clock Skew > Data Delay ; master:inst|inst44                                                                                  ; master:inst|inst12                                          ; REQ[2]     ; REQ[2]   ; None                       ; None                       ; 0.982 ns                 ;
; Not operational: Clock Skew > Data Delay ; master:inst|inst44                                                                                  ; slave:inst12|inst51                                         ; REQ[2]     ; REQ[2]   ; None                       ; None                       ; 1.442 ns                 ;
; Not operational: Clock Skew > Data Delay ; master:inst8|inst44                                                                                 ; slave:inst1|inst51                                          ; REQ[2]     ; REQ[2]   ; None                       ; None                       ; 1.445 ns                 ;
; Not operational: Clock Skew > Data Delay ; slave:inst12|inst51                                                                                 ; slave:inst12|inst12                                         ; REQ[2]     ; REQ[2]   ; None                       ; None                       ; 1.080 ns                 ;
; Not operational: Clock Skew > Data Delay ; slave:inst7|inst51                                                                                  ; slave:inst7|inst20                                          ; REQ[2]     ; REQ[2]   ; None                       ; None                       ; 1.000 ns                 ;
; Not operational: Clock Skew > Data Delay ; slave:inst10|inst51                                                                                 ; slave:inst10|inst20                                         ; REQ[2]     ; REQ[2]   ; None                       ; None                       ; 1.007 ns                 ;
; Not operational: Clock Skew > Data Delay ; slave:inst1|inst51                                                                                  ; slave:inst1|inst12                                          ; REQ[2]     ; REQ[2]   ; None                       ; None                       ; 1.083 ns                 ;
; Not operational: Clock Skew > Data Delay ; slave:inst1|inst51                                                                                  ; slave:inst1|inst20                                          ; REQ[2]     ; REQ[2]   ; None                       ; None                       ; 0.993 ns                 ;
; Not operational: Clock Skew > Data Delay ; slave:inst10|inst51                                                                                 ; slave:inst10|inst12                                         ; REQ[2]     ; REQ[2]   ; None                       ; None                       ; 1.077 ns                 ;
; Not operational: Clock Skew > Data Delay ; master:inst9|inst20                                                                                 ; master:inst9|inst20                                         ; REQ[2]     ; REQ[2]   ; None                       ; None                       ; 0.396 ns                 ;
; Not operational: Clock Skew > Data Delay ; master:inst|inst20                                                                                  ; master:inst|inst20                                          ; REQ[2]     ; REQ[2]   ; None                       ; None                       ; 0.396 ns                 ;
; Not operational: Clock Skew > Data Delay ; master:inst9|inst29                                                                                 ; master:inst9|inst29                                         ; REQ[2]     ; REQ[2]   ; None                       ; None                       ; 0.396 ns                 ;
; Not operational: Clock Skew > Data Delay ; master:inst8|inst29                                                                                 ; master:inst8|inst29                                         ; REQ[2]     ; REQ[2]   ; None                       ; None                       ; 0.396 ns                 ;
; Not operational: Clock Skew > Data Delay ; slave:inst11|inst51                                                                                 ; slave:inst11|inst20                                         ; REQ[2]     ; REQ[2]   ; None                       ; None                       ; 1.102 ns                 ;
; Not operational: Clock Skew > Data Delay ; slave:inst11|inst51                                                                                 ; slave:inst11|inst12                                         ; REQ[2]     ; REQ[2]   ; None                       ; None                       ; 1.301 ns                 ;
; Not operational: Clock Skew > Data Delay ; master:inst|inst29                                                                                  ; master:inst|inst29                                          ; REQ[2]     ; REQ[2]   ; None                       ; None                       ; 0.488 ns                 ;
; Not operational: Clock Skew > Data Delay ; master:inst8|inst20                                                                                 ; master:inst8|inst20                                         ; REQ[2]     ; REQ[2]   ; None                       ; None                       ; 0.488 ns                 ;
; Not operational: Clock Skew > Data Delay ; master:inst|inst44                                                                                  ; slave:inst7|inst51                                          ; REQ[2]     ; REQ[2]   ; None                       ; None                       ; 1.674 ns                 ;
; Not operational: Clock Skew > Data Delay ; slave:inst12|inst51                                                                                 ; slave:inst12|inst20                                         ; REQ[2]     ; REQ[2]   ; None                       ; None                       ; 1.009 ns                 ;
; Not operational: Clock Skew > Data Delay ; master:inst|inst44                                                                                  ; slave:inst10|inst51                                         ; REQ[2]     ; REQ[2]   ; None                       ; None                       ; 1.655 ns                 ;
; Not operational: Clock Skew > Data Delay ; master:inst|inst44                                                                                  ; slave:inst11|inst51                                         ; REQ[2]     ; REQ[2]   ; None                       ; None                       ; 1.670 ns                 ;
; Not operational: Clock Skew > Data Delay ; slave:inst7|inst51                                                                                  ; slave:inst7|inst12                                          ; REQ[2]     ; REQ[2]   ; None                       ; None                       ; 1.493 ns                 ;
; Not operational: Clock Skew > Data Delay ; master:inst|inst44                                                                                  ; slave:inst1|inst51                                          ; REQ[2]     ; REQ[2]   ; None                       ; None                       ; 1.803 ns                 ;
; Not operational: Clock Skew > Data Delay ; master:inst9|inst44                                                                                 ; slave:inst7|lpm_dff0:inst3|lpm_ff:lpm_ff_component|dffs[5]  ; REQ[2]     ; REQ[2]   ; None                       ; None                       ; 2.512 ns                 ;
; Not operational: Clock Skew > Data Delay ; master:inst9|inst44                                                                                 ; slave:inst7|lpm_dff0:inst3|lpm_ff:lpm_ff_component|dffs[4]  ; REQ[2]     ; REQ[2]   ; None                       ; None                       ; 2.513 ns                 ;
; Not operational: Clock Skew > Data Delay ; master:inst9|inst44                                                                                 ; slave:inst7|lpm_dff0:inst3|lpm_ff:lpm_ff_component|dffs[6]  ; REQ[2]     ; REQ[2]   ; None                       ; None                       ; 2.517 ns                 ;
; Not operational: Clock Skew > Data Delay ; master:inst9|inst44                                                                                 ; slave:inst7|lpm_dff0:inst3|lpm_ff:lpm_ff_component|dffs[2]  ; REQ[2]     ; REQ[2]   ; None                       ; None                       ; 2.517 ns                 ;
; Not operational: Clock Skew > Data Delay ; master:inst9|inst44                                                                                 ; slave:inst7|lpm_dff0:inst3|lpm_ff:lpm_ff_component|dffs[3]  ; REQ[2]     ; REQ[2]   ; None                       ; None                       ; 2.518 ns                 ;
; Not operational: Clock Skew > Data Delay ; master:inst9|inst44                                                                                 ; slave:inst7|lpm_dff0:inst3|lpm_ff:lpm_ff_component|dffs[7]  ; REQ[2]     ; REQ[2]   ; None                       ; None                       ; 2.519 ns                 ;
; Not operational: Clock Skew > Data Delay ; master:inst9|inst44                                                                                 ; slave:inst10|lpm_dff0:inst3|lpm_ff:lpm_ff_component|dffs[6] ; REQ[2]     ; REQ[2]   ; None                       ; None                       ; 2.663 ns                 ;
; Not operational: Clock Skew > Data Delay ; master:inst9|inst44                                                                                 ; slave:inst10|lpm_dff0:inst3|lpm_ff:lpm_ff_component|dffs[7] ; REQ[2]     ; REQ[2]   ; None                       ; None                       ; 2.664 ns                 ;
; Not operational: Clock Skew > Data Delay ; master:inst9|inst44                                                                                 ; slave:inst10|lpm_dff0:inst3|lpm_ff:lpm_ff_component|dffs[2] ; REQ[2]     ; REQ[2]   ; None                       ; None                       ; 2.677 ns                 ;
; Not operational: Clock Skew > Data Delay ; master:inst9|inst44                                                                                 ; slave:inst10|lpm_dff0:inst3|lpm_ff:lpm_ff_component|dffs[4] ; REQ[2]     ; REQ[2]   ; None                       ; None                       ; 2.678 ns                 ;
; Not operational: Clock Skew > Data Delay ; master:inst9|inst44                                                                                 ; slave:inst10|lpm_dff0:inst3|lpm_ff:lpm_ff_component|dffs[5] ; REQ[2]     ; REQ[2]   ; None                       ; None                       ; 2.679 ns                 ;
; Not operational: Clock Skew > Data Delay ; master:inst9|inst44                                                                                 ; slave:inst10|lpm_dff0:inst3|lpm_ff:lpm_ff_component|dffs[3] ; REQ[2]     ; REQ[2]   ; None                       ; None                       ; 2.679 ns                 ;
; Not operational: Clock Skew > Data Delay ; master:inst9|inst44                                                                                 ; slave:inst12|lpm_dff0:inst3|lpm_ff:lpm_ff_component|dffs[3] ; REQ[2]     ; REQ[2]   ; None                       ; None                       ; 3.051 ns                 ;
; Not operational: Clock Skew > Data Delay ; master:inst9|inst44                                                                                 ; slave:inst12|lpm_dff0:inst3|lpm_ff:lpm_ff_component|dffs[7] ; REQ[2]     ; REQ[2]   ; None                       ; None                       ; 3.053 ns                 ;
; Not operational: Clock Skew > Data Delay ; master:inst9|inst44                                                                                 ; slave:inst12|lpm_dff0:inst3|lpm_ff:lpm_ff_component|dffs[5] ; REQ[2]     ; REQ[2]   ; None                       ; None                       ; 3.053 ns                 ;
; Not operational: Clock Skew > Data Delay ; master:inst9|inst44                                                                                 ; slave:inst1|lpm_dff0:inst3|lpm_ff:lpm_ff_component|dffs[2]  ; REQ[2]     ; REQ[2]   ; None                       ; None                       ; 2.755 ns                 ;
; Not operational: Clock Skew > Data Delay ; master:inst9|inst44                                                                                 ; slave:inst1|lpm_dff0:inst3|lpm_ff:lpm_ff_component|dffs[3]  ; REQ[2]     ; REQ[2]   ; None                       ; None                       ; 2.756 ns                 ;
; Not operational: Clock Skew > Data Delay ; master:inst9|inst44                                                                                 ; slave:inst1|lpm_dff0:inst3|lpm_ff:lpm_ff_component|dffs[5]  ; REQ[2]     ; REQ[2]   ; None                       ; None                       ; 2.764 ns                 ;
; Not operational: Clock Skew > Data Delay ; master:inst9|inst44                                                                                 ; slave:inst1|lpm_dff0:inst3|lpm_ff:lpm_ff_component|dffs[4]  ; REQ[2]     ; REQ[2]   ; None                       ; None                       ; 2.765 ns                 ;
; Not operational: Clock Skew > Data Delay ; master:inst9|inst44                                                                                 ; slave:inst12|lpm_dff0:inst3|lpm_ff:lpm_ff_component|dffs[2] ; REQ[2]     ; REQ[2]   ; None                       ; None                       ; 3.085 ns                 ;
; Not operational: Clock Skew > Data Delay ; master:inst9|inst44                                                                                 ; slave:inst1|lpm_dff0:inst3|lpm_ff:lpm_ff_component|dffs[7]  ; REQ[2]     ; REQ[2]   ; None                       ; None                       ; 2.766 ns                 ;
; Not operational: Clock Skew > Data Delay ; master:inst9|inst44                                                                                 ; slave:inst1|lpm_dff0:inst3|lpm_ff:lpm_ff_component|dffs[6]  ; REQ[2]     ; REQ[2]   ; None                       ; None                       ; 2.766 ns                 ;
; Not operational: Clock Skew > Data Delay ; master:inst9|inst44                                                                                 ; slave:inst12|lpm_dff0:inst3|lpm_ff:lpm_ff_component|dffs[6] ; REQ[2]     ; REQ[2]   ; None                       ; None                       ; 3.087 ns                 ;
; Not operational: Clock Skew > Data Delay ; master:inst9|inst44                                                                                 ; slave:inst12|lpm_dff0:inst3|lpm_ff:lpm_ff_component|dffs[4] ; REQ[2]     ; REQ[2]   ; None                       ; None                       ; 3.088 ns                 ;
; Not operational: Clock Skew > Data Delay ; slave:inst12|inst12                                                                                 ; slave:inst12|inst12                                         ; REQ[2]     ; REQ[2]   ; None                       ; None                       ; 0.396 ns                 ;
; Not operational: Clock Skew > Data Delay ; slave:inst1|inst20                                                                                  ; slave:inst1|inst20                                          ; REQ[2]     ; REQ[2]   ; None                       ; None                       ; 0.396 ns                 ;
; Not operational: Clock Skew > Data Delay ; slave:inst7|inst12                                                                                  ; slave:inst7|inst12                                          ; REQ[2]     ; REQ[2]   ; None                       ; None                       ; 0.396 ns                 ;
; Not operational: Clock Skew > Data Delay ; slave:inst7|inst20                                                                                  ; slave:inst7|inst20                                          ; REQ[2]     ; REQ[2]   ; None                       ; None                       ; 0.396 ns                 ;
; Not operational: Clock Skew > Data Delay ; slave:inst1|inst12                                                                                  ; slave:inst1|inst12                                          ; REQ[2]     ; REQ[2]   ; None                       ; None                       ; 0.396 ns                 ;
; Not operational: Clock Skew > Data Delay ; slave:inst10|inst12                                                                                 ; slave:inst10|inst12                                         ; REQ[2]     ; REQ[2]   ; None                       ; None                       ; 0.396 ns                 ;
; Not operational: Clock Skew > Data Delay ; slave:inst10|inst20                                                                                 ; slave:inst10|inst20                                         ; REQ[2]     ; REQ[2]   ; None                       ; None                       ; 0.396 ns                 ;
; Not operational: Clock Skew > Data Delay ; slave:inst11|inst12                                                                                 ; slave:inst11|inst12                                         ; REQ[2]     ; REQ[2]   ; None                       ; None                       ; 0.396 ns                 ;
; Not operational: Clock Skew > Data Delay ; slave:inst11|inst20                                                                                 ; slave:inst11|inst20                                         ; REQ[2]     ; REQ[2]   ; None                       ; None                       ; 0.396 ns                 ;
; Not operational: Clock Skew > Data Delay ; slave:inst12|inst51                                                                                 ; slave:inst12|inst51                                         ; REQ[2]     ; REQ[2]   ; None                       ; None                       ; 0.488 ns                 ;
; Not operational: Clock Skew > Data Delay ; slave:inst1|inst51                                                                                  ; slave:inst1|inst51                                          ; REQ[2]     ; REQ[2]   ; None                       ; None                       ; 0.488 ns                 ;
; Not operational: Clock Skew > Data Delay ; slave:inst7|inst51                                                                                  ; slave:inst7|inst51                                          ; REQ[2]     ; REQ[2]   ; None                       ; None                       ; 0.488 ns                 ;
; Not operational: Clock Skew > Data Delay ; slave:inst10|inst51                                                                                 ; slave:inst10|inst51                                         ; REQ[2]     ; REQ[2]   ; None                       ; None                       ; 0.488 ns                 ;
; Not operational: Clock Skew > Data Delay ; slave:inst11|inst51                                                                                 ; slave:inst11|inst51                                         ; REQ[2]     ; REQ[2]   ; None                       ; None                       ; 0.488 ns                 ;
; Not operational: Clock Skew > Data Delay ; slave:inst12|inst20                                                                                 ; slave:inst12|inst20                                         ; REQ[2]     ; REQ[2]   ; None                       ; None                       ; 0.488 ns                 ;
; Not operational: Clock Skew > Data Delay ; master:inst9|inst44                                                                                 ; slave:inst11|lpm_dff0:inst3|lpm_ff:lpm_ff_component|dffs[5] ; REQ[2]     ; REQ[2]   ; None                       ; None                       ; 2.960 ns                 ;
; Not operational: Clock Skew > Data Delay ; master:inst9|inst44                                                                                 ; slave:inst11|lpm_dff0:inst3|lpm_ff:lpm_ff_component|dffs[3] ; REQ[2]     ; REQ[2]   ; None                       ; None                       ; 2.960 ns                 ;
; Not operational: Clock Skew > Data Delay ; master:inst9|inst44                                                                                 ; slave:inst11|lpm_dff0:inst3|lpm_ff:lpm_ff_component|dffs[2] ; REQ[2]     ; REQ[2]   ; None                       ; None                       ; 2.960 ns                 ;
; Not operational: Clock Skew > Data Delay ; master:inst9|inst44                                                                                 ; slave:inst11|lpm_dff0:inst3|lpm_ff:lpm_ff_component|dffs[6] ; REQ[2]     ; REQ[2]   ; None                       ; None                       ; 2.961 ns                 ;
; Not operational: Clock Skew > Data Delay ; master:inst9|inst44                                                                                 ; slave:inst11|lpm_dff0:inst3|lpm_ff:lpm_ff_component|dffs[4] ; REQ[2]     ; REQ[2]   ; None                       ; None                       ; 2.961 ns                 ;
; Not operational: Clock Skew > Data Delay ; master:inst9|inst44                                                                                 ; slave:inst11|lpm_dff0:inst3|lpm_ff:lpm_ff_component|dffs[7] ; REQ[2]     ; REQ[2]   ; None                       ; None                       ; 2.962 ns                 ;
; Not operational: Clock Skew > Data Delay ; master:inst|inst44                                                                                  ; master:inst|inst44                                          ; REQ[2]     ; REQ[2]   ; None                       ; None                       ; 0.396 ns                 ;
; Not operational: Clock Skew > Data Delay ; master:inst|inst12                                                                                  ; master:inst|inst12                                          ; REQ[2]     ; REQ[2]   ; None                       ; None                       ; 0.396 ns                 ;
; Not operational: Clock Skew > Data Delay ; master:inst9|inst44                                                                                 ; slave:inst12|inst51                                         ; REQ[2]     ; REQ[2]   ; None                       ; None                       ; 1.861 ns                 ;
; Not operational: Clock Skew > Data Delay ; master:inst9|inst44                                                                                 ; slave:inst7|inst51                                          ; REQ[2]     ; REQ[2]   ; None                       ; None                       ; 1.840 ns                 ;
; Not operational: Clock Skew > Data Delay ; master:inst9|inst44                                                                                 ; slave:inst10|inst51                                         ; REQ[2]     ; REQ[2]   ; None                       ; None                       ; 1.835 ns                 ;
; Not operational: Clock Skew > Data Delay ; master:inst9|inst44                                                                                 ; slave:inst1|inst51                                          ; REQ[2]     ; REQ[2]   ; None                       ; None                       ; 2.013 ns                 ;
; Not operational: Clock Skew > Data Delay ; master:inst9|inst44                                                                                 ; slave:inst11|inst51                                         ; REQ[2]     ; REQ[2]   ; None                       ; None                       ; 2.054 ns                 ;
; Not operational: Clock Skew > Data Delay ; arbiter:inst4|inst10                                                                                ; arbiter:inst4|inst10                                        ; REQ[2]     ; REQ[2]   ; None                       ; None                       ; 0.396 ns                 ;
; Not operational: Clock Skew > Data Delay ; master:inst9|inst44                                                                                 ; master:inst9|inst12                                         ; REQ[2]     ; REQ[2]   ; None                       ; None                       ; 1.140 ns                 ;
; Not operational: Clock Skew > Data Delay ; master:inst8|inst44                                                                                 ; master:inst8|inst12                                         ; REQ[2]     ; REQ[2]   ; None                       ; None                       ; 1.502 ns                 ;
+------------------------------------------+-----------------------------------------------------------------------------------------------------+-------------------------------------------------------------+------------+----------+----------------------------+----------------------------+--------------------------+


+----------------------------------------------------------------------------------------------------------------------------------------------------------------------------------------------------------------------------------------------------------------------------------------------------------------------------+
; Clock Hold: 'REQ[0]'                                                                                                                                                                                                                                                                                                       ;
+------------------------------------------+------------------------------------------------------------------------------------------------------+-------------------------------------------------------------+------------+----------+----------------------------+----------------------------+--------------------------+
; Minimum Slack                            ; From                                                                                                 ; To                                                          ; From Clock ; To Clock ; Required Hold Relationship ; Required Shortest P2P Time ; Actual Shortest P2P Time ;
+------------------------------------------+------------------------------------------------------------------------------------------------------+-------------------------------------------------------------+------------+----------+----------------------------+----------------------------+--------------------------+
; Not operational: Clock Skew > Data Delay ; master:inst9|inst44                                                                                  ; slave:inst10|lpm_dff0:inst3|lpm_ff:lpm_ff_component|dffs[1] ; REQ[0]     ; REQ[0]   ; None                       ; None                       ; 0.963 ns                 ;
; Not operational: Clock Skew > Data Delay ; master:inst9|inst44                                                                                  ; slave:inst12|lpm_dff0:inst3|lpm_ff:lpm_ff_component|dffs[1] ; REQ[0]     ; REQ[0]   ; None                       ; None                       ; 1.233 ns                 ;
; Not operational: Clock Skew > Data Delay ; master:inst9|inst44                                                                                  ; master:inst9|inst20                                         ; REQ[0]     ; REQ[0]   ; None                       ; None                       ; 1.531 ns                 ;
; Not operational: Clock Skew > Data Delay ; master:inst9|inst44                                                                                  ; slave:inst1|lpm_dff0:inst3|lpm_ff:lpm_ff_component|dffs[1]  ; REQ[0]     ; REQ[0]   ; None                       ; None                       ; 1.037 ns                 ;
; Not operational: Clock Skew > Data Delay ; master:inst9|inst44                                                                                  ; slave:inst11|lpm_dff0:inst3|lpm_ff:lpm_ff_component|dffs[1] ; REQ[0]     ; REQ[0]   ; None                       ; None                       ; 0.934 ns                 ;
; Not operational: Clock Skew > Data Delay ; master:inst9|inst44                                                                                  ; slave:inst7|lpm_dff0:inst3|lpm_ff:lpm_ff_component|dffs[1]  ; REQ[0]     ; REQ[0]   ; None                       ; None                       ; 1.133 ns                 ;
; Not operational: Clock Skew > Data Delay ; master:inst9|inst44                                                                                  ; master:inst9|inst29                                         ; REQ[0]     ; REQ[0]   ; None                       ; None                       ; 1.600 ns                 ;
; Not operational: Clock Skew > Data Delay ; master:inst9|lpm_counter1:inst39|lpm_counter:lpm_counter_component|cntr_7nh:auto_generated|safe_q[2] ; slave:inst12|inst51                                         ; REQ[0]     ; REQ[0]   ; None                       ; None                       ; 2.269 ns                 ;
; Not operational: Clock Skew > Data Delay ; master:inst9|lpm_counter1:inst39|lpm_counter:lpm_counter_component|cntr_7nh:auto_generated|safe_q[0] ; slave:inst7|inst51                                          ; REQ[0]     ; REQ[0]   ; None                       ; None                       ; 2.280 ns                 ;
; Not operational: Clock Skew > Data Delay ; master:inst9|lpm_counter1:inst39|lpm_counter:lpm_counter_component|cntr_7nh:auto_generated|safe_q[0] ; slave:inst10|inst51                                         ; REQ[0]     ; REQ[0]   ; None                       ; None                       ; 2.261 ns                 ;
; Not operational: Clock Skew > Data Delay ; master:inst9|lpm_counter1:inst39|lpm_counter:lpm_counter_component|cntr_7nh:auto_generated|safe_q[0] ; slave:inst12|inst51                                         ; REQ[0]     ; REQ[0]   ; None                       ; None                       ; 2.579 ns                 ;
; Not operational: Clock Skew > Data Delay ; master:inst9|lpm_counter1:inst39|lpm_counter:lpm_counter_component|cntr_7nh:auto_generated|safe_q[2] ; slave:inst10|inst51                                         ; REQ[0]     ; REQ[0]   ; None                       ; None                       ; 2.277 ns                 ;
; Not operational: Clock Skew > Data Delay ; master:inst9|lpm_counter1:inst39|lpm_counter:lpm_counter_component|cntr_7nh:auto_generated|safe_q[1] ; slave:inst12|inst51                                         ; REQ[0]     ; REQ[0]   ; None                       ; None                       ; 2.586 ns                 ;
; Not operational: Clock Skew > Data Delay ; master:inst9|lpm_counter1:inst39|lpm_counter:lpm_counter_component|cntr_7nh:auto_generated|safe_q[1] ; slave:inst7|inst51                                          ; REQ[0]     ; REQ[0]   ; None                       ; None                       ; 2.406 ns                 ;
; Not operational: Clock Skew > Data Delay ; master:inst9|lpm_counter1:inst39|lpm_counter:lpm_counter_component|cntr_7nh:auto_generated|safe_q[0] ; slave:inst11|inst51                                         ; REQ[0]     ; REQ[0]   ; None                       ; None                       ; 2.300 ns                 ;
; Not operational: Clock Skew > Data Delay ; master:inst9|lpm_counter1:inst39|lpm_counter:lpm_counter_component|cntr_7nh:auto_generated|safe_q[2] ; slave:inst11|inst51                                         ; REQ[0]     ; REQ[0]   ; None                       ; None                       ; 2.314 ns                 ;
; Not operational: Clock Skew > Data Delay ; master:inst9|lpm_counter1:inst39|lpm_counter:lpm_counter_component|cntr_7nh:auto_generated|safe_q[1] ; slave:inst10|inst51                                         ; REQ[0]     ; REQ[0]   ; None                       ; None                       ; 2.400 ns                 ;
; Not operational: Clock Skew > Data Delay ; master:inst9|lpm_counter1:inst39|lpm_counter:lpm_counter_component|cntr_7nh:auto_generated|safe_q[2] ; slave:inst1|inst51                                          ; REQ[0]     ; REQ[0]   ; None                       ; None                       ; 2.377 ns                 ;
; Not operational: Clock Skew > Data Delay ; master:inst9|lpm_counter1:inst39|lpm_counter:lpm_counter_component|cntr_7nh:auto_generated|safe_q[2] ; slave:inst7|inst51                                          ; REQ[0]     ; REQ[0]   ; None                       ; None                       ; 2.541 ns                 ;
; Not operational: Clock Skew > Data Delay ; master:inst9|lpm_counter1:inst39|lpm_counter:lpm_counter_component|cntr_7nh:auto_generated|safe_q[0] ; slave:inst1|inst51                                          ; REQ[0]     ; REQ[0]   ; None                       ; None                       ; 2.490 ns                 ;
; Not operational: Clock Skew > Data Delay ; master:inst9|lpm_counter1:inst39|lpm_counter:lpm_counter_component|cntr_7nh:auto_generated|safe_q[1] ; slave:inst1|inst51                                          ; REQ[0]     ; REQ[0]   ; None                       ; None                       ; 2.578 ns                 ;
; Not operational: Clock Skew > Data Delay ; master:inst9|lpm_counter1:inst39|lpm_counter:lpm_counter_component|cntr_7nh:auto_generated|safe_q[1] ; slave:inst11|inst51                                         ; REQ[0]     ; REQ[0]   ; None                       ; None                       ; 2.620 ns                 ;
; Not operational: Clock Skew > Data Delay ; master:inst9|inst44                                                                                  ; slave:inst7|lpm_dff0:inst3|lpm_ff:lpm_ff_component|dffs[5]  ; REQ[0]     ; REQ[0]   ; None                       ; None                       ; 2.512 ns                 ;
; Not operational: Clock Skew > Data Delay ; master:inst9|inst44                                                                                  ; slave:inst7|lpm_dff0:inst3|lpm_ff:lpm_ff_component|dffs[4]  ; REQ[0]     ; REQ[0]   ; None                       ; None                       ; 2.513 ns                 ;
; Not operational: Clock Skew > Data Delay ; master:inst9|inst44                                                                                  ; slave:inst7|lpm_dff0:inst3|lpm_ff:lpm_ff_component|dffs[6]  ; REQ[0]     ; REQ[0]   ; None                       ; None                       ; 2.517 ns                 ;
; Not operational: Clock Skew > Data Delay ; master:inst9|inst44                                                                                  ; slave:inst7|lpm_dff0:inst3|lpm_ff:lpm_ff_component|dffs[2]  ; REQ[0]     ; REQ[0]   ; None                       ; None                       ; 2.517 ns                 ;
; Not operational: Clock Skew > Data Delay ; master:inst9|inst44                                                                                  ; slave:inst7|lpm_dff0:inst3|lpm_ff:lpm_ff_component|dffs[3]  ; REQ[0]     ; REQ[0]   ; None                       ; None                       ; 2.518 ns                 ;
; Not operational: Clock Skew > Data Delay ; master:inst9|inst44                                                                                  ; slave:inst7|lpm_dff0:inst3|lpm_ff:lpm_ff_component|dffs[7]  ; REQ[0]     ; REQ[0]   ; None                       ; None                       ; 2.519 ns                 ;
; Not operational: Clock Skew > Data Delay ; master:inst9|inst44                                                                                  ; slave:inst10|lpm_dff0:inst3|lpm_ff:lpm_ff_component|dffs[6] ; REQ[0]     ; REQ[0]   ; None                       ; None                       ; 2.663 ns                 ;
; Not operational: Clock Skew > Data Delay ; master:inst9|inst44                                                                                  ; slave:inst10|lpm_dff0:inst3|lpm_ff:lpm_ff_component|dffs[7] ; REQ[0]     ; REQ[0]   ; None                       ; None                       ; 2.664 ns                 ;
; Not operational: Clock Skew > Data Delay ; master:inst9|inst44                                                                                  ; slave:inst10|lpm_dff0:inst3|lpm_ff:lpm_ff_component|dffs[2] ; REQ[0]     ; REQ[0]   ; None                       ; None                       ; 2.677 ns                 ;
; Not operational: Clock Skew > Data Delay ; master:inst9|inst44                                                                                  ; slave:inst10|lpm_dff0:inst3|lpm_ff:lpm_ff_component|dffs[4] ; REQ[0]     ; REQ[0]   ; None                       ; None                       ; 2.678 ns                 ;
; Not operational: Clock Skew > Data Delay ; master:inst9|inst44                                                                                  ; slave:inst10|lpm_dff0:inst3|lpm_ff:lpm_ff_component|dffs[5] ; REQ[0]     ; REQ[0]   ; None                       ; None                       ; 2.679 ns                 ;
; Not operational: Clock Skew > Data Delay ; master:inst9|inst44                                                                                  ; slave:inst10|lpm_dff0:inst3|lpm_ff:lpm_ff_component|dffs[3] ; REQ[0]     ; REQ[0]   ; None                       ; None                       ; 2.679 ns                 ;
; Not operational: Clock Skew > Data Delay ; master:inst9|inst44                                                                                  ; slave:inst12|lpm_dff0:inst3|lpm_ff:lpm_ff_component|dffs[3] ; REQ[0]     ; REQ[0]   ; None                       ; None                       ; 3.051 ns                 ;
; Not operational: Clock Skew > Data Delay ; master:inst9|inst44                                                                                  ; slave:inst12|lpm_dff0:inst3|lpm_ff:lpm_ff_component|dffs[7] ; REQ[0]     ; REQ[0]   ; None                       ; None                       ; 3.053 ns                 ;
; Not operational: Clock Skew > Data Delay ; master:inst9|inst44                                                                                  ; slave:inst12|lpm_dff0:inst3|lpm_ff:lpm_ff_component|dffs[5] ; REQ[0]     ; REQ[0]   ; None                       ; None                       ; 3.053 ns                 ;
; Not operational: Clock Skew > Data Delay ; master:inst9|inst44                                                                                  ; slave:inst1|lpm_dff0:inst3|lpm_ff:lpm_ff_component|dffs[2]  ; REQ[0]     ; REQ[0]   ; None                       ; None                       ; 2.755 ns                 ;
; Not operational: Clock Skew > Data Delay ; master:inst9|inst44                                                                                  ; slave:inst1|lpm_dff0:inst3|lpm_ff:lpm_ff_component|dffs[3]  ; REQ[0]     ; REQ[0]   ; None                       ; None                       ; 2.756 ns                 ;
; Not operational: Clock Skew > Data Delay ; master:inst9|inst44                                                                                  ; slave:inst1|lpm_dff0:inst3|lpm_ff:lpm_ff_component|dffs[5]  ; REQ[0]     ; REQ[0]   ; None                       ; None                       ; 2.764 ns                 ;
; Not operational: Clock Skew > Data Delay ; master:inst9|inst44                                                                                  ; slave:inst1|lpm_dff0:inst3|lpm_ff:lpm_ff_component|dffs[4]  ; REQ[0]     ; REQ[0]   ; None                       ; None                       ; 2.765 ns                 ;
; Not operational: Clock Skew > Data Delay ; master:inst9|inst44                                                                                  ; slave:inst12|lpm_dff0:inst3|lpm_ff:lpm_ff_component|dffs[2] ; REQ[0]     ; REQ[0]   ; None                       ; None                       ; 3.085 ns                 ;
; Not operational: Clock Skew > Data Delay ; master:inst9|inst44                                                                                  ; slave:inst1|lpm_dff0:inst3|lpm_ff:lpm_ff_component|dffs[7]  ; REQ[0]     ; REQ[0]   ; None                       ; None                       ; 2.766 ns                 ;
; Not operational: Clock Skew > Data Delay ; master:inst9|inst44                                                                                  ; slave:inst1|lpm_dff0:inst3|lpm_ff:lpm_ff_component|dffs[6]  ; REQ[0]     ; REQ[0]   ; None                       ; None                       ; 2.766 ns                 ;
; Not operational: Clock Skew > Data Delay ; master:inst9|inst44                                                                                  ; slave:inst12|lpm_dff0:inst3|lpm_ff:lpm_ff_component|dffs[6] ; REQ[0]     ; REQ[0]   ; None                       ; None                       ; 3.087 ns                 ;
; Not operational: Clock Skew > Data Delay ; master:inst9|inst44                                                                                  ; slave:inst12|lpm_dff0:inst3|lpm_ff:lpm_ff_component|dffs[4] ; REQ[0]     ; REQ[0]   ; None                       ; None                       ; 3.088 ns                 ;
; Not operational: Clock Skew > Data Delay ; master:inst9|inst44                                                                                  ; slave:inst11|lpm_dff0:inst3|lpm_ff:lpm_ff_component|dffs[5] ; REQ[0]     ; REQ[0]   ; None                       ; None                       ; 2.960 ns                 ;
; Not operational: Clock Skew > Data Delay ; master:inst9|inst44                                                                                  ; slave:inst11|lpm_dff0:inst3|lpm_ff:lpm_ff_component|dffs[3] ; REQ[0]     ; REQ[0]   ; None                       ; None                       ; 2.960 ns                 ;
; Not operational: Clock Skew > Data Delay ; master:inst9|inst44                                                                                  ; slave:inst11|lpm_dff0:inst3|lpm_ff:lpm_ff_component|dffs[2] ; REQ[0]     ; REQ[0]   ; None                       ; None                       ; 2.960 ns                 ;
; Not operational: Clock Skew > Data Delay ; master:inst9|inst44                                                                                  ; slave:inst11|lpm_dff0:inst3|lpm_ff:lpm_ff_component|dffs[6] ; REQ[0]     ; REQ[0]   ; None                       ; None                       ; 2.961 ns                 ;
; Not operational: Clock Skew > Data Delay ; master:inst9|inst44                                                                                  ; slave:inst11|lpm_dff0:inst3|lpm_ff:lpm_ff_component|dffs[4] ; REQ[0]     ; REQ[0]   ; None                       ; None                       ; 2.961 ns                 ;
; Not operational: Clock Skew > Data Delay ; master:inst9|inst44                                                                                  ; slave:inst11|lpm_dff0:inst3|lpm_ff:lpm_ff_component|dffs[7] ; REQ[0]     ; REQ[0]   ; None                       ; None                       ; 2.962 ns                 ;
; Not operational: Clock Skew > Data Delay ; master:inst9|inst44                                                                                  ; slave:inst12|inst51                                         ; REQ[0]     ; REQ[0]   ; None                       ; None                       ; 1.861 ns                 ;
; Not operational: Clock Skew > Data Delay ; master:inst9|inst44                                                                                  ; slave:inst7|inst51                                          ; REQ[0]     ; REQ[0]   ; None                       ; None                       ; 1.840 ns                 ;
; Not operational: Clock Skew > Data Delay ; master:inst9|inst44                                                                                  ; slave:inst10|inst51                                         ; REQ[0]     ; REQ[0]   ; None                       ; None                       ; 1.835 ns                 ;
; Not operational: Clock Skew > Data Delay ; master:inst9|inst44                                                                                  ; slave:inst1|inst51                                          ; REQ[0]     ; REQ[0]   ; None                       ; None                       ; 2.013 ns                 ;
; Not operational: Clock Skew > Data Delay ; master:inst9|inst44                                                                                  ; slave:inst11|inst51                                         ; REQ[0]     ; REQ[0]   ; None                       ; None                       ; 2.054 ns                 ;
; Not operational: Clock Skew > Data Delay ; slave:inst12|inst51                                                                                  ; slave:inst12|inst12                                         ; REQ[0]     ; REQ[0]   ; None                       ; None                       ; 1.080 ns                 ;
; Not operational: Clock Skew > Data Delay ; slave:inst7|inst51                                                                                   ; slave:inst7|inst20                                          ; REQ[0]     ; REQ[0]   ; None                       ; None                       ; 1.000 ns                 ;
; Not operational: Clock Skew > Data Delay ; slave:inst10|inst51                                                                                  ; slave:inst10|inst20                                         ; REQ[0]     ; REQ[0]   ; None                       ; None                       ; 1.007 ns                 ;
; Not operational: Clock Skew > Data Delay ; slave:inst1|inst51                                                                                   ; slave:inst1|inst12                                          ; REQ[0]     ; REQ[0]   ; None                       ; None                       ; 1.083 ns                 ;
; Not operational: Clock Skew > Data Delay ; slave:inst1|inst51                                                                                   ; slave:inst1|inst20                                          ; REQ[0]     ; REQ[0]   ; None                       ; None                       ; 0.993 ns                 ;
; Not operational: Clock Skew > Data Delay ; slave:inst10|inst51                                                                                  ; slave:inst10|inst12                                         ; REQ[0]     ; REQ[0]   ; None                       ; None                       ; 1.077 ns                 ;
; Not operational: Clock Skew > Data Delay ; master:inst9|inst20                                                                                  ; master:inst9|inst20                                         ; REQ[0]     ; REQ[0]   ; None                       ; None                       ; 0.396 ns                 ;
; Not operational: Clock Skew > Data Delay ; master:inst|inst20                                                                                   ; master:inst|inst20                                          ; REQ[0]     ; REQ[0]   ; None                       ; None                       ; 0.396 ns                 ;
; Not operational: Clock Skew > Data Delay ; master:inst9|inst29                                                                                  ; master:inst9|inst29                                         ; REQ[0]     ; REQ[0]   ; None                       ; None                       ; 0.396 ns                 ;
; Not operational: Clock Skew > Data Delay ; master:inst8|inst29                                                                                  ; master:inst8|inst29                                         ; REQ[0]     ; REQ[0]   ; None                       ; None                       ; 0.396 ns                 ;
; Not operational: Clock Skew > Data Delay ; slave:inst11|inst51                                                                                  ; slave:inst11|inst20                                         ; REQ[0]     ; REQ[0]   ; None                       ; None                       ; 1.102 ns                 ;
; Not operational: Clock Skew > Data Delay ; slave:inst11|inst51                                                                                  ; slave:inst11|inst12                                         ; REQ[0]     ; REQ[0]   ; None                       ; None                       ; 1.301 ns                 ;
; Not operational: Clock Skew > Data Delay ; master:inst|inst29                                                                                   ; master:inst|inst29                                          ; REQ[0]     ; REQ[0]   ; None                       ; None                       ; 0.488 ns                 ;
; Not operational: Clock Skew > Data Delay ; master:inst8|inst20                                                                                  ; master:inst8|inst20                                         ; REQ[0]     ; REQ[0]   ; None                       ; None                       ; 0.488 ns                 ;
; Not operational: Clock Skew > Data Delay ; slave:inst12|inst51                                                                                  ; slave:inst12|inst20                                         ; REQ[0]     ; REQ[0]   ; None                       ; None                       ; 1.009 ns                 ;
; Not operational: Clock Skew > Data Delay ; slave:inst7|inst51                                                                                   ; slave:inst7|inst12                                          ; REQ[0]     ; REQ[0]   ; None                       ; None                       ; 1.493 ns                 ;
; Not operational: Clock Skew > Data Delay ; slave:inst12|inst12                                                                                  ; slave:inst12|inst12                                         ; REQ[0]     ; REQ[0]   ; None                       ; None                       ; 0.396 ns                 ;
; Not operational: Clock Skew > Data Delay ; slave:inst1|inst20                                                                                   ; slave:inst1|inst20                                          ; REQ[0]     ; REQ[0]   ; None                       ; None                       ; 0.396 ns                 ;
; Not operational: Clock Skew > Data Delay ; slave:inst7|inst12                                                                                   ; slave:inst7|inst12                                          ; REQ[0]     ; REQ[0]   ; None                       ; None                       ; 0.396 ns                 ;
; Not operational: Clock Skew > Data Delay ; slave:inst7|inst20                                                                                   ; slave:inst7|inst20                                          ; REQ[0]     ; REQ[0]   ; None                       ; None                       ; 0.396 ns                 ;
; Not operational: Clock Skew > Data Delay ; slave:inst1|inst12                                                                                   ; slave:inst1|inst12                                          ; REQ[0]     ; REQ[0]   ; None                       ; None                       ; 0.396 ns                 ;
; Not operational: Clock Skew > Data Delay ; slave:inst10|inst12                                                                                  ; slave:inst10|inst12                                         ; REQ[0]     ; REQ[0]   ; None                       ; None                       ; 0.396 ns                 ;
; Not operational: Clock Skew > Data Delay ; slave:inst10|inst20                                                                                  ; slave:inst10|inst20                                         ; REQ[0]     ; REQ[0]   ; None                       ; None                       ; 0.396 ns                 ;
; Not operational: Clock Skew > Data Delay ; slave:inst11|inst12                                                                                  ; slave:inst11|inst12                                         ; REQ[0]     ; REQ[0]   ; None                       ; None                       ; 0.396 ns                 ;
; Not operational: Clock Skew > Data Delay ; slave:inst11|inst20                                                                                  ; slave:inst11|inst20                                         ; REQ[0]     ; REQ[0]   ; None                       ; None                       ; 0.396 ns                 ;
; Not operational: Clock Skew > Data Delay ; master:inst|inst44                                                                                   ; master:inst|inst20                                          ; REQ[0]     ; REQ[0]   ; None                       ; None                       ; 1.506 ns                 ;
; Not operational: Clock Skew > Data Delay ; slave:inst12|inst51                                                                                  ; slave:inst12|inst51                                         ; REQ[0]     ; REQ[0]   ; None                       ; None                       ; 0.488 ns                 ;
; Not operational: Clock Skew > Data Delay ; slave:inst1|inst51                                                                                   ; slave:inst1|inst51                                          ; REQ[0]     ; REQ[0]   ; None                       ; None                       ; 0.488 ns                 ;
; Not operational: Clock Skew > Data Delay ; slave:inst7|inst51                                                                                   ; slave:inst7|inst51                                          ; REQ[0]     ; REQ[0]   ; None                       ; None                       ; 0.488 ns                 ;
; Not operational: Clock Skew > Data Delay ; slave:inst10|inst51                                                                                  ; slave:inst10|inst51                                         ; REQ[0]     ; REQ[0]   ; None                       ; None                       ; 0.488 ns                 ;
; Not operational: Clock Skew > Data Delay ; slave:inst11|inst51                                                                                  ; slave:inst11|inst51                                         ; REQ[0]     ; REQ[0]   ; None                       ; None                       ; 0.488 ns                 ;
; Not operational: Clock Skew > Data Delay ; slave:inst12|inst20                                                                                  ; slave:inst12|inst20                                         ; REQ[0]     ; REQ[0]   ; None                       ; None                       ; 0.488 ns                 ;
; Not operational: Clock Skew > Data Delay ; master:inst|inst44                                                                                   ; master:inst|inst29                                          ; REQ[0]     ; REQ[0]   ; None                       ; None                       ; 1.503 ns                 ;
; Not operational: Clock Skew > Data Delay ; master:inst|inst44                                                                                   ; slave:inst7|lpm_dff0:inst3|lpm_ff:lpm_ff_component|dffs[5]  ; REQ[0]     ; REQ[0]   ; None                       ; None                       ; 2.093 ns                 ;
; Not operational: Clock Skew > Data Delay ; master:inst|inst44                                                                                   ; slave:inst7|lpm_dff0:inst3|lpm_ff:lpm_ff_component|dffs[4]  ; REQ[0]     ; REQ[0]   ; None                       ; None                       ; 2.094 ns                 ;
; Not operational: Clock Skew > Data Delay ; master:inst|inst44                                                                                   ; slave:inst7|lpm_dff0:inst3|lpm_ff:lpm_ff_component|dffs[6]  ; REQ[0]     ; REQ[0]   ; None                       ; None                       ; 2.098 ns                 ;
; Not operational: Clock Skew > Data Delay ; master:inst|inst44                                                                                   ; slave:inst7|lpm_dff0:inst3|lpm_ff:lpm_ff_component|dffs[2]  ; REQ[0]     ; REQ[0]   ; None                       ; None                       ; 2.098 ns                 ;
; Not operational: Clock Skew > Data Delay ; master:inst|inst44                                                                                   ; slave:inst7|lpm_dff0:inst3|lpm_ff:lpm_ff_component|dffs[3]  ; REQ[0]     ; REQ[0]   ; None                       ; None                       ; 2.099 ns                 ;
; Not operational: Clock Skew > Data Delay ; master:inst|inst44                                                                                   ; slave:inst7|lpm_dff0:inst3|lpm_ff:lpm_ff_component|dffs[7]  ; REQ[0]     ; REQ[0]   ; None                       ; None                       ; 2.100 ns                 ;
; Not operational: Clock Skew > Data Delay ; master:inst|inst44                                                                                   ; slave:inst10|lpm_dff0:inst3|lpm_ff:lpm_ff_component|dffs[6] ; REQ[0]     ; REQ[0]   ; None                       ; None                       ; 2.244 ns                 ;
; Not operational: Clock Skew > Data Delay ; master:inst|inst44                                                                                   ; slave:inst10|lpm_dff0:inst3|lpm_ff:lpm_ff_component|dffs[7] ; REQ[0]     ; REQ[0]   ; None                       ; None                       ; 2.245 ns                 ;
; Not operational: Clock Skew > Data Delay ; master:inst|inst44                                                                                   ; slave:inst10|lpm_dff0:inst3|lpm_ff:lpm_ff_component|dffs[2] ; REQ[0]     ; REQ[0]   ; None                       ; None                       ; 2.258 ns                 ;
; Not operational: Clock Skew > Data Delay ; master:inst|inst44                                                                                   ; slave:inst10|lpm_dff0:inst3|lpm_ff:lpm_ff_component|dffs[4] ; REQ[0]     ; REQ[0]   ; None                       ; None                       ; 2.259 ns                 ;
; Not operational: Clock Skew > Data Delay ; master:inst|inst44                                                                                   ; slave:inst10|lpm_dff0:inst3|lpm_ff:lpm_ff_component|dffs[5] ; REQ[0]     ; REQ[0]   ; None                       ; None                       ; 2.260 ns                 ;
; Not operational: Clock Skew > Data Delay ; master:inst|inst44                                                                                   ; slave:inst10|lpm_dff0:inst3|lpm_ff:lpm_ff_component|dffs[3] ; REQ[0]     ; REQ[0]   ; None                       ; None                       ; 2.260 ns                 ;
; Not operational: Clock Skew > Data Delay ; master:inst|inst44                                                                                   ; slave:inst12|lpm_dff0:inst3|lpm_ff:lpm_ff_component|dffs[3] ; REQ[0]     ; REQ[0]   ; None                       ; None                       ; 2.632 ns                 ;
; Not operational: Clock Skew > Data Delay ; master:inst|inst44                                                                                   ; slave:inst12|lpm_dff0:inst3|lpm_ff:lpm_ff_component|dffs[7] ; REQ[0]     ; REQ[0]   ; None                       ; None                       ; 2.634 ns                 ;
; Not operational: Clock Skew > Data Delay ; master:inst|inst44                                                                                   ; slave:inst12|lpm_dff0:inst3|lpm_ff:lpm_ff_component|dffs[5] ; REQ[0]     ; REQ[0]   ; None                       ; None                       ; 2.634 ns                 ;
; Not operational: Clock Skew > Data Delay ; master:inst|inst44                                                                                   ; slave:inst1|lpm_dff0:inst3|lpm_ff:lpm_ff_component|dffs[2]  ; REQ[0]     ; REQ[0]   ; None                       ; None                       ; 2.336 ns                 ;
; Not operational: Clock Skew > Data Delay ; master:inst|inst44                                                                                   ; slave:inst1|lpm_dff0:inst3|lpm_ff:lpm_ff_component|dffs[3]  ; REQ[0]     ; REQ[0]   ; None                       ; None                       ; 2.337 ns                 ;
; Not operational: Clock Skew > Data Delay ; master:inst|inst44                                                                                   ; slave:inst1|lpm_dff0:inst3|lpm_ff:lpm_ff_component|dffs[5]  ; REQ[0]     ; REQ[0]   ; None                       ; None                       ; 2.345 ns                 ;
; Not operational: Clock Skew > Data Delay ; master:inst|inst44                                                                                   ; slave:inst1|lpm_dff0:inst3|lpm_ff:lpm_ff_component|dffs[4]  ; REQ[0]     ; REQ[0]   ; None                       ; None                       ; 2.346 ns                 ;
; Not operational: Clock Skew > Data Delay ; master:inst|inst44                                                                                   ; slave:inst12|lpm_dff0:inst3|lpm_ff:lpm_ff_component|dffs[2] ; REQ[0]     ; REQ[0]   ; None                       ; None                       ; 2.666 ns                 ;
; Not operational: Clock Skew > Data Delay ; master:inst|inst44                                                                                   ; slave:inst1|lpm_dff0:inst3|lpm_ff:lpm_ff_component|dffs[7]  ; REQ[0]     ; REQ[0]   ; None                       ; None                       ; 2.347 ns                 ;
; Not operational: Clock Skew > Data Delay ; master:inst|inst44                                                                                   ; slave:inst1|lpm_dff0:inst3|lpm_ff:lpm_ff_component|dffs[6]  ; REQ[0]     ; REQ[0]   ; None                       ; None                       ; 2.347 ns                 ;
; Not operational: Clock Skew > Data Delay ; master:inst|inst44                                                                                   ; slave:inst12|lpm_dff0:inst3|lpm_ff:lpm_ff_component|dffs[6] ; REQ[0]     ; REQ[0]   ; None                       ; None                       ; 2.668 ns                 ;
; Not operational: Clock Skew > Data Delay ; master:inst|inst44                                                                                   ; slave:inst12|lpm_dff0:inst3|lpm_ff:lpm_ff_component|dffs[4] ; REQ[0]     ; REQ[0]   ; None                       ; None                       ; 2.669 ns                 ;
; Not operational: Clock Skew > Data Delay ; master:inst|inst44                                                                                   ; slave:inst11|lpm_dff0:inst3|lpm_ff:lpm_ff_component|dffs[5] ; REQ[0]     ; REQ[0]   ; None                       ; None                       ; 2.541 ns                 ;
; Not operational: Clock Skew > Data Delay ; master:inst|inst44                                                                                   ; slave:inst11|lpm_dff0:inst3|lpm_ff:lpm_ff_component|dffs[3] ; REQ[0]     ; REQ[0]   ; None                       ; None                       ; 2.541 ns                 ;
; Not operational: Clock Skew > Data Delay ; master:inst|inst44                                                                                   ; slave:inst11|lpm_dff0:inst3|lpm_ff:lpm_ff_component|dffs[2] ; REQ[0]     ; REQ[0]   ; None                       ; None                       ; 2.541 ns                 ;
; Not operational: Clock Skew > Data Delay ; master:inst|inst44                                                                                   ; slave:inst11|lpm_dff0:inst3|lpm_ff:lpm_ff_component|dffs[6] ; REQ[0]     ; REQ[0]   ; None                       ; None                       ; 2.542 ns                 ;
; Not operational: Clock Skew > Data Delay ; master:inst|inst44                                                                                   ; slave:inst11|lpm_dff0:inst3|lpm_ff:lpm_ff_component|dffs[4] ; REQ[0]     ; REQ[0]   ; None                       ; None                       ; 2.542 ns                 ;
; Not operational: Clock Skew > Data Delay ; master:inst|inst44                                                                                   ; slave:inst11|lpm_dff0:inst3|lpm_ff:lpm_ff_component|dffs[7] ; REQ[0]     ; REQ[0]   ; None                       ; None                       ; 2.543 ns                 ;
; Not operational: Clock Skew > Data Delay ; master:inst9|inst44                                                                                  ; master:inst9|inst12                                         ; REQ[0]     ; REQ[0]   ; None                       ; None                       ; 1.140 ns                 ;
; Not operational: Clock Skew > Data Delay ; master:inst|inst44                                                                                   ; master:inst|inst12                                          ; REQ[0]     ; REQ[0]   ; None                       ; None                       ; 0.982 ns                 ;
; Not operational: Clock Skew > Data Delay ; master:inst|inst44                                                                                   ; slave:inst12|inst51                                         ; REQ[0]     ; REQ[0]   ; None                       ; None                       ; 1.442 ns                 ;
; Not operational: Clock Skew > Data Delay ; master:inst|inst44                                                                                   ; slave:inst7|inst51                                          ; REQ[0]     ; REQ[0]   ; None                       ; None                       ; 1.674 ns                 ;
; Not operational: Clock Skew > Data Delay ; master:inst|inst44                                                                                   ; slave:inst10|inst51                                         ; REQ[0]     ; REQ[0]   ; None                       ; None                       ; 1.655 ns                 ;
; Not operational: Clock Skew > Data Delay ; master:inst|inst44                                                                                   ; slave:inst11|inst51                                         ; REQ[0]     ; REQ[0]   ; None                       ; None                       ; 1.670 ns                 ;
; Not operational: Clock Skew > Data Delay ; master:inst|inst44                                                                                   ; slave:inst1|inst51                                          ; REQ[0]     ; REQ[0]   ; None                       ; None                       ; 1.803 ns                 ;
; Not operational: Clock Skew > Data Delay ; master:inst|inst44                                                                                   ; master:inst|inst44                                          ; REQ[0]     ; REQ[0]   ; None                       ; None                       ; 0.396 ns                 ;
; Not operational: Clock Skew > Data Delay ; arbiter:inst4|inst10                                                                                 ; arbiter:inst4|inst10                                        ; REQ[0]     ; REQ[0]   ; None                       ; None                       ; 0.396 ns                 ;
; Not operational: Clock Skew > Data Delay ; master:inst|inst12                                                                                   ; master:inst|inst12                                          ; REQ[0]     ; REQ[0]   ; None                       ; None                       ; 0.396 ns                 ;
; Not operational: Clock Skew > Data Delay ; master:inst9|inst44                                                                                  ; master:inst9|inst44                                         ; REQ[0]     ; REQ[0]   ; None                       ; None                       ; 0.488 ns                 ;
; Not operational: Clock Skew > Data Delay ; master:inst9|inst12                                                                                  ; master:inst9|inst12                                         ; REQ[0]     ; REQ[0]   ; None                       ; None                       ; 0.488 ns                 ;
+------------------------------------------+------------------------------------------------------------------------------------------------------+-------------------------------------------------------------+------------+----------+----------------------------+----------------------------+--------------------------+


+--------------------------------------------------------------------------------------------------------------------------------------------------------------------------------------------------------------------------------------------+
; Clock Hold: 'clk'                                                                                                                                                                                                                          ;
+------------------------------------------+----------------------+-------------------------------------------------------------+------------+----------+----------------------------+----------------------------+--------------------------+
; Minimum Slack                            ; From                 ; To                                                          ; From Clock ; To Clock ; Required Hold Relationship ; Required Shortest P2P Time ; Actual Shortest P2P Time ;
+------------------------------------------+----------------------+-------------------------------------------------------------+------------+----------+----------------------------+----------------------------+--------------------------+
; Not operational: Clock Skew > Data Delay ; master:inst9|inst44  ; slave:inst11|lpm_dff0:inst3|lpm_ff:lpm_ff_component|dffs[1] ; clk        ; clk      ; None                       ; None                       ; 0.934 ns                 ;
; Not operational: Clock Skew > Data Delay ; master:inst9|inst44  ; slave:inst1|lpm_dff0:inst3|lpm_ff:lpm_ff_component|dffs[1]  ; clk        ; clk      ; None                       ; None                       ; 1.037 ns                 ;
; Not operational: Clock Skew > Data Delay ; master:inst9|inst44  ; slave:inst10|lpm_dff0:inst3|lpm_ff:lpm_ff_component|dffs[1] ; clk        ; clk      ; None                       ; None                       ; 0.963 ns                 ;
; Not operational: Clock Skew > Data Delay ; master:inst9|inst44  ; slave:inst12|lpm_dff0:inst3|lpm_ff:lpm_ff_component|dffs[1] ; clk        ; clk      ; None                       ; None                       ; 1.233 ns                 ;
; Not operational: Clock Skew > Data Delay ; master:inst8|inst44  ; slave:inst12|lpm_dff0:inst3|lpm_ff:lpm_ff_component|dffs[0] ; clk        ; clk      ; None                       ; None                       ; 0.937 ns                 ;
; Not operational: Clock Skew > Data Delay ; master:inst9|inst29  ; master:inst9|inst29                                         ; clk        ; clk      ; None                       ; None                       ; 0.396 ns                 ;
; Not operational: Clock Skew > Data Delay ; master:inst9|inst44  ; slave:inst7|lpm_dff0:inst3|lpm_ff:lpm_ff_component|dffs[1]  ; clk        ; clk      ; None                       ; None                       ; 1.133 ns                 ;
; Not operational: Clock Skew > Data Delay ; master:inst8|inst44  ; slave:inst7|lpm_dff0:inst3|lpm_ff:lpm_ff_component|dffs[0]  ; clk        ; clk      ; None                       ; None                       ; 1.046 ns                 ;
; Not operational: Clock Skew > Data Delay ; master:inst8|inst44  ; slave:inst11|lpm_dff0:inst3|lpm_ff:lpm_ff_component|dffs[0] ; clk        ; clk      ; None                       ; None                       ; 1.682 ns                 ;
; Not operational: Clock Skew > Data Delay ; master:inst8|inst44  ; slave:inst1|lpm_dff0:inst3|lpm_ff:lpm_ff_component|dffs[0]  ; clk        ; clk      ; None                       ; None                       ; 1.718 ns                 ;
; Not operational: Clock Skew > Data Delay ; master:inst|inst29   ; master:inst|inst29                                          ; clk        ; clk      ; None                       ; None                       ; 0.488 ns                 ;
; Not operational: Clock Skew > Data Delay ; master:inst8|inst44  ; slave:inst10|lpm_dff0:inst3|lpm_ff:lpm_ff_component|dffs[0] ; clk        ; clk      ; None                       ; None                       ; 1.778 ns                 ;
; Not operational: Clock Skew > Data Delay ; master:inst8|inst20  ; master:inst8|inst20                                         ; clk        ; clk      ; None                       ; None                       ; 0.488 ns                 ;
; Not operational: Clock Skew > Data Delay ; master:inst|inst20   ; master:inst|inst20                                          ; clk        ; clk      ; None                       ; None                       ; 0.396 ns                 ;
; Not operational: Clock Skew > Data Delay ; master:inst|inst44   ; slave:inst1|lpm_dff0:inst3|lpm_ff:lpm_ff_component|dffs[2]  ; clk        ; clk      ; None                       ; None                       ; 2.336 ns                 ;
; Not operational: Clock Skew > Data Delay ; master:inst|inst44   ; slave:inst1|lpm_dff0:inst3|lpm_ff:lpm_ff_component|dffs[3]  ; clk        ; clk      ; None                       ; None                       ; 2.337 ns                 ;
; Not operational: Clock Skew > Data Delay ; master:inst|inst44   ; slave:inst1|lpm_dff0:inst3|lpm_ff:lpm_ff_component|dffs[5]  ; clk        ; clk      ; None                       ; None                       ; 2.345 ns                 ;
; Not operational: Clock Skew > Data Delay ; master:inst|inst44   ; slave:inst1|lpm_dff0:inst3|lpm_ff:lpm_ff_component|dffs[4]  ; clk        ; clk      ; None                       ; None                       ; 2.346 ns                 ;
; Not operational: Clock Skew > Data Delay ; master:inst|inst44   ; slave:inst1|lpm_dff0:inst3|lpm_ff:lpm_ff_component|dffs[7]  ; clk        ; clk      ; None                       ; None                       ; 2.347 ns                 ;
; Not operational: Clock Skew > Data Delay ; master:inst|inst44   ; slave:inst1|lpm_dff0:inst3|lpm_ff:lpm_ff_component|dffs[6]  ; clk        ; clk      ; None                       ; None                       ; 2.347 ns                 ;
; Not operational: Clock Skew > Data Delay ; master:inst8|inst44  ; slave:inst1|lpm_dff0:inst3|lpm_ff:lpm_ff_component|dffs[2]  ; clk        ; clk      ; None                       ; None                       ; 2.200 ns                 ;
; Not operational: Clock Skew > Data Delay ; master:inst8|inst44  ; slave:inst1|lpm_dff0:inst3|lpm_ff:lpm_ff_component|dffs[3]  ; clk        ; clk      ; None                       ; None                       ; 2.201 ns                 ;
; Not operational: Clock Skew > Data Delay ; master:inst8|inst44  ; slave:inst1|lpm_dff0:inst3|lpm_ff:lpm_ff_component|dffs[5]  ; clk        ; clk      ; None                       ; None                       ; 2.209 ns                 ;
; Not operational: Clock Skew > Data Delay ; master:inst8|inst44  ; slave:inst1|lpm_dff0:inst3|lpm_ff:lpm_ff_component|dffs[4]  ; clk        ; clk      ; None                       ; None                       ; 2.210 ns                 ;
; Not operational: Clock Skew > Data Delay ; master:inst8|inst44  ; slave:inst1|lpm_dff0:inst3|lpm_ff:lpm_ff_component|dffs[7]  ; clk        ; clk      ; None                       ; None                       ; 2.211 ns                 ;
; Not operational: Clock Skew > Data Delay ; master:inst8|inst44  ; slave:inst1|lpm_dff0:inst3|lpm_ff:lpm_ff_component|dffs[6]  ; clk        ; clk      ; None                       ; None                       ; 2.211 ns                 ;
; Not operational: Clock Skew > Data Delay ; master:inst|inst44   ; slave:inst10|lpm_dff0:inst3|lpm_ff:lpm_ff_component|dffs[6] ; clk        ; clk      ; None                       ; None                       ; 2.244 ns                 ;
; Not operational: Clock Skew > Data Delay ; master:inst|inst44   ; slave:inst10|lpm_dff0:inst3|lpm_ff:lpm_ff_component|dffs[7] ; clk        ; clk      ; None                       ; None                       ; 2.245 ns                 ;
; Not operational: Clock Skew > Data Delay ; master:inst|inst44   ; slave:inst10|lpm_dff0:inst3|lpm_ff:lpm_ff_component|dffs[2] ; clk        ; clk      ; None                       ; None                       ; 2.258 ns                 ;
; Not operational: Clock Skew > Data Delay ; master:inst|inst44   ; slave:inst10|lpm_dff0:inst3|lpm_ff:lpm_ff_component|dffs[4] ; clk        ; clk      ; None                       ; None                       ; 2.259 ns                 ;
; Not operational: Clock Skew > Data Delay ; master:inst|inst44   ; slave:inst10|lpm_dff0:inst3|lpm_ff:lpm_ff_component|dffs[5] ; clk        ; clk      ; None                       ; None                       ; 2.260 ns                 ;
; Not operational: Clock Skew > Data Delay ; master:inst|inst44   ; slave:inst10|lpm_dff0:inst3|lpm_ff:lpm_ff_component|dffs[3] ; clk        ; clk      ; None                       ; None                       ; 2.260 ns                 ;
; Not operational: Clock Skew > Data Delay ; master:inst8|inst44  ; slave:inst10|lpm_dff0:inst3|lpm_ff:lpm_ff_component|dffs[6] ; clk        ; clk      ; None                       ; None                       ; 2.108 ns                 ;
; Not operational: Clock Skew > Data Delay ; master:inst8|inst44  ; slave:inst10|lpm_dff0:inst3|lpm_ff:lpm_ff_component|dffs[7] ; clk        ; clk      ; None                       ; None                       ; 2.109 ns                 ;
; Not operational: Clock Skew > Data Delay ; master:inst9|inst20  ; master:inst9|inst20                                         ; clk        ; clk      ; None                       ; None                       ; 0.396 ns                 ;
; Not operational: Clock Skew > Data Delay ; master:inst|inst44   ; slave:inst11|lpm_dff0:inst3|lpm_ff:lpm_ff_component|dffs[5] ; clk        ; clk      ; None                       ; None                       ; 2.541 ns                 ;
; Not operational: Clock Skew > Data Delay ; master:inst|inst44   ; slave:inst11|lpm_dff0:inst3|lpm_ff:lpm_ff_component|dffs[3] ; clk        ; clk      ; None                       ; None                       ; 2.541 ns                 ;
; Not operational: Clock Skew > Data Delay ; master:inst|inst44   ; slave:inst11|lpm_dff0:inst3|lpm_ff:lpm_ff_component|dffs[2] ; clk        ; clk      ; None                       ; None                       ; 2.541 ns                 ;
; Not operational: Clock Skew > Data Delay ; master:inst8|inst44  ; slave:inst10|lpm_dff0:inst3|lpm_ff:lpm_ff_component|dffs[2] ; clk        ; clk      ; None                       ; None                       ; 2.122 ns                 ;
; Not operational: Clock Skew > Data Delay ; master:inst|inst44   ; slave:inst11|lpm_dff0:inst3|lpm_ff:lpm_ff_component|dffs[6] ; clk        ; clk      ; None                       ; None                       ; 2.542 ns                 ;
; Not operational: Clock Skew > Data Delay ; master:inst|inst44   ; slave:inst11|lpm_dff0:inst3|lpm_ff:lpm_ff_component|dffs[4] ; clk        ; clk      ; None                       ; None                       ; 2.542 ns                 ;
; Not operational: Clock Skew > Data Delay ; master:inst8|inst44  ; slave:inst10|lpm_dff0:inst3|lpm_ff:lpm_ff_component|dffs[4] ; clk        ; clk      ; None                       ; None                       ; 2.123 ns                 ;
; Not operational: Clock Skew > Data Delay ; master:inst|inst44   ; slave:inst11|lpm_dff0:inst3|lpm_ff:lpm_ff_component|dffs[7] ; clk        ; clk      ; None                       ; None                       ; 2.543 ns                 ;
; Not operational: Clock Skew > Data Delay ; master:inst8|inst44  ; slave:inst10|lpm_dff0:inst3|lpm_ff:lpm_ff_component|dffs[5] ; clk        ; clk      ; None                       ; None                       ; 2.124 ns                 ;
; Not operational: Clock Skew > Data Delay ; master:inst8|inst44  ; slave:inst10|lpm_dff0:inst3|lpm_ff:lpm_ff_component|dffs[3] ; clk        ; clk      ; None                       ; None                       ; 2.124 ns                 ;
; Not operational: Clock Skew > Data Delay ; master:inst8|inst44  ; slave:inst11|lpm_dff0:inst3|lpm_ff:lpm_ff_component|dffs[5] ; clk        ; clk      ; None                       ; None                       ; 2.405 ns                 ;
; Not operational: Clock Skew > Data Delay ; master:inst8|inst44  ; slave:inst11|lpm_dff0:inst3|lpm_ff:lpm_ff_component|dffs[3] ; clk        ; clk      ; None                       ; None                       ; 2.405 ns                 ;
; Not operational: Clock Skew > Data Delay ; master:inst8|inst44  ; slave:inst11|lpm_dff0:inst3|lpm_ff:lpm_ff_component|dffs[2] ; clk        ; clk      ; None                       ; None                       ; 2.405 ns                 ;
; Not operational: Clock Skew > Data Delay ; master:inst8|inst44  ; slave:inst11|lpm_dff0:inst3|lpm_ff:lpm_ff_component|dffs[6] ; clk        ; clk      ; None                       ; None                       ; 2.406 ns                 ;
; Not operational: Clock Skew > Data Delay ; master:inst8|inst44  ; slave:inst11|lpm_dff0:inst3|lpm_ff:lpm_ff_component|dffs[4] ; clk        ; clk      ; None                       ; None                       ; 2.406 ns                 ;
; Not operational: Clock Skew > Data Delay ; master:inst8|inst44  ; slave:inst11|lpm_dff0:inst3|lpm_ff:lpm_ff_component|dffs[7] ; clk        ; clk      ; None                       ; None                       ; 2.407 ns                 ;
; Not operational: Clock Skew > Data Delay ; master:inst8|inst29  ; master:inst8|inst29                                         ; clk        ; clk      ; None                       ; None                       ; 0.396 ns                 ;
; Not operational: Clock Skew > Data Delay ; master:inst|inst44   ; slave:inst7|lpm_dff0:inst3|lpm_ff:lpm_ff_component|dffs[5]  ; clk        ; clk      ; None                       ; None                       ; 2.093 ns                 ;
; Not operational: Clock Skew > Data Delay ; master:inst|inst44   ; slave:inst7|lpm_dff0:inst3|lpm_ff:lpm_ff_component|dffs[4]  ; clk        ; clk      ; None                       ; None                       ; 2.094 ns                 ;
; Not operational: Clock Skew > Data Delay ; master:inst|inst44   ; slave:inst7|lpm_dff0:inst3|lpm_ff:lpm_ff_component|dffs[6]  ; clk        ; clk      ; None                       ; None                       ; 2.098 ns                 ;
; Not operational: Clock Skew > Data Delay ; master:inst|inst44   ; slave:inst7|lpm_dff0:inst3|lpm_ff:lpm_ff_component|dffs[2]  ; clk        ; clk      ; None                       ; None                       ; 2.098 ns                 ;
; Not operational: Clock Skew > Data Delay ; master:inst|inst44   ; slave:inst7|lpm_dff0:inst3|lpm_ff:lpm_ff_component|dffs[3]  ; clk        ; clk      ; None                       ; None                       ; 2.099 ns                 ;
; Not operational: Clock Skew > Data Delay ; master:inst|inst44   ; slave:inst7|lpm_dff0:inst3|lpm_ff:lpm_ff_component|dffs[7]  ; clk        ; clk      ; None                       ; None                       ; 2.100 ns                 ;
; Not operational: Clock Skew > Data Delay ; master:inst8|inst44  ; slave:inst7|lpm_dff0:inst3|lpm_ff:lpm_ff_component|dffs[5]  ; clk        ; clk      ; None                       ; None                       ; 1.957 ns                 ;
; Not operational: Clock Skew > Data Delay ; master:inst8|inst44  ; slave:inst7|lpm_dff0:inst3|lpm_ff:lpm_ff_component|dffs[4]  ; clk        ; clk      ; None                       ; None                       ; 1.958 ns                 ;
; Not operational: Clock Skew > Data Delay ; master:inst8|inst44  ; slave:inst7|lpm_dff0:inst3|lpm_ff:lpm_ff_component|dffs[6]  ; clk        ; clk      ; None                       ; None                       ; 1.962 ns                 ;
; Not operational: Clock Skew > Data Delay ; master:inst8|inst44  ; slave:inst7|lpm_dff0:inst3|lpm_ff:lpm_ff_component|dffs[2]  ; clk        ; clk      ; None                       ; None                       ; 1.962 ns                 ;
; Not operational: Clock Skew > Data Delay ; master:inst8|inst44  ; slave:inst7|lpm_dff0:inst3|lpm_ff:lpm_ff_component|dffs[3]  ; clk        ; clk      ; None                       ; None                       ; 1.963 ns                 ;
; Not operational: Clock Skew > Data Delay ; master:inst8|inst44  ; slave:inst7|lpm_dff0:inst3|lpm_ff:lpm_ff_component|dffs[7]  ; clk        ; clk      ; None                       ; None                       ; 1.964 ns                 ;
; Not operational: Clock Skew > Data Delay ; master:inst9|inst44  ; slave:inst1|lpm_dff0:inst3|lpm_ff:lpm_ff_component|dffs[2]  ; clk        ; clk      ; None                       ; None                       ; 2.755 ns                 ;
; Not operational: Clock Skew > Data Delay ; master:inst9|inst44  ; slave:inst1|lpm_dff0:inst3|lpm_ff:lpm_ff_component|dffs[3]  ; clk        ; clk      ; None                       ; None                       ; 2.756 ns                 ;
; Not operational: Clock Skew > Data Delay ; master:inst9|inst44  ; slave:inst1|lpm_dff0:inst3|lpm_ff:lpm_ff_component|dffs[5]  ; clk        ; clk      ; None                       ; None                       ; 2.764 ns                 ;
; Not operational: Clock Skew > Data Delay ; master:inst9|inst44  ; slave:inst1|lpm_dff0:inst3|lpm_ff:lpm_ff_component|dffs[4]  ; clk        ; clk      ; None                       ; None                       ; 2.765 ns                 ;
; Not operational: Clock Skew > Data Delay ; master:inst9|inst44  ; slave:inst1|lpm_dff0:inst3|lpm_ff:lpm_ff_component|dffs[7]  ; clk        ; clk      ; None                       ; None                       ; 2.766 ns                 ;
; Not operational: Clock Skew > Data Delay ; master:inst9|inst44  ; slave:inst1|lpm_dff0:inst3|lpm_ff:lpm_ff_component|dffs[6]  ; clk        ; clk      ; None                       ; None                       ; 2.766 ns                 ;
; Not operational: Clock Skew > Data Delay ; master:inst|inst44   ; slave:inst12|lpm_dff0:inst3|lpm_ff:lpm_ff_component|dffs[3] ; clk        ; clk      ; None                       ; None                       ; 2.632 ns                 ;
; Not operational: Clock Skew > Data Delay ; master:inst9|inst44  ; slave:inst10|lpm_dff0:inst3|lpm_ff:lpm_ff_component|dffs[6] ; clk        ; clk      ; None                       ; None                       ; 2.663 ns                 ;
; Not operational: Clock Skew > Data Delay ; master:inst|inst44   ; slave:inst12|lpm_dff0:inst3|lpm_ff:lpm_ff_component|dffs[7] ; clk        ; clk      ; None                       ; None                       ; 2.634 ns                 ;
; Not operational: Clock Skew > Data Delay ; master:inst|inst44   ; slave:inst12|lpm_dff0:inst3|lpm_ff:lpm_ff_component|dffs[5] ; clk        ; clk      ; None                       ; None                       ; 2.634 ns                 ;
; Not operational: Clock Skew > Data Delay ; master:inst9|inst44  ; slave:inst10|lpm_dff0:inst3|lpm_ff:lpm_ff_component|dffs[7] ; clk        ; clk      ; None                       ; None                       ; 2.664 ns                 ;
; Not operational: Clock Skew > Data Delay ; master:inst9|inst44  ; slave:inst10|lpm_dff0:inst3|lpm_ff:lpm_ff_component|dffs[2] ; clk        ; clk      ; None                       ; None                       ; 2.677 ns                 ;
; Not operational: Clock Skew > Data Delay ; master:inst9|inst44  ; slave:inst10|lpm_dff0:inst3|lpm_ff:lpm_ff_component|dffs[4] ; clk        ; clk      ; None                       ; None                       ; 2.678 ns                 ;
; Not operational: Clock Skew > Data Delay ; master:inst9|inst44  ; slave:inst10|lpm_dff0:inst3|lpm_ff:lpm_ff_component|dffs[5] ; clk        ; clk      ; None                       ; None                       ; 2.679 ns                 ;
; Not operational: Clock Skew > Data Delay ; master:inst9|inst44  ; slave:inst10|lpm_dff0:inst3|lpm_ff:lpm_ff_component|dffs[3] ; clk        ; clk      ; None                       ; None                       ; 2.679 ns                 ;
; Not operational: Clock Skew > Data Delay ; master:inst|inst44   ; slave:inst12|lpm_dff0:inst3|lpm_ff:lpm_ff_component|dffs[2] ; clk        ; clk      ; None                       ; None                       ; 2.666 ns                 ;
; Not operational: Clock Skew > Data Delay ; master:inst|inst44   ; slave:inst12|lpm_dff0:inst3|lpm_ff:lpm_ff_component|dffs[6] ; clk        ; clk      ; None                       ; None                       ; 2.668 ns                 ;
; Not operational: Clock Skew > Data Delay ; master:inst|inst44   ; slave:inst12|lpm_dff0:inst3|lpm_ff:lpm_ff_component|dffs[4] ; clk        ; clk      ; None                       ; None                       ; 2.669 ns                 ;
; Not operational: Clock Skew > Data Delay ; master:inst8|inst44  ; slave:inst12|lpm_dff0:inst3|lpm_ff:lpm_ff_component|dffs[3] ; clk        ; clk      ; None                       ; None                       ; 2.496 ns                 ;
; Not operational: Clock Skew > Data Delay ; master:inst8|inst44  ; slave:inst12|lpm_dff0:inst3|lpm_ff:lpm_ff_component|dffs[7] ; clk        ; clk      ; None                       ; None                       ; 2.498 ns                 ;
; Not operational: Clock Skew > Data Delay ; master:inst8|inst44  ; slave:inst12|lpm_dff0:inst3|lpm_ff:lpm_ff_component|dffs[5] ; clk        ; clk      ; None                       ; None                       ; 2.498 ns                 ;
; Not operational: Clock Skew > Data Delay ; master:inst9|inst44  ; slave:inst11|lpm_dff0:inst3|lpm_ff:lpm_ff_component|dffs[5] ; clk        ; clk      ; None                       ; None                       ; 2.960 ns                 ;
; Not operational: Clock Skew > Data Delay ; master:inst9|inst44  ; slave:inst11|lpm_dff0:inst3|lpm_ff:lpm_ff_component|dffs[3] ; clk        ; clk      ; None                       ; None                       ; 2.960 ns                 ;
; Not operational: Clock Skew > Data Delay ; master:inst9|inst44  ; slave:inst11|lpm_dff0:inst3|lpm_ff:lpm_ff_component|dffs[2] ; clk        ; clk      ; None                       ; None                       ; 2.960 ns                 ;
; Not operational: Clock Skew > Data Delay ; master:inst9|inst44  ; slave:inst11|lpm_dff0:inst3|lpm_ff:lpm_ff_component|dffs[6] ; clk        ; clk      ; None                       ; None                       ; 2.961 ns                 ;
; Not operational: Clock Skew > Data Delay ; master:inst9|inst44  ; slave:inst11|lpm_dff0:inst3|lpm_ff:lpm_ff_component|dffs[4] ; clk        ; clk      ; None                       ; None                       ; 2.961 ns                 ;
; Not operational: Clock Skew > Data Delay ; master:inst9|inst44  ; slave:inst11|lpm_dff0:inst3|lpm_ff:lpm_ff_component|dffs[7] ; clk        ; clk      ; None                       ; None                       ; 2.962 ns                 ;
; Not operational: Clock Skew > Data Delay ; master:inst8|inst44  ; slave:inst12|lpm_dff0:inst3|lpm_ff:lpm_ff_component|dffs[2] ; clk        ; clk      ; None                       ; None                       ; 2.530 ns                 ;
; Not operational: Clock Skew > Data Delay ; master:inst8|inst44  ; slave:inst12|lpm_dff0:inst3|lpm_ff:lpm_ff_component|dffs[6] ; clk        ; clk      ; None                       ; None                       ; 2.532 ns                 ;
; Not operational: Clock Skew > Data Delay ; master:inst8|inst44  ; slave:inst12|lpm_dff0:inst3|lpm_ff:lpm_ff_component|dffs[4] ; clk        ; clk      ; None                       ; None                       ; 2.533 ns                 ;
; Not operational: Clock Skew > Data Delay ; master:inst9|inst44  ; slave:inst7|lpm_dff0:inst3|lpm_ff:lpm_ff_component|dffs[5]  ; clk        ; clk      ; None                       ; None                       ; 2.512 ns                 ;
; Not operational: Clock Skew > Data Delay ; master:inst9|inst44  ; slave:inst7|lpm_dff0:inst3|lpm_ff:lpm_ff_component|dffs[4]  ; clk        ; clk      ; None                       ; None                       ; 2.513 ns                 ;
; Not operational: Clock Skew > Data Delay ; master:inst9|inst44  ; slave:inst7|lpm_dff0:inst3|lpm_ff:lpm_ff_component|dffs[6]  ; clk        ; clk      ; None                       ; None                       ; 2.517 ns                 ;
; Not operational: Clock Skew > Data Delay ; master:inst9|inst44  ; slave:inst7|lpm_dff0:inst3|lpm_ff:lpm_ff_component|dffs[2]  ; clk        ; clk      ; None                       ; None                       ; 2.517 ns                 ;
; Not operational: Clock Skew > Data Delay ; master:inst9|inst44  ; slave:inst7|lpm_dff0:inst3|lpm_ff:lpm_ff_component|dffs[3]  ; clk        ; clk      ; None                       ; None                       ; 2.518 ns                 ;
; Not operational: Clock Skew > Data Delay ; master:inst9|inst44  ; slave:inst7|lpm_dff0:inst3|lpm_ff:lpm_ff_component|dffs[7]  ; clk        ; clk      ; None                       ; None                       ; 2.519 ns                 ;
; Not operational: Clock Skew > Data Delay ; master:inst9|inst44  ; master:inst9|inst20                                         ; clk        ; clk      ; None                       ; None                       ; 1.531 ns                 ;
; Not operational: Clock Skew > Data Delay ; master:inst9|inst44  ; slave:inst12|lpm_dff0:inst3|lpm_ff:lpm_ff_component|dffs[3] ; clk        ; clk      ; None                       ; None                       ; 3.051 ns                 ;
; Not operational: Clock Skew > Data Delay ; master:inst9|inst44  ; slave:inst12|lpm_dff0:inst3|lpm_ff:lpm_ff_component|dffs[7] ; clk        ; clk      ; None                       ; None                       ; 3.053 ns                 ;
; Not operational: Clock Skew > Data Delay ; master:inst9|inst44  ; slave:inst12|lpm_dff0:inst3|lpm_ff:lpm_ff_component|dffs[5] ; clk        ; clk      ; None                       ; None                       ; 3.053 ns                 ;
; Not operational: Clock Skew > Data Delay ; master:inst9|inst44  ; slave:inst12|lpm_dff0:inst3|lpm_ff:lpm_ff_component|dffs[2] ; clk        ; clk      ; None                       ; None                       ; 3.085 ns                 ;
; Not operational: Clock Skew > Data Delay ; master:inst9|inst44  ; slave:inst12|lpm_dff0:inst3|lpm_ff:lpm_ff_component|dffs[6] ; clk        ; clk      ; None                       ; None                       ; 3.087 ns                 ;
; Not operational: Clock Skew > Data Delay ; master:inst9|inst44  ; slave:inst12|lpm_dff0:inst3|lpm_ff:lpm_ff_component|dffs[4] ; clk        ; clk      ; None                       ; None                       ; 3.088 ns                 ;
; Not operational: Clock Skew > Data Delay ; master:inst|inst44   ; master:inst|inst20                                          ; clk        ; clk      ; None                       ; None                       ; 1.506 ns                 ;
; Not operational: Clock Skew > Data Delay ; master:inst9|inst44  ; master:inst9|inst29                                         ; clk        ; clk      ; None                       ; None                       ; 1.600 ns                 ;
; Not operational: Clock Skew > Data Delay ; master:inst|inst44   ; master:inst|inst29                                          ; clk        ; clk      ; None                       ; None                       ; 1.503 ns                 ;
; Not operational: Clock Skew > Data Delay ; slave:inst12|inst12  ; slave:inst12|inst12                                         ; clk        ; clk      ; None                       ; None                       ; 0.396 ns                 ;
; Not operational: Clock Skew > Data Delay ; master:inst8|inst44  ; master:inst8|inst29                                         ; clk        ; clk      ; None                       ; None                       ; 1.678 ns                 ;
; Not operational: Clock Skew > Data Delay ; master:inst8|inst44  ; master:inst8|inst20                                         ; clk        ; clk      ; None                       ; None                       ; 1.483 ns                 ;
; Not operational: Clock Skew > Data Delay ; slave:inst7|inst12   ; slave:inst7|inst12                                          ; clk        ; clk      ; None                       ; None                       ; 0.396 ns                 ;
; Not operational: Clock Skew > Data Delay ; slave:inst11|inst12  ; slave:inst11|inst12                                         ; clk        ; clk      ; None                       ; None                       ; 0.396 ns                 ;
; Not operational: Clock Skew > Data Delay ; slave:inst10|inst12  ; slave:inst10|inst12                                         ; clk        ; clk      ; None                       ; None                       ; 0.396 ns                 ;
; Not operational: Clock Skew > Data Delay ; slave:inst7|inst51   ; slave:inst7|inst20                                          ; clk        ; clk      ; None                       ; None                       ; 1.000 ns                 ;
; Not operational: Clock Skew > Data Delay ; slave:inst10|inst51  ; slave:inst10|inst20                                         ; clk        ; clk      ; None                       ; None                       ; 1.007 ns                 ;
; Not operational: Clock Skew > Data Delay ; slave:inst1|inst12   ; slave:inst1|inst12                                          ; clk        ; clk      ; None                       ; None                       ; 0.396 ns                 ;
; Not operational: Clock Skew > Data Delay ; slave:inst12|inst51  ; slave:inst12|inst12                                         ; clk        ; clk      ; None                       ; None                       ; 1.080 ns                 ;
; Not operational: Clock Skew > Data Delay ; slave:inst10|inst51  ; slave:inst10|inst12                                         ; clk        ; clk      ; None                       ; None                       ; 1.077 ns                 ;
; Not operational: Clock Skew > Data Delay ; slave:inst11|inst51  ; slave:inst11|inst20                                         ; clk        ; clk      ; None                       ; None                       ; 1.102 ns                 ;
; Not operational: Clock Skew > Data Delay ; slave:inst11|inst51  ; slave:inst11|inst12                                         ; clk        ; clk      ; None                       ; None                       ; 1.301 ns                 ;
; Not operational: Clock Skew > Data Delay ; slave:inst7|inst51   ; slave:inst7|inst12                                          ; clk        ; clk      ; None                       ; None                       ; 1.493 ns                 ;
; Not operational: Clock Skew > Data Delay ; slave:inst12|inst51  ; slave:inst12|inst20                                         ; clk        ; clk      ; None                       ; None                       ; 1.009 ns                 ;
; Not operational: Clock Skew > Data Delay ; slave:inst1|inst51   ; slave:inst1|inst12                                          ; clk        ; clk      ; None                       ; None                       ; 1.083 ns                 ;
; Not operational: Clock Skew > Data Delay ; slave:inst1|inst51   ; slave:inst1|inst20                                          ; clk        ; clk      ; None                       ; None                       ; 0.993 ns                 ;
; Not operational: Clock Skew > Data Delay ; slave:inst11|inst20  ; slave:inst11|inst20                                         ; clk        ; clk      ; None                       ; None                       ; 0.396 ns                 ;
; Not operational: Clock Skew > Data Delay ; slave:inst10|inst20  ; slave:inst10|inst20                                         ; clk        ; clk      ; None                       ; None                       ; 0.396 ns                 ;
; Not operational: Clock Skew > Data Delay ; slave:inst7|inst20   ; slave:inst7|inst20                                          ; clk        ; clk      ; None                       ; None                       ; 0.396 ns                 ;
; Not operational: Clock Skew > Data Delay ; slave:inst7|inst51   ; slave:inst7|inst51                                          ; clk        ; clk      ; None                       ; None                       ; 0.488 ns                 ;
; Not operational: Clock Skew > Data Delay ; slave:inst10|inst51  ; slave:inst10|inst51                                         ; clk        ; clk      ; None                       ; None                       ; 0.488 ns                 ;
; Not operational: Clock Skew > Data Delay ; slave:inst11|inst51  ; slave:inst11|inst51                                         ; clk        ; clk      ; None                       ; None                       ; 0.488 ns                 ;
; Not operational: Clock Skew > Data Delay ; slave:inst12|inst51  ; slave:inst12|inst51                                         ; clk        ; clk      ; None                       ; None                       ; 0.488 ns                 ;
; Not operational: Clock Skew > Data Delay ; slave:inst1|inst20   ; slave:inst1|inst20                                          ; clk        ; clk      ; None                       ; None                       ; 0.396 ns                 ;
; Not operational: Clock Skew > Data Delay ; slave:inst12|inst20  ; slave:inst12|inst20                                         ; clk        ; clk      ; None                       ; None                       ; 0.488 ns                 ;
; Not operational: Clock Skew > Data Delay ; slave:inst1|inst51   ; slave:inst1|inst51                                          ; clk        ; clk      ; None                       ; None                       ; 0.488 ns                 ;
; Not operational: Clock Skew > Data Delay ; master:inst|inst12   ; master:inst|inst12                                          ; clk        ; clk      ; None                       ; None                       ; 0.396 ns                 ;
; Not operational: Clock Skew > Data Delay ; master:inst|inst44   ; master:inst|inst12                                          ; clk        ; clk      ; None                       ; None                       ; 0.982 ns                 ;
; Not operational: Clock Skew > Data Delay ; master:inst|inst44   ; slave:inst12|inst51                                         ; clk        ; clk      ; None                       ; None                       ; 1.442 ns                 ;
; Not operational: Clock Skew > Data Delay ; master:inst8|inst44  ; slave:inst12|inst51                                         ; clk        ; clk      ; None                       ; None                       ; 1.306 ns                 ;
; Not operational: Clock Skew > Data Delay ; master:inst8|inst44  ; slave:inst7|inst51                                          ; clk        ; clk      ; None                       ; None                       ; 1.235 ns                 ;
; Not operational: Clock Skew > Data Delay ; master:inst8|inst44  ; slave:inst10|inst51                                         ; clk        ; clk      ; None                       ; None                       ; 1.216 ns                 ;
; Not operational: Clock Skew > Data Delay ; master:inst8|inst44  ; slave:inst11|inst51                                         ; clk        ; clk      ; None                       ; None                       ; 1.255 ns                 ;
; Not operational: Clock Skew > Data Delay ; master:inst9|inst44  ; slave:inst12|inst51                                         ; clk        ; clk      ; None                       ; None                       ; 1.861 ns                 ;
; Not operational: Clock Skew > Data Delay ; master:inst|inst44   ; slave:inst7|inst51                                          ; clk        ; clk      ; None                       ; None                       ; 1.674 ns                 ;
; Not operational: Clock Skew > Data Delay ; master:inst9|inst44  ; slave:inst7|inst51                                          ; clk        ; clk      ; None                       ; None                       ; 1.840 ns                 ;
; Not operational: Clock Skew > Data Delay ; master:inst|inst44   ; slave:inst10|inst51                                         ; clk        ; clk      ; None                       ; None                       ; 1.655 ns                 ;
; Not operational: Clock Skew > Data Delay ; master:inst8|inst44  ; slave:inst1|inst51                                          ; clk        ; clk      ; None                       ; None                       ; 1.445 ns                 ;
; Not operational: Clock Skew > Data Delay ; master:inst|inst44   ; slave:inst11|inst51                                         ; clk        ; clk      ; None                       ; None                       ; 1.670 ns                 ;
; Not operational: Clock Skew > Data Delay ; master:inst9|inst44  ; slave:inst10|inst51                                         ; clk        ; clk      ; None                       ; None                       ; 1.835 ns                 ;
; Not operational: Clock Skew > Data Delay ; master:inst|inst44   ; slave:inst1|inst51                                          ; clk        ; clk      ; None                       ; None                       ; 1.803 ns                 ;
; Not operational: Clock Skew > Data Delay ; master:inst9|inst44  ; slave:inst1|inst51                                          ; clk        ; clk      ; None                       ; None                       ; 2.013 ns                 ;
; Not operational: Clock Skew > Data Delay ; master:inst9|inst44  ; slave:inst11|inst51                                         ; clk        ; clk      ; None                       ; None                       ; 2.054 ns                 ;
; Not operational: Clock Skew > Data Delay ; master:inst|inst44   ; master:inst|inst44                                          ; clk        ; clk      ; None                       ; None                       ; 0.396 ns                 ;
; Not operational: Clock Skew > Data Delay ; arbiter:inst4|inst10 ; arbiter:inst4|inst10                                        ; clk        ; clk      ; None                       ; None                       ; 0.396 ns                 ;
; Not operational: Clock Skew > Data Delay ; master:inst9|inst12  ; master:inst9|inst12                                         ; clk        ; clk      ; None                       ; None                       ; 0.488 ns                 ;
; Not operational: Clock Skew > Data Delay ; master:inst9|inst44  ; master:inst9|inst12                                         ; clk        ; clk      ; None                       ; None                       ; 1.140 ns                 ;
; Not operational: Clock Skew > Data Delay ; master:inst8|inst44  ; master:inst8|inst12                                         ; clk        ; clk      ; None                       ; None                       ; 1.502 ns                 ;
; Not operational: Clock Skew > Data Delay ; master:inst8|inst12  ; master:inst8|inst12                                         ; clk        ; clk      ; None                       ; None                       ; 0.396 ns                 ;
; Not operational: Clock Skew > Data Delay ; master:inst8|inst41  ; master:inst8|inst41                                         ; clk        ; clk      ; None                       ; None                       ; 0.396 ns                 ;
; Not operational: Clock Skew > Data Delay ; slave:inst10|inst41  ; slave:inst10|inst41                                         ; clk        ; clk      ; None                       ; None                       ; 0.396 ns                 ;
; Not operational: Clock Skew > Data Delay ; master:inst|inst41   ; master:inst|inst41                                          ; clk        ; clk      ; None                       ; None                       ; 0.396 ns                 ;
; Not operational: Clock Skew > Data Delay ; master:inst9|inst44  ; master:inst9|inst44                                         ; clk        ; clk      ; None                       ; None                       ; 0.488 ns                 ;
; Not operational: Clock Skew > Data Delay ; master:inst9|inst41  ; master:inst9|inst41                                         ; clk        ; clk      ; None                       ; None                       ; 0.396 ns                 ;
; Not operational: Clock Skew > Data Delay ; slave:inst11|inst41  ; slave:inst11|inst41                                         ; clk        ; clk      ; None                       ; None                       ; 0.396 ns                 ;
+------------------------------------------+----------------------+-------------------------------------------------------------+------------+----------+----------------------------+----------------------------+--------------------------+


+--------------------------------------------------------------------------------------------------------------------------------------------------------------------------------------------------------+
; tco                                                                                                                                                                                                    ;
+-----------------------------------------+-----------------------------------------------------+------------+-------------------------------------------------------------+----------------+------------+
; Slack                                   ; Required tco                                        ; Actual tco ; From                                                        ; To             ; From Clock ;
+-----------------------------------------+-----------------------------------------------------+------------+-------------------------------------------------------------+----------------+------------+
; N/A                                     ; None                                                ; 23.513 ns  ; slave:inst7|lpm_dff0:inst3|lpm_ff:lpm_ff_component|dffs[3]  ; slave_data5[3] ; REQ[2]     ;
; N/A                                     ; None                                                ; 23.472 ns  ; slave:inst7|lpm_dff0:inst3|lpm_ff:lpm_ff_component|dffs[3]  ; slave_data5[3] ; REQ[0]     ;
; N/A                                     ; None                                                ; 23.338 ns  ; slave:inst7|lpm_dff0:inst3|lpm_ff:lpm_ff_component|dffs[3]  ; slave_data5[3] ; REQ[1]     ;
; N/A                                     ; None                                                ; 23.335 ns  ; slave:inst10|lpm_dff0:inst3|lpm_ff:lpm_ff_component|dffs[1] ; slave_data3[1] ; REQ[2]     ;
; N/A                                     ; None                                                ; 23.294 ns  ; slave:inst10|lpm_dff0:inst3|lpm_ff:lpm_ff_component|dffs[1] ; slave_data3[1] ; REQ[0]     ;
; N/A                                     ; None                                                ; 23.197 ns  ; slave:inst1|lpm_dff0:inst3|lpm_ff:lpm_ff_component|dffs[1]  ; slave_data1[1] ; REQ[2]     ;
; N/A                                     ; None                                                ; 23.169 ns  ; slave:inst10|lpm_dff0:inst3|lpm_ff:lpm_ff_component|dffs[3] ; slave_data3[3] ; REQ[2]     ;
; N/A                                     ; None                                                ; 23.160 ns  ; slave:inst10|lpm_dff0:inst3|lpm_ff:lpm_ff_component|dffs[1] ; slave_data3[1] ; REQ[1]     ;
; N/A                                     ; None                                                ; 23.156 ns  ; slave:inst1|lpm_dff0:inst3|lpm_ff:lpm_ff_component|dffs[1]  ; slave_data1[1] ; REQ[0]     ;
; N/A                                     ; None                                                ; 23.135 ns  ; slave:inst10|lpm_dff0:inst3|lpm_ff:lpm_ff_component|dffs[2] ; slave_data3[2] ; REQ[2]     ;
; N/A                                     ; None                                                ; 23.128 ns  ; slave:inst10|lpm_dff0:inst3|lpm_ff:lpm_ff_component|dffs[3] ; slave_data3[3] ; REQ[0]     ;
; N/A                                     ; None                                                ; 23.126 ns  ; slave:inst7|lpm_dff0:inst3|lpm_ff:lpm_ff_component|dffs[1]  ; slave_data5[1] ; REQ[2]     ;
; N/A                                     ; None                                                ; 23.108 ns  ; slave:inst12|lpm_dff0:inst3|lpm_ff:lpm_ff_component|dffs[7] ; slave_data4[7] ; REQ[2]     ;
; N/A                                     ; None                                                ; 23.094 ns  ; slave:inst10|lpm_dff0:inst3|lpm_ff:lpm_ff_component|dffs[2] ; slave_data3[2] ; REQ[0]     ;
; N/A                                     ; None                                                ; 23.085 ns  ; slave:inst7|lpm_dff0:inst3|lpm_ff:lpm_ff_component|dffs[1]  ; slave_data5[1] ; REQ[0]     ;
; N/A                                     ; None                                                ; 23.067 ns  ; slave:inst12|lpm_dff0:inst3|lpm_ff:lpm_ff_component|dffs[7] ; slave_data4[7] ; REQ[0]     ;
; N/A                                     ; None                                                ; 23.022 ns  ; slave:inst1|lpm_dff0:inst3|lpm_ff:lpm_ff_component|dffs[1]  ; slave_data1[1] ; REQ[1]     ;
; N/A                                     ; None                                                ; 22.994 ns  ; slave:inst10|lpm_dff0:inst3|lpm_ff:lpm_ff_component|dffs[3] ; slave_data3[3] ; REQ[1]     ;
; N/A                                     ; None                                                ; 22.966 ns  ; slave:inst1|lpm_dff0:inst3|lpm_ff:lpm_ff_component|dffs[6]  ; slave_data1[6] ; REQ[2]     ;
; N/A                                     ; None                                                ; 22.960 ns  ; slave:inst10|lpm_dff0:inst3|lpm_ff:lpm_ff_component|dffs[2] ; slave_data3[2] ; REQ[1]     ;
; N/A                                     ; None                                                ; 22.951 ns  ; slave:inst7|lpm_dff0:inst3|lpm_ff:lpm_ff_component|dffs[1]  ; slave_data5[1] ; REQ[1]     ;
; N/A                                     ; None                                                ; 22.933 ns  ; slave:inst12|lpm_dff0:inst3|lpm_ff:lpm_ff_component|dffs[7] ; slave_data4[7] ; REQ[1]     ;
; N/A                                     ; None                                                ; 22.928 ns  ; slave:inst12|lpm_dff0:inst3|lpm_ff:lpm_ff_component|dffs[6] ; slave_data4[6] ; REQ[2]     ;
; N/A                                     ; None                                                ; 22.925 ns  ; slave:inst1|lpm_dff0:inst3|lpm_ff:lpm_ff_component|dffs[6]  ; slave_data1[6] ; REQ[0]     ;
; N/A                                     ; None                                                ; 22.918 ns  ; slave:inst11|lpm_dff0:inst3|lpm_ff:lpm_ff_component|dffs[3] ; slave_data2[3] ; REQ[2]     ;
; N/A                                     ; None                                                ; 22.887 ns  ; slave:inst12|lpm_dff0:inst3|lpm_ff:lpm_ff_component|dffs[6] ; slave_data4[6] ; REQ[0]     ;
; N/A                                     ; None                                                ; 22.877 ns  ; slave:inst11|lpm_dff0:inst3|lpm_ff:lpm_ff_component|dffs[3] ; slave_data2[3] ; REQ[0]     ;
; N/A                                     ; None                                                ; 22.791 ns  ; slave:inst1|lpm_dff0:inst3|lpm_ff:lpm_ff_component|dffs[6]  ; slave_data1[6] ; REQ[1]     ;
; N/A                                     ; None                                                ; 22.757 ns  ; slave:inst7|lpm_dff0:inst3|lpm_ff:lpm_ff_component|dffs[0]  ; slave_data5[0] ; REQ[2]     ;
; N/A                                     ; None                                                ; 22.753 ns  ; slave:inst12|lpm_dff0:inst3|lpm_ff:lpm_ff_component|dffs[6] ; slave_data4[6] ; REQ[1]     ;
; N/A                                     ; None                                                ; 22.743 ns  ; slave:inst11|lpm_dff0:inst3|lpm_ff:lpm_ff_component|dffs[3] ; slave_data2[3] ; REQ[1]     ;
; N/A                                     ; None                                                ; 22.716 ns  ; slave:inst7|lpm_dff0:inst3|lpm_ff:lpm_ff_component|dffs[0]  ; slave_data5[0] ; REQ[0]     ;
; N/A                                     ; None                                                ; 22.642 ns  ; slave:inst11|lpm_dff0:inst3|lpm_ff:lpm_ff_component|dffs[7] ; slave_data2[7] ; REQ[2]     ;
; N/A                                     ; None                                                ; 22.601 ns  ; slave:inst11|lpm_dff0:inst3|lpm_ff:lpm_ff_component|dffs[7] ; slave_data2[7] ; REQ[0]     ;
; N/A                                     ; None                                                ; 22.582 ns  ; slave:inst7|lpm_dff0:inst3|lpm_ff:lpm_ff_component|dffs[0]  ; slave_data5[0] ; REQ[1]     ;
; N/A                                     ; None                                                ; 22.556 ns  ; slave:inst1|lpm_dff0:inst3|lpm_ff:lpm_ff_component|dffs[7]  ; slave_data1[7] ; REQ[2]     ;
; N/A                                     ; None                                                ; 22.515 ns  ; slave:inst1|lpm_dff0:inst3|lpm_ff:lpm_ff_component|dffs[7]  ; slave_data1[7] ; REQ[0]     ;
; N/A                                     ; None                                                ; 22.483 ns  ; slave:inst12|lpm_dff0:inst3|lpm_ff:lpm_ff_component|dffs[1] ; slave_data4[1] ; REQ[2]     ;
; N/A                                     ; None                                                ; 22.477 ns  ; slave:inst1|lpm_dff0:inst3|lpm_ff:lpm_ff_component|dffs[2]  ; slave_data1[2] ; REQ[2]     ;
; N/A                                     ; None                                                ; 22.467 ns  ; slave:inst11|lpm_dff0:inst3|lpm_ff:lpm_ff_component|dffs[7] ; slave_data2[7] ; REQ[1]     ;
; N/A                                     ; None                                                ; 22.442 ns  ; slave:inst12|lpm_dff0:inst3|lpm_ff:lpm_ff_component|dffs[1] ; slave_data4[1] ; REQ[0]     ;
; N/A                                     ; None                                                ; 22.439 ns  ; slave:inst12|lpm_dff0:inst3|lpm_ff:lpm_ff_component|dffs[2] ; slave_data4[2] ; REQ[2]     ;
; N/A                                     ; None                                                ; 22.436 ns  ; slave:inst1|lpm_dff0:inst3|lpm_ff:lpm_ff_component|dffs[2]  ; slave_data1[2] ; REQ[0]     ;
; N/A                                     ; None                                                ; 22.435 ns  ; slave:inst11|lpm_dff0:inst3|lpm_ff:lpm_ff_component|dffs[1] ; slave_data2[1] ; REQ[2]     ;
; N/A                                     ; None                                                ; 22.431 ns  ; slave:inst1|lpm_dff0:inst3|lpm_ff:lpm_ff_component|dffs[0]  ; slave_data1[0] ; REQ[2]     ;
; N/A                                     ; None                                                ; 22.398 ns  ; slave:inst12|lpm_dff0:inst3|lpm_ff:lpm_ff_component|dffs[2] ; slave_data4[2] ; REQ[0]     ;
; N/A                                     ; None                                                ; 22.394 ns  ; slave:inst11|lpm_dff0:inst3|lpm_ff:lpm_ff_component|dffs[1] ; slave_data2[1] ; REQ[0]     ;
; N/A                                     ; None                                                ; 22.390 ns  ; slave:inst1|lpm_dff0:inst3|lpm_ff:lpm_ff_component|dffs[0]  ; slave_data1[0] ; REQ[0]     ;
; N/A                                     ; None                                                ; 22.387 ns  ; slave:inst1|lpm_dff0:inst3|lpm_ff:lpm_ff_component|dffs[3]  ; slave_data1[3] ; REQ[2]     ;
; N/A                                     ; None                                                ; 22.381 ns  ; slave:inst1|lpm_dff0:inst3|lpm_ff:lpm_ff_component|dffs[7]  ; slave_data1[7] ; REQ[1]     ;
; N/A                                     ; None                                                ; 22.367 ns  ; slave:inst10|lpm_dff0:inst3|lpm_ff:lpm_ff_component|dffs[0] ; slave_data3[0] ; REQ[2]     ;
; N/A                                     ; None                                                ; 22.346 ns  ; slave:inst1|lpm_dff0:inst3|lpm_ff:lpm_ff_component|dffs[3]  ; slave_data1[3] ; REQ[0]     ;
; N/A                                     ; None                                                ; 22.342 ns  ; slave:inst1|lpm_dff0:inst3|lpm_ff:lpm_ff_component|dffs[1]  ; slave_data1[1] ; clk        ;
; N/A                                     ; None                                                ; 22.326 ns  ; slave:inst10|lpm_dff0:inst3|lpm_ff:lpm_ff_component|dffs[0] ; slave_data3[0] ; REQ[0]     ;
; N/A                                     ; None                                                ; 22.311 ns  ; slave:inst1|lpm_dff0:inst3|lpm_ff:lpm_ff_component|dffs[4]  ; slave_data1[4] ; REQ[2]     ;
; N/A                                     ; None                                                ; 22.308 ns  ; slave:inst12|lpm_dff0:inst3|lpm_ff:lpm_ff_component|dffs[1] ; slave_data4[1] ; REQ[1]     ;
; N/A                                     ; None                                                ; 22.302 ns  ; slave:inst1|lpm_dff0:inst3|lpm_ff:lpm_ff_component|dffs[2]  ; slave_data1[2] ; REQ[1]     ;
; N/A                                     ; None                                                ; 22.270 ns  ; slave:inst1|lpm_dff0:inst3|lpm_ff:lpm_ff_component|dffs[4]  ; slave_data1[4] ; REQ[0]     ;
; N/A                                     ; None                                                ; 22.264 ns  ; slave:inst12|lpm_dff0:inst3|lpm_ff:lpm_ff_component|dffs[2] ; slave_data4[2] ; REQ[1]     ;
; N/A                                     ; None                                                ; 22.260 ns  ; slave:inst11|lpm_dff0:inst3|lpm_ff:lpm_ff_component|dffs[1] ; slave_data2[1] ; REQ[1]     ;
; N/A                                     ; None                                                ; 22.256 ns  ; slave:inst1|lpm_dff0:inst3|lpm_ff:lpm_ff_component|dffs[0]  ; slave_data1[0] ; REQ[1]     ;
; N/A                                     ; None                                                ; 22.255 ns  ; slave:inst10|lpm_dff0:inst3|lpm_ff:lpm_ff_component|dffs[4] ; slave_data3[4] ; REQ[2]     ;
; N/A                                     ; None                                                ; 22.217 ns  ; slave:inst11|lpm_dff0:inst3|lpm_ff:lpm_ff_component|dffs[3] ; slave_data2[3] ; clk        ;
; N/A                                     ; None                                                ; 22.217 ns  ; slave:inst1|lpm_dff0:inst3|lpm_ff:lpm_ff_component|dffs[5]  ; slave_data1[5] ; REQ[2]     ;
; N/A                                     ; None                                                ; 22.214 ns  ; slave:inst10|lpm_dff0:inst3|lpm_ff:lpm_ff_component|dffs[4] ; slave_data3[4] ; REQ[0]     ;
; N/A                                     ; None                                                ; 22.212 ns  ; slave:inst1|lpm_dff0:inst3|lpm_ff:lpm_ff_component|dffs[3]  ; slave_data1[3] ; REQ[1]     ;
; N/A                                     ; None                                                ; 22.192 ns  ; slave:inst10|lpm_dff0:inst3|lpm_ff:lpm_ff_component|dffs[0] ; slave_data3[0] ; REQ[1]     ;
; N/A                                     ; None                                                ; 22.181 ns  ; slave:inst7|lpm_dff0:inst3|lpm_ff:lpm_ff_component|dffs[3]  ; slave_data5[3] ; clk        ;
; N/A                                     ; None                                                ; 22.180 ns  ; slave:inst11|lpm_dff0:inst3|lpm_ff:lpm_ff_component|dffs[0] ; slave_data2[0] ; REQ[2]     ;
; N/A                                     ; None                                                ; 22.179 ns  ; slave:inst10|lpm_dff0:inst3|lpm_ff:lpm_ff_component|dffs[1] ; slave_data3[1] ; clk        ;
; N/A                                     ; None                                                ; 22.176 ns  ; slave:inst1|lpm_dff0:inst3|lpm_ff:lpm_ff_component|dffs[5]  ; slave_data1[5] ; REQ[0]     ;
; N/A                                     ; None                                                ; 22.162 ns  ; slave:inst12|lpm_dff0:inst3|lpm_ff:lpm_ff_component|dffs[0] ; slave_data4[0] ; REQ[2]     ;
; N/A                                     ; None                                                ; 22.152 ns  ; slave:inst7|lpm_dff0:inst3|lpm_ff:lpm_ff_component|dffs[4]  ; slave_data5[4] ; REQ[2]     ;
; N/A                                     ; None                                                ; 22.139 ns  ; slave:inst11|lpm_dff0:inst3|lpm_ff:lpm_ff_component|dffs[0] ; slave_data2[0] ; REQ[0]     ;
; N/A                                     ; None                                                ; 22.136 ns  ; slave:inst1|lpm_dff0:inst3|lpm_ff:lpm_ff_component|dffs[4]  ; slave_data1[4] ; REQ[1]     ;
; N/A                                     ; None                                                ; 22.121 ns  ; slave:inst12|lpm_dff0:inst3|lpm_ff:lpm_ff_component|dffs[0] ; slave_data4[0] ; REQ[0]     ;
; N/A                                     ; None                                                ; 22.111 ns  ; slave:inst7|lpm_dff0:inst3|lpm_ff:lpm_ff_component|dffs[4]  ; slave_data5[4] ; REQ[0]     ;
; N/A                                     ; None                                                ; 22.111 ns  ; slave:inst1|lpm_dff0:inst3|lpm_ff:lpm_ff_component|dffs[6]  ; slave_data1[6] ; clk        ;
; N/A                                     ; None                                                ; 22.106 ns  ; slave:inst7|lpm_dff0:inst3|lpm_ff:lpm_ff_component|dffs[7]  ; slave_data5[7] ; REQ[2]     ;
; N/A                                     ; None                                                ; 22.100 ns  ; slave:inst7|lpm_dff0:inst3|lpm_ff:lpm_ff_component|dffs[5]  ; slave_data5[5] ; REQ[2]     ;
; N/A                                     ; None                                                ; 22.080 ns  ; slave:inst10|lpm_dff0:inst3|lpm_ff:lpm_ff_component|dffs[4] ; slave_data3[4] ; REQ[1]     ;
; N/A                                     ; None                                                ; 22.065 ns  ; slave:inst7|lpm_dff0:inst3|lpm_ff:lpm_ff_component|dffs[7]  ; slave_data5[7] ; REQ[0]     ;
; N/A                                     ; None                                                ; 22.059 ns  ; slave:inst7|lpm_dff0:inst3|lpm_ff:lpm_ff_component|dffs[5]  ; slave_data5[5] ; REQ[0]     ;
; N/A                                     ; None                                                ; 22.045 ns  ; slave:inst11|lpm_dff0:inst3|lpm_ff:lpm_ff_component|dffs[4] ; slave_data2[4] ; REQ[2]     ;
; N/A                                     ; None                                                ; 22.042 ns  ; slave:inst1|lpm_dff0:inst3|lpm_ff:lpm_ff_component|dffs[5]  ; slave_data1[5] ; REQ[1]     ;
; N/A                                     ; None                                                ; 22.024 ns  ; slave:inst10|lpm_dff0:inst3|lpm_ff:lpm_ff_component|dffs[6] ; slave_data3[6] ; REQ[2]     ;
; N/A                                     ; None                                                ; 22.023 ns  ; slave:inst10|lpm_dff0:inst3|lpm_ff:lpm_ff_component|dffs[7] ; slave_data3[7] ; REQ[2]     ;
; N/A                                     ; None                                                ; 22.018 ns  ; slave:inst12|lpm_dff0:inst3|lpm_ff:lpm_ff_component|dffs[3] ; slave_data4[3] ; REQ[2]     ;
; N/A                                     ; None                                                ; 22.013 ns  ; slave:inst10|lpm_dff0:inst3|lpm_ff:lpm_ff_component|dffs[3] ; slave_data3[3] ; clk        ;
; N/A                                     ; None                                                ; 22.011 ns  ; slave:inst12|lpm_dff0:inst3|lpm_ff:lpm_ff_component|dffs[4] ; slave_data4[4] ; REQ[2]     ;
; N/A                                     ; None                                                ; 22.005 ns  ; slave:inst11|lpm_dff0:inst3|lpm_ff:lpm_ff_component|dffs[0] ; slave_data2[0] ; REQ[1]     ;
; N/A                                     ; None                                                ; 22.004 ns  ; slave:inst10|lpm_dff0:inst3|lpm_ff:lpm_ff_component|dffs[5] ; slave_data3[5] ; REQ[2]     ;
; N/A                                     ; None                                                ; 22.004 ns  ; slave:inst11|lpm_dff0:inst3|lpm_ff:lpm_ff_component|dffs[4] ; slave_data2[4] ; REQ[0]     ;
; N/A                                     ; None                                                ; 21.994 ns  ; slave:inst12|lpm_dff0:inst3|lpm_ff:lpm_ff_component|dffs[5] ; slave_data4[5] ; REQ[2]     ;
; N/A                                     ; None                                                ; 21.987 ns  ; slave:inst12|lpm_dff0:inst3|lpm_ff:lpm_ff_component|dffs[0] ; slave_data4[0] ; REQ[1]     ;
; N/A                                     ; None                                                ; 21.983 ns  ; slave:inst10|lpm_dff0:inst3|lpm_ff:lpm_ff_component|dffs[6] ; slave_data3[6] ; REQ[0]     ;
; N/A                                     ; None                                                ; 21.982 ns  ; slave:inst10|lpm_dff0:inst3|lpm_ff:lpm_ff_component|dffs[7] ; slave_data3[7] ; REQ[0]     ;
; N/A                                     ; None                                                ; 21.979 ns  ; slave:inst10|lpm_dff0:inst3|lpm_ff:lpm_ff_component|dffs[2] ; slave_data3[2] ; clk        ;
; N/A                                     ; None                                                ; 21.977 ns  ; slave:inst7|lpm_dff0:inst3|lpm_ff:lpm_ff_component|dffs[4]  ; slave_data5[4] ; REQ[1]     ;
; N/A                                     ; None                                                ; 21.977 ns  ; slave:inst12|lpm_dff0:inst3|lpm_ff:lpm_ff_component|dffs[3] ; slave_data4[3] ; REQ[0]     ;
; N/A                                     ; None                                                ; 21.970 ns  ; slave:inst12|lpm_dff0:inst3|lpm_ff:lpm_ff_component|dffs[4] ; slave_data4[4] ; REQ[0]     ;
; N/A                                     ; None                                                ; 21.963 ns  ; slave:inst10|lpm_dff0:inst3|lpm_ff:lpm_ff_component|dffs[5] ; slave_data3[5] ; REQ[0]     ;
; N/A                                     ; None                                                ; 21.953 ns  ; slave:inst12|lpm_dff0:inst3|lpm_ff:lpm_ff_component|dffs[5] ; slave_data4[5] ; REQ[0]     ;
; N/A                                     ; None                                                ; 21.946 ns  ; slave:inst7|lpm_dff0:inst3|lpm_ff:lpm_ff_component|dffs[2]  ; slave_data5[2] ; REQ[2]     ;
; N/A                                     ; None                                                ; 21.941 ns  ; slave:inst11|lpm_dff0:inst3|lpm_ff:lpm_ff_component|dffs[7] ; slave_data2[7] ; clk        ;
; N/A                                     ; None                                                ; 21.931 ns  ; slave:inst7|lpm_dff0:inst3|lpm_ff:lpm_ff_component|dffs[7]  ; slave_data5[7] ; REQ[1]     ;
; N/A                                     ; None                                                ; 21.925 ns  ; slave:inst7|lpm_dff0:inst3|lpm_ff:lpm_ff_component|dffs[5]  ; slave_data5[5] ; REQ[1]     ;
; N/A                                     ; None                                                ; 21.905 ns  ; slave:inst7|lpm_dff0:inst3|lpm_ff:lpm_ff_component|dffs[2]  ; slave_data5[2] ; REQ[0]     ;
; N/A                                     ; None                                                ; 21.870 ns  ; slave:inst11|lpm_dff0:inst3|lpm_ff:lpm_ff_component|dffs[4] ; slave_data2[4] ; REQ[1]     ;
; N/A                                     ; None                                                ; 21.849 ns  ; slave:inst10|lpm_dff0:inst3|lpm_ff:lpm_ff_component|dffs[6] ; slave_data3[6] ; REQ[1]     ;
; N/A                                     ; None                                                ; 21.848 ns  ; slave:inst10|lpm_dff0:inst3|lpm_ff:lpm_ff_component|dffs[7] ; slave_data3[7] ; REQ[1]     ;
; N/A                                     ; None                                                ; 21.843 ns  ; slave:inst12|lpm_dff0:inst3|lpm_ff:lpm_ff_component|dffs[3] ; slave_data4[3] ; REQ[1]     ;
; N/A                                     ; None                                                ; 21.836 ns  ; slave:inst12|lpm_dff0:inst3|lpm_ff:lpm_ff_component|dffs[4] ; slave_data4[4] ; REQ[1]     ;
; N/A                                     ; None                                                ; 21.829 ns  ; slave:inst10|lpm_dff0:inst3|lpm_ff:lpm_ff_component|dffs[5] ; slave_data3[5] ; REQ[1]     ;
; N/A                                     ; None                                                ; 21.819 ns  ; slave:inst12|lpm_dff0:inst3|lpm_ff:lpm_ff_component|dffs[5] ; slave_data4[5] ; REQ[1]     ;
; N/A                                     ; None                                                ; 21.814 ns  ; slave:inst11|lpm_dff0:inst3|lpm_ff:lpm_ff_component|dffs[6] ; slave_data2[6] ; REQ[2]     ;
; N/A                                     ; None                                                ; 21.807 ns  ; slave:inst12|lpm_dff0:inst3|lpm_ff:lpm_ff_component|dffs[7] ; slave_data4[7] ; clk        ;
; N/A                                     ; None                                                ; 21.805 ns  ; slave:inst11|lpm_dff0:inst3|lpm_ff:lpm_ff_component|dffs[5] ; slave_data2[5] ; REQ[2]     ;
; N/A                                     ; None                                                ; 21.794 ns  ; slave:inst7|lpm_dff0:inst3|lpm_ff:lpm_ff_component|dffs[1]  ; slave_data5[1] ; clk        ;
; N/A                                     ; None                                                ; 21.792 ns  ; slave:inst11|lpm_dff0:inst3|lpm_ff:lpm_ff_component|dffs[2] ; slave_data2[2] ; REQ[2]     ;
; N/A                                     ; None                                                ; 21.773 ns  ; slave:inst11|lpm_dff0:inst3|lpm_ff:lpm_ff_component|dffs[6] ; slave_data2[6] ; REQ[0]     ;
; N/A                                     ; None                                                ; 21.771 ns  ; slave:inst7|lpm_dff0:inst3|lpm_ff:lpm_ff_component|dffs[2]  ; slave_data5[2] ; REQ[1]     ;
; N/A                                     ; None                                                ; 21.764 ns  ; slave:inst11|lpm_dff0:inst3|lpm_ff:lpm_ff_component|dffs[5] ; slave_data2[5] ; REQ[0]     ;
; N/A                                     ; None                                                ; 21.751 ns  ; slave:inst11|lpm_dff0:inst3|lpm_ff:lpm_ff_component|dffs[2] ; slave_data2[2] ; REQ[0]     ;
; N/A                                     ; None                                                ; 21.734 ns  ; slave:inst11|lpm_dff0:inst3|lpm_ff:lpm_ff_component|dffs[1] ; slave_data2[1] ; clk        ;
; N/A                                     ; None                                                ; 21.716 ns  ; slave:inst7|lpm_dff0:inst3|lpm_ff:lpm_ff_component|dffs[6]  ; slave_data5[6] ; REQ[2]     ;
; N/A                                     ; None                                                ; 21.701 ns  ; slave:inst1|lpm_dff0:inst3|lpm_ff:lpm_ff_component|dffs[7]  ; slave_data1[7] ; clk        ;
; N/A                                     ; None                                                ; 21.675 ns  ; slave:inst7|lpm_dff0:inst3|lpm_ff:lpm_ff_component|dffs[6]  ; slave_data5[6] ; REQ[0]     ;
; N/A                                     ; None                                                ; 21.639 ns  ; slave:inst11|lpm_dff0:inst3|lpm_ff:lpm_ff_component|dffs[6] ; slave_data2[6] ; REQ[1]     ;
; N/A                                     ; None                                                ; 21.630 ns  ; slave:inst11|lpm_dff0:inst3|lpm_ff:lpm_ff_component|dffs[5] ; slave_data2[5] ; REQ[1]     ;
; N/A                                     ; None                                                ; 21.627 ns  ; slave:inst12|lpm_dff0:inst3|lpm_ff:lpm_ff_component|dffs[6] ; slave_data4[6] ; clk        ;
; N/A                                     ; None                                                ; 21.622 ns  ; slave:inst1|lpm_dff0:inst3|lpm_ff:lpm_ff_component|dffs[2]  ; slave_data1[2] ; clk        ;
; N/A                                     ; None                                                ; 21.617 ns  ; slave:inst11|lpm_dff0:inst3|lpm_ff:lpm_ff_component|dffs[2] ; slave_data2[2] ; REQ[1]     ;
; N/A                                     ; None                                                ; 21.576 ns  ; slave:inst1|lpm_dff0:inst3|lpm_ff:lpm_ff_component|dffs[0]  ; slave_data1[0] ; clk        ;
; N/A                                     ; None                                                ; 21.541 ns  ; slave:inst7|lpm_dff0:inst3|lpm_ff:lpm_ff_component|dffs[6]  ; slave_data5[6] ; REQ[1]     ;
; N/A                                     ; None                                                ; 21.532 ns  ; slave:inst1|lpm_dff0:inst3|lpm_ff:lpm_ff_component|dffs[3]  ; slave_data1[3] ; clk        ;
; N/A                                     ; None                                                ; 21.479 ns  ; slave:inst11|lpm_dff0:inst3|lpm_ff:lpm_ff_component|dffs[0] ; slave_data2[0] ; clk        ;
; N/A                                     ; None                                                ; 21.456 ns  ; slave:inst1|lpm_dff0:inst3|lpm_ff:lpm_ff_component|dffs[4]  ; slave_data1[4] ; clk        ;
; N/A                                     ; None                                                ; 21.425 ns  ; slave:inst7|lpm_dff0:inst3|lpm_ff:lpm_ff_component|dffs[0]  ; slave_data5[0] ; clk        ;
; N/A                                     ; None                                                ; 21.362 ns  ; slave:inst1|lpm_dff0:inst3|lpm_ff:lpm_ff_component|dffs[5]  ; slave_data1[5] ; clk        ;
; N/A                                     ; None                                                ; 21.344 ns  ; slave:inst11|lpm_dff0:inst3|lpm_ff:lpm_ff_component|dffs[4] ; slave_data2[4] ; clk        ;
; N/A                                     ; None                                                ; 21.211 ns  ; slave:inst10|lpm_dff0:inst3|lpm_ff:lpm_ff_component|dffs[0] ; slave_data3[0] ; clk        ;
; N/A                                     ; None                                                ; 21.182 ns  ; slave:inst12|lpm_dff0:inst3|lpm_ff:lpm_ff_component|dffs[1] ; slave_data4[1] ; clk        ;
; N/A                                     ; None                                                ; 21.138 ns  ; slave:inst12|lpm_dff0:inst3|lpm_ff:lpm_ff_component|dffs[2] ; slave_data4[2] ; clk        ;
; N/A                                     ; None                                                ; 21.113 ns  ; slave:inst11|lpm_dff0:inst3|lpm_ff:lpm_ff_component|dffs[6] ; slave_data2[6] ; clk        ;
; N/A                                     ; None                                                ; 21.104 ns  ; slave:inst11|lpm_dff0:inst3|lpm_ff:lpm_ff_component|dffs[5] ; slave_data2[5] ; clk        ;
; N/A                                     ; None                                                ; 21.099 ns  ; slave:inst10|lpm_dff0:inst3|lpm_ff:lpm_ff_component|dffs[4] ; slave_data3[4] ; clk        ;
; N/A                                     ; None                                                ; 21.091 ns  ; slave:inst11|lpm_dff0:inst3|lpm_ff:lpm_ff_component|dffs[2] ; slave_data2[2] ; clk        ;
; N/A                                     ; None                                                ; 20.868 ns  ; slave:inst10|lpm_dff0:inst3|lpm_ff:lpm_ff_component|dffs[6] ; slave_data3[6] ; clk        ;
; N/A                                     ; None                                                ; 20.867 ns  ; slave:inst10|lpm_dff0:inst3|lpm_ff:lpm_ff_component|dffs[7] ; slave_data3[7] ; clk        ;
; N/A                                     ; None                                                ; 20.861 ns  ; slave:inst12|lpm_dff0:inst3|lpm_ff:lpm_ff_component|dffs[0] ; slave_data4[0] ; clk        ;
; N/A                                     ; None                                                ; 20.848 ns  ; slave:inst10|lpm_dff0:inst3|lpm_ff:lpm_ff_component|dffs[5] ; slave_data3[5] ; clk        ;
; N/A                                     ; None                                                ; 20.820 ns  ; slave:inst7|lpm_dff0:inst3|lpm_ff:lpm_ff_component|dffs[4]  ; slave_data5[4] ; clk        ;
; N/A                                     ; None                                                ; 20.774 ns  ; slave:inst7|lpm_dff0:inst3|lpm_ff:lpm_ff_component|dffs[7]  ; slave_data5[7] ; clk        ;
; N/A                                     ; None                                                ; 20.768 ns  ; slave:inst7|lpm_dff0:inst3|lpm_ff:lpm_ff_component|dffs[5]  ; slave_data5[5] ; clk        ;
; N/A                                     ; None                                                ; 20.717 ns  ; slave:inst12|lpm_dff0:inst3|lpm_ff:lpm_ff_component|dffs[3] ; slave_data4[3] ; clk        ;
; N/A                                     ; None                                                ; 20.710 ns  ; slave:inst12|lpm_dff0:inst3|lpm_ff:lpm_ff_component|dffs[4] ; slave_data4[4] ; clk        ;
; N/A                                     ; None                                                ; 20.693 ns  ; slave:inst12|lpm_dff0:inst3|lpm_ff:lpm_ff_component|dffs[5] ; slave_data4[5] ; clk        ;
; N/A                                     ; None                                                ; 20.614 ns  ; slave:inst7|lpm_dff0:inst3|lpm_ff:lpm_ff_component|dffs[2]  ; slave_data5[2] ; clk        ;
; N/A                                     ; None                                                ; 20.384 ns  ; slave:inst7|lpm_dff0:inst3|lpm_ff:lpm_ff_component|dffs[6]  ; slave_data5[6] ; clk        ;
; N/A                                     ; None                                                ; 20.343 ns  ; slave:inst10|inst51                                         ; SSYN           ; REQ[2]     ;
; N/A                                     ; None                                                ; 20.302 ns  ; slave:inst10|inst51                                         ; SSYN           ; REQ[0]     ;
; N/A                                     ; None                                                ; 20.168 ns  ; slave:inst10|inst51                                         ; SSYN           ; REQ[1]     ;
; N/A                                     ; None                                                ; 20.146 ns  ; slave:inst11|inst51                                         ; SSYN           ; REQ[2]     ;
; N/A                                     ; None                                                ; 20.130 ns  ; slave:inst12|inst51                                         ; SSYN           ; REQ[2]     ;
; N/A                                     ; None                                                ; 20.105 ns  ; slave:inst11|inst51                                         ; SSYN           ; REQ[0]     ;
; N/A                                     ; None                                                ; 20.094 ns  ; slave:inst7|inst51                                          ; SSYN           ; REQ[2]     ;
; N/A                                     ; None                                                ; 20.089 ns  ; slave:inst12|inst51                                         ; SSYN           ; REQ[0]     ;
; N/A                                     ; None                                                ; 20.065 ns  ; slave:inst1|inst51                                          ; SSYN           ; REQ[2]     ;
; N/A                                     ; None                                                ; 20.053 ns  ; slave:inst7|inst51                                          ; SSYN           ; REQ[0]     ;
; N/A                                     ; None                                                ; 20.024 ns  ; slave:inst1|inst51                                          ; SSYN           ; REQ[0]     ;
; N/A                                     ; None                                                ; 19.971 ns  ; slave:inst11|inst51                                         ; SSYN           ; REQ[1]     ;
; N/A                                     ; None                                                ; 19.955 ns  ; slave:inst12|inst51                                         ; SSYN           ; REQ[1]     ;
; N/A                                     ; None                                                ; 19.919 ns  ; slave:inst7|inst51                                          ; SSYN           ; REQ[1]     ;
; N/A                                     ; None                                                ; 19.890 ns  ; slave:inst1|inst51                                          ; SSYN           ; REQ[1]     ;
; N/A                                     ; None                                                ; 18.945 ns  ; master:inst|inst44                                          ; BBUSY          ; REQ[2]     ;
; N/A                                     ; None                                                ; 18.904 ns  ; master:inst|inst44                                          ; BBUSY          ; REQ[0]     ;
; N/A                                     ; None                                                ; 18.770 ns  ; master:inst|inst44                                          ; BBUSY          ; REQ[1]     ;
; N/A                                     ; None                                                ; 18.149 ns  ; master:inst|inst44                                          ; data[5]        ; REQ[2]     ;
; N/A                                     ; None                                                ; 18.139 ns  ; master:inst|inst44                                          ; data[7]        ; REQ[2]     ;
; N/A                                     ; None                                                ; 18.122 ns  ; master:inst|inst44                                          ; data[4]        ; REQ[2]     ;
; N/A                                     ; None                                                ; 18.108 ns  ; master:inst|inst44                                          ; data[5]        ; REQ[0]     ;
; N/A                                     ; None                                                ; 18.098 ns  ; master:inst|inst44                                          ; data[7]        ; REQ[0]     ;
; N/A                                     ; None                                                ; 18.081 ns  ; master:inst|inst44                                          ; data[4]        ; REQ[0]     ;
; N/A                                     ; None                                                ; 17.974 ns  ; master:inst|inst44                                          ; data[5]        ; REQ[1]     ;
; N/A                                     ; None                                                ; 17.964 ns  ; master:inst|inst44                                          ; data[7]        ; REQ[1]     ;
; N/A                                     ; None                                                ; 17.949 ns  ; master:inst|inst44                                          ; data[0]        ; REQ[2]     ;
; N/A                                     ; None                                                ; 17.947 ns  ; master:inst|inst44                                          ; data[4]        ; REQ[1]     ;
; N/A                                     ; None                                                ; 17.928 ns  ; master:inst|inst44                                          ; data[3]        ; REQ[2]     ;
; N/A                                     ; None                                                ; 17.908 ns  ; master:inst|inst44                                          ; data[0]        ; REQ[0]     ;
; N/A                                     ; None                                                ; 17.887 ns  ; master:inst|inst44                                          ; data[3]        ; REQ[0]     ;
; N/A                                     ; None                                                ; 17.865 ns  ; master:inst|inst44                                          ; data[2]        ; REQ[2]     ;
; N/A                                     ; None                                                ; 17.824 ns  ; master:inst|inst44                                          ; data[2]        ; REQ[0]     ;
; N/A                                     ; None                                                ; 17.822 ns  ; master:inst|inst44                                          ; data[6]        ; REQ[2]     ;
; N/A                                     ; None                                                ; 17.804 ns  ; master:inst|inst44                                          ; address[1]     ; REQ[2]     ;
; N/A                                     ; None                                                ; 17.788 ns  ; master:inst|inst44                                          ; MSYN           ; REQ[2]     ;
; N/A                                     ; None                                                ; 17.781 ns  ; master:inst|inst44                                          ; data[6]        ; REQ[0]     ;
; N/A                                     ; None                                                ; 17.774 ns  ; master:inst|inst44                                          ; data[0]        ; REQ[1]     ;
; N/A                                     ; None                                                ; 17.772 ns  ; master:inst|inst44                                          ; address[2]     ; REQ[2]     ;
; N/A                                     ; None                                                ; 17.763 ns  ; master:inst|inst44                                          ; address[1]     ; REQ[0]     ;
; Timing analysis restricted to 200 rows. ; To change the limit use Settings (Assignments menu) ;            ;                                                             ;                ;            ;
+-----------------------------------------+-----------------------------------------------------+------------+-------------------------------------------------------------+----------------+------------+


+--------------------------+
; Timing Analyzer Messages ;
+--------------------------+
Info: *******************************************************************
Info: Running Quartus II Classic Timing Analyzer
    Info: Version 9.1 Build 222 10/21/2009 SJ Web Edition
    Info: Processing started: Thu Feb 22 18:50:08 2024
Info: Command: quartus_tan --read_settings_files=off --write_settings_files=off Lab7 -c Lab7 --timing_analysis_only
Warning: Found pins functioning as undefined clocks and/or memory enables
    Info: Assuming node "REQ[1]" is an undefined clock
    Info: Assuming node "REQ[2]" is an undefined clock
    Info: Assuming node "REQ[0]" is an undefined clock
    Info: Assuming node "clk" is an undefined clock
Warning: Found 161 node(s) in clock paths which may be acting as ripple and/or gated clocks -- node(s) analyzed as buffer(s) resulting in clock skew
    Info: Detected gated clock "slave:inst7|inst52" as buffer
    Info: Detected gated clock "slave:inst12|inst52" as buffer
    Info: Detected gated clock "slave:inst10|inst52" as buffer
    Info: Detected gated clock "slave:inst11|inst52" as buffer
    Info: Detected gated clock "slave:inst1|inst52" as buffer
    Info: Detected gated clock "master:inst8|inst16" as buffer
    Info: Detected gated clock "master:inst8|inst8" as buffer
    Info: Detected gated clock "master:inst8|inst25" as buffer
    Info: Detected gated clock "master:inst9|inst25" as buffer
    Info: Detected gated clock "master:inst9|inst8" as buffer
    Info: Detected gated clock "master:inst|inst25" as buffer
    Info: Detected gated clock "master:inst|inst8" as buffer
    Info: Detected gated clock "master:inst|inst16" as buffer
    Info: Detected ripple clock "master:inst8|inst20" as buffer
    Info: Detected ripple clock "master:inst8|inst12" as buffer
    Info: Detected ripple clock "master:inst8|inst29" as buffer
    Info: Detected ripple clock "master:inst9|inst29" as buffer
    Info: Detected ripple clock "master:inst9|inst12" as buffer
    Info: Detected ripple clock "master:inst|inst29" as buffer
    Info: Detected ripple clock "master:inst|inst12" as buffer
    Info: Detected gated clock "slave:inst11|inst16" as buffer
    Info: Detected gated clock "slave:inst11|inst8" as buffer
    Info: Detected gated clock "slave:inst10|inst16" as buffer
    Info: Detected gated clock "slave:inst10|inst8" as buffer
    Info: Detected ripple clock "master:inst|inst20" as buffer
    Info: Detected gated clock "slave:inst1|inst8" as buffer
    Info: Detected gated clock "slave:inst7|inst16" as buffer
    Info: Detected gated clock "slave:inst7|inst8" as buffer
    Info: Detected gated clock "slave:inst1|inst16" as buffer
    Info: Detected ripple clock "slave:inst11|inst20" as buffer
    Info: Detected ripple clock "slave:inst11|inst12" as buffer
    Info: Detected ripple clock "slave:inst10|inst20" as buffer
    Info: Detected ripple clock "slave:inst10|inst12" as buffer
    Info: Detected gated clock "master:inst|lpm_compare0:inst13|lpm_compare:lpm_compare_component|cmpr_aig:auto_generated|aneb_result_wire[0]" as buffer
    Info: Detected gated clock "arbiter:inst4|inst11" as buffer
    Info: Detected ripple clock "master:inst8|lpm_counter0:inst14|lpm_counter:lpm_counter_component|cntr_4pi:auto_generated|safe_q[1]" as buffer
    Info: Detected ripple clock "master:inst8|lpm_counter0:inst14|lpm_counter:lpm_counter_component|cntr_4pi:auto_generated|safe_q[2]" as buffer
    Info: Detected ripple clock "master:inst8|lpm_counter0:inst14|lpm_counter:lpm_counter_component|cntr_4pi:auto_generated|safe_q[0]" as buffer
    Info: Detected ripple clock "master:inst8|lpm_counter0:inst6|lpm_counter:lpm_counter_component|cntr_4pi:auto_generated|safe_q[1]" as buffer
    Info: Detected ripple clock "master:inst8|lpm_counter0:inst6|lpm_counter:lpm_counter_component|cntr_4pi:auto_generated|safe_q[0]" as buffer
    Info: Detected ripple clock "master:inst8|lpm_counter0:inst6|lpm_counter:lpm_counter_component|cntr_4pi:auto_generated|safe_q[2]" as buffer
    Info: Detected ripple clock "master:inst8|lpm_counter0:inst23|lpm_counter:lpm_counter_component|cntr_4pi:auto_generated|safe_q[0]" as buffer
    Info: Detected ripple clock "master:inst8|lpm_counter0:inst23|lpm_counter:lpm_counter_component|cntr_4pi:auto_generated|safe_q[2]" as buffer
    Info: Detected ripple clock "master:inst8|lpm_counter0:inst23|lpm_counter:lpm_counter_component|cntr_4pi:auto_generated|safe_q[1]" as buffer
    Info: Detected ripple clock "master:inst9|lpm_counter0:inst23|lpm_counter:lpm_counter_component|cntr_4pi:auto_generated|safe_q[0]" as buffer
    Info: Detected ripple clock "master:inst9|lpm_counter0:inst23|lpm_counter:lpm_counter_component|cntr_4pi:auto_generated|safe_q[2]" as buffer
    Info: Detected ripple clock "master:inst9|lpm_counter0:inst23|lpm_counter:lpm_counter_component|cntr_4pi:auto_generated|safe_q[1]" as buffer
    Info: Detected ripple clock "master:inst9|lpm_counter0:inst6|lpm_counter:lpm_counter_component|cntr_4pi:auto_generated|safe_q[0]" as buffer
    Info: Detected ripple clock "master:inst9|lpm_counter0:inst6|lpm_counter:lpm_counter_component|cntr_4pi:auto_generated|safe_q[1]" as buffer
    Info: Detected ripple clock "master:inst9|lpm_counter0:inst6|lpm_counter:lpm_counter_component|cntr_4pi:auto_generated|safe_q[2]" as buffer
    Info: Detected ripple clock "master:inst|lpm_counter0:inst23|lpm_counter:lpm_counter_component|cntr_4pi:auto_generated|safe_q[0]" as buffer
    Info: Detected ripple clock "master:inst|lpm_counter0:inst23|lpm_counter:lpm_counter_component|cntr_4pi:auto_generated|safe_q[1]" as buffer
    Info: Detected ripple clock "master:inst|lpm_counter0:inst23|lpm_counter:lpm_counter_component|cntr_4pi:auto_generated|safe_q[2]" as buffer
    Info: Detected ripple clock "master:inst|lpm_counter0:inst6|lpm_counter:lpm_counter_component|cntr_4pi:auto_generated|safe_q[1]" as buffer
    Info: Detected ripple clock "master:inst|lpm_counter0:inst6|lpm_counter:lpm_counter_component|cntr_4pi:auto_generated|safe_q[0]" as buffer
    Info: Detected ripple clock "master:inst|lpm_counter0:inst6|lpm_counter:lpm_counter_component|cntr_4pi:auto_generated|safe_q[2]" as buffer
    Info: Detected ripple clock "slave:inst1|inst12" as buffer
    Info: Detected ripple clock "slave:inst7|inst20" as buffer
    Info: Detected ripple clock "slave:inst7|inst12" as buffer
    Info: Detected ripple clock "slave:inst1|inst20" as buffer
    Info: Detected gated clock "slave:inst12|inst16" as buffer
    Info: Detected gated clock "slave:inst12|inst8" as buffer
    Info: Detected ripple clock "master:inst|lpm_counter0:inst14|lpm_counter:lpm_counter_component|cntr_4pi:auto_generated|safe_q[0]" as buffer
    Info: Detected ripple clock "master:inst|lpm_counter0:inst14|lpm_counter:lpm_counter_component|cntr_4pi:auto_generated|safe_q[1]" as buffer
    Info: Detected ripple clock "master:inst|lpm_counter0:inst14|lpm_counter:lpm_counter_component|cntr_4pi:auto_generated|safe_q[2]" as buffer
    Info: Detected ripple clock "arbiter:inst4|inst10" as buffer
    Info: Detected gated clock "master:inst8|lpm_compare0:inst13|lpm_compare:lpm_compare_component|cmpr_aig:auto_generated|aneb_result_wire[0]" as buffer
    Info: Detected gated clock "master:inst8|lpm_compare0:inst5|lpm_compare:lpm_compare_component|cmpr_aig:auto_generated|aneb_result_wire[0]" as buffer
    Info: Detected gated clock "master:inst8|lpm_compare0:inst22|lpm_compare:lpm_compare_component|cmpr_aig:auto_generated|aneb_result_wire[0]" as buffer
    Info: Detected gated clock "master:inst9|lpm_compare0:inst22|lpm_compare:lpm_compare_component|cmpr_aig:auto_generated|aneb_result_wire[0]" as buffer
    Info: Detected gated clock "master:inst9|lpm_compare0:inst5|lpm_compare:lpm_compare_component|cmpr_aig:auto_generated|aneb_result_wire[0]" as buffer
    Info: Detected gated clock "master:inst|lpm_compare0:inst22|lpm_compare:lpm_compare_component|cmpr_aig:auto_generated|aneb_result_wire[0]" as buffer
    Info: Detected gated clock "master:inst|lpm_compare0:inst5|lpm_compare:lpm_compare_component|cmpr_aig:auto_generated|aneb_result_wire[0]" as buffer
    Info: Detected ripple clock "slave:inst12|inst20" as buffer
    Info: Detected ripple clock "slave:inst12|inst12" as buffer
    Info: Detected gated clock "master:inst8|inst32" as buffer
    Info: Detected gated clock "master:inst|inst32" as buffer
    Info: Detected ripple clock "slave:inst11|lpm_counter0:inst14|lpm_counter:lpm_counter_component|cntr_4pi:auto_generated|safe_q[0]" as buffer
    Info: Detected ripple clock "slave:inst11|lpm_counter0:inst14|lpm_counter:lpm_counter_component|cntr_4pi:auto_generated|safe_q[1]" as buffer
    Info: Detected ripple clock "slave:inst11|lpm_counter0:inst14|lpm_counter:lpm_counter_component|cntr_4pi:auto_generated|safe_q[2]" as buffer
    Info: Detected ripple clock "slave:inst11|lpm_counter0:inst6|lpm_counter:lpm_counter_component|cntr_4pi:auto_generated|safe_q[2]" as buffer
    Info: Detected ripple clock "slave:inst11|lpm_counter0:inst6|lpm_counter:lpm_counter_component|cntr_4pi:auto_generated|safe_q[1]" as buffer
    Info: Detected ripple clock "slave:inst11|lpm_counter0:inst6|lpm_counter:lpm_counter_component|cntr_4pi:auto_generated|safe_q[0]" as buffer
    Info: Detected ripple clock "slave:inst10|lpm_counter0:inst14|lpm_counter:lpm_counter_component|cntr_4pi:auto_generated|safe_q[2]" as buffer
    Info: Detected ripple clock "slave:inst10|lpm_counter0:inst14|lpm_counter:lpm_counter_component|cntr_4pi:auto_generated|safe_q[1]" as buffer
    Info: Detected ripple clock "slave:inst10|lpm_counter0:inst14|lpm_counter:lpm_counter_component|cntr_4pi:auto_generated|safe_q[0]" as buffer
    Info: Detected ripple clock "slave:inst10|lpm_counter0:inst6|lpm_counter:lpm_counter_component|cntr_4pi:auto_generated|safe_q[0]" as buffer
    Info: Detected ripple clock "slave:inst10|lpm_counter0:inst6|lpm_counter:lpm_counter_component|cntr_4pi:auto_generated|safe_q[2]" as buffer
    Info: Detected ripple clock "slave:inst10|lpm_counter0:inst6|lpm_counter:lpm_counter_component|cntr_4pi:auto_generated|safe_q[1]" as buffer
    Info: Detected gated clock "master:inst|inst45" as buffer
    Info: Detected gated clock "master:inst8|inst45" as buffer
    Info: Detected ripple clock "slave:inst1|lpm_counter0:inst6|lpm_counter:lpm_counter_component|cntr_4pi:auto_generated|safe_q[0]" as buffer
    Info: Detected ripple clock "slave:inst1|lpm_counter0:inst6|lpm_counter:lpm_counter_component|cntr_4pi:auto_generated|safe_q[2]" as buffer
    Info: Detected ripple clock "slave:inst1|lpm_counter0:inst6|lpm_counter:lpm_counter_component|cntr_4pi:auto_generated|safe_q[1]" as buffer
    Info: Detected ripple clock "slave:inst7|lpm_counter0:inst14|lpm_counter:lpm_counter_component|cntr_4pi:auto_generated|safe_q[2]" as buffer
    Info: Detected ripple clock "slave:inst7|lpm_counter0:inst14|lpm_counter:lpm_counter_component|cntr_4pi:auto_generated|safe_q[1]" as buffer
    Info: Detected ripple clock "slave:inst7|lpm_counter0:inst14|lpm_counter:lpm_counter_component|cntr_4pi:auto_generated|safe_q[0]" as buffer
    Info: Detected ripple clock "slave:inst7|lpm_counter0:inst6|lpm_counter:lpm_counter_component|cntr_4pi:auto_generated|safe_q[1]" as buffer
    Info: Detected ripple clock "slave:inst7|lpm_counter0:inst6|lpm_counter:lpm_counter_component|cntr_4pi:auto_generated|safe_q[0]" as buffer
    Info: Detected ripple clock "slave:inst7|lpm_counter0:inst6|lpm_counter:lpm_counter_component|cntr_4pi:auto_generated|safe_q[2]" as buffer
    Info: Detected ripple clock "slave:inst1|lpm_counter0:inst14|lpm_counter:lpm_counter_component|cntr_4pi:auto_generated|safe_q[0]" as buffer
    Info: Detected ripple clock "slave:inst1|lpm_counter0:inst14|lpm_counter:lpm_counter_component|cntr_4pi:auto_generated|safe_q[2]" as buffer
    Info: Detected ripple clock "slave:inst1|lpm_counter0:inst14|lpm_counter:lpm_counter_component|cntr_4pi:auto_generated|safe_q[1]" as buffer
    Info: Detected ripple clock "master:inst8|inst30" as buffer
    Info: Detected ripple clock "master:inst|inst30" as buffer
    Info: Detected gated clock "slave:inst11|lpm_compare0:inst13|lpm_compare:lpm_compare_component|cmpr_aig:auto_generated|aneb_result_wire[0]" as buffer
    Info: Detected gated clock "slave:inst11|lpm_compare0:inst5|lpm_compare:lpm_compare_component|cmpr_aig:auto_generated|aneb_result_wire[0]" as buffer
    Info: Detected gated clock "slave:inst10|lpm_compare0:inst13|lpm_compare:lpm_compare_component|cmpr_aig:auto_generated|aneb_result_wire[0]" as buffer
    Info: Detected gated clock "slave:inst10|lpm_compare0:inst5|lpm_compare:lpm_compare_component|cmpr_aig:auto_generated|aneb_result_wire[0]" as buffer
    Info: Detected ripple clock "master:inst|inst44" as buffer
    Info: Detected ripple clock "master:inst8|inst44" as buffer
    Info: Detected ripple clock "master:inst8|inst41" as buffer
    Info: Detected ripple clock "master:inst9|inst41" as buffer
    Info: Detected ripple clock "master:inst|inst41" as buffer
    Info: Detected gated clock "slave:inst1|lpm_compare0:inst5|lpm_compare:lpm_compare_component|cmpr_aig:auto_generated|aneb_result_wire[0]" as buffer
    Info: Detected gated clock "slave:inst7|lpm_compare0:inst13|lpm_compare:lpm_compare_component|cmpr_aig:auto_generated|aneb_result_wire[0]" as buffer
    Info: Detected gated clock "slave:inst7|lpm_compare0:inst5|lpm_compare:lpm_compare_component|cmpr_aig:auto_generated|aneb_result_wire[0]" as buffer
    Info: Detected gated clock "slave:inst1|lpm_compare0:inst13|lpm_compare:lpm_compare_component|cmpr_aig:auto_generated|aneb_result_wire[0]" as buffer
    Info: Detected ripple clock "slave:inst12|lpm_counter0:inst14|lpm_counter:lpm_counter_component|cntr_4pi:auto_generated|safe_q[0]" as buffer
    Info: Detected ripple clock "slave:inst12|lpm_counter0:inst14|lpm_counter:lpm_counter_component|cntr_4pi:auto_generated|safe_q[1]" as buffer
    Info: Detected ripple clock "slave:inst12|lpm_counter0:inst14|lpm_counter:lpm_counter_component|cntr_4pi:auto_generated|safe_q[2]" as buffer
    Info: Detected ripple clock "slave:inst12|lpm_counter0:inst6|lpm_counter:lpm_counter_component|cntr_4pi:auto_generated|safe_q[1]" as buffer
    Info: Detected ripple clock "slave:inst12|lpm_counter0:inst6|lpm_counter:lpm_counter_component|cntr_4pi:auto_generated|safe_q[0]" as buffer
    Info: Detected ripple clock "slave:inst12|lpm_counter0:inst6|lpm_counter:lpm_counter_component|cntr_4pi:auto_generated|safe_q[2]" as buffer
    Info: Detected gated clock "inst14" as buffer
    Info: Detected gated clock "slave:inst11|inst2" as buffer
    Info: Detected gated clock "slave:inst10|inst2" as buffer
    Info: Detected gated clock "inst13" as buffer
    Info: Detected gated clock "master:inst|lpm_bustri2:inst43|lpm_bustri:lpm_bustri_component|dout[0]~1" as buffer
    Info: Detected gated clock "slave:inst1|inst42" as buffer
    Info: Detected gated clock "slave:inst7|inst2" as buffer
    Info: Detected gated clock "slave:inst1|inst2" as buffer
    Info: Detected gated clock "slave:inst12|lpm_compare0:inst13|lpm_compare:lpm_compare_component|cmpr_aig:auto_generated|aneb_result_wire[0]" as buffer
    Info: Detected gated clock "slave:inst12|lpm_compare0:inst5|lpm_compare:lpm_compare_component|cmpr_aig:auto_generated|aneb_result_wire[0]" as buffer
    Info: Detected gated clock "arbiter:inst4|inst13" as buffer
    Info: Detected gated clock "master:inst9|inst32" as buffer
    Info: Detected ripple clock "slave:inst11|inst51" as buffer
    Info: Detected ripple clock "slave:inst11|inst41" as buffer
    Info: Detected ripple clock "slave:inst10|inst51" as buffer
    Info: Detected ripple clock "slave:inst10|inst41" as buffer
    Info: Detected gated clock "slave:inst12|inst2" as buffer
    Info: Detected ripple clock "slave:inst1|inst41" as buffer
    Info: Detected ripple clock "slave:inst7|inst51" as buffer
    Info: Detected ripple clock "slave:inst7|inst41" as buffer
    Info: Detected ripple clock "slave:inst1|inst51" as buffer
    Info: Detected ripple clock "arbiter:inst4|inst14" as buffer
    Info: Detected ripple clock "master:inst9|inst30" as buffer
    Info: Detected gated clock "slave:inst1|lpm_bustri2:inst43|lpm_bustri:lpm_bustri_component|dout[0]~4" as buffer
    Info: Detected gated clock "slave:inst1|lpm_bustri2:inst43|lpm_bustri:lpm_bustri_component|dout[0]~1" as buffer
    Info: Detected ripple clock "slave:inst12|inst51" as buffer
    Info: Detected gated clock "slave:inst1|lpm_bustri2:inst43|lpm_bustri:lpm_bustri_component|dout[0]~2" as buffer
    Info: Detected ripple clock "slave:inst12|inst41" as buffer
    Info: Detected gated clock "master:inst9|inst45" as buffer
    Info: Detected gated clock "slave:inst1|lpm_bustri2:inst43|lpm_bustri:lpm_bustri_component|dout[0]~5" as buffer
    Info: Detected ripple clock "master:inst9|inst44" as buffer
    Info: Detected gated clock "master:inst9|inst16" as buffer
    Info: Detected ripple clock "master:inst9|inst20" as buffer
    Info: Detected ripple clock "master:inst9|lpm_counter0:inst14|lpm_counter:lpm_counter_component|cntr_4pi:auto_generated|safe_q[1]" as buffer
    Info: Detected ripple clock "master:inst9|lpm_counter0:inst14|lpm_counter:lpm_counter_component|cntr_4pi:auto_generated|safe_q[2]" as buffer
    Info: Detected gated clock "master:inst9|lpm_compare0:inst13|lpm_compare:lpm_compare_component|cmpr_aig:auto_generated|aneb_result_wire[0]" as buffer
    Info: Detected ripple clock "master:inst9|lpm_counter0:inst14|lpm_counter:lpm_counter_component|cntr_4pi:auto_generated|safe_q[0]" as buffer
Info: Clock "REQ[1]" has Internal fmax of 103.8 MHz between source register "master:inst|inst29" and destination register "master:inst|inst29" (period= 9.634 ns)
    Info: + Longest register to register delay is 0.488 ns
        Info: 1: + IC(0.000 ns) + CELL(0.000 ns) = 0.000 ns; Loc. = LCFF_X14_Y20_N21; Fanout = 3; REG Node = 'master:inst|inst29'
        Info: 2: + IC(0.000 ns) + CELL(0.333 ns) = 0.333 ns; Loc. = LCCOMB_X14_Y20_N20; Fanout = 1; COMB Node = 'master:inst|inst29~0'
        Info: 3: + IC(0.000 ns) + CELL(0.155 ns) = 0.488 ns; Loc. = LCFF_X14_Y20_N21; Fanout = 3; REG Node = 'master:inst|inst29'
        Info: Total cell delay = 0.488 ns ( 100.00 % )
    Info: - Smallest clock skew is -8.962 ns
        Info: + Shortest clock path from clock "REQ[1]" to destination register is 10.017 ns
            Info: 1: + IC(0.000 ns) + CELL(0.864 ns) = 0.864 ns; Loc. = PIN_M21; Fanout = 2; CLK Node = 'REQ[1]'
            Info: 2: + IC(1.438 ns) + CELL(0.053 ns) = 2.355 ns; Loc. = LCCOMB_X14_Y21_N16; Fanout = 1; COMB Node = 'master:inst8|inst32'
            Info: 3: + IC(0.524 ns) + CELL(0.712 ns) = 3.591 ns; Loc. = LCFF_X14_Y22_N17; Fanout = 4; REG Node = 'master:inst8|inst30'
            Info: 4: + IC(0.791 ns) + CELL(0.053 ns) = 4.435 ns; Loc. = LCCOMB_X17_Y20_N14; Fanout = 1; COMB Node = 'master:inst8|inst45'
            Info: 5: + IC(0.211 ns) + CELL(0.712 ns) = 5.358 ns; Loc. = LCFF_X17_Y20_N13; Fanout = 20; REG Node = 'master:inst8|inst44'
            Info: 6: + IC(0.321 ns) + CELL(0.154 ns) = 5.833 ns; Loc. = LCCOMB_X18_Y20_N20; Fanout = 11; COMB Node = 'master:inst|lpm_bustri2:inst43|lpm_bustri:lpm_bustri_component|dout[0]~1'
            Info: 7: + IC(0.646 ns) + CELL(0.053 ns) = 6.532 ns; Loc. = LCCOMB_X18_Y24_N14; Fanout = 1; COMB Node = 'slave:inst11|inst2'
            Info: 8: + IC(0.211 ns) + CELL(0.712 ns) = 7.455 ns; Loc. = LCFF_X18_Y24_N23; Fanout = 9; REG Node = 'slave:inst11|inst51'
            Info: 9: + IC(0.626 ns) + CELL(0.053 ns) = 8.134 ns; Loc. = LCCOMB_X18_Y21_N14; Fanout = 2; COMB Node = 'slave:inst1|lpm_bustri2:inst43|lpm_bustri:lpm_bustri_component|dout[0]~4'
            Info: 10: + IC(0.206 ns) + CELL(0.053 ns) = 8.393 ns; Loc. = LCCOMB_X18_Y21_N26; Fanout = 6; COMB Node = 'slave:inst1|lpm_bustri2:inst43|lpm_bustri:lpm_bustri_component|dout[0]~5'
            Info: 11: + IC(0.735 ns) + CELL(0.053 ns) = 9.181 ns; Loc. = LCCOMB_X14_Y20_N28; Fanout = 1; COMB Node = 'master:inst|inst25'
            Info: 12: + IC(0.218 ns) + CELL(0.618 ns) = 10.017 ns; Loc. = LCFF_X14_Y20_N21; Fanout = 3; REG Node = 'master:inst|inst29'
            Info: Total cell delay = 4.090 ns ( 40.83 % )
            Info: Total interconnect delay = 5.927 ns ( 59.17 % )
        Info: - Longest clock path from clock "REQ[1]" to source register is 18.979 ns
            Info: 1: + IC(0.000 ns) + CELL(0.864 ns) = 0.864 ns; Loc. = PIN_M21; Fanout = 2; CLK Node = 'REQ[1]'
            Info: 2: + IC(1.438 ns) + CELL(0.053 ns) = 2.355 ns; Loc. = LCCOMB_X14_Y21_N16; Fanout = 1; COMB Node = 'master:inst8|inst32'
            Info: 3: + IC(0.524 ns) + CELL(0.712 ns) = 3.591 ns; Loc. = LCFF_X14_Y22_N17; Fanout = 4; REG Node = 'master:inst8|inst30'
            Info: 4: + IC(0.576 ns) + CELL(0.053 ns) = 4.220 ns; Loc. = LCCOMB_X14_Y21_N2; Fanout = 3; COMB Node = 'inst14'
            Info: 5: + IC(0.415 ns) + CELL(0.228 ns) = 4.863 ns; Loc. = LCCOMB_X14_Y21_N26; Fanout = 1; COMB Node = 'arbiter:inst4|inst13'
            Info: 6: + IC(0.551 ns) + CELL(0.712 ns) = 6.126 ns; Loc. = LCFF_X14_Y18_N9; Fanout = 4; REG Node = 'arbiter:inst4|inst14'
            Info: 7: + IC(0.587 ns) + CELL(0.053 ns) = 6.766 ns; Loc. = LCCOMB_X14_Y21_N20; Fanout = 1; COMB Node = 'master:inst9|inst45'
            Info: 8: + IC(0.574 ns) + CELL(0.712 ns) = 8.052 ns; Loc. = LCFF_X15_Y22_N29; Fanout = 20; REG Node = 'master:inst9|inst44'
            Info: 9: + IC(0.823 ns) + CELL(0.228 ns) = 9.103 ns; Loc. = LCCOMB_X17_Y20_N4; Fanout = 50; COMB Node = 'inst13'
            Info: 10: + IC(0.748 ns) + CELL(0.053 ns) = 9.904 ns; Loc. = LCCOMB_X14_Y21_N14; Fanout = 1; COMB Node = 'arbiter:inst4|inst11'
            Info: 11: + IC(0.594 ns) + CELL(0.712 ns) = 11.210 ns; Loc. = LCFF_X13_Y19_N9; Fanout = 5; REG Node = 'arbiter:inst4|inst10'
            Info: 12: + IC(0.590 ns) + CELL(0.272 ns) = 12.072 ns; Loc. = LCCOMB_X14_Y20_N18; Fanout = 1; COMB Node = 'master:inst|inst45'
            Info: 13: + IC(0.675 ns) + CELL(0.712 ns) = 13.459 ns; Loc. = LCFF_X21_Y20_N23; Fanout = 14; REG Node = 'master:inst|inst44'
            Info: 14: + IC(0.548 ns) + CELL(0.053 ns) = 14.060 ns; Loc. = LCCOMB_X18_Y20_N20; Fanout = 11; COMB Node = 'master:inst|lpm_bustri2:inst43|lpm_bustri:lpm_bustri_component|dout[0]~1'
            Info: 15: + IC(0.619 ns) + CELL(0.053 ns) = 14.732 ns; Loc. = LCCOMB_X18_Y18_N6; Fanout = 1; COMB Node = 'slave:inst1|inst2'
            Info: 16: + IC(0.221 ns) + CELL(0.712 ns) = 15.665 ns; Loc. = LCFF_X18_Y18_N25; Fanout = 9; REG Node = 'slave:inst1|inst51'
            Info: 17: + IC(0.644 ns) + CELL(0.346 ns) = 16.655 ns; Loc. = LCCOMB_X18_Y21_N16; Fanout = 2; COMB Node = 'slave:inst1|lpm_bustri2:inst43|lpm_bustri:lpm_bustri_component|dout[0]~2'
            Info: 18: + IC(0.354 ns) + CELL(0.346 ns) = 17.355 ns; Loc. = LCCOMB_X18_Y21_N26; Fanout = 6; COMB Node = 'slave:inst1|lpm_bustri2:inst43|lpm_bustri:lpm_bustri_component|dout[0]~5'
            Info: 19: + IC(0.735 ns) + CELL(0.053 ns) = 18.143 ns; Loc. = LCCOMB_X14_Y20_N28; Fanout = 1; COMB Node = 'master:inst|inst25'
            Info: 20: + IC(0.218 ns) + CELL(0.618 ns) = 18.979 ns; Loc. = LCFF_X14_Y20_N21; Fanout = 3; REG Node = 'master:inst|inst29'
            Info: Total cell delay = 7.545 ns ( 39.75 % )
            Info: Total interconnect delay = 11.434 ns ( 60.25 % )
    Info: + Micro clock to output delay of source is 0.094 ns
    Info: + Micro setup delay of destination is 0.090 ns
Info: Clock "REQ[2]" has Internal fmax of 102.04 MHz between source register "master:inst|inst29" and destination register "master:inst|inst29" (period= 9.8 ns)
    Info: + Longest register to register delay is 0.488 ns
        Info: 1: + IC(0.000 ns) + CELL(0.000 ns) = 0.000 ns; Loc. = LCFF_X14_Y20_N21; Fanout = 3; REG Node = 'master:inst|inst29'
        Info: 2: + IC(0.000 ns) + CELL(0.333 ns) = 0.333 ns; Loc. = LCCOMB_X14_Y20_N20; Fanout = 1; COMB Node = 'master:inst|inst29~0'
        Info: 3: + IC(0.000 ns) + CELL(0.155 ns) = 0.488 ns; Loc. = LCFF_X14_Y20_N21; Fanout = 3; REG Node = 'master:inst|inst29'
        Info: Total cell delay = 0.488 ns ( 100.00 % )
    Info: - Smallest clock skew is -9.128 ns
        Info: + Shortest clock path from clock "REQ[2]" to destination register is 10.026 ns
            Info: 1: + IC(0.000 ns) + CELL(0.864 ns) = 0.864 ns; Loc. = PIN_M2; Fanout = 2; CLK Node = 'REQ[2]'
            Info: 2: + IC(1.468 ns) + CELL(0.225 ns) = 2.557 ns; Loc. = LCCOMB_X14_Y20_N24; Fanout = 1; COMB Node = 'master:inst|inst32'
            Info: 3: + IC(0.310 ns) + CELL(0.712 ns) = 3.579 ns; Loc. = LCFF_X13_Y20_N1; Fanout = 5; REG Node = 'master:inst|inst30'
            Info: 4: + IC(0.519 ns) + CELL(0.346 ns) = 4.444 ns; Loc. = LCCOMB_X17_Y20_N14; Fanout = 1; COMB Node = 'master:inst8|inst45'
            Info: 5: + IC(0.211 ns) + CELL(0.712 ns) = 5.367 ns; Loc. = LCFF_X17_Y20_N13; Fanout = 20; REG Node = 'master:inst8|inst44'
            Info: 6: + IC(0.321 ns) + CELL(0.154 ns) = 5.842 ns; Loc. = LCCOMB_X18_Y20_N20; Fanout = 11; COMB Node = 'master:inst|lpm_bustri2:inst43|lpm_bustri:lpm_bustri_component|dout[0]~1'
            Info: 7: + IC(0.646 ns) + CELL(0.053 ns) = 6.541 ns; Loc. = LCCOMB_X18_Y24_N14; Fanout = 1; COMB Node = 'slave:inst11|inst2'
            Info: 8: + IC(0.211 ns) + CELL(0.712 ns) = 7.464 ns; Loc. = LCFF_X18_Y24_N23; Fanout = 9; REG Node = 'slave:inst11|inst51'
            Info: 9: + IC(0.626 ns) + CELL(0.053 ns) = 8.143 ns; Loc. = LCCOMB_X18_Y21_N14; Fanout = 2; COMB Node = 'slave:inst1|lpm_bustri2:inst43|lpm_bustri:lpm_bustri_component|dout[0]~4'
            Info: 10: + IC(0.206 ns) + CELL(0.053 ns) = 8.402 ns; Loc. = LCCOMB_X18_Y21_N26; Fanout = 6; COMB Node = 'slave:inst1|lpm_bustri2:inst43|lpm_bustri:lpm_bustri_component|dout[0]~5'
            Info: 11: + IC(0.735 ns) + CELL(0.053 ns) = 9.190 ns; Loc. = LCCOMB_X14_Y20_N28; Fanout = 1; COMB Node = 'master:inst|inst25'
            Info: 12: + IC(0.218 ns) + CELL(0.618 ns) = 10.026 ns; Loc. = LCFF_X14_Y20_N21; Fanout = 3; REG Node = 'master:inst|inst29'
            Info: Total cell delay = 4.555 ns ( 45.43 % )
            Info: Total interconnect delay = 5.471 ns ( 54.57 % )
        Info: - Longest clock path from clock "REQ[2]" to source register is 19.154 ns
            Info: 1: + IC(0.000 ns) + CELL(0.864 ns) = 0.864 ns; Loc. = PIN_M2; Fanout = 2; CLK Node = 'REQ[2]'
            Info: 2: + IC(1.468 ns) + CELL(0.225 ns) = 2.557 ns; Loc. = LCCOMB_X14_Y20_N24; Fanout = 1; COMB Node = 'master:inst|inst32'
            Info: 3: + IC(0.310 ns) + CELL(0.712 ns) = 3.579 ns; Loc. = LCFF_X13_Y20_N1; Fanout = 5; REG Node = 'master:inst|inst30'
            Info: 4: + IC(0.588 ns) + CELL(0.228 ns) = 4.395 ns; Loc. = LCCOMB_X14_Y21_N2; Fanout = 3; COMB Node = 'inst14'
            Info: 5: + IC(0.415 ns) + CELL(0.228 ns) = 5.038 ns; Loc. = LCCOMB_X14_Y21_N26; Fanout = 1; COMB Node = 'arbiter:inst4|inst13'
            Info: 6: + IC(0.551 ns) + CELL(0.712 ns) = 6.301 ns; Loc. = LCFF_X14_Y18_N9; Fanout = 4; REG Node = 'arbiter:inst4|inst14'
            Info: 7: + IC(0.587 ns) + CELL(0.053 ns) = 6.941 ns; Loc. = LCCOMB_X14_Y21_N20; Fanout = 1; COMB Node = 'master:inst9|inst45'
            Info: 8: + IC(0.574 ns) + CELL(0.712 ns) = 8.227 ns; Loc. = LCFF_X15_Y22_N29; Fanout = 20; REG Node = 'master:inst9|inst44'
            Info: 9: + IC(0.823 ns) + CELL(0.228 ns) = 9.278 ns; Loc. = LCCOMB_X17_Y20_N4; Fanout = 50; COMB Node = 'inst13'
            Info: 10: + IC(0.748 ns) + CELL(0.053 ns) = 10.079 ns; Loc. = LCCOMB_X14_Y21_N14; Fanout = 1; COMB Node = 'arbiter:inst4|inst11'
            Info: 11: + IC(0.594 ns) + CELL(0.712 ns) = 11.385 ns; Loc. = LCFF_X13_Y19_N9; Fanout = 5; REG Node = 'arbiter:inst4|inst10'
            Info: 12: + IC(0.590 ns) + CELL(0.272 ns) = 12.247 ns; Loc. = LCCOMB_X14_Y20_N18; Fanout = 1; COMB Node = 'master:inst|inst45'
            Info: 13: + IC(0.675 ns) + CELL(0.712 ns) = 13.634 ns; Loc. = LCFF_X21_Y20_N23; Fanout = 14; REG Node = 'master:inst|inst44'
            Info: 14: + IC(0.548 ns) + CELL(0.053 ns) = 14.235 ns; Loc. = LCCOMB_X18_Y20_N20; Fanout = 11; COMB Node = 'master:inst|lpm_bustri2:inst43|lpm_bustri:lpm_bustri_component|dout[0]~1'
            Info: 15: + IC(0.619 ns) + CELL(0.053 ns) = 14.907 ns; Loc. = LCCOMB_X18_Y18_N6; Fanout = 1; COMB Node = 'slave:inst1|inst2'
            Info: 16: + IC(0.221 ns) + CELL(0.712 ns) = 15.840 ns; Loc. = LCFF_X18_Y18_N25; Fanout = 9; REG Node = 'slave:inst1|inst51'
            Info: 17: + IC(0.644 ns) + CELL(0.346 ns) = 16.830 ns; Loc. = LCCOMB_X18_Y21_N16; Fanout = 2; COMB Node = 'slave:inst1|lpm_bustri2:inst43|lpm_bustri:lpm_bustri_component|dout[0]~2'
            Info: 18: + IC(0.354 ns) + CELL(0.346 ns) = 17.530 ns; Loc. = LCCOMB_X18_Y21_N26; Fanout = 6; COMB Node = 'slave:inst1|lpm_bustri2:inst43|lpm_bustri:lpm_bustri_component|dout[0]~5'
            Info: 19: + IC(0.735 ns) + CELL(0.053 ns) = 18.318 ns; Loc. = LCCOMB_X14_Y20_N28; Fanout = 1; COMB Node = 'master:inst|inst25'
            Info: 20: + IC(0.218 ns) + CELL(0.618 ns) = 19.154 ns; Loc. = LCFF_X14_Y20_N21; Fanout = 3; REG Node = 'master:inst|inst29'
            Info: Total cell delay = 7.892 ns ( 41.20 % )
            Info: Total interconnect delay = 11.262 ns ( 58.80 % )
    Info: + Micro clock to output delay of source is 0.094 ns
    Info: + Micro setup delay of destination is 0.090 ns
Info: Clock "REQ[0]" has Internal fmax of 121.01 MHz between source register "master:inst|inst29" and destination register "master:inst|inst29" (period= 8.264 ns)
    Info: + Longest register to register delay is 0.488 ns
        Info: 1: + IC(0.000 ns) + CELL(0.000 ns) = 0.000 ns; Loc. = LCFF_X14_Y20_N21; Fanout = 3; REG Node = 'master:inst|inst29'
        Info: 2: + IC(0.000 ns) + CELL(0.333 ns) = 0.333 ns; Loc. = LCCOMB_X14_Y20_N20; Fanout = 1; COMB Node = 'master:inst|inst29~0'
        Info: 3: + IC(0.000 ns) + CELL(0.155 ns) = 0.488 ns; Loc. = LCFF_X14_Y20_N21; Fanout = 3; REG Node = 'master:inst|inst29'
        Info: Total cell delay = 0.488 ns ( 100.00 % )
    Info: - Smallest clock skew is -7.592 ns
        Info: + Shortest clock path from clock "REQ[0]" to destination register is 11.521 ns
            Info: 1: + IC(0.000 ns) + CELL(0.854 ns) = 0.854 ns; Loc. = PIN_N20; Fanout = 2; CLK Node = 'REQ[0]'
            Info: 2: + IC(1.849 ns) + CELL(0.053 ns) = 2.756 ns; Loc. = LCCOMB_X14_Y25_N16; Fanout = 1; COMB Node = 'master:inst9|inst32'
            Info: 3: + IC(0.516 ns) + CELL(0.712 ns) = 3.984 ns; Loc. = LCFF_X14_Y24_N25; Fanout = 5; REG Node = 'master:inst9|inst30'
            Info: 4: + IC(0.624 ns) + CELL(0.272 ns) = 4.880 ns; Loc. = LCCOMB_X14_Y21_N20; Fanout = 1; COMB Node = 'master:inst9|inst45'
            Info: 5: + IC(0.574 ns) + CELL(0.712 ns) = 6.166 ns; Loc. = LCFF_X15_Y22_N29; Fanout = 20; REG Node = 'master:inst9|inst44'
            Info: 6: + IC(0.814 ns) + CELL(0.357 ns) = 7.337 ns; Loc. = LCCOMB_X18_Y20_N20; Fanout = 11; COMB Node = 'master:inst|lpm_bustri2:inst43|lpm_bustri:lpm_bustri_component|dout[0]~1'
            Info: 7: + IC(0.646 ns) + CELL(0.053 ns) = 8.036 ns; Loc. = LCCOMB_X18_Y24_N14; Fanout = 1; COMB Node = 'slave:inst11|inst2'
            Info: 8: + IC(0.211 ns) + CELL(0.712 ns) = 8.959 ns; Loc. = LCFF_X18_Y24_N23; Fanout = 9; REG Node = 'slave:inst11|inst51'
            Info: 9: + IC(0.626 ns) + CELL(0.053 ns) = 9.638 ns; Loc. = LCCOMB_X18_Y21_N14; Fanout = 2; COMB Node = 'slave:inst1|lpm_bustri2:inst43|lpm_bustri:lpm_bustri_component|dout[0]~4'
            Info: 10: + IC(0.206 ns) + CELL(0.053 ns) = 9.897 ns; Loc. = LCCOMB_X18_Y21_N26; Fanout = 6; COMB Node = 'slave:inst1|lpm_bustri2:inst43|lpm_bustri:lpm_bustri_component|dout[0]~5'
            Info: 11: + IC(0.735 ns) + CELL(0.053 ns) = 10.685 ns; Loc. = LCCOMB_X14_Y20_N28; Fanout = 1; COMB Node = 'master:inst|inst25'
            Info: 12: + IC(0.218 ns) + CELL(0.618 ns) = 11.521 ns; Loc. = LCFF_X14_Y20_N21; Fanout = 3; REG Node = 'master:inst|inst29'
            Info: Total cell delay = 4.502 ns ( 39.08 % )
            Info: Total interconnect delay = 7.019 ns ( 60.92 % )
        Info: - Longest clock path from clock "REQ[0]" to source register is 19.113 ns
            Info: 1: + IC(0.000 ns) + CELL(0.854 ns) = 0.854 ns; Loc. = PIN_N20; Fanout = 2; CLK Node = 'REQ[0]'
            Info: 2: + IC(1.849 ns) + CELL(0.053 ns) = 2.756 ns; Loc. = LCCOMB_X14_Y25_N16; Fanout = 1; COMB Node = 'master:inst9|inst32'
            Info: 3: + IC(0.516 ns) + CELL(0.712 ns) = 3.984 ns; Loc. = LCFF_X14_Y24_N25; Fanout = 5; REG Node = 'master:inst9|inst30'
            Info: 4: + IC(0.647 ns) + CELL(0.366 ns) = 4.997 ns; Loc. = LCCOMB_X14_Y21_N26; Fanout = 1; COMB Node = 'arbiter:inst4|inst13'
            Info: 5: + IC(0.551 ns) + CELL(0.712 ns) = 6.260 ns; Loc. = LCFF_X14_Y18_N9; Fanout = 4; REG Node = 'arbiter:inst4|inst14'
            Info: 6: + IC(0.587 ns) + CELL(0.053 ns) = 6.900 ns; Loc. = LCCOMB_X14_Y21_N20; Fanout = 1; COMB Node = 'master:inst9|inst45'
            Info: 7: + IC(0.574 ns) + CELL(0.712 ns) = 8.186 ns; Loc. = LCFF_X15_Y22_N29; Fanout = 20; REG Node = 'master:inst9|inst44'
            Info: 8: + IC(0.823 ns) + CELL(0.228 ns) = 9.237 ns; Loc. = LCCOMB_X17_Y20_N4; Fanout = 50; COMB Node = 'inst13'
            Info: 9: + IC(0.748 ns) + CELL(0.053 ns) = 10.038 ns; Loc. = LCCOMB_X14_Y21_N14; Fanout = 1; COMB Node = 'arbiter:inst4|inst11'
            Info: 10: + IC(0.594 ns) + CELL(0.712 ns) = 11.344 ns; Loc. = LCFF_X13_Y19_N9; Fanout = 5; REG Node = 'arbiter:inst4|inst10'
            Info: 11: + IC(0.590 ns) + CELL(0.272 ns) = 12.206 ns; Loc. = LCCOMB_X14_Y20_N18; Fanout = 1; COMB Node = 'master:inst|inst45'
            Info: 12: + IC(0.675 ns) + CELL(0.712 ns) = 13.593 ns; Loc. = LCFF_X21_Y20_N23; Fanout = 14; REG Node = 'master:inst|inst44'
            Info: 13: + IC(0.548 ns) + CELL(0.053 ns) = 14.194 ns; Loc. = LCCOMB_X18_Y20_N20; Fanout = 11; COMB Node = 'master:inst|lpm_bustri2:inst43|lpm_bustri:lpm_bustri_component|dout[0]~1'
            Info: 14: + IC(0.619 ns) + CELL(0.053 ns) = 14.866 ns; Loc. = LCCOMB_X18_Y18_N6; Fanout = 1; COMB Node = 'slave:inst1|inst2'
            Info: 15: + IC(0.221 ns) + CELL(0.712 ns) = 15.799 ns; Loc. = LCFF_X18_Y18_N25; Fanout = 9; REG Node = 'slave:inst1|inst51'
            Info: 16: + IC(0.644 ns) + CELL(0.346 ns) = 16.789 ns; Loc. = LCCOMB_X18_Y21_N16; Fanout = 2; COMB Node = 'slave:inst1|lpm_bustri2:inst43|lpm_bustri:lpm_bustri_component|dout[0]~2'
            Info: 17: + IC(0.354 ns) + CELL(0.346 ns) = 17.489 ns; Loc. = LCCOMB_X18_Y21_N26; Fanout = 6; COMB Node = 'slave:inst1|lpm_bustri2:inst43|lpm_bustri:lpm_bustri_component|dout[0]~5'
            Info: 18: + IC(0.735 ns) + CELL(0.053 ns) = 18.277 ns; Loc. = LCCOMB_X14_Y20_N28; Fanout = 1; COMB Node = 'master:inst|inst25'
            Info: 19: + IC(0.218 ns) + CELL(0.618 ns) = 19.113 ns; Loc. = LCFF_X14_Y20_N21; Fanout = 3; REG Node = 'master:inst|inst29'
            Info: Total cell delay = 7.620 ns ( 39.87 % )
            Info: Total interconnect delay = 11.493 ns ( 60.13 % )
    Info: + Micro clock to output delay of source is 0.094 ns
    Info: + Micro setup delay of destination is 0.090 ns
Info: Clock "clk" has Internal fmax of 31.58 MHz between source register "master:inst9|inst20" and destination register "master:inst9|lpm_counter0:inst14|lpm_counter:lpm_counter_component|cntr_4pi:auto_generated|safe_q[2]" (period= 31.67 ns)
    Info: + Longest register to register delay is 1.322 ns
        Info: 1: + IC(0.000 ns) + CELL(0.000 ns) = 0.000 ns; Loc. = LCFF_X13_Y26_N11; Fanout = 3; REG Node = 'master:inst9|inst20'
        Info: 2: + IC(0.209 ns) + CELL(0.053 ns) = 0.262 ns; Loc. = LCCOMB_X13_Y26_N0; Fanout = 3; COMB Node = 'master:inst9|lpm_counter0:inst14|lpm_counter:lpm_counter_component|cntr_4pi:auto_generated|_~0'
        Info: 3: + IC(0.314 ns) + CELL(0.746 ns) = 1.322 ns; Loc. = LCFF_X14_Y26_N27; Fanout = 4; REG Node = 'master:inst9|lpm_counter0:inst14|lpm_counter:lpm_counter_component|cntr_4pi:auto_generated|safe_q[2]'
        Info: Total cell delay = 0.799 ns ( 60.44 % )
        Info: Total interconnect delay = 0.523 ns ( 39.56 % )
    Info: - Smallest clock skew is -14.329 ns
        Info: + Shortest clock path from clock "clk" to destination register is 2.282 ns
            Info: 1: + IC(0.000 ns) + CELL(0.807 ns) = 0.807 ns; Loc. = PIN_H12; Fanout = 59; CLK Node = 'clk'
            Info: 2: + IC(0.857 ns) + CELL(0.618 ns) = 2.282 ns; Loc. = LCFF_X14_Y26_N27; Fanout = 4; REG Node = 'master:inst9|lpm_counter0:inst14|lpm_counter:lpm_counter_component|cntr_4pi:auto_generated|safe_q[2]'
            Info: Total cell delay = 1.425 ns ( 62.45 % )
            Info: Total interconnect delay = 0.857 ns ( 37.55 % )
        Info: - Longest clock path from clock "clk" to source register is 16.611 ns
            Info: 1: + IC(0.000 ns) + CELL(0.807 ns) = 0.807 ns; Loc. = PIN_H12; Fanout = 59; CLK Node = 'clk'
            Info: 2: + IC(1.085 ns) + CELL(0.225 ns) = 2.117 ns; Loc. = LCCOMB_X14_Y21_N26; Fanout = 1; COMB Node = 'arbiter:inst4|inst13'
            Info: 3: + IC(0.551 ns) + CELL(0.712 ns) = 3.380 ns; Loc. = LCFF_X14_Y18_N9; Fanout = 4; REG Node = 'arbiter:inst4|inst14'
            Info: 4: + IC(0.587 ns) + CELL(0.053 ns) = 4.020 ns; Loc. = LCCOMB_X14_Y21_N20; Fanout = 1; COMB Node = 'master:inst9|inst45'
            Info: 5: + IC(0.574 ns) + CELL(0.712 ns) = 5.306 ns; Loc. = LCFF_X15_Y22_N29; Fanout = 20; REG Node = 'master:inst9|inst44'
            Info: 6: + IC(0.823 ns) + CELL(0.228 ns) = 6.357 ns; Loc. = LCCOMB_X17_Y20_N4; Fanout = 50; COMB Node = 'inst13'
            Info: 7: + IC(0.748 ns) + CELL(0.053 ns) = 7.158 ns; Loc. = LCCOMB_X14_Y21_N14; Fanout = 1; COMB Node = 'arbiter:inst4|inst11'
            Info: 8: + IC(0.594 ns) + CELL(0.712 ns) = 8.464 ns; Loc. = LCFF_X13_Y19_N9; Fanout = 5; REG Node = 'arbiter:inst4|inst10'
            Info: 9: + IC(0.590 ns) + CELL(0.272 ns) = 9.326 ns; Loc. = LCCOMB_X14_Y20_N18; Fanout = 1; COMB Node = 'master:inst|inst45'
            Info: 10: + IC(0.675 ns) + CELL(0.712 ns) = 10.713 ns; Loc. = LCFF_X21_Y20_N23; Fanout = 14; REG Node = 'master:inst|inst44'
            Info: 11: + IC(0.548 ns) + CELL(0.053 ns) = 11.314 ns; Loc. = LCCOMB_X18_Y20_N20; Fanout = 11; COMB Node = 'master:inst|lpm_bustri2:inst43|lpm_bustri:lpm_bustri_component|dout[0]~1'
            Info: 12: + IC(0.619 ns) + CELL(0.053 ns) = 11.986 ns; Loc. = LCCOMB_X18_Y18_N6; Fanout = 1; COMB Node = 'slave:inst1|inst2'
            Info: 13: + IC(0.221 ns) + CELL(0.712 ns) = 12.919 ns; Loc. = LCFF_X18_Y18_N25; Fanout = 9; REG Node = 'slave:inst1|inst51'
            Info: 14: + IC(0.644 ns) + CELL(0.346 ns) = 13.909 ns; Loc. = LCCOMB_X18_Y21_N16; Fanout = 2; COMB Node = 'slave:inst1|lpm_bustri2:inst43|lpm_bustri:lpm_bustri_component|dout[0]~2'
            Info: 15: + IC(0.354 ns) + CELL(0.346 ns) = 14.609 ns; Loc. = LCCOMB_X18_Y21_N26; Fanout = 6; COMB Node = 'slave:inst1|lpm_bustri2:inst43|lpm_bustri:lpm_bustri_component|dout[0]~5'
            Info: 16: + IC(0.831 ns) + CELL(0.053 ns) = 15.493 ns; Loc. = LCCOMB_X14_Y25_N14; Fanout = 1; COMB Node = 'master:inst9|inst16'
            Info: 17: + IC(0.500 ns) + CELL(0.618 ns) = 16.611 ns; Loc. = LCFF_X13_Y26_N11; Fanout = 3; REG Node = 'master:inst9|inst20'
            Info: Total cell delay = 6.667 ns ( 40.14 % )
            Info: Total interconnect delay = 9.944 ns ( 59.86 % )
    Info: + Micro clock to output delay of source is 0.094 ns
    Info: + Micro setup delay of destination is 0.090 ns
    Info: Delay path is controlled by inverted clocks -- if clock duty cycle is 50%, fmax is divided by two
Warning: Circuit may not operate. Detected 173 non-operational path(s) clocked by clock "REQ[1]" with clock skew larger than data delay. See Compilation Report for details.
Info: Found hold time violation between source  pin or register "master:inst8|inst44" and destination pin or register "slave:inst12|lpm_dff0:inst3|lpm_ff:lpm_ff_component|dffs[0]" for clock "REQ[1]" (Hold time is 13.033 ns)
    Info: + Largest clock skew is 13.915 ns
        Info: + Longest clock path from clock "REQ[1]" to destination register is 19.179 ns
            Info: 1: + IC(0.000 ns) + CELL(0.864 ns) = 0.864 ns; Loc. = PIN_M21; Fanout = 2; CLK Node = 'REQ[1]'
            Info: 2: + IC(1.438 ns) + CELL(0.053 ns) = 2.355 ns; Loc. = LCCOMB_X14_Y21_N16; Fanout = 1; COMB Node = 'master:inst8|inst32'
            Info: 3: + IC(0.524 ns) + CELL(0.712 ns) = 3.591 ns; Loc. = LCFF_X14_Y22_N17; Fanout = 4; REG Node = 'master:inst8|inst30'
            Info: 4: + IC(0.576 ns) + CELL(0.053 ns) = 4.220 ns; Loc. = LCCOMB_X14_Y21_N2; Fanout = 3; COMB Node = 'inst14'
            Info: 5: + IC(0.415 ns) + CELL(0.228 ns) = 4.863 ns; Loc. = LCCOMB_X14_Y21_N26; Fanout = 1; COMB Node = 'arbiter:inst4|inst13'
            Info: 6: + IC(0.551 ns) + CELL(0.712 ns) = 6.126 ns; Loc. = LCFF_X14_Y18_N9; Fanout = 4; REG Node = 'arbiter:inst4|inst14'
            Info: 7: + IC(0.587 ns) + CELL(0.053 ns) = 6.766 ns; Loc. = LCCOMB_X14_Y21_N20; Fanout = 1; COMB Node = 'master:inst9|inst45'
            Info: 8: + IC(0.574 ns) + CELL(0.712 ns) = 8.052 ns; Loc. = LCFF_X15_Y22_N29; Fanout = 20; REG Node = 'master:inst9|inst44'
            Info: 9: + IC(0.823 ns) + CELL(0.228 ns) = 9.103 ns; Loc. = LCCOMB_X17_Y20_N4; Fanout = 50; COMB Node = 'inst13'
            Info: 10: + IC(0.748 ns) + CELL(0.053 ns) = 9.904 ns; Loc. = LCCOMB_X14_Y21_N14; Fanout = 1; COMB Node = 'arbiter:inst4|inst11'
            Info: 11: + IC(0.594 ns) + CELL(0.712 ns) = 11.210 ns; Loc. = LCFF_X13_Y19_N9; Fanout = 5; REG Node = 'arbiter:inst4|inst10'
            Info: 12: + IC(0.590 ns) + CELL(0.272 ns) = 12.072 ns; Loc. = LCCOMB_X14_Y20_N18; Fanout = 1; COMB Node = 'master:inst|inst45'
            Info: 13: + IC(0.675 ns) + CELL(0.712 ns) = 13.459 ns; Loc. = LCFF_X21_Y20_N23; Fanout = 14; REG Node = 'master:inst|inst44'
            Info: 14: + IC(0.548 ns) + CELL(0.053 ns) = 14.060 ns; Loc. = LCCOMB_X18_Y20_N20; Fanout = 11; COMB Node = 'master:inst|lpm_bustri2:inst43|lpm_bustri:lpm_bustri_component|dout[0]~1'
            Info: 15: + IC(0.634 ns) + CELL(0.225 ns) = 14.919 ns; Loc. = LCCOMB_X18_Y21_N12; Fanout = 1; COMB Node = 'slave:inst12|inst2'
            Info: 16: + IC(0.374 ns) + CELL(0.712 ns) = 16.005 ns; Loc. = LCFF_X18_Y21_N3; Fanout = 10; REG Node = 'slave:inst12|inst51'
            Info: 17: + IC(0.250 ns) + CELL(0.225 ns) = 16.480 ns; Loc. = LCCOMB_X18_Y21_N0; Fanout = 1; COMB Node = 'slave:inst12|inst52'
            Info: 18: + IC(1.444 ns) + CELL(0.000 ns) = 17.924 ns; Loc. = CLKCTRL_G14; Fanout = 8; COMB Node = 'slave:inst12|inst52~clkctrl'
            Info: 19: + IC(0.637 ns) + CELL(0.618 ns) = 19.179 ns; Loc. = LCFF_X17_Y22_N3; Fanout = 1; REG Node = 'slave:inst12|lpm_dff0:inst3|lpm_ff:lpm_ff_component|dffs[0]'
            Info: Total cell delay = 7.197 ns ( 37.53 % )
            Info: Total interconnect delay = 11.982 ns ( 62.47 % )
        Info: - Shortest clock path from clock "REQ[1]" to source register is 5.264 ns
            Info: 1: + IC(0.000 ns) + CELL(0.864 ns) = 0.864 ns; Loc. = PIN_M21; Fanout = 2; CLK Node = 'REQ[1]'
            Info: 2: + IC(1.438 ns) + CELL(0.053 ns) = 2.355 ns; Loc. = LCCOMB_X14_Y21_N16; Fanout = 1; COMB Node = 'master:inst8|inst32'
            Info: 3: + IC(0.524 ns) + CELL(0.712 ns) = 3.591 ns; Loc. = LCFF_X14_Y22_N17; Fanout = 4; REG Node = 'master:inst8|inst30'
            Info: 4: + IC(0.791 ns) + CELL(0.053 ns) = 4.435 ns; Loc. = LCCOMB_X17_Y20_N14; Fanout = 1; COMB Node = 'master:inst8|inst45'
            Info: 5: + IC(0.211 ns) + CELL(0.618 ns) = 5.264 ns; Loc. = LCFF_X17_Y20_N13; Fanout = 20; REG Node = 'master:inst8|inst44'
            Info: Total cell delay = 2.300 ns ( 43.69 % )
            Info: Total interconnect delay = 2.964 ns ( 56.31 % )
    Info: - Micro clock to output delay of source is 0.094 ns
    Info: - Shortest register to register delay is 0.937 ns
        Info: 1: + IC(0.000 ns) + CELL(0.000 ns) = 0.000 ns; Loc. = LCFF_X17_Y20_N13; Fanout = 20; REG Node = 'master:inst8|inst44'
        Info: 2: + IC(0.628 ns) + CELL(0.154 ns) = 0.782 ns; Loc. = LCCOMB_X17_Y22_N2; Fanout = 1; COMB Node = 'slave:inst12|lpm_dff0:inst3|lpm_ff:lpm_ff_component|dffs[0]~7'
        Info: 3: + IC(0.000 ns) + CELL(0.155 ns) = 0.937 ns; Loc. = LCFF_X17_Y22_N3; Fanout = 1; REG Node = 'slave:inst12|lpm_dff0:inst3|lpm_ff:lpm_ff_component|dffs[0]'
        Info: Total cell delay = 0.309 ns ( 32.98 % )
        Info: Total interconnect delay = 0.628 ns ( 67.02 % )
    Info: + Micro hold delay of destination is 0.149 ns
Warning: Circuit may not operate. Detected 173 non-operational path(s) clocked by clock "REQ[2]" with clock skew larger than data delay. See Compilation Report for details.
Info: Found hold time violation between source  pin or register "master:inst8|inst44" and destination pin or register "slave:inst12|lpm_dff0:inst3|lpm_ff:lpm_ff_component|dffs[0]" for clock "REQ[2]" (Hold time is 13.199 ns)
    Info: + Largest clock skew is 14.081 ns
        Info: + Longest clock path from clock "REQ[2]" to destination register is 19.354 ns
            Info: 1: + IC(0.000 ns) + CELL(0.864 ns) = 0.864 ns; Loc. = PIN_M2; Fanout = 2; CLK Node = 'REQ[2]'
            Info: 2: + IC(1.468 ns) + CELL(0.225 ns) = 2.557 ns; Loc. = LCCOMB_X14_Y20_N24; Fanout = 1; COMB Node = 'master:inst|inst32'
            Info: 3: + IC(0.310 ns) + CELL(0.712 ns) = 3.579 ns; Loc. = LCFF_X13_Y20_N1; Fanout = 5; REG Node = 'master:inst|inst30'
            Info: 4: + IC(0.588 ns) + CELL(0.228 ns) = 4.395 ns; Loc. = LCCOMB_X14_Y21_N2; Fanout = 3; COMB Node = 'inst14'
            Info: 5: + IC(0.415 ns) + CELL(0.228 ns) = 5.038 ns; Loc. = LCCOMB_X14_Y21_N26; Fanout = 1; COMB Node = 'arbiter:inst4|inst13'
            Info: 6: + IC(0.551 ns) + CELL(0.712 ns) = 6.301 ns; Loc. = LCFF_X14_Y18_N9; Fanout = 4; REG Node = 'arbiter:inst4|inst14'
            Info: 7: + IC(0.587 ns) + CELL(0.053 ns) = 6.941 ns; Loc. = LCCOMB_X14_Y21_N20; Fanout = 1; COMB Node = 'master:inst9|inst45'
            Info: 8: + IC(0.574 ns) + CELL(0.712 ns) = 8.227 ns; Loc. = LCFF_X15_Y22_N29; Fanout = 20; REG Node = 'master:inst9|inst44'
            Info: 9: + IC(0.823 ns) + CELL(0.228 ns) = 9.278 ns; Loc. = LCCOMB_X17_Y20_N4; Fanout = 50; COMB Node = 'inst13'
            Info: 10: + IC(0.748 ns) + CELL(0.053 ns) = 10.079 ns; Loc. = LCCOMB_X14_Y21_N14; Fanout = 1; COMB Node = 'arbiter:inst4|inst11'
            Info: 11: + IC(0.594 ns) + CELL(0.712 ns) = 11.385 ns; Loc. = LCFF_X13_Y19_N9; Fanout = 5; REG Node = 'arbiter:inst4|inst10'
            Info: 12: + IC(0.590 ns) + CELL(0.272 ns) = 12.247 ns; Loc. = LCCOMB_X14_Y20_N18; Fanout = 1; COMB Node = 'master:inst|inst45'
            Info: 13: + IC(0.675 ns) + CELL(0.712 ns) = 13.634 ns; Loc. = LCFF_X21_Y20_N23; Fanout = 14; REG Node = 'master:inst|inst44'
            Info: 14: + IC(0.548 ns) + CELL(0.053 ns) = 14.235 ns; Loc. = LCCOMB_X18_Y20_N20; Fanout = 11; COMB Node = 'master:inst|lpm_bustri2:inst43|lpm_bustri:lpm_bustri_component|dout[0]~1'
            Info: 15: + IC(0.634 ns) + CELL(0.225 ns) = 15.094 ns; Loc. = LCCOMB_X18_Y21_N12; Fanout = 1; COMB Node = 'slave:inst12|inst2'
            Info: 16: + IC(0.374 ns) + CELL(0.712 ns) = 16.180 ns; Loc. = LCFF_X18_Y21_N3; Fanout = 10; REG Node = 'slave:inst12|inst51'
            Info: 17: + IC(0.250 ns) + CELL(0.225 ns) = 16.655 ns; Loc. = LCCOMB_X18_Y21_N0; Fanout = 1; COMB Node = 'slave:inst12|inst52'
            Info: 18: + IC(1.444 ns) + CELL(0.000 ns) = 18.099 ns; Loc. = CLKCTRL_G14; Fanout = 8; COMB Node = 'slave:inst12|inst52~clkctrl'
            Info: 19: + IC(0.637 ns) + CELL(0.618 ns) = 19.354 ns; Loc. = LCFF_X17_Y22_N3; Fanout = 1; REG Node = 'slave:inst12|lpm_dff0:inst3|lpm_ff:lpm_ff_component|dffs[0]'
            Info: Total cell delay = 7.544 ns ( 38.98 % )
            Info: Total interconnect delay = 11.810 ns ( 61.02 % )
        Info: - Shortest clock path from clock "REQ[2]" to source register is 5.273 ns
            Info: 1: + IC(0.000 ns) + CELL(0.864 ns) = 0.864 ns; Loc. = PIN_M2; Fanout = 2; CLK Node = 'REQ[2]'
            Info: 2: + IC(1.468 ns) + CELL(0.225 ns) = 2.557 ns; Loc. = LCCOMB_X14_Y20_N24; Fanout = 1; COMB Node = 'master:inst|inst32'
            Info: 3: + IC(0.310 ns) + CELL(0.712 ns) = 3.579 ns; Loc. = LCFF_X13_Y20_N1; Fanout = 5; REG Node = 'master:inst|inst30'
            Info: 4: + IC(0.519 ns) + CELL(0.346 ns) = 4.444 ns; Loc. = LCCOMB_X17_Y20_N14; Fanout = 1; COMB Node = 'master:inst8|inst45'
            Info: 5: + IC(0.211 ns) + CELL(0.618 ns) = 5.273 ns; Loc. = LCFF_X17_Y20_N13; Fanout = 20; REG Node = 'master:inst8|inst44'
            Info: Total cell delay = 2.765 ns ( 52.44 % )
            Info: Total interconnect delay = 2.508 ns ( 47.56 % )
    Info: - Micro clock to output delay of source is 0.094 ns
    Info: - Shortest register to register delay is 0.937 ns
        Info: 1: + IC(0.000 ns) + CELL(0.000 ns) = 0.000 ns; Loc. = LCFF_X17_Y20_N13; Fanout = 20; REG Node = 'master:inst8|inst44'
        Info: 2: + IC(0.628 ns) + CELL(0.154 ns) = 0.782 ns; Loc. = LCCOMB_X17_Y22_N2; Fanout = 1; COMB Node = 'slave:inst12|lpm_dff0:inst3|lpm_ff:lpm_ff_component|dffs[0]~7'
        Info: 3: + IC(0.000 ns) + CELL(0.155 ns) = 0.937 ns; Loc. = LCFF_X17_Y22_N3; Fanout = 1; REG Node = 'slave:inst12|lpm_dff0:inst3|lpm_ff:lpm_ff_component|dffs[0]'
        Info: Total cell delay = 0.309 ns ( 32.98 % )
        Info: Total interconnect delay = 0.628 ns ( 67.02 % )
    Info: + Micro hold delay of destination is 0.149 ns
Warning: Circuit may not operate. Detected 132 non-operational path(s) clocked by clock "REQ[0]" with clock skew larger than data delay. See Compilation Report for details.
Info: Found hold time violation between source  pin or register "master:inst9|inst44" and destination pin or register "slave:inst10|lpm_dff0:inst3|lpm_ff:lpm_ff_component|dffs[1]" for clock "REQ[0]" (Hold time is 12.139 ns)
    Info: + Largest clock skew is 13.047 ns
        Info: + Longest clock path from clock "REQ[0]" to destination register is 19.119 ns
            Info: 1: + IC(0.000 ns) + CELL(0.854 ns) = 0.854 ns; Loc. = PIN_N20; Fanout = 2; CLK Node = 'REQ[0]'
            Info: 2: + IC(1.849 ns) + CELL(0.053 ns) = 2.756 ns; Loc. = LCCOMB_X14_Y25_N16; Fanout = 1; COMB Node = 'master:inst9|inst32'
            Info: 3: + IC(0.516 ns) + CELL(0.712 ns) = 3.984 ns; Loc. = LCFF_X14_Y24_N25; Fanout = 5; REG Node = 'master:inst9|inst30'
            Info: 4: + IC(0.647 ns) + CELL(0.366 ns) = 4.997 ns; Loc. = LCCOMB_X14_Y21_N26; Fanout = 1; COMB Node = 'arbiter:inst4|inst13'
            Info: 5: + IC(0.551 ns) + CELL(0.712 ns) = 6.260 ns; Loc. = LCFF_X14_Y18_N9; Fanout = 4; REG Node = 'arbiter:inst4|inst14'
            Info: 6: + IC(0.587 ns) + CELL(0.053 ns) = 6.900 ns; Loc. = LCCOMB_X14_Y21_N20; Fanout = 1; COMB Node = 'master:inst9|inst45'
            Info: 7: + IC(0.574 ns) + CELL(0.712 ns) = 8.186 ns; Loc. = LCFF_X15_Y22_N29; Fanout = 20; REG Node = 'master:inst9|inst44'
            Info: 8: + IC(0.823 ns) + CELL(0.228 ns) = 9.237 ns; Loc. = LCCOMB_X17_Y20_N4; Fanout = 50; COMB Node = 'inst13'
            Info: 9: + IC(0.748 ns) + CELL(0.053 ns) = 10.038 ns; Loc. = LCCOMB_X14_Y21_N14; Fanout = 1; COMB Node = 'arbiter:inst4|inst11'
            Info: 10: + IC(0.594 ns) + CELL(0.712 ns) = 11.344 ns; Loc. = LCFF_X13_Y19_N9; Fanout = 5; REG Node = 'arbiter:inst4|inst10'
            Info: 11: + IC(0.590 ns) + CELL(0.272 ns) = 12.206 ns; Loc. = LCCOMB_X14_Y20_N18; Fanout = 1; COMB Node = 'master:inst|inst45'
            Info: 12: + IC(0.675 ns) + CELL(0.712 ns) = 13.593 ns; Loc. = LCFF_X21_Y20_N23; Fanout = 14; REG Node = 'master:inst|inst44'
            Info: 13: + IC(0.548 ns) + CELL(0.053 ns) = 14.194 ns; Loc. = LCCOMB_X18_Y20_N20; Fanout = 11; COMB Node = 'master:inst|lpm_bustri2:inst43|lpm_bustri:lpm_bustri_component|dout[0]~1'
            Info: 14: + IC(0.561 ns) + CELL(0.154 ns) = 14.909 ns; Loc. = LCCOMB_X18_Y19_N18; Fanout = 1; COMB Node = 'slave:inst10|inst2'
            Info: 15: + IC(0.214 ns) + CELL(0.712 ns) = 15.835 ns; Loc. = LCFF_X18_Y19_N9; Fanout = 9; REG Node = 'slave:inst10|inst51'
            Info: 16: + IC(0.255 ns) + CELL(0.225 ns) = 16.315 ns; Loc. = LCCOMB_X18_Y19_N10; Fanout = 1; COMB Node = 'slave:inst10|inst52'
            Info: 17: + IC(1.531 ns) + CELL(0.000 ns) = 17.846 ns; Loc. = CLKCTRL_G15; Fanout = 8; COMB Node = 'slave:inst10|inst52~clkctrl'
            Info: 18: + IC(0.655 ns) + CELL(0.618 ns) = 19.119 ns; Loc. = LCFF_X11_Y22_N1; Fanout = 1; REG Node = 'slave:inst10|lpm_dff0:inst3|lpm_ff:lpm_ff_component|dffs[1]'
            Info: Total cell delay = 7.201 ns ( 37.66 % )
            Info: Total interconnect delay = 11.918 ns ( 62.34 % )
        Info: - Shortest clock path from clock "REQ[0]" to source register is 6.072 ns
            Info: 1: + IC(0.000 ns) + CELL(0.854 ns) = 0.854 ns; Loc. = PIN_N20; Fanout = 2; CLK Node = 'REQ[0]'
            Info: 2: + IC(1.849 ns) + CELL(0.053 ns) = 2.756 ns; Loc. = LCCOMB_X14_Y25_N16; Fanout = 1; COMB Node = 'master:inst9|inst32'
            Info: 3: + IC(0.516 ns) + CELL(0.712 ns) = 3.984 ns; Loc. = LCFF_X14_Y24_N25; Fanout = 5; REG Node = 'master:inst9|inst30'
            Info: 4: + IC(0.624 ns) + CELL(0.272 ns) = 4.880 ns; Loc. = LCCOMB_X14_Y21_N20; Fanout = 1; COMB Node = 'master:inst9|inst45'
            Info: 5: + IC(0.574 ns) + CELL(0.618 ns) = 6.072 ns; Loc. = LCFF_X15_Y22_N29; Fanout = 20; REG Node = 'master:inst9|inst44'
            Info: Total cell delay = 2.509 ns ( 41.32 % )
            Info: Total interconnect delay = 3.563 ns ( 58.68 % )
    Info: - Micro clock to output delay of source is 0.094 ns
    Info: - Shortest register to register delay is 0.963 ns
        Info: 1: + IC(0.000 ns) + CELL(0.000 ns) = 0.000 ns; Loc. = LCFF_X15_Y22_N29; Fanout = 20; REG Node = 'master:inst9|inst44'
        Info: 2: + IC(0.755 ns) + CELL(0.053 ns) = 0.808 ns; Loc. = LCCOMB_X11_Y22_N0; Fanout = 1; COMB Node = 'slave:inst10|lpm_dff0:inst3|lpm_ff:lpm_ff_component|dffs[1]~6'
        Info: 3: + IC(0.000 ns) + CELL(0.155 ns) = 0.963 ns; Loc. = LCFF_X11_Y22_N1; Fanout = 1; REG Node = 'slave:inst10|lpm_dff0:inst3|lpm_ff:lpm_ff_component|dffs[1]'
        Info: Total cell delay = 0.208 ns ( 21.60 % )
        Info: Total interconnect delay = 0.755 ns ( 78.40 % )
    Info: + Micro hold delay of destination is 0.149 ns
Warning: Circuit may not operate. Detected 166 non-operational path(s) clocked by clock "clk" with clock skew larger than data delay. See Compilation Report for details.
Info: Found hold time violation between source  pin or register "master:inst9|inst44" and destination pin or register "slave:inst11|lpm_dff0:inst3|lpm_ff:lpm_ff_component|dffs[1]" for clock "clk" (Hold time is 12.723 ns)
    Info: + Largest clock skew is 13.602 ns
        Info: + Longest clock path from clock "clk" to destination register is 18.213 ns
            Info: 1: + IC(0.000 ns) + CELL(0.807 ns) = 0.807 ns; Loc. = PIN_H12; Fanout = 59; CLK Node = 'clk'
            Info: 2: + IC(1.072 ns) + CELL(0.712 ns) = 2.591 ns; Loc. = LCFF_X17_Y24_N29; Fanout = 4; REG Node = 'slave:inst11|lpm_counter0:inst6|lpm_counter:lpm_counter_component|cntr_4pi:auto_generated|safe_q[0]'
            Info: 3: + IC(0.355 ns) + CELL(0.346 ns) = 3.292 ns; Loc. = LCCOMB_X18_Y24_N28; Fanout = 5; COMB Node = 'slave:inst11|lpm_compare0:inst5|lpm_compare:lpm_compare_component|cmpr_aig:auto_generated|aneb_result_wire[0]'
            Info: 4: + IC(0.229 ns) + CELL(0.154 ns) = 3.675 ns; Loc. = LCCOMB_X18_Y24_N4; Fanout = 1; COMB Node = 'slave:inst11|inst42'
            Info: 5: + IC(0.306 ns) + CELL(0.712 ns) = 4.693 ns; Loc. = LCFF_X19_Y24_N23; Fanout = 3; REG Node = 'slave:inst11|inst41'
            Info: 6: + IC(10.839 ns) + CELL(0.225 ns) = 15.757 ns; Loc. = LCCOMB_X18_Y24_N20; Fanout = 1; COMB Node = 'slave:inst11|inst52'
            Info: 7: + IC(1.188 ns) + CELL(0.000 ns) = 16.945 ns; Loc. = CLKCTRL_G12; Fanout = 8; COMB Node = 'slave:inst11|inst52~clkctrl'
            Info: 8: + IC(0.650 ns) + CELL(0.618 ns) = 18.213 ns; Loc. = LCFF_X21_Y22_N17; Fanout = 1; REG Node = 'slave:inst11|lpm_dff0:inst3|lpm_ff:lpm_ff_component|dffs[1]'
            Info: Total cell delay = 3.574 ns ( 19.62 % )
            Info: Total interconnect delay = 14.639 ns ( 80.38 % )
        Info: - Shortest clock path from clock "clk" to source register is 4.611 ns
            Info: 1: + IC(0.000 ns) + CELL(0.807 ns) = 0.807 ns; Loc. = PIN_H12; Fanout = 59; CLK Node = 'clk'
            Info: 2: + IC(0.857 ns) + CELL(0.712 ns) = 2.376 ns; Loc. = LCFF_X14_Y26_N27; Fanout = 4; REG Node = 'master:inst9|lpm_counter0:inst14|lpm_counter:lpm_counter_component|cntr_4pi:auto_generated|safe_q[2]'
            Info: 3: + IC(0.889 ns) + CELL(0.154 ns) = 3.419 ns; Loc. = LCCOMB_X14_Y21_N20; Fanout = 1; COMB Node = 'master:inst9|inst45'
            Info: 4: + IC(0.574 ns) + CELL(0.618 ns) = 4.611 ns; Loc. = LCFF_X15_Y22_N29; Fanout = 20; REG Node = 'master:inst9|inst44'
            Info: Total cell delay = 2.291 ns ( 49.69 % )
            Info: Total interconnect delay = 2.320 ns ( 50.31 % )
    Info: - Micro clock to output delay of source is 0.094 ns
    Info: - Shortest register to register delay is 0.934 ns
        Info: 1: + IC(0.000 ns) + CELL(0.000 ns) = 0.000 ns; Loc. = LCFF_X15_Y22_N29; Fanout = 20; REG Node = 'master:inst9|inst44'
        Info: 2: + IC(0.726 ns) + CELL(0.053 ns) = 0.779 ns; Loc. = LCCOMB_X21_Y22_N16; Fanout = 1; COMB Node = 'slave:inst11|lpm_dff0:inst3|lpm_ff:lpm_ff_component|dffs[1]~6'
        Info: 3: + IC(0.000 ns) + CELL(0.155 ns) = 0.934 ns; Loc. = LCFF_X21_Y22_N17; Fanout = 1; REG Node = 'slave:inst11|lpm_dff0:inst3|lpm_ff:lpm_ff_component|dffs[1]'
        Info: Total cell delay = 0.208 ns ( 22.27 % )
        Info: Total interconnect delay = 0.726 ns ( 77.73 % )
    Info: + Micro hold delay of destination is 0.149 ns
Info: tco from clock "REQ[2]" to destination pin "slave_data5[3]" through register "slave:inst7|lpm_dff0:inst3|lpm_ff:lpm_ff_component|dffs[3]" is 23.513 ns
    Info: + Longest clock path from clock "REQ[2]" to source register is 19.003 ns
        Info: 1: + IC(0.000 ns) + CELL(0.864 ns) = 0.864 ns; Loc. = PIN_M2; Fanout = 2; CLK Node = 'REQ[2]'
        Info: 2: + IC(1.468 ns) + CELL(0.225 ns) = 2.557 ns; Loc. = LCCOMB_X14_Y20_N24; Fanout = 1; COMB Node = 'master:inst|inst32'
        Info: 3: + IC(0.310 ns) + CELL(0.712 ns) = 3.579 ns; Loc. = LCFF_X13_Y20_N1; Fanout = 5; REG Node = 'master:inst|inst30'
        Info: 4: + IC(0.588 ns) + CELL(0.228 ns) = 4.395 ns; Loc. = LCCOMB_X14_Y21_N2; Fanout = 3; COMB Node = 'inst14'
        Info: 5: + IC(0.415 ns) + CELL(0.228 ns) = 5.038 ns; Loc. = LCCOMB_X14_Y21_N26; Fanout = 1; COMB Node = 'arbiter:inst4|inst13'
        Info: 6: + IC(0.551 ns) + CELL(0.712 ns) = 6.301 ns; Loc. = LCFF_X14_Y18_N9; Fanout = 4; REG Node = 'arbiter:inst4|inst14'
        Info: 7: + IC(0.587 ns) + CELL(0.053 ns) = 6.941 ns; Loc. = LCCOMB_X14_Y21_N20; Fanout = 1; COMB Node = 'master:inst9|inst45'
        Info: 8: + IC(0.574 ns) + CELL(0.712 ns) = 8.227 ns; Loc. = LCFF_X15_Y22_N29; Fanout = 20; REG Node = 'master:inst9|inst44'
        Info: 9: + IC(0.823 ns) + CELL(0.228 ns) = 9.278 ns; Loc. = LCCOMB_X17_Y20_N4; Fanout = 50; COMB Node = 'inst13'
        Info: 10: + IC(0.748 ns) + CELL(0.053 ns) = 10.079 ns; Loc. = LCCOMB_X14_Y21_N14; Fanout = 1; COMB Node = 'arbiter:inst4|inst11'
        Info: 11: + IC(0.594 ns) + CELL(0.712 ns) = 11.385 ns; Loc. = LCFF_X13_Y19_N9; Fanout = 5; REG Node = 'arbiter:inst4|inst10'
        Info: 12: + IC(0.590 ns) + CELL(0.272 ns) = 12.247 ns; Loc. = LCCOMB_X14_Y20_N18; Fanout = 1; COMB Node = 'master:inst|inst45'
        Info: 13: + IC(0.675 ns) + CELL(0.712 ns) = 13.634 ns; Loc. = LCFF_X21_Y20_N23; Fanout = 14; REG Node = 'master:inst|inst44'
        Info: 14: + IC(0.548 ns) + CELL(0.053 ns) = 14.235 ns; Loc. = LCCOMB_X18_Y20_N20; Fanout = 11; COMB Node = 'master:inst|lpm_bustri2:inst43|lpm_bustri:lpm_bustri_component|dout[0]~1'
        Info: 15: + IC(0.660 ns) + CELL(0.154 ns) = 15.049 ns; Loc. = LCCOMB_X18_Y23_N30; Fanout = 1; COMB Node = 'slave:inst7|inst2'
        Info: 16: + IC(0.212 ns) + CELL(0.712 ns) = 15.973 ns; Loc. = LCFF_X18_Y23_N11; Fanout = 9; REG Node = 'slave:inst7|inst51'
        Info: 17: + IC(0.313 ns) + CELL(0.225 ns) = 16.511 ns; Loc. = LCCOMB_X18_Y23_N8; Fanout = 1; COMB Node = 'slave:inst7|inst52'
        Info: 18: + IC(1.222 ns) + CELL(0.000 ns) = 17.733 ns; Loc. = CLKCTRL_G13; Fanout = 8; COMB Node = 'slave:inst7|inst52~clkctrl'
        Info: 19: + IC(0.652 ns) + CELL(0.618 ns) = 19.003 ns; Loc. = LCFF_X29_Y23_N9; Fanout = 1; REG Node = 'slave:inst7|lpm_dff0:inst3|lpm_ff:lpm_ff_component|dffs[3]'
        Info: Total cell delay = 7.473 ns ( 39.33 % )
        Info: Total interconnect delay = 11.530 ns ( 60.67 % )
    Info: + Micro clock to output delay of source is 0.094 ns
    Info: + Longest register to pin delay is 4.416 ns
        Info: 1: + IC(0.000 ns) + CELL(0.000 ns) = 0.000 ns; Loc. = LCFF_X29_Y23_N9; Fanout = 1; REG Node = 'slave:inst7|lpm_dff0:inst3|lpm_ff:lpm_ff_component|dffs[3]'
        Info: 2: + IC(2.380 ns) + CELL(2.036 ns) = 4.416 ns; Loc. = PIN_W9; Fanout = 0; PIN Node = 'slave_data5[3]'
        Info: Total cell delay = 2.036 ns ( 46.11 % )
        Info: Total interconnect delay = 2.380 ns ( 53.89 % )
Info: Quartus II Classic Timing Analyzer was successful. 0 errors, 6 warnings
    Info: Peak virtual memory: 190 megabytes
    Info: Processing ended: Thu Feb 22 18:50:09 2024
    Info: Elapsed time: 00:00:01
    Info: Total CPU time (on all processors): 00:00:01


