Analysis & Synthesis report for lab8
Thu Mar 21 19:26:26 2024
Quartus II Version 9.1 Build 222 10/21/2009 SJ Web Edition


---------------------
; Table of Contents ;
---------------------
  1. Legal Notice
  2. Analysis & Synthesis Summary
  3. Analysis & Synthesis Settings
  4. Parallel Compilation
  5. Analysis & Synthesis Source Files Read
  6. Analysis & Synthesis Resource Usage Summary
  7. Analysis & Synthesis Resource Utilization by Entity
  8. Analysis & Synthesis RAM Summary
  9. General Register Statistics
 10. Source assignments for cache:inst|lpm_counter1:inst22|lpm_counter:lpm_counter_component
 11. Source assignments for cache:inst|lpm_counter2:inst133|lpm_counter:lpm_counter_component
 12. Source assignments for cache:inst|lpm_counter0:inst|lpm_counter:lpm_counter_component
 13. Source assignments for lpm_ram_dq0:inst1|altsyncram:altsyncram_component|altsyncram_l9a1:auto_generated
 14. Parameter Settings for User Entity Instance: cache:inst|lpm_compare1:inst34|lpm_compare:lpm_compare_component
 15. Parameter Settings for User Entity Instance: cache:inst|lpm_dff0:inst33|lpm_ff:lpm_ff_component
 16. Parameter Settings for User Entity Instance: cache:inst|lpm_compare0:inst21|lpm_compare:lpm_compare_component
 17. Parameter Settings for User Entity Instance: cache:inst|lpm_counter1:inst22|lpm_counter:lpm_counter_component
 18. Parameter Settings for User Entity Instance: cache:inst|lpm_compare2:inst134|lpm_compare:lpm_compare_component
 19. Parameter Settings for User Entity Instance: cache:inst|lpm_counter2:inst133|lpm_counter:lpm_counter_component
 20. Parameter Settings for User Entity Instance: cache:inst|lpm_decode0:inst11|lpm_decode:lpm_decode_component
 21. Parameter Settings for User Entity Instance: cache:inst|lpm_counter0:inst|lpm_counter:lpm_counter_component
 22. Parameter Settings for User Entity Instance: cache:inst|lpm_compare1:inst46|lpm_compare:lpm_compare_component
 23. Parameter Settings for User Entity Instance: cache:inst|lpm_dff0:inst45|lpm_ff:lpm_ff_component
 24. Parameter Settings for User Entity Instance: cache:inst|lpm_compare1:inst52|lpm_compare:lpm_compare_component
 25. Parameter Settings for User Entity Instance: cache:inst|lpm_dff0:inst51|lpm_ff:lpm_ff_component
 26. Parameter Settings for User Entity Instance: cache:inst|lpm_compare1:inst40|lpm_compare:lpm_compare_component
 27. Parameter Settings for User Entity Instance: cache:inst|lpm_dff0:inst39|lpm_ff:lpm_ff_component
 28. Parameter Settings for User Entity Instance: cache:inst|lpm_bustri5:inst125|lpm_bustri:lpm_bustri_component
 29. Parameter Settings for User Entity Instance: cache:inst|lpm_bustri5:inst126|lpm_bustri:lpm_bustri_component
 30. Parameter Settings for User Entity Instance: cache:inst|lpm_bustri2:inst119|lpm_bustri:lpm_bustri_component
 31. Parameter Settings for User Entity Instance: cache:inst|lpm_bustri2:inst120|lpm_bustri:lpm_bustri_component
 32. Parameter Settings for User Entity Instance: cache:inst|lpm_bustri3:inst124|lpm_bustri:lpm_bustri_component
 33. Parameter Settings for User Entity Instance: cache:inst|lpm_bustri1:inst57|lpm_bustri:lpm_bustri_component
 34. Parameter Settings for User Entity Instance: cache:inst|lpm_decode1:inst28|lpm_decode:lpm_decode_component
 35. Parameter Settings for User Entity Instance: cache:inst|lpm_bustri0:inst29|lpm_bustri:lpm_bustri_component
 36. Parameter Settings for User Entity Instance: cache:inst|lpm_bustri0:inst30|lpm_bustri:lpm_bustri_component
 37. Parameter Settings for User Entity Instance: cache:inst|lpm_dff1:inst55|lpm_ff:lpm_ff_component
 38. Parameter Settings for User Entity Instance: cache:inst|lpm_bustri1:inst61|lpm_bustri:lpm_bustri_component
 39. Parameter Settings for User Entity Instance: cache:inst|lpm_dff1:inst59|lpm_ff:lpm_ff_component
 40. Parameter Settings for User Entity Instance: cache:inst|lpm_bustri1:inst65|lpm_bustri:lpm_bustri_component
 41. Parameter Settings for User Entity Instance: cache:inst|lpm_dff1:inst63|lpm_ff:lpm_ff_component
 42. Parameter Settings for User Entity Instance: cache:inst|lpm_bustri1:inst69|lpm_bustri:lpm_bustri_component
 43. Parameter Settings for User Entity Instance: cache:inst|lpm_dff1:inst67|lpm_ff:lpm_ff_component
 44. Parameter Settings for User Entity Instance: cache:inst|lpm_bustri1:inst73|lpm_bustri:lpm_bustri_component
 45. Parameter Settings for User Entity Instance: cache:inst|lpm_dff1:inst71|lpm_ff:lpm_ff_component
 46. Parameter Settings for User Entity Instance: cache:inst|lpm_bustri1:inst77|lpm_bustri:lpm_bustri_component
 47. Parameter Settings for User Entity Instance: cache:inst|lpm_dff1:inst75|lpm_ff:lpm_ff_component
 48. Parameter Settings for User Entity Instance: cache:inst|lpm_bustri1:inst81|lpm_bustri:lpm_bustri_component
 49. Parameter Settings for User Entity Instance: cache:inst|lpm_dff1:inst79|lpm_ff:lpm_ff_component
 50. Parameter Settings for User Entity Instance: cache:inst|lpm_bustri1:inst85|lpm_bustri:lpm_bustri_component
 51. Parameter Settings for User Entity Instance: cache:inst|lpm_dff1:inst83|lpm_ff:lpm_ff_component
 52. Parameter Settings for User Entity Instance: cache:inst|lpm_bustri1:inst89|lpm_bustri:lpm_bustri_component
 53. Parameter Settings for User Entity Instance: cache:inst|lpm_dff1:inst87|lpm_ff:lpm_ff_component
 54. Parameter Settings for User Entity Instance: cache:inst|lpm_bustri1:inst93|lpm_bustri:lpm_bustri_component
 55. Parameter Settings for User Entity Instance: cache:inst|lpm_dff1:inst91|lpm_ff:lpm_ff_component
 56. Parameter Settings for User Entity Instance: cache:inst|lpm_bustri1:inst97|lpm_bustri:lpm_bustri_component
 57. Parameter Settings for User Entity Instance: cache:inst|lpm_dff1:inst95|lpm_ff:lpm_ff_component
 58. Parameter Settings for User Entity Instance: cache:inst|lpm_bustri1:inst101|lpm_bustri:lpm_bustri_component
 59. Parameter Settings for User Entity Instance: cache:inst|lpm_dff1:inst99|lpm_ff:lpm_ff_component
 60. Parameter Settings for User Entity Instance: cache:inst|lpm_bustri1:inst105|lpm_bustri:lpm_bustri_component
 61. Parameter Settings for User Entity Instance: cache:inst|lpm_dff1:inst103|lpm_ff:lpm_ff_component
 62. Parameter Settings for User Entity Instance: cache:inst|lpm_bustri1:inst109|lpm_bustri:lpm_bustri_component
 63. Parameter Settings for User Entity Instance: cache:inst|lpm_dff1:inst107|lpm_ff:lpm_ff_component
 64. Parameter Settings for User Entity Instance: cache:inst|lpm_bustri1:inst113|lpm_bustri:lpm_bustri_component
 65. Parameter Settings for User Entity Instance: cache:inst|lpm_dff1:inst111|lpm_ff:lpm_ff_component
 66. Parameter Settings for User Entity Instance: cache:inst|lpm_bustri1:inst117|lpm_bustri:lpm_bustri_component
 67. Parameter Settings for User Entity Instance: cache:inst|lpm_dff1:inst115|lpm_ff:lpm_ff_component
 68. Parameter Settings for User Entity Instance: lpm_ram_dq0:inst1
 69. Parameter Settings for User Entity Instance: lpm_ram_dq0:inst1|altsyncram:altsyncram_component
 70. altsyncram Parameter Settings by Entity Instance
 71. Analysis & Synthesis Messages



----------------
; Legal Notice ;
----------------
Copyright (C) 1991-2009 Altera Corporation
Your use of Altera Corporation's design tools, logic functions 
and other software and tools, and its AMPP partner logic 
functions, and any output files from any of the foregoing 
(including device programming or simulation files), and any 
associated documentation or information are expressly subject 
to the terms and conditions of the Altera Program License 
Subscription Agreement, Altera MegaCore Function License 
Agreement, or other applicable license agreement, including, 
without limitation, that your use is for the sole purpose of 
programming logic devices manufactured by Altera and sold by 
Altera or its authorized distributors.  Please refer to the 
applicable agreement for further details.



+-------------------------------------------------------------------------+
; Analysis & Synthesis Summary                                            ;
+-------------------------------+-----------------------------------------+
; Analysis & Synthesis Status   ; Successful - Thu Mar 21 19:26:26 2024   ;
; Quartus II Version            ; 9.1 Build 222 10/21/2009 SJ Web Edition ;
; Revision Name                 ; lab8                                    ;
; Top-level Entity Name         ; main                                    ;
; Family                        ; Stratix II                              ;
; Logic utilization             ; N/A                                     ;
;     Combinational ALUTs       ; 123                                     ;
;     Dedicated logic registers ; 118                                     ;
; Total registers               ; 118                                     ;
; Total pins                    ; 44                                      ;
; Total virtual pins            ; 0                                       ;
; Total block memory bits       ; 640                                     ;
; DSP block 9-bit elements      ; 0                                       ;
; Total PLLs                    ; 0                                       ;
; Total DLLs                    ; 0                                       ;
+-------------------------------+-----------------------------------------+


+----------------------------------------------------------------------------------------------------------------------+
; Analysis & Synthesis Settings                                                                                        ;
+----------------------------------------------------------------------------+--------------------+--------------------+
; Option                                                                     ; Setting            ; Default Value      ;
+----------------------------------------------------------------------------+--------------------+--------------------+
; Top-level entity name                                                      ; main               ; lab8               ;
; Family name                                                                ; Stratix II         ; Stratix II         ;
; Use Generated Physical Constraints File                                    ; Off                ;                    ;
; Use smart compilation                                                      ; Off                ; Off                ;
; Enable parallel Assembler and TimeQuest Timing Analyzer during compilation ; On                 ; On                 ;
; Enable compact report table                                                ; Off                ; Off                ;
; Restructure Multiplexers                                                   ; Auto               ; Auto               ;
; Create Debugging Nodes for IP Cores                                        ; Off                ; Off                ;
; Preserve fewer node names                                                  ; On                 ; On                 ;
; Disable OpenCore Plus hardware evaluation                                  ; Off                ; Off                ;
; Verilog Version                                                            ; Verilog_2001       ; Verilog_2001       ;
; VHDL Version                                                               ; VHDL_1993          ; VHDL_1993          ;
; State Machine Processing                                                   ; Auto               ; Auto               ;
; Safe State Machine                                                         ; Off                ; Off                ;
; Extract Verilog State Machines                                             ; On                 ; On                 ;
; Extract VHDL State Machines                                                ; On                 ; On                 ;
; Ignore Verilog initial constructs                                          ; Off                ; Off                ;
; Iteration limit for constant Verilog loops                                 ; 5000               ; 5000               ;
; Iteration limit for non-constant Verilog loops                             ; 250                ; 250                ;
; Add Pass-Through Logic to Inferred RAMs                                    ; On                 ; On                 ;
; Parallel Synthesis                                                         ; On                 ; On                 ;
; DSP Block Balancing                                                        ; Auto               ; Auto               ;
; NOT Gate Push-Back                                                         ; On                 ; On                 ;
; Power-Up Don't Care                                                        ; On                 ; On                 ;
; Remove Redundant Logic Cells                                               ; Off                ; Off                ;
; Remove Duplicate Registers                                                 ; On                 ; On                 ;
; Ignore CARRY Buffers                                                       ; Off                ; Off                ;
; Ignore CASCADE Buffers                                                     ; Off                ; Off                ;
; Ignore GLOBAL Buffers                                                      ; Off                ; Off                ;
; Ignore ROW GLOBAL Buffers                                                  ; Off                ; Off                ;
; Ignore LCELL Buffers                                                       ; Off                ; Off                ;
; Ignore SOFT Buffers                                                        ; On                 ; On                 ;
; Limit AHDL Integers to 32 Bits                                             ; Off                ; Off                ;
; Optimization Technique                                                     ; Balanced           ; Balanced           ;
; Carry Chain Length                                                         ; 70                 ; 70                 ;
; Auto Carry Chains                                                          ; On                 ; On                 ;
; Auto Open-Drain Pins                                                       ; On                 ; On                 ;
; Perform WYSIWYG Primitive Resynthesis                                      ; Off                ; Off                ;
; Auto ROM Replacement                                                       ; On                 ; On                 ;
; Auto RAM Replacement                                                       ; On                 ; On                 ;
; Auto DSP Block Replacement                                                 ; On                 ; On                 ;
; Auto Shift Register Replacement                                            ; Auto               ; Auto               ;
; Auto Clock Enable Replacement                                              ; On                 ; On                 ;
; Strict RAM Replacement                                                     ; Off                ; Off                ;
; Allow Synchronous Control Signals                                          ; On                 ; On                 ;
; Force Use of Synchronous Clear Signals                                     ; Off                ; Off                ;
; Auto RAM Block Balancing                                                   ; On                 ; On                 ;
; Auto RAM to Logic Cell Conversion                                          ; Off                ; Off                ;
; Auto Resource Sharing                                                      ; Off                ; Off                ;
; Allow Any RAM Size For Recognition                                         ; Off                ; Off                ;
; Allow Any ROM Size For Recognition                                         ; Off                ; Off                ;
; Allow Any Shift Register Size For Recognition                              ; Off                ; Off                ;
; Use LogicLock Constraints during Resource Balancing                        ; On                 ; On                 ;
; Ignore translate_off and synthesis_off directives                          ; Off                ; Off                ;
; Timing-Driven Synthesis                                                    ; Off                ; Off                ;
; Show Parameter Settings Tables in Synthesis Report                         ; On                 ; On                 ;
; Ignore Maximum Fan-Out Assignments                                         ; Off                ; Off                ;
; Synchronization Register Chain Length                                      ; 2                  ; 2                  ;
; PowerPlay Power Optimization                                               ; Normal compilation ; Normal compilation ;
; HDL message level                                                          ; Level2             ; Level2             ;
; Suppress Register Optimization Related Messages                            ; Off                ; Off                ;
; Number of Removed Registers Reported in Synthesis Report                   ; 100                ; 100                ;
; Number of Inverted Registers Reported in Synthesis Report                  ; 100                ; 100                ;
; Clock MUX Protection                                                       ; On                 ; On                 ;
; Auto Gated Clock Conversion                                                ; Off                ; Off                ;
; Block Design Naming                                                        ; Auto               ; Auto               ;
; SDC constraint protection                                                  ; Off                ; Off                ;
; Synthesis Effort                                                           ; Auto               ; Auto               ;
; Shift Register Replacement - Allow Asynchronous Clear Signal               ; On                 ; On                 ;
; Analysis & Synthesis Message Level                                         ; Medium             ; Medium             ;
; Disable Register Merging Across Hierarchies                                ; Auto               ; Auto               ;
; Resource Aware Inference For Block RAM                                     ; On                 ; On                 ;
+----------------------------------------------------------------------------+--------------------+--------------------+


Parallel compilation was disabled, but you have multiple processors available. Enable parallel compilation to reduce compilation time.
+-------------------------------------+
; Parallel Compilation                ;
+----------------------------+--------+
; Processors                 ; Number ;
+----------------------------+--------+
; Number detected on machine ; 8      ;
; Maximum allowed            ; 1      ;
+----------------------------+--------+


+------------------------------------------------------------------------------------------------------------------------------------------------------------------+
; Analysis & Synthesis Source Files Read                                                                                                                           ;
+----------------------------------+-----------------+---------------------------------------+---------------------------------------------------------------------+
; File Name with User-Entered Path ; Used in Netlist ; File Type                             ; File Name with Absolute Path                                        ;
+----------------------------------+-----------------+---------------------------------------+---------------------------------------------------------------------+
; main.bdf                         ; yes             ; User Block Diagram/Schematic File     ; C:/Users/litse/Desktop/—»‘Œ/À–8. Try loading/main.bdf               ;
; cache.bdf                        ; yes             ; User Block Diagram/Schematic File     ; C:/Users/litse/Desktop/—»‘Œ/À–8. Try loading/cache.bdf              ;
; ram.hex                          ; yes             ; User Hexadecimal (Intel-Format) File  ; C:/Users/litse/Desktop/—»‘Œ/À–8. Try loading/ram.hex                ;
; lpm_compare1.tdf                 ; yes             ; Auto-Found Wizard-Generated File      ; C:/Users/litse/Desktop/—»‘Œ/À–8. Try loading/lpm_compare1.tdf       ;
; lpm_compare.inc                  ; yes             ; Megafunction                          ; c:/altera/91/quartus/libraries/megafunctions/lpm_compare.inc        ;
; lpm_compare.tdf                  ; yes             ; Megafunction                          ; c:/altera/91/quartus/libraries/megafunctions/lpm_compare.tdf        ;
; db/cmpr_cig.tdf                  ; yes             ; Auto-Generated Megafunction           ; C:/Users/litse/Desktop/—»‘Œ/À–8. Try loading/db/cmpr_cig.tdf        ;
; lpm_dff0.tdf                     ; yes             ; Auto-Found Wizard-Generated File      ; C:/Users/litse/Desktop/—»‘Œ/À–8. Try loading/lpm_dff0.tdf           ;
; lpm_ff.inc                       ; yes             ; Auto-Found AHDL File                  ; c:/altera/91/quartus/libraries/megafunctions/lpm_ff.inc             ;
; lpm_ff.tdf                       ; yes             ; Megafunction                          ; c:/altera/91/quartus/libraries/megafunctions/lpm_ff.tdf             ;
; lpm_compare0.tdf                 ; yes             ; Auto-Found Wizard-Generated File      ; C:/Users/litse/Desktop/—»‘Œ/À–8. Try loading/lpm_compare0.tdf       ;
; db/cmpr_0jj.tdf                  ; yes             ; Auto-Generated Megafunction           ; C:/Users/litse/Desktop/—»‘Œ/À–8. Try loading/db/cmpr_0jj.tdf        ;
; lpm_counter1.tdf                 ; yes             ; Auto-Found Wizard-Generated File      ; C:/Users/litse/Desktop/—»‘Œ/À–8. Try loading/lpm_counter1.tdf       ;
; lpm_counter.inc                  ; yes             ; Megafunction                          ; c:/altera/91/quartus/libraries/megafunctions/lpm_counter.inc        ;
; lpm_counter.tdf                  ; yes             ; Megafunction                          ; c:/altera/91/quartus/libraries/megafunctions/lpm_counter.tdf        ;
; lpm_decode.inc                   ; yes             ; Megafunction                          ; c:/altera/91/quartus/libraries/megafunctions/lpm_decode.inc         ;
; db/cntr_a2k.tdf                  ; yes             ; Auto-Generated Megafunction           ; C:/Users/litse/Desktop/—»‘Œ/À–8. Try loading/db/cntr_a2k.tdf        ;
; db/cmpr_9dc.tdf                  ; yes             ; Auto-Generated Megafunction           ; C:/Users/litse/Desktop/—»‘Œ/À–8. Try loading/db/cmpr_9dc.tdf        ;
; lpm_compare2.tdf                 ; yes             ; Auto-Found Wizard-Generated File      ; C:/Users/litse/Desktop/—»‘Œ/À–8. Try loading/lpm_compare2.tdf       ;
; db/cmpr_vij.tdf                  ; yes             ; Auto-Generated Megafunction           ; C:/Users/litse/Desktop/—»‘Œ/À–8. Try loading/db/cmpr_vij.tdf        ;
; lpm_counter2.tdf                 ; yes             ; Auto-Found Wizard-Generated File      ; C:/Users/litse/Desktop/—»‘Œ/À–8. Try loading/lpm_counter2.tdf       ;
; db/cntr_6oi.tdf                  ; yes             ; Auto-Generated Megafunction           ; C:/Users/litse/Desktop/—»‘Œ/À–8. Try loading/db/cntr_6oi.tdf        ;
; lpm_decode0.tdf                  ; yes             ; Auto-Found Wizard-Generated File      ; C:/Users/litse/Desktop/—»‘Œ/À–8. Try loading/lpm_decode0.tdf        ;
; lpm_decode.tdf                   ; yes             ; Megafunction                          ; c:/altera/91/quartus/libraries/megafunctions/lpm_decode.tdf         ;
; db/decode_p7f.tdf                ; yes             ; Auto-Generated Megafunction           ; C:/Users/litse/Desktop/—»‘Œ/À–8. Try loading/db/decode_p7f.tdf      ;
; lpm_counter0.tdf                 ; yes             ; Auto-Found Wizard-Generated File      ; C:/Users/litse/Desktop/—»‘Œ/À–8. Try loading/lpm_counter0.tdf       ;
; db/cntr_4ai.tdf                  ; yes             ; Auto-Generated Megafunction           ; C:/Users/litse/Desktop/—»‘Œ/À–8. Try loading/db/cntr_4ai.tdf        ;
; lpm_bustri5.tdf                  ; yes             ; Auto-Found Wizard-Generated File      ; C:/Users/litse/Desktop/—»‘Œ/À–8. Try loading/lpm_bustri5.tdf        ;
; lpm_bustri.inc                   ; yes             ; Auto-Found AHDL File                  ; c:/altera/91/quartus/libraries/megafunctions/lpm_bustri.inc         ;
; lpm_bustri.tdf                   ; yes             ; Megafunction                          ; c:/altera/91/quartus/libraries/megafunctions/lpm_bustri.tdf         ;
; lpm_bustri2.tdf                  ; yes             ; Auto-Found Wizard-Generated File      ; C:/Users/litse/Desktop/—»‘Œ/À–8. Try loading/lpm_bustri2.tdf        ;
; lpm_bustri3.tdf                  ; yes             ; Auto-Found Wizard-Generated File      ; C:/Users/litse/Desktop/—»‘Œ/À–8. Try loading/lpm_bustri3.tdf        ;
; lpm_bustri1.tdf                  ; yes             ; Auto-Found Wizard-Generated File      ; C:/Users/litse/Desktop/—»‘Œ/À–8. Try loading/lpm_bustri1.tdf        ;
; lpm_decode1.tdf                  ; yes             ; Auto-Found Wizard-Generated File      ; C:/Users/litse/Desktop/—»‘Œ/À–8. Try loading/lpm_decode1.tdf        ;
; lpm_bustri0.tdf                  ; yes             ; Auto-Found Wizard-Generated File      ; C:/Users/litse/Desktop/—»‘Œ/À–8. Try loading/lpm_bustri0.tdf        ;
; lpm_dff1.tdf                     ; yes             ; Auto-Found Wizard-Generated File      ; C:/Users/litse/Desktop/—»‘Œ/À–8. Try loading/lpm_dff1.tdf           ;
; lpm_ram_dq0.tdf                  ; yes             ; Auto-Found Wizard-Generated File      ; C:/Users/litse/Desktop/—»‘Œ/À–8. Try loading/lpm_ram_dq0.tdf        ;
; altsyncram.inc                   ; yes             ; Auto-Found AHDL File                  ; c:/altera/91/quartus/libraries/megafunctions/altsyncram.inc         ;
; altsyncram.tdf                   ; yes             ; Megafunction                          ; c:/altera/91/quartus/libraries/megafunctions/altsyncram.tdf         ;
; db/altsyncram_l9a1.tdf           ; yes             ; Auto-Generated Megafunction           ; C:/Users/litse/Desktop/—»‘Œ/À–8. Try loading/db/altsyncram_l9a1.tdf ;
+----------------------------------+-----------------+---------------------------------------+---------------------------------------------------------------------+


+----------------------------------------------------------------------------+
; Analysis & Synthesis Resource Usage Summary                                ;
+-----------------------------------------------+----------------------------+
; Resource                                      ; Usage                      ;
+-----------------------------------------------+----------------------------+
; Estimated ALUTs Used                          ; 123                        ;
; Dedicated logic registers                     ; 118                        ;
;                                               ;                            ;
; Estimated ALUTs Unavailable                   ; 0                          ;
;                                               ;                            ;
; Total combinational functions                 ; 123                        ;
; Combinational ALUT usage by number of inputs  ;                            ;
;     -- 7 input functions                      ; 0                          ;
;     -- 6 input functions                      ; 42                         ;
;     -- 5 input functions                      ; 16                         ;
;     -- 4 input functions                      ; 31                         ;
;     -- <=3 input functions                    ; 34                         ;
;                                               ;                            ;
; Combinational ALUTs by mode                   ;                            ;
;     -- normal mode                            ; 115                        ;
;     -- extended LUT mode                      ; 0                          ;
;     -- arithmetic mode                        ; 8                          ;
;     -- shared arithmetic mode                 ; 0                          ;
;                                               ;                            ;
; Estimated ALUT/register pairs used            ; 187                        ;
;                                               ;                            ;
; Total registers                               ; 118                        ;
;     -- Dedicated logic registers              ; 118                        ;
;     -- I/O registers                          ; 0                          ;
;                                               ;                            ;
; Estimated ALMs:  partially or completely used ; 94                         ;
;                                               ;                            ;
; I/O pins                                      ; 44                         ;
; Total block memory bits                       ; 640                        ;
; Maximum fan-out node                          ; cache:inst|gdfx_temp0[0]~0 ;
; Maximum fan-out                               ; 46                         ;
; Total fan-out                                 ; 880                        ;
; Average fan-out                               ; 3.03                       ;
+-----------------------------------------------+----------------------------+


+-----------------------------------------------------------------------------------------------------------------------------------------------------------------------------------------------------------------------------------------------------------------------------------------------------------+
; Analysis & Synthesis Resource Utilization by Entity                                                                                                                                                                                                                                                       ;
+----------------------------------------------+-------------------+--------------+-------------------+--------------+---------+-----------+-----------+------+--------------+---------------------------------------------------------------------------------------------------------------+--------------+
; Compilation Hierarchy Node                   ; LC Combinationals ; LC Registers ; Block Memory Bits ; DSP Elements ; DSP 9x9 ; DSP 18x18 ; DSP 36x36 ; Pins ; Virtual Pins ; Full Hierarchy Name                                                                                           ; Library Name ;
+----------------------------------------------+-------------------+--------------+-------------------+--------------+---------+-----------+-----------+------+--------------+---------------------------------------------------------------------------------------------------------------+--------------+
; |main                                        ; 123 (1)           ; 118 (0)      ; 640               ; 0            ; 0       ; 0         ; 0         ; 44   ; 0            ; |main                                                                                                         ; work         ;
;    |cache:inst|                              ; 122 (56)          ; 118 (11)     ; 0                 ; 0            ; 0       ; 0         ; 0         ; 0    ; 0            ; |main|cache:inst                                                                                              ;              ;
;       |lpm_bustri1:inst57|                   ; 37 (0)            ; 0 (0)        ; 0                 ; 0            ; 0       ; 0         ; 0         ; 0    ; 0            ; |main|cache:inst|lpm_bustri1:inst57                                                                           ; work         ;
;          |lpm_bustri:lpm_bustri_component|   ; 37 (37)           ; 0 (0)        ; 0                 ; 0            ; 0       ; 0         ; 0         ; 0    ; 0            ; |main|cache:inst|lpm_bustri1:inst57|lpm_bustri:lpm_bustri_component                                           ; work         ;
;       |lpm_bustri2:inst119|                  ; 6 (0)             ; 0 (0)        ; 0                 ; 0            ; 0       ; 0         ; 0         ; 0    ; 0            ; |main|cache:inst|lpm_bustri2:inst119                                                                          ; work         ;
;          |lpm_bustri:lpm_bustri_component|   ; 6 (6)             ; 0 (0)        ; 0                 ; 0            ; 0       ; 0         ; 0         ; 0    ; 0            ; |main|cache:inst|lpm_bustri2:inst119|lpm_bustri:lpm_bustri_component                                          ; work         ;
;       |lpm_bustri5:inst125|                  ; 8 (0)             ; 0 (0)        ; 0                 ; 0            ; 0       ; 0         ; 0         ; 0    ; 0            ; |main|cache:inst|lpm_bustri5:inst125                                                                          ; work         ;
;          |lpm_bustri:lpm_bustri_component|   ; 8 (8)             ; 0 (0)        ; 0                 ; 0            ; 0       ; 0         ; 0         ; 0    ; 0            ; |main|cache:inst|lpm_bustri5:inst125|lpm_bustri:lpm_bustri_component                                          ; work         ;
;       |lpm_compare2:inst134|                 ; 1 (0)             ; 0 (0)        ; 0                 ; 0            ; 0       ; 0         ; 0         ; 0    ; 0            ; |main|cache:inst|lpm_compare2:inst134                                                                         ; work         ;
;          |lpm_compare:lpm_compare_component| ; 1 (0)             ; 0 (0)        ; 0                 ; 0            ; 0       ; 0         ; 0         ; 0    ; 0            ; |main|cache:inst|lpm_compare2:inst134|lpm_compare:lpm_compare_component                                       ; work         ;
;             |cmpr_vij:auto_generated|        ; 1 (1)             ; 0 (0)        ; 0                 ; 0            ; 0       ; 0         ; 0         ; 0    ; 0            ; |main|cache:inst|lpm_compare2:inst134|lpm_compare:lpm_compare_component|cmpr_vij:auto_generated               ; work         ;
;       |lpm_counter0:inst|                    ; 2 (0)             ; 2 (0)        ; 0                 ; 0            ; 0       ; 0         ; 0         ; 0    ; 0            ; |main|cache:inst|lpm_counter0:inst                                                                            ; work         ;
;          |lpm_counter:lpm_counter_component| ; 2 (0)             ; 2 (0)        ; 0                 ; 0            ; 0       ; 0         ; 0         ; 0    ; 0            ; |main|cache:inst|lpm_counter0:inst|lpm_counter:lpm_counter_component                                          ; work         ;
;             |cntr_4ai:auto_generated|        ; 2 (2)             ; 2 (2)        ; 0                 ; 0            ; 0       ; 0         ; 0         ; 0    ; 0            ; |main|cache:inst|lpm_counter0:inst|lpm_counter:lpm_counter_component|cntr_4ai:auto_generated                  ; work         ;
;       |lpm_counter1:inst22|                  ; 6 (0)             ; 3 (0)        ; 0                 ; 0            ; 0       ; 0         ; 0         ; 0    ; 0            ; |main|cache:inst|lpm_counter1:inst22                                                                          ; work         ;
;          |lpm_counter:lpm_counter_component| ; 6 (0)             ; 3 (0)        ; 0                 ; 0            ; 0       ; 0         ; 0         ; 0    ; 0            ; |main|cache:inst|lpm_counter1:inst22|lpm_counter:lpm_counter_component                                        ; work         ;
;             |cntr_a2k:auto_generated|        ; 6 (5)             ; 3 (3)        ; 0                 ; 0            ; 0       ; 0         ; 0         ; 0    ; 0            ; |main|cache:inst|lpm_counter1:inst22|lpm_counter:lpm_counter_component|cntr_a2k:auto_generated                ; work         ;
;                |cmpr_9dc:cmpr2|              ; 1 (1)             ; 0 (0)        ; 0                 ; 0            ; 0       ; 0         ; 0         ; 0    ; 0            ; |main|cache:inst|lpm_counter1:inst22|lpm_counter:lpm_counter_component|cntr_a2k:auto_generated|cmpr_9dc:cmpr2 ; work         ;
;       |lpm_counter2:inst133|                 ; 2 (0)             ; 2 (0)        ; 0                 ; 0            ; 0       ; 0         ; 0         ; 0    ; 0            ; |main|cache:inst|lpm_counter2:inst133                                                                         ; work         ;
;          |lpm_counter:lpm_counter_component| ; 2 (0)             ; 2 (0)        ; 0                 ; 0            ; 0       ; 0         ; 0         ; 0    ; 0            ; |main|cache:inst|lpm_counter2:inst133|lpm_counter:lpm_counter_component                                       ; work         ;
;             |cntr_6oi:auto_generated|        ; 2 (2)             ; 2 (2)        ; 0                 ; 0            ; 0       ; 0         ; 0         ; 0    ; 0            ; |main|cache:inst|lpm_counter2:inst133|lpm_counter:lpm_counter_component|cntr_6oi:auto_generated               ; work         ;
;       |lpm_decode0:inst11|                   ; 4 (0)             ; 0 (0)        ; 0                 ; 0            ; 0       ; 0         ; 0         ; 0    ; 0            ; |main|cache:inst|lpm_decode0:inst11                                                                           ; work         ;
;          |lpm_decode:lpm_decode_component|   ; 4 (0)             ; 0 (0)        ; 0                 ; 0            ; 0       ; 0         ; 0         ; 0    ; 0            ; |main|cache:inst|lpm_decode0:inst11|lpm_decode:lpm_decode_component                                           ; work         ;
;             |decode_p7f:auto_generated|      ; 4 (4)             ; 0 (0)        ; 0                 ; 0            ; 0       ; 0         ; 0         ; 0    ; 0            ; |main|cache:inst|lpm_decode0:inst11|lpm_decode:lpm_decode_component|decode_p7f:auto_generated                 ; work         ;
;       |lpm_dff0:inst33|                      ; 0 (0)             ; 5 (0)        ; 0                 ; 0            ; 0       ; 0         ; 0         ; 0    ; 0            ; |main|cache:inst|lpm_dff0:inst33                                                                              ; work         ;
;          |lpm_ff:lpm_ff_component|           ; 0 (0)             ; 5 (5)        ; 0                 ; 0            ; 0       ; 0         ; 0         ; 0    ; 0            ; |main|cache:inst|lpm_dff0:inst33|lpm_ff:lpm_ff_component                                                      ; work         ;
;       |lpm_dff0:inst39|                      ; 0 (0)             ; 5 (0)        ; 0                 ; 0            ; 0       ; 0         ; 0         ; 0    ; 0            ; |main|cache:inst|lpm_dff0:inst39                                                                              ; work         ;
;          |lpm_ff:lpm_ff_component|           ; 0 (0)             ; 5 (5)        ; 0                 ; 0            ; 0       ; 0         ; 0         ; 0    ; 0            ; |main|cache:inst|lpm_dff0:inst39|lpm_ff:lpm_ff_component                                                      ; work         ;
;       |lpm_dff0:inst45|                      ; 0 (0)             ; 5 (0)        ; 0                 ; 0            ; 0       ; 0         ; 0         ; 0    ; 0            ; |main|cache:inst|lpm_dff0:inst45                                                                              ; work         ;
;          |lpm_ff:lpm_ff_component|           ; 0 (0)             ; 5 (5)        ; 0                 ; 0            ; 0       ; 0         ; 0         ; 0    ; 0            ; |main|cache:inst|lpm_dff0:inst45|lpm_ff:lpm_ff_component                                                      ; work         ;
;       |lpm_dff0:inst51|                      ; 0 (0)             ; 5 (0)        ; 0                 ; 0            ; 0       ; 0         ; 0         ; 0    ; 0            ; |main|cache:inst|lpm_dff0:inst51                                                                              ; work         ;
;          |lpm_ff:lpm_ff_component|           ; 0 (0)             ; 5 (5)        ; 0                 ; 0            ; 0       ; 0         ; 0         ; 0    ; 0            ; |main|cache:inst|lpm_dff0:inst51|lpm_ff:lpm_ff_component                                                      ; work         ;
;       |lpm_dff1:inst103|                     ; 0 (0)             ; 5 (0)        ; 0                 ; 0            ; 0       ; 0         ; 0         ; 0    ; 0            ; |main|cache:inst|lpm_dff1:inst103                                                                             ; work         ;
;          |lpm_ff:lpm_ff_component|           ; 0 (0)             ; 5 (5)        ; 0                 ; 0            ; 0       ; 0         ; 0         ; 0    ; 0            ; |main|cache:inst|lpm_dff1:inst103|lpm_ff:lpm_ff_component                                                     ; work         ;
;       |lpm_dff1:inst107|                     ; 0 (0)             ; 5 (0)        ; 0                 ; 0            ; 0       ; 0         ; 0         ; 0    ; 0            ; |main|cache:inst|lpm_dff1:inst107                                                                             ; work         ;
;          |lpm_ff:lpm_ff_component|           ; 0 (0)             ; 5 (5)        ; 0                 ; 0            ; 0       ; 0         ; 0         ; 0    ; 0            ; |main|cache:inst|lpm_dff1:inst107|lpm_ff:lpm_ff_component                                                     ; work         ;
;       |lpm_dff1:inst111|                     ; 0 (0)             ; 5 (0)        ; 0                 ; 0            ; 0       ; 0         ; 0         ; 0    ; 0            ; |main|cache:inst|lpm_dff1:inst111                                                                             ; work         ;
;          |lpm_ff:lpm_ff_component|           ; 0 (0)             ; 5 (5)        ; 0                 ; 0            ; 0       ; 0         ; 0         ; 0    ; 0            ; |main|cache:inst|lpm_dff1:inst111|lpm_ff:lpm_ff_component                                                     ; work         ;
;       |lpm_dff1:inst115|                     ; 0 (0)             ; 5 (0)        ; 0                 ; 0            ; 0       ; 0         ; 0         ; 0    ; 0            ; |main|cache:inst|lpm_dff1:inst115                                                                             ; work         ;
;          |lpm_ff:lpm_ff_component|           ; 0 (0)             ; 5 (5)        ; 0                 ; 0            ; 0       ; 0         ; 0         ; 0    ; 0            ; |main|cache:inst|lpm_dff1:inst115|lpm_ff:lpm_ff_component                                                     ; work         ;
;       |lpm_dff1:inst55|                      ; 0 (0)             ; 5 (0)        ; 0                 ; 0            ; 0       ; 0         ; 0         ; 0    ; 0            ; |main|cache:inst|lpm_dff1:inst55                                                                              ; work         ;
;          |lpm_ff:lpm_ff_component|           ; 0 (0)             ; 5 (5)        ; 0                 ; 0            ; 0       ; 0         ; 0         ; 0    ; 0            ; |main|cache:inst|lpm_dff1:inst55|lpm_ff:lpm_ff_component                                                      ; work         ;
;       |lpm_dff1:inst59|                      ; 0 (0)             ; 5 (0)        ; 0                 ; 0            ; 0       ; 0         ; 0         ; 0    ; 0            ; |main|cache:inst|lpm_dff1:inst59                                                                              ; work         ;
;          |lpm_ff:lpm_ff_component|           ; 0 (0)             ; 5 (5)        ; 0                 ; 0            ; 0       ; 0         ; 0         ; 0    ; 0            ; |main|cache:inst|lpm_dff1:inst59|lpm_ff:lpm_ff_component                                                      ; work         ;
;       |lpm_dff1:inst63|                      ; 0 (0)             ; 5 (0)        ; 0                 ; 0            ; 0       ; 0         ; 0         ; 0    ; 0            ; |main|cache:inst|lpm_dff1:inst63                                                                              ; work         ;
;          |lpm_ff:lpm_ff_component|           ; 0 (0)             ; 5 (5)        ; 0                 ; 0            ; 0       ; 0         ; 0         ; 0    ; 0            ; |main|cache:inst|lpm_dff1:inst63|lpm_ff:lpm_ff_component                                                      ; work         ;
;       |lpm_dff1:inst67|                      ; 0 (0)             ; 5 (0)        ; 0                 ; 0            ; 0       ; 0         ; 0         ; 0    ; 0            ; |main|cache:inst|lpm_dff1:inst67                                                                              ; work         ;
;          |lpm_ff:lpm_ff_component|           ; 0 (0)             ; 5 (5)        ; 0                 ; 0            ; 0       ; 0         ; 0         ; 0    ; 0            ; |main|cache:inst|lpm_dff1:inst67|lpm_ff:lpm_ff_component                                                      ; work         ;
;       |lpm_dff1:inst71|                      ; 0 (0)             ; 5 (0)        ; 0                 ; 0            ; 0       ; 0         ; 0         ; 0    ; 0            ; |main|cache:inst|lpm_dff1:inst71                                                                              ; work         ;
;          |lpm_ff:lpm_ff_component|           ; 0 (0)             ; 5 (5)        ; 0                 ; 0            ; 0       ; 0         ; 0         ; 0    ; 0            ; |main|cache:inst|lpm_dff1:inst71|lpm_ff:lpm_ff_component                                                      ; work         ;
;       |lpm_dff1:inst75|                      ; 0 (0)             ; 5 (0)        ; 0                 ; 0            ; 0       ; 0         ; 0         ; 0    ; 0            ; |main|cache:inst|lpm_dff1:inst75                                                                              ; work         ;
;          |lpm_ff:lpm_ff_component|           ; 0 (0)             ; 5 (5)        ; 0                 ; 0            ; 0       ; 0         ; 0         ; 0    ; 0            ; |main|cache:inst|lpm_dff1:inst75|lpm_ff:lpm_ff_component                                                      ; work         ;
;       |lpm_dff1:inst79|                      ; 0 (0)             ; 5 (0)        ; 0                 ; 0            ; 0       ; 0         ; 0         ; 0    ; 0            ; |main|cache:inst|lpm_dff1:inst79                                                                              ; work         ;
;          |lpm_ff:lpm_ff_component|           ; 0 (0)             ; 5 (5)        ; 0                 ; 0            ; 0       ; 0         ; 0         ; 0    ; 0            ; |main|cache:inst|lpm_dff1:inst79|lpm_ff:lpm_ff_component                                                      ; work         ;
;       |lpm_dff1:inst83|                      ; 0 (0)             ; 5 (0)        ; 0                 ; 0            ; 0       ; 0         ; 0         ; 0    ; 0            ; |main|cache:inst|lpm_dff1:inst83                                                                              ; work         ;
;          |lpm_ff:lpm_ff_component|           ; 0 (0)             ; 5 (5)        ; 0                 ; 0            ; 0       ; 0         ; 0         ; 0    ; 0            ; |main|cache:inst|lpm_dff1:inst83|lpm_ff:lpm_ff_component                                                      ; work         ;
;       |lpm_dff1:inst87|                      ; 0 (0)             ; 5 (0)        ; 0                 ; 0            ; 0       ; 0         ; 0         ; 0    ; 0            ; |main|cache:inst|lpm_dff1:inst87                                                                              ; work         ;
;          |lpm_ff:lpm_ff_component|           ; 0 (0)             ; 5 (5)        ; 0                 ; 0            ; 0       ; 0         ; 0         ; 0    ; 0            ; |main|cache:inst|lpm_dff1:inst87|lpm_ff:lpm_ff_component                                                      ; work         ;
;       |lpm_dff1:inst91|                      ; 0 (0)             ; 5 (0)        ; 0                 ; 0            ; 0       ; 0         ; 0         ; 0    ; 0            ; |main|cache:inst|lpm_dff1:inst91                                                                              ; work         ;
;          |lpm_ff:lpm_ff_component|           ; 0 (0)             ; 5 (5)        ; 0                 ; 0            ; 0       ; 0         ; 0         ; 0    ; 0            ; |main|cache:inst|lpm_dff1:inst91|lpm_ff:lpm_ff_component                                                      ; work         ;
;       |lpm_dff1:inst95|                      ; 0 (0)             ; 5 (0)        ; 0                 ; 0            ; 0       ; 0         ; 0         ; 0    ; 0            ; |main|cache:inst|lpm_dff1:inst95                                                                              ; work         ;
;          |lpm_ff:lpm_ff_component|           ; 0 (0)             ; 5 (5)        ; 0                 ; 0            ; 0       ; 0         ; 0         ; 0    ; 0            ; |main|cache:inst|lpm_dff1:inst95|lpm_ff:lpm_ff_component                                                      ; work         ;
;       |lpm_dff1:inst99|                      ; 0 (0)             ; 5 (0)        ; 0                 ; 0            ; 0       ; 0         ; 0         ; 0    ; 0            ; |main|cache:inst|lpm_dff1:inst99                                                                              ; work         ;
;          |lpm_ff:lpm_ff_component|           ; 0 (0)             ; 5 (5)        ; 0                 ; 0            ; 0       ; 0         ; 0         ; 0    ; 0            ; |main|cache:inst|lpm_dff1:inst99|lpm_ff:lpm_ff_component                                                      ; work         ;
;    |lpm_ram_dq0:inst1|                       ; 0 (0)             ; 0 (0)        ; 640               ; 0            ; 0       ; 0         ; 0         ; 0    ; 0            ; |main|lpm_ram_dq0:inst1                                                                                       ; work         ;
;       |altsyncram:altsyncram_component|      ; 0 (0)             ; 0 (0)        ; 640               ; 0            ; 0       ; 0         ; 0         ; 0    ; 0            ; |main|lpm_ram_dq0:inst1|altsyncram:altsyncram_component                                                       ; work         ;
;          |altsyncram_l9a1:auto_generated|    ; 0 (0)             ; 0 (0)        ; 640               ; 0            ; 0       ; 0         ; 0         ; 0    ; 0            ; |main|lpm_ram_dq0:inst1|altsyncram:altsyncram_component|altsyncram_l9a1:auto_generated                        ; work         ;
+----------------------------------------------+-------------------+--------------+-------------------+--------------+---------+-----------+-----------+------+--------------+---------------------------------------------------------------------------------------------------------------+--------------+
Note: For table entries with two numbers listed, the numbers in parentheses indicate the number of resources of the given type used by the specific entity alone. The numbers listed outside of parentheses indicate the total resources of the given type used by the specific entity and all of its sub-entities in the hierarchy.


+-----------------------------------------------------------------------------------------------------------------------------------------------------------------------------------------------+
; Analysis & Synthesis RAM Summary                                                                                                                                                              ;
+---------------------------------------------------------------------------------------------+------+-------------+--------------+--------------+--------------+--------------+------+---------+
; Name                                                                                        ; Type ; Mode        ; Port A Depth ; Port A Width ; Port B Depth ; Port B Width ; Size ; MIF     ;
+---------------------------------------------------------------------------------------------+------+-------------+--------------+--------------+--------------+--------------+------+---------+
; lpm_ram_dq0:inst1|altsyncram:altsyncram_component|altsyncram_l9a1:auto_generated|ALTSYNCRAM ; AUTO ; Single Port ; 128          ; 5            ; --           ; --           ; 640  ; ram.hex ;
+---------------------------------------------------------------------------------------------+------+-------------+--------------+--------------+--------------+--------------+------+---------+


+------------------------------------------------------+
; General Register Statistics                          ;
+----------------------------------------------+-------+
; Statistic                                    ; Value ;
+----------------------------------------------+-------+
; Total registers                              ; 118   ;
; Number of registers using Synchronous Clear  ; 0     ;
; Number of registers using Synchronous Load   ; 3     ;
; Number of registers using Asynchronous Clear ; 10    ;
; Number of registers using Asynchronous Load  ; 0     ;
; Number of registers using Clock Enable       ; 9     ;
; Number of registers using Preset             ; 0     ;
+----------------------------------------------+-------+


+-----------------------------------------------------------------------------------------+
; Source assignments for cache:inst|lpm_counter1:inst22|lpm_counter:lpm_counter_component ;
+---------------------------+-------+------+----------------------------------------------+
; Assignment                ; Value ; From ; To                                           ;
+---------------------------+-------+------+----------------------------------------------+
; SUPPRESS_DA_RULE_INTERNAL ; a101  ; -    ; -                                            ;
; SUPPRESS_DA_RULE_INTERNAL ; s102  ; -    ; -                                            ;
; SUPPRESS_DA_RULE_INTERNAL ; s103  ; -    ; -                                            ;
+---------------------------+-------+------+----------------------------------------------+


+------------------------------------------------------------------------------------------+
; Source assignments for cache:inst|lpm_counter2:inst133|lpm_counter:lpm_counter_component ;
+---------------------------+-------+------+-----------------------------------------------+
; Assignment                ; Value ; From ; To                                            ;
+---------------------------+-------+------+-----------------------------------------------+
; SUPPRESS_DA_RULE_INTERNAL ; a101  ; -    ; -                                             ;
; SUPPRESS_DA_RULE_INTERNAL ; s102  ; -    ; -                                             ;
; SUPPRESS_DA_RULE_INTERNAL ; s103  ; -    ; -                                             ;
+---------------------------+-------+------+-----------------------------------------------+


+---------------------------------------------------------------------------------------+
; Source assignments for cache:inst|lpm_counter0:inst|lpm_counter:lpm_counter_component ;
+---------------------------+-------+------+--------------------------------------------+
; Assignment                ; Value ; From ; To                                         ;
+---------------------------+-------+------+--------------------------------------------+
; SUPPRESS_DA_RULE_INTERNAL ; a101  ; -    ; -                                          ;
; SUPPRESS_DA_RULE_INTERNAL ; s102  ; -    ; -                                          ;
; SUPPRESS_DA_RULE_INTERNAL ; s103  ; -    ; -                                          ;
+---------------------------+-------+------+--------------------------------------------+


+---------------------------------------------------------------------------------------------------------+
; Source assignments for lpm_ram_dq0:inst1|altsyncram:altsyncram_component|altsyncram_l9a1:auto_generated ;
+---------------------------------+--------------------+------+-------------------------------------------+
; Assignment                      ; Value              ; From ; To                                        ;
+---------------------------------+--------------------+------+-------------------------------------------+
; OPTIMIZE_POWER_DURING_SYNTHESIS ; NORMAL_COMPILATION ; -    ; -                                         ;
+---------------------------------+--------------------+------+-------------------------------------------+


+---------------------------------------------------------------------------------------------------------------+
; Parameter Settings for User Entity Instance: cache:inst|lpm_compare1:inst34|lpm_compare:lpm_compare_component ;
+------------------------+------------+-------------------------------------------------------------------------+
; Parameter Name         ; Value      ; Type                                                                    ;
+------------------------+------------+-------------------------------------------------------------------------+
; lpm_width              ; 5          ; Untyped                                                                 ;
; LPM_REPRESENTATION     ; UNSIGNED   ; Untyped                                                                 ;
; LPM_PIPELINE           ; 0          ; Untyped                                                                 ;
; CHAIN_SIZE             ; 8          ; Untyped                                                                 ;
; ONE_INPUT_IS_CONSTANT  ; NO         ; Untyped                                                                 ;
; CARRY_CHAIN            ; MANUAL     ; Untyped                                                                 ;
; CASCADE_CHAIN          ; MANUAL     ; Untyped                                                                 ;
; CARRY_CHAIN_LENGTH     ; 48         ; CARRY_CHAIN_LENGTH                                                      ;
; CASCADE_CHAIN_LENGTH   ; 2          ; CASCADE_CHAIN_LENGTH                                                    ;
; DEVICE_FAMILY          ; Stratix II ; Untyped                                                                 ;
; CBXI_PARAMETER         ; cmpr_cig   ; Untyped                                                                 ;
; AUTO_CARRY_CHAINS      ; ON         ; AUTO_CARRY                                                              ;
; IGNORE_CARRY_BUFFERS   ; OFF        ; IGNORE_CARRY                                                            ;
; AUTO_CASCADE_CHAINS    ; ON         ; AUTO_CASCADE                                                            ;
; IGNORE_CASCADE_BUFFERS ; OFF        ; IGNORE_CASCADE                                                          ;
+------------------------+------------+-------------------------------------------------------------------------+
Note: In order to hide this table in the UI and the text report file, please set the "Show Parameter Settings Tables in Synthesis Report" option in "Analysis and Synthesis Settings -> More Settings" to "Off".


+-------------------------------------------------------------------------------------------------+
; Parameter Settings for User Entity Instance: cache:inst|lpm_dff0:inst33|lpm_ff:lpm_ff_component ;
+------------------------+------------+-----------------------------------------------------------+
; Parameter Name         ; Value      ; Type                                                      ;
+------------------------+------------+-----------------------------------------------------------+
; LPM_WIDTH              ; 5          ; Untyped                                                   ;
; LPM_AVALUE             ; UNUSED     ; Untyped                                                   ;
; LPM_SVALUE             ; UNUSED     ; Untyped                                                   ;
; LPM_FFTYPE             ; DFF        ; Untyped                                                   ;
; DEVICE_FAMILY          ; Stratix II ; Untyped                                                   ;
; CBXI_PARAMETER         ; NOTHING    ; Untyped                                                   ;
; AUTO_CARRY_CHAINS      ; ON         ; AUTO_CARRY                                                ;
; IGNORE_CARRY_BUFFERS   ; OFF        ; IGNORE_CARRY                                              ;
; AUTO_CASCADE_CHAINS    ; ON         ; AUTO_CASCADE                                              ;
; IGNORE_CASCADE_BUFFERS ; OFF        ; IGNORE_CASCADE                                            ;
+------------------------+------------+-----------------------------------------------------------+
Note: In order to hide this table in the UI and the text report file, please set the "Show Parameter Settings Tables in Synthesis Report" option in "Analysis and Synthesis Settings -> More Settings" to "Off".


+---------------------------------------------------------------------------------------------------------------+
; Parameter Settings for User Entity Instance: cache:inst|lpm_compare0:inst21|lpm_compare:lpm_compare_component ;
+------------------------+------------+-------------------------------------------------------------------------+
; Parameter Name         ; Value      ; Type                                                                    ;
+------------------------+------------+-------------------------------------------------------------------------+
; lpm_width              ; 3          ; Untyped                                                                 ;
; LPM_REPRESENTATION     ; UNSIGNED   ; Untyped                                                                 ;
; LPM_PIPELINE           ; 0          ; Untyped                                                                 ;
; CHAIN_SIZE             ; 8          ; Untyped                                                                 ;
; ONE_INPUT_IS_CONSTANT  ; YES        ; Untyped                                                                 ;
; CARRY_CHAIN            ; MANUAL     ; Untyped                                                                 ;
; CASCADE_CHAIN          ; MANUAL     ; Untyped                                                                 ;
; CARRY_CHAIN_LENGTH     ; 48         ; CARRY_CHAIN_LENGTH                                                      ;
; CASCADE_CHAIN_LENGTH   ; 2          ; CASCADE_CHAIN_LENGTH                                                    ;
; DEVICE_FAMILY          ; Stratix II ; Untyped                                                                 ;
; CBXI_PARAMETER         ; cmpr_0jj   ; Untyped                                                                 ;
; AUTO_CARRY_CHAINS      ; ON         ; AUTO_CARRY                                                              ;
; IGNORE_CARRY_BUFFERS   ; OFF        ; IGNORE_CARRY                                                            ;
; AUTO_CASCADE_CHAINS    ; ON         ; AUTO_CASCADE                                                            ;
; IGNORE_CASCADE_BUFFERS ; OFF        ; IGNORE_CASCADE                                                          ;
+------------------------+------------+-------------------------------------------------------------------------+
Note: In order to hide this table in the UI and the text report file, please set the "Show Parameter Settings Tables in Synthesis Report" option in "Analysis and Synthesis Settings -> More Settings" to "Off".


+---------------------------------------------------------------------------------------------------------------+
; Parameter Settings for User Entity Instance: cache:inst|lpm_counter1:inst22|lpm_counter:lpm_counter_component ;
+------------------------+-------------+------------------------------------------------------------------------+
; Parameter Name         ; Value       ; Type                                                                   ;
+------------------------+-------------+------------------------------------------------------------------------+
; AUTO_CARRY_CHAINS      ; ON          ; AUTO_CARRY                                                             ;
; IGNORE_CARRY_BUFFERS   ; OFF         ; IGNORE_CARRY                                                           ;
; AUTO_CASCADE_CHAINS    ; ON          ; AUTO_CASCADE                                                           ;
; IGNORE_CASCADE_BUFFERS ; OFF         ; IGNORE_CASCADE                                                         ;
; LPM_WIDTH              ; 3           ; Untyped                                                                ;
; LPM_DIRECTION          ; UP          ; Untyped                                                                ;
; LPM_MODULUS            ; 5           ; Untyped                                                                ;
; LPM_AVALUE             ; UNUSED      ; Untyped                                                                ;
; LPM_SVALUE             ; UNUSED      ; Untyped                                                                ;
; LPM_PORT_UPDOWN        ; PORT_UNUSED ; Untyped                                                                ;
; DEVICE_FAMILY          ; Stratix II  ; Untyped                                                                ;
; CARRY_CHAIN            ; MANUAL      ; Untyped                                                                ;
; CARRY_CHAIN_LENGTH     ; 48          ; CARRY_CHAIN_LENGTH                                                     ;
; NOT_GATE_PUSH_BACK     ; ON          ; NOT_GATE_PUSH_BACK                                                     ;
; CARRY_CNT_EN           ; SMART       ; Untyped                                                                ;
; LABWIDE_SCLR           ; ON          ; Untyped                                                                ;
; USE_NEW_VERSION        ; TRUE        ; Untyped                                                                ;
; CBXI_PARAMETER         ; cntr_a2k    ; Untyped                                                                ;
+------------------------+-------------+------------------------------------------------------------------------+
Note: In order to hide this table in the UI and the text report file, please set the "Show Parameter Settings Tables in Synthesis Report" option in "Analysis and Synthesis Settings -> More Settings" to "Off".


+----------------------------------------------------------------------------------------------------------------+
; Parameter Settings for User Entity Instance: cache:inst|lpm_compare2:inst134|lpm_compare:lpm_compare_component ;
+------------------------+------------+--------------------------------------------------------------------------+
; Parameter Name         ; Value      ; Type                                                                     ;
+------------------------+------------+--------------------------------------------------------------------------+
; lpm_width              ; 2          ; Untyped                                                                  ;
; LPM_REPRESENTATION     ; UNSIGNED   ; Untyped                                                                  ;
; LPM_PIPELINE           ; 0          ; Untyped                                                                  ;
; CHAIN_SIZE             ; 8          ; Untyped                                                                  ;
; ONE_INPUT_IS_CONSTANT  ; YES        ; Untyped                                                                  ;
; CARRY_CHAIN            ; MANUAL     ; Untyped                                                                  ;
; CASCADE_CHAIN          ; MANUAL     ; Untyped                                                                  ;
; CARRY_CHAIN_LENGTH     ; 48         ; CARRY_CHAIN_LENGTH                                                       ;
; CASCADE_CHAIN_LENGTH   ; 2          ; CASCADE_CHAIN_LENGTH                                                     ;
; DEVICE_FAMILY          ; Stratix II ; Untyped                                                                  ;
; CBXI_PARAMETER         ; cmpr_vij   ; Untyped                                                                  ;
; AUTO_CARRY_CHAINS      ; ON         ; AUTO_CARRY                                                               ;
; IGNORE_CARRY_BUFFERS   ; OFF        ; IGNORE_CARRY                                                             ;
; AUTO_CASCADE_CHAINS    ; ON         ; AUTO_CASCADE                                                             ;
; IGNORE_CASCADE_BUFFERS ; OFF        ; IGNORE_CASCADE                                                           ;
+------------------------+------------+--------------------------------------------------------------------------+
Note: In order to hide this table in the UI and the text report file, please set the "Show Parameter Settings Tables in Synthesis Report" option in "Analysis and Synthesis Settings -> More Settings" to "Off".


+----------------------------------------------------------------------------------------------------------------+
; Parameter Settings for User Entity Instance: cache:inst|lpm_counter2:inst133|lpm_counter:lpm_counter_component ;
+------------------------+-------------+-------------------------------------------------------------------------+
; Parameter Name         ; Value       ; Type                                                                    ;
+------------------------+-------------+-------------------------------------------------------------------------+
; AUTO_CARRY_CHAINS      ; ON          ; AUTO_CARRY                                                              ;
; IGNORE_CARRY_BUFFERS   ; OFF         ; IGNORE_CARRY                                                            ;
; AUTO_CASCADE_CHAINS    ; ON          ; AUTO_CASCADE                                                            ;
; IGNORE_CASCADE_BUFFERS ; OFF         ; IGNORE_CASCADE                                                          ;
; LPM_WIDTH              ; 2           ; Untyped                                                                 ;
; LPM_DIRECTION          ; UP          ; Untyped                                                                 ;
; LPM_MODULUS            ; 0           ; Untyped                                                                 ;
; LPM_AVALUE             ; UNUSED      ; Untyped                                                                 ;
; LPM_SVALUE             ; UNUSED      ; Untyped                                                                 ;
; LPM_PORT_UPDOWN        ; PORT_UNUSED ; Untyped                                                                 ;
; DEVICE_FAMILY          ; Stratix II  ; Untyped                                                                 ;
; CARRY_CHAIN            ; MANUAL      ; Untyped                                                                 ;
; CARRY_CHAIN_LENGTH     ; 48          ; CARRY_CHAIN_LENGTH                                                      ;
; NOT_GATE_PUSH_BACK     ; ON          ; NOT_GATE_PUSH_BACK                                                      ;
; CARRY_CNT_EN           ; SMART       ; Untyped                                                                 ;
; LABWIDE_SCLR           ; ON          ; Untyped                                                                 ;
; USE_NEW_VERSION        ; TRUE        ; Untyped                                                                 ;
; CBXI_PARAMETER         ; cntr_6oi    ; Untyped                                                                 ;
+------------------------+-------------+-------------------------------------------------------------------------+
Note: In order to hide this table in the UI and the text report file, please set the "Show Parameter Settings Tables in Synthesis Report" option in "Analysis and Synthesis Settings -> More Settings" to "Off".


+------------------------------------------------------------------------------------------------------------+
; Parameter Settings for User Entity Instance: cache:inst|lpm_decode0:inst11|lpm_decode:lpm_decode_component ;
+------------------------+------------+----------------------------------------------------------------------+
; Parameter Name         ; Value      ; Type                                                                 ;
+------------------------+------------+----------------------------------------------------------------------+
; LPM_WIDTH              ; 2          ; Untyped                                                              ;
; LPM_DECODES            ; 4          ; Untyped                                                              ;
; LPM_PIPELINE           ; 0          ; Untyped                                                              ;
; CASCADE_CHAIN          ; MANUAL     ; Untyped                                                              ;
; DEVICE_FAMILY          ; Stratix II ; Untyped                                                              ;
; CBXI_PARAMETER         ; decode_p7f ; Untyped                                                              ;
; AUTO_CARRY_CHAINS      ; ON         ; AUTO_CARRY                                                           ;
; IGNORE_CARRY_BUFFERS   ; OFF        ; IGNORE_CARRY                                                         ;
; AUTO_CASCADE_CHAINS    ; ON         ; AUTO_CASCADE                                                         ;
; IGNORE_CASCADE_BUFFERS ; OFF        ; IGNORE_CASCADE                                                       ;
+------------------------+------------+----------------------------------------------------------------------+
Note: In order to hide this table in the UI and the text report file, please set the "Show Parameter Settings Tables in Synthesis Report" option in "Analysis and Synthesis Settings -> More Settings" to "Off".


+-------------------------------------------------------------------------------------------------------------+
; Parameter Settings for User Entity Instance: cache:inst|lpm_counter0:inst|lpm_counter:lpm_counter_component ;
+------------------------+-------------+----------------------------------------------------------------------+
; Parameter Name         ; Value       ; Type                                                                 ;
+------------------------+-------------+----------------------------------------------------------------------+
; AUTO_CARRY_CHAINS      ; ON          ; AUTO_CARRY                                                           ;
; IGNORE_CARRY_BUFFERS   ; OFF         ; IGNORE_CARRY                                                         ;
; AUTO_CASCADE_CHAINS    ; ON          ; AUTO_CASCADE                                                         ;
; IGNORE_CASCADE_BUFFERS ; OFF         ; IGNORE_CASCADE                                                       ;
; LPM_WIDTH              ; 2           ; Untyped                                                              ;
; LPM_DIRECTION          ; UP          ; Untyped                                                              ;
; LPM_MODULUS            ; 0           ; Untyped                                                              ;
; LPM_AVALUE             ; UNUSED      ; Untyped                                                              ;
; LPM_SVALUE             ; UNUSED      ; Untyped                                                              ;
; LPM_PORT_UPDOWN        ; PORT_UNUSED ; Untyped                                                              ;
; DEVICE_FAMILY          ; Stratix II  ; Untyped                                                              ;
; CARRY_CHAIN            ; MANUAL      ; Untyped                                                              ;
; CARRY_CHAIN_LENGTH     ; 48          ; CARRY_CHAIN_LENGTH                                                   ;
; NOT_GATE_PUSH_BACK     ; ON          ; NOT_GATE_PUSH_BACK                                                   ;
; CARRY_CNT_EN           ; SMART       ; Untyped                                                              ;
; LABWIDE_SCLR           ; ON          ; Untyped                                                              ;
; USE_NEW_VERSION        ; TRUE        ; Untyped                                                              ;
; CBXI_PARAMETER         ; cntr_4ai    ; Untyped                                                              ;
+------------------------+-------------+----------------------------------------------------------------------+
Note: In order to hide this table in the UI and the text report file, please set the "Show Parameter Settings Tables in Synthesis Report" option in "Analysis and Synthesis Settings -> More Settings" to "Off".


+---------------------------------------------------------------------------------------------------------------+
; Parameter Settings for User Entity Instance: cache:inst|lpm_compare1:inst46|lpm_compare:lpm_compare_component ;
+------------------------+------------+-------------------------------------------------------------------------+
; Parameter Name         ; Value      ; Type                                                                    ;
+------------------------+------------+-------------------------------------------------------------------------+
; lpm_width              ; 5          ; Untyped                                                                 ;
; LPM_REPRESENTATION     ; UNSIGNED   ; Untyped                                                                 ;
; LPM_PIPELINE           ; 0          ; Untyped                                                                 ;
; CHAIN_SIZE             ; 8          ; Untyped                                                                 ;
; ONE_INPUT_IS_CONSTANT  ; NO         ; Untyped                                                                 ;
; CARRY_CHAIN            ; MANUAL     ; Untyped                                                                 ;
; CASCADE_CHAIN          ; MANUAL     ; Untyped                                                                 ;
; CARRY_CHAIN_LENGTH     ; 48         ; CARRY_CHAIN_LENGTH                                                      ;
; CASCADE_CHAIN_LENGTH   ; 2          ; CASCADE_CHAIN_LENGTH                                                    ;
; DEVICE_FAMILY          ; Stratix II ; Untyped                                                                 ;
; CBXI_PARAMETER         ; cmpr_cig   ; Untyped                                                                 ;
; AUTO_CARRY_CHAINS      ; ON         ; AUTO_CARRY                                                              ;
; IGNORE_CARRY_BUFFERS   ; OFF        ; IGNORE_CARRY                                                            ;
; AUTO_CASCADE_CHAINS    ; ON         ; AUTO_CASCADE                                                            ;
; IGNORE_CASCADE_BUFFERS ; OFF        ; IGNORE_CASCADE                                                          ;
+------------------------+------------+-------------------------------------------------------------------------+
Note: In order to hide this table in the UI and the text report file, please set the "Show Parameter Settings Tables in Synthesis Report" option in "Analysis and Synthesis Settings -> More Settings" to "Off".


+-------------------------------------------------------------------------------------------------+
; Parameter Settings for User Entity Instance: cache:inst|lpm_dff0:inst45|lpm_ff:lpm_ff_component ;
+------------------------+------------+-----------------------------------------------------------+
; Parameter Name         ; Value      ; Type                                                      ;
+------------------------+------------+-----------------------------------------------------------+
; LPM_WIDTH              ; 5          ; Untyped                                                   ;
; LPM_AVALUE             ; UNUSED     ; Untyped                                                   ;
; LPM_SVALUE             ; UNUSED     ; Untyped                                                   ;
; LPM_FFTYPE             ; DFF        ; Untyped                                                   ;
; DEVICE_FAMILY          ; Stratix II ; Untyped                                                   ;
; CBXI_PARAMETER         ; NOTHING    ; Untyped                                                   ;
; AUTO_CARRY_CHAINS      ; ON         ; AUTO_CARRY                                                ;
; IGNORE_CARRY_BUFFERS   ; OFF        ; IGNORE_CARRY                                              ;
; AUTO_CASCADE_CHAINS    ; ON         ; AUTO_CASCADE                                              ;
; IGNORE_CASCADE_BUFFERS ; OFF        ; IGNORE_CASCADE                                            ;
+------------------------+------------+-----------------------------------------------------------+
Note: In order to hide this table in the UI and the text report file, please set the "Show Parameter Settings Tables in Synthesis Report" option in "Analysis and Synthesis Settings -> More Settings" to "Off".


+---------------------------------------------------------------------------------------------------------------+
; Parameter Settings for User Entity Instance: cache:inst|lpm_compare1:inst52|lpm_compare:lpm_compare_component ;
+------------------------+------------+-------------------------------------------------------------------------+
; Parameter Name         ; Value      ; Type                                                                    ;
+------------------------+------------+-------------------------------------------------------------------------+
; lpm_width              ; 5          ; Untyped                                                                 ;
; LPM_REPRESENTATION     ; UNSIGNED   ; Untyped                                                                 ;
; LPM_PIPELINE           ; 0          ; Untyped                                                                 ;
; CHAIN_SIZE             ; 8          ; Untyped                                                                 ;
; ONE_INPUT_IS_CONSTANT  ; NO         ; Untyped                                                                 ;
; CARRY_CHAIN            ; MANUAL     ; Untyped                                                                 ;
; CASCADE_CHAIN          ; MANUAL     ; Untyped                                                                 ;
; CARRY_CHAIN_LENGTH     ; 48         ; CARRY_CHAIN_LENGTH                                                      ;
; CASCADE_CHAIN_LENGTH   ; 2          ; CASCADE_CHAIN_LENGTH                                                    ;
; DEVICE_FAMILY          ; Stratix II ; Untyped                                                                 ;
; CBXI_PARAMETER         ; cmpr_cig   ; Untyped                                                                 ;
; AUTO_CARRY_CHAINS      ; ON         ; AUTO_CARRY                                                              ;
; IGNORE_CARRY_BUFFERS   ; OFF        ; IGNORE_CARRY                                                            ;
; AUTO_CASCADE_CHAINS    ; ON         ; AUTO_CASCADE                                                            ;
; IGNORE_CASCADE_BUFFERS ; OFF        ; IGNORE_CASCADE                                                          ;
+------------------------+------------+-------------------------------------------------------------------------+
Note: In order to hide this table in the UI and the text report file, please set the "Show Parameter Settings Tables in Synthesis Report" option in "Analysis and Synthesis Settings -> More Settings" to "Off".


+-------------------------------------------------------------------------------------------------+
; Parameter Settings for User Entity Instance: cache:inst|lpm_dff0:inst51|lpm_ff:lpm_ff_component ;
+------------------------+------------+-----------------------------------------------------------+
; Parameter Name         ; Value      ; Type                                                      ;
+------------------------+------------+-----------------------------------------------------------+
; LPM_WIDTH              ; 5          ; Untyped                                                   ;
; LPM_AVALUE             ; UNUSED     ; Untyped                                                   ;
; LPM_SVALUE             ; UNUSED     ; Untyped                                                   ;
; LPM_FFTYPE             ; DFF        ; Untyped                                                   ;
; DEVICE_FAMILY          ; Stratix II ; Untyped                                                   ;
; CBXI_PARAMETER         ; NOTHING    ; Untyped                                                   ;
; AUTO_CARRY_CHAINS      ; ON         ; AUTO_CARRY                                                ;
; IGNORE_CARRY_BUFFERS   ; OFF        ; IGNORE_CARRY                                              ;
; AUTO_CASCADE_CHAINS    ; ON         ; AUTO_CASCADE                                              ;
; IGNORE_CASCADE_BUFFERS ; OFF        ; IGNORE_CASCADE                                            ;
+------------------------+------------+-----------------------------------------------------------+
Note: In order to hide this table in the UI and the text report file, please set the "Show Parameter Settings Tables in Synthesis Report" option in "Analysis and Synthesis Settings -> More Settings" to "Off".


+---------------------------------------------------------------------------------------------------------------+
; Parameter Settings for User Entity Instance: cache:inst|lpm_compare1:inst40|lpm_compare:lpm_compare_component ;
+------------------------+------------+-------------------------------------------------------------------------+
; Parameter Name         ; Value      ; Type                                                                    ;
+------------------------+------------+-------------------------------------------------------------------------+
; lpm_width              ; 5          ; Untyped                                                                 ;
; LPM_REPRESENTATION     ; UNSIGNED   ; Untyped                                                                 ;
; LPM_PIPELINE           ; 0          ; Untyped                                                                 ;
; CHAIN_SIZE             ; 8          ; Untyped                                                                 ;
; ONE_INPUT_IS_CONSTANT  ; NO         ; Untyped                                                                 ;
; CARRY_CHAIN            ; MANUAL     ; Untyped                                                                 ;
; CASCADE_CHAIN          ; MANUAL     ; Untyped                                                                 ;
; CARRY_CHAIN_LENGTH     ; 48         ; CARRY_CHAIN_LENGTH                                                      ;
; CASCADE_CHAIN_LENGTH   ; 2          ; CASCADE_CHAIN_LENGTH                                                    ;
; DEVICE_FAMILY          ; Stratix II ; Untyped                                                                 ;
; CBXI_PARAMETER         ; cmpr_cig   ; Untyped                                                                 ;
; AUTO_CARRY_CHAINS      ; ON         ; AUTO_CARRY                                                              ;
; IGNORE_CARRY_BUFFERS   ; OFF        ; IGNORE_CARRY                                                            ;
; AUTO_CASCADE_CHAINS    ; ON         ; AUTO_CASCADE                                                            ;
; IGNORE_CASCADE_BUFFERS ; OFF        ; IGNORE_CASCADE                                                          ;
+------------------------+------------+-------------------------------------------------------------------------+
Note: In order to hide this table in the UI and the text report file, please set the "Show Parameter Settings Tables in Synthesis Report" option in "Analysis and Synthesis Settings -> More Settings" to "Off".


+-------------------------------------------------------------------------------------------------+
; Parameter Settings for User Entity Instance: cache:inst|lpm_dff0:inst39|lpm_ff:lpm_ff_component ;
+------------------------+------------+-----------------------------------------------------------+
; Parameter Name         ; Value      ; Type                                                      ;
+------------------------+------------+-----------------------------------------------------------+
; LPM_WIDTH              ; 5          ; Untyped                                                   ;
; LPM_AVALUE             ; UNUSED     ; Untyped                                                   ;
; LPM_SVALUE             ; UNUSED     ; Untyped                                                   ;
; LPM_FFTYPE             ; DFF        ; Untyped                                                   ;
; DEVICE_FAMILY          ; Stratix II ; Untyped                                                   ;
; CBXI_PARAMETER         ; NOTHING    ; Untyped                                                   ;
; AUTO_CARRY_CHAINS      ; ON         ; AUTO_CARRY                                                ;
; IGNORE_CARRY_BUFFERS   ; OFF        ; IGNORE_CARRY                                              ;
; AUTO_CASCADE_CHAINS    ; ON         ; AUTO_CASCADE                                              ;
; IGNORE_CASCADE_BUFFERS ; OFF        ; IGNORE_CASCADE                                            ;
+------------------------+------------+-----------------------------------------------------------+
Note: In order to hide this table in the UI and the text report file, please set the "Show Parameter Settings Tables in Synthesis Report" option in "Analysis and Synthesis Settings -> More Settings" to "Off".


+-------------------------------------------------------------------------------------------------------------+
; Parameter Settings for User Entity Instance: cache:inst|lpm_bustri5:inst125|lpm_bustri:lpm_bustri_component ;
+----------------+-------+------------------------------------------------------------------------------------+
; Parameter Name ; Value ; Type                                                                               ;
+----------------+-------+------------------------------------------------------------------------------------+
; LPM_WIDTH      ; 7     ; Untyped                                                                            ;
+----------------+-------+------------------------------------------------------------------------------------+
Note: In order to hide this table in the UI and the text report file, please set the "Show Parameter Settings Tables in Synthesis Report" option in "Analysis and Synthesis Settings -> More Settings" to "Off".


+-------------------------------------------------------------------------------------------------------------+
; Parameter Settings for User Entity Instance: cache:inst|lpm_bustri5:inst126|lpm_bustri:lpm_bustri_component ;
+----------------+-------+------------------------------------------------------------------------------------+
; Parameter Name ; Value ; Type                                                                               ;
+----------------+-------+------------------------------------------------------------------------------------+
; LPM_WIDTH      ; 7     ; Untyped                                                                            ;
+----------------+-------+------------------------------------------------------------------------------------+
Note: In order to hide this table in the UI and the text report file, please set the "Show Parameter Settings Tables in Synthesis Report" option in "Analysis and Synthesis Settings -> More Settings" to "Off".


+-------------------------------------------------------------------------------------------------------------+
; Parameter Settings for User Entity Instance: cache:inst|lpm_bustri2:inst119|lpm_bustri:lpm_bustri_component ;
+----------------+-------+------------------------------------------------------------------------------------+
; Parameter Name ; Value ; Type                                                                               ;
+----------------+-------+------------------------------------------------------------------------------------+
; LPM_WIDTH      ; 5     ; Untyped                                                                            ;
+----------------+-------+------------------------------------------------------------------------------------+
Note: In order to hide this table in the UI and the text report file, please set the "Show Parameter Settings Tables in Synthesis Report" option in "Analysis and Synthesis Settings -> More Settings" to "Off".


+-------------------------------------------------------------------------------------------------------------+
; Parameter Settings for User Entity Instance: cache:inst|lpm_bustri2:inst120|lpm_bustri:lpm_bustri_component ;
+----------------+-------+------------------------------------------------------------------------------------+
; Parameter Name ; Value ; Type                                                                               ;
+----------------+-------+------------------------------------------------------------------------------------+
; LPM_WIDTH      ; 5     ; Untyped                                                                            ;
+----------------+-------+------------------------------------------------------------------------------------+
Note: In order to hide this table in the UI and the text report file, please set the "Show Parameter Settings Tables in Synthesis Report" option in "Analysis and Synthesis Settings -> More Settings" to "Off".


+-------------------------------------------------------------------------------------------------------------+
; Parameter Settings for User Entity Instance: cache:inst|lpm_bustri3:inst124|lpm_bustri:lpm_bustri_component ;
+----------------+-------+------------------------------------------------------------------------------------+
; Parameter Name ; Value ; Type                                                                               ;
+----------------+-------+------------------------------------------------------------------------------------+
; LPM_WIDTH      ; 5     ; Untyped                                                                            ;
+----------------+-------+------------------------------------------------------------------------------------+
Note: In order to hide this table in the UI and the text report file, please set the "Show Parameter Settings Tables in Synthesis Report" option in "Analysis and Synthesis Settings -> More Settings" to "Off".


+------------------------------------------------------------------------------------------------------------+
; Parameter Settings for User Entity Instance: cache:inst|lpm_bustri1:inst57|lpm_bustri:lpm_bustri_component ;
+----------------+-------+-----------------------------------------------------------------------------------+
; Parameter Name ; Value ; Type                                                                              ;
+----------------+-------+-----------------------------------------------------------------------------------+
; LPM_WIDTH      ; 5     ; Untyped                                                                           ;
+----------------+-------+-----------------------------------------------------------------------------------+
Note: In order to hide this table in the UI and the text report file, please set the "Show Parameter Settings Tables in Synthesis Report" option in "Analysis and Synthesis Settings -> More Settings" to "Off".


+------------------------------------------------------------------------------------------------------------+
; Parameter Settings for User Entity Instance: cache:inst|lpm_decode1:inst28|lpm_decode:lpm_decode_component ;
+------------------------+------------+----------------------------------------------------------------------+
; Parameter Name         ; Value      ; Type                                                                 ;
+------------------------+------------+----------------------------------------------------------------------+
; LPM_WIDTH              ; 2          ; Untyped                                                              ;
; LPM_DECODES            ; 4          ; Untyped                                                              ;
; LPM_PIPELINE           ; 0          ; Untyped                                                              ;
; CASCADE_CHAIN          ; MANUAL     ; Untyped                                                              ;
; DEVICE_FAMILY          ; Stratix II ; Untyped                                                              ;
; CBXI_PARAMETER         ; decode_p7f ; Untyped                                                              ;
; AUTO_CARRY_CHAINS      ; ON         ; AUTO_CARRY                                                           ;
; IGNORE_CARRY_BUFFERS   ; OFF        ; IGNORE_CARRY                                                         ;
; AUTO_CASCADE_CHAINS    ; ON         ; AUTO_CASCADE                                                         ;
; IGNORE_CASCADE_BUFFERS ; OFF        ; IGNORE_CASCADE                                                       ;
+------------------------+------------+----------------------------------------------------------------------+
Note: In order to hide this table in the UI and the text report file, please set the "Show Parameter Settings Tables in Synthesis Report" option in "Analysis and Synthesis Settings -> More Settings" to "Off".


+------------------------------------------------------------------------------------------------------------+
; Parameter Settings for User Entity Instance: cache:inst|lpm_bustri0:inst29|lpm_bustri:lpm_bustri_component ;
+----------------+-------+-----------------------------------------------------------------------------------+
; Parameter Name ; Value ; Type                                                                              ;
+----------------+-------+-----------------------------------------------------------------------------------+
; LPM_WIDTH      ; 2     ; Untyped                                                                           ;
+----------------+-------+-----------------------------------------------------------------------------------+
Note: In order to hide this table in the UI and the text report file, please set the "Show Parameter Settings Tables in Synthesis Report" option in "Analysis and Synthesis Settings -> More Settings" to "Off".


+------------------------------------------------------------------------------------------------------------+
; Parameter Settings for User Entity Instance: cache:inst|lpm_bustri0:inst30|lpm_bustri:lpm_bustri_component ;
+----------------+-------+-----------------------------------------------------------------------------------+
; Parameter Name ; Value ; Type                                                                              ;
+----------------+-------+-----------------------------------------------------------------------------------+
; LPM_WIDTH      ; 2     ; Untyped                                                                           ;
+----------------+-------+-----------------------------------------------------------------------------------+
Note: In order to hide this table in the UI and the text report file, please set the "Show Parameter Settings Tables in Synthesis Report" option in "Analysis and Synthesis Settings -> More Settings" to "Off".


+-------------------------------------------------------------------------------------------------+
; Parameter Settings for User Entity Instance: cache:inst|lpm_dff1:inst55|lpm_ff:lpm_ff_component ;
+------------------------+------------+-----------------------------------------------------------+
; Parameter Name         ; Value      ; Type                                                      ;
+------------------------+------------+-----------------------------------------------------------+
; LPM_WIDTH              ; 5          ; Untyped                                                   ;
; LPM_AVALUE             ; UNUSED     ; Untyped                                                   ;
; LPM_SVALUE             ; UNUSED     ; Untyped                                                   ;
; LPM_FFTYPE             ; DFF        ; Untyped                                                   ;
; DEVICE_FAMILY          ; Stratix II ; Untyped                                                   ;
; CBXI_PARAMETER         ; NOTHING    ; Untyped                                                   ;
; AUTO_CARRY_CHAINS      ; ON         ; AUTO_CARRY                                                ;
; IGNORE_CARRY_BUFFERS   ; OFF        ; IGNORE_CARRY                                              ;
; AUTO_CASCADE_CHAINS    ; ON         ; AUTO_CASCADE                                              ;
; IGNORE_CASCADE_BUFFERS ; OFF        ; IGNORE_CASCADE                                            ;
+------------------------+------------+-----------------------------------------------------------+
Note: In order to hide this table in the UI and the text report file, please set the "Show Parameter Settings Tables in Synthesis Report" option in "Analysis and Synthesis Settings -> More Settings" to "Off".


+------------------------------------------------------------------------------------------------------------+
; Parameter Settings for User Entity Instance: cache:inst|lpm_bustri1:inst61|lpm_bustri:lpm_bustri_component ;
+----------------+-------+-----------------------------------------------------------------------------------+
; Parameter Name ; Value ; Type                                                                              ;
+----------------+-------+-----------------------------------------------------------------------------------+
; LPM_WIDTH      ; 5     ; Untyped                                                                           ;
+----------------+-------+-----------------------------------------------------------------------------------+
Note: In order to hide this table in the UI and the text report file, please set the "Show Parameter Settings Tables in Synthesis Report" option in "Analysis and Synthesis Settings -> More Settings" to "Off".


+-------------------------------------------------------------------------------------------------+
; Parameter Settings for User Entity Instance: cache:inst|lpm_dff1:inst59|lpm_ff:lpm_ff_component ;
+------------------------+------------+-----------------------------------------------------------+
; Parameter Name         ; Value      ; Type                                                      ;
+------------------------+------------+-----------------------------------------------------------+
; LPM_WIDTH              ; 5          ; Untyped                                                   ;
; LPM_AVALUE             ; UNUSED     ; Untyped                                                   ;
; LPM_SVALUE             ; UNUSED     ; Untyped                                                   ;
; LPM_FFTYPE             ; DFF        ; Untyped                                                   ;
; DEVICE_FAMILY          ; Stratix II ; Untyped                                                   ;
; CBXI_PARAMETER         ; NOTHING    ; Untyped                                                   ;
; AUTO_CARRY_CHAINS      ; ON         ; AUTO_CARRY                                                ;
; IGNORE_CARRY_BUFFERS   ; OFF        ; IGNORE_CARRY                                              ;
; AUTO_CASCADE_CHAINS    ; ON         ; AUTO_CASCADE                                              ;
; IGNORE_CASCADE_BUFFERS ; OFF        ; IGNORE_CASCADE                                            ;
+------------------------+------------+-----------------------------------------------------------+
Note: In order to hide this table in the UI and the text report file, please set the "Show Parameter Settings Tables in Synthesis Report" option in "Analysis and Synthesis Settings -> More Settings" to "Off".


+------------------------------------------------------------------------------------------------------------+
; Parameter Settings for User Entity Instance: cache:inst|lpm_bustri1:inst65|lpm_bustri:lpm_bustri_component ;
+----------------+-------+-----------------------------------------------------------------------------------+
; Parameter Name ; Value ; Type                                                                              ;
+----------------+-------+-----------------------------------------------------------------------------------+
; LPM_WIDTH      ; 5     ; Untyped                                                                           ;
+----------------+-------+-----------------------------------------------------------------------------------+
Note: In order to hide this table in the UI and the text report file, please set the "Show Parameter Settings Tables in Synthesis Report" option in "Analysis and Synthesis Settings -> More Settings" to "Off".


+-------------------------------------------------------------------------------------------------+
; Parameter Settings for User Entity Instance: cache:inst|lpm_dff1:inst63|lpm_ff:lpm_ff_component ;
+------------------------+------------+-----------------------------------------------------------+
; Parameter Name         ; Value      ; Type                                                      ;
+------------------------+------------+-----------------------------------------------------------+
; LPM_WIDTH              ; 5          ; Untyped                                                   ;
; LPM_AVALUE             ; UNUSED     ; Untyped                                                   ;
; LPM_SVALUE             ; UNUSED     ; Untyped                                                   ;
; LPM_FFTYPE             ; DFF        ; Untyped                                                   ;
; DEVICE_FAMILY          ; Stratix II ; Untyped                                                   ;
; CBXI_PARAMETER         ; NOTHING    ; Untyped                                                   ;
; AUTO_CARRY_CHAINS      ; ON         ; AUTO_CARRY                                                ;
; IGNORE_CARRY_BUFFERS   ; OFF        ; IGNORE_CARRY                                              ;
; AUTO_CASCADE_CHAINS    ; ON         ; AUTO_CASCADE                                              ;
; IGNORE_CASCADE_BUFFERS ; OFF        ; IGNORE_CASCADE                                            ;
+------------------------+------------+-----------------------------------------------------------+
Note: In order to hide this table in the UI and the text report file, please set the "Show Parameter Settings Tables in Synthesis Report" option in "Analysis and Synthesis Settings -> More Settings" to "Off".


+------------------------------------------------------------------------------------------------------------+
; Parameter Settings for User Entity Instance: cache:inst|lpm_bustri1:inst69|lpm_bustri:lpm_bustri_component ;
+----------------+-------+-----------------------------------------------------------------------------------+
; Parameter Name ; Value ; Type                                                                              ;
+----------------+-------+-----------------------------------------------------------------------------------+
; LPM_WIDTH      ; 5     ; Untyped                                                                           ;
+----------------+-------+-----------------------------------------------------------------------------------+
Note: In order to hide this table in the UI and the text report file, please set the "Show Parameter Settings Tables in Synthesis Report" option in "Analysis and Synthesis Settings -> More Settings" to "Off".


+-------------------------------------------------------------------------------------------------+
; Parameter Settings for User Entity Instance: cache:inst|lpm_dff1:inst67|lpm_ff:lpm_ff_component ;
+------------------------+------------+-----------------------------------------------------------+
; Parameter Name         ; Value      ; Type                                                      ;
+------------------------+------------+-----------------------------------------------------------+
; LPM_WIDTH              ; 5          ; Untyped                                                   ;
; LPM_AVALUE             ; UNUSED     ; Untyped                                                   ;
; LPM_SVALUE             ; UNUSED     ; Untyped                                                   ;
; LPM_FFTYPE             ; DFF        ; Untyped                                                   ;
; DEVICE_FAMILY          ; Stratix II ; Untyped                                                   ;
; CBXI_PARAMETER         ; NOTHING    ; Untyped                                                   ;
; AUTO_CARRY_CHAINS      ; ON         ; AUTO_CARRY                                                ;
; IGNORE_CARRY_BUFFERS   ; OFF        ; IGNORE_CARRY                                              ;
; AUTO_CASCADE_CHAINS    ; ON         ; AUTO_CASCADE                                              ;
; IGNORE_CASCADE_BUFFERS ; OFF        ; IGNORE_CASCADE                                            ;
+------------------------+------------+-----------------------------------------------------------+
Note: In order to hide this table in the UI and the text report file, please set the "Show Parameter Settings Tables in Synthesis Report" option in "Analysis and Synthesis Settings -> More Settings" to "Off".


+------------------------------------------------------------------------------------------------------------+
; Parameter Settings for User Entity Instance: cache:inst|lpm_bustri1:inst73|lpm_bustri:lpm_bustri_component ;
+----------------+-------+-----------------------------------------------------------------------------------+
; Parameter Name ; Value ; Type                                                                              ;
+----------------+-------+-----------------------------------------------------------------------------------+
; LPM_WIDTH      ; 5     ; Untyped                                                                           ;
+----------------+-------+-----------------------------------------------------------------------------------+
Note: In order to hide this table in the UI and the text report file, please set the "Show Parameter Settings Tables in Synthesis Report" option in "Analysis and Synthesis Settings -> More Settings" to "Off".


+-------------------------------------------------------------------------------------------------+
; Parameter Settings for User Entity Instance: cache:inst|lpm_dff1:inst71|lpm_ff:lpm_ff_component ;
+------------------------+------------+-----------------------------------------------------------+
; Parameter Name         ; Value      ; Type                                                      ;
+------------------------+------------+-----------------------------------------------------------+
; LPM_WIDTH              ; 5          ; Untyped                                                   ;
; LPM_AVALUE             ; UNUSED     ; Untyped                                                   ;
; LPM_SVALUE             ; UNUSED     ; Untyped                                                   ;
; LPM_FFTYPE             ; DFF        ; Untyped                                                   ;
; DEVICE_FAMILY          ; Stratix II ; Untyped                                                   ;
; CBXI_PARAMETER         ; NOTHING    ; Untyped                                                   ;
; AUTO_CARRY_CHAINS      ; ON         ; AUTO_CARRY                                                ;
; IGNORE_CARRY_BUFFERS   ; OFF        ; IGNORE_CARRY                                              ;
; AUTO_CASCADE_CHAINS    ; ON         ; AUTO_CASCADE                                              ;
; IGNORE_CASCADE_BUFFERS ; OFF        ; IGNORE_CASCADE                                            ;
+------------------------+------------+-----------------------------------------------------------+
Note: In order to hide this table in the UI and the text report file, please set the "Show Parameter Settings Tables in Synthesis Report" option in "Analysis and Synthesis Settings -> More Settings" to "Off".


+------------------------------------------------------------------------------------------------------------+
; Parameter Settings for User Entity Instance: cache:inst|lpm_bustri1:inst77|lpm_bustri:lpm_bustri_component ;
+----------------+-------+-----------------------------------------------------------------------------------+
; Parameter Name ; Value ; Type                                                                              ;
+----------------+-------+-----------------------------------------------------------------------------------+
; LPM_WIDTH      ; 5     ; Untyped                                                                           ;
+----------------+-------+-----------------------------------------------------------------------------------+
Note: In order to hide this table in the UI and the text report file, please set the "Show Parameter Settings Tables in Synthesis Report" option in "Analysis and Synthesis Settings -> More Settings" to "Off".


+-------------------------------------------------------------------------------------------------+
; Parameter Settings for User Entity Instance: cache:inst|lpm_dff1:inst75|lpm_ff:lpm_ff_component ;
+------------------------+------------+-----------------------------------------------------------+
; Parameter Name         ; Value      ; Type                                                      ;
+------------------------+------------+-----------------------------------------------------------+
; LPM_WIDTH              ; 5          ; Untyped                                                   ;
; LPM_AVALUE             ; UNUSED     ; Untyped                                                   ;
; LPM_SVALUE             ; UNUSED     ; Untyped                                                   ;
; LPM_FFTYPE             ; DFF        ; Untyped                                                   ;
; DEVICE_FAMILY          ; Stratix II ; Untyped                                                   ;
; CBXI_PARAMETER         ; NOTHING    ; Untyped                                                   ;
; AUTO_CARRY_CHAINS      ; ON         ; AUTO_CARRY                                                ;
; IGNORE_CARRY_BUFFERS   ; OFF        ; IGNORE_CARRY                                              ;
; AUTO_CASCADE_CHAINS    ; ON         ; AUTO_CASCADE                                              ;
; IGNORE_CASCADE_BUFFERS ; OFF        ; IGNORE_CASCADE                                            ;
+------------------------+------------+-----------------------------------------------------------+
Note: In order to hide this table in the UI and the text report file, please set the "Show Parameter Settings Tables in Synthesis Report" option in "Analysis and Synthesis Settings -> More Settings" to "Off".


+------------------------------------------------------------------------------------------------------------+
; Parameter Settings for User Entity Instance: cache:inst|lpm_bustri1:inst81|lpm_bustri:lpm_bustri_component ;
+----------------+-------+-----------------------------------------------------------------------------------+
; Parameter Name ; Value ; Type                                                                              ;
+----------------+-------+-----------------------------------------------------------------------------------+
; LPM_WIDTH      ; 5     ; Untyped                                                                           ;
+----------------+-------+-----------------------------------------------------------------------------------+
Note: In order to hide this table in the UI and the text report file, please set the "Show Parameter Settings Tables in Synthesis Report" option in "Analysis and Synthesis Settings -> More Settings" to "Off".


+-------------------------------------------------------------------------------------------------+
; Parameter Settings for User Entity Instance: cache:inst|lpm_dff1:inst79|lpm_ff:lpm_ff_component ;
+------------------------+------------+-----------------------------------------------------------+
; Parameter Name         ; Value      ; Type                                                      ;
+------------------------+------------+-----------------------------------------------------------+
; LPM_WIDTH              ; 5          ; Untyped                                                   ;
; LPM_AVALUE             ; UNUSED     ; Untyped                                                   ;
; LPM_SVALUE             ; UNUSED     ; Untyped                                                   ;
; LPM_FFTYPE             ; DFF        ; Untyped                                                   ;
; DEVICE_FAMILY          ; Stratix II ; Untyped                                                   ;
; CBXI_PARAMETER         ; NOTHING    ; Untyped                                                   ;
; AUTO_CARRY_CHAINS      ; ON         ; AUTO_CARRY                                                ;
; IGNORE_CARRY_BUFFERS   ; OFF        ; IGNORE_CARRY                                              ;
; AUTO_CASCADE_CHAINS    ; ON         ; AUTO_CASCADE                                              ;
; IGNORE_CASCADE_BUFFERS ; OFF        ; IGNORE_CASCADE                                            ;
+------------------------+------------+-----------------------------------------------------------+
Note: In order to hide this table in the UI and the text report file, please set the "Show Parameter Settings Tables in Synthesis Report" option in "Analysis and Synthesis Settings -> More Settings" to "Off".


+------------------------------------------------------------------------------------------------------------+
; Parameter Settings for User Entity Instance: cache:inst|lpm_bustri1:inst85|lpm_bustri:lpm_bustri_component ;
+----------------+-------+-----------------------------------------------------------------------------------+
; Parameter Name ; Value ; Type                                                                              ;
+----------------+-------+-----------------------------------------------------------------------------------+
; LPM_WIDTH      ; 5     ; Untyped                                                                           ;
+----------------+-------+-----------------------------------------------------------------------------------+
Note: In order to hide this table in the UI and the text report file, please set the "Show Parameter Settings Tables in Synthesis Report" option in "Analysis and Synthesis Settings -> More Settings" to "Off".


+-------------------------------------------------------------------------------------------------+
; Parameter Settings for User Entity Instance: cache:inst|lpm_dff1:inst83|lpm_ff:lpm_ff_component ;
+------------------------+------------+-----------------------------------------------------------+
; Parameter Name         ; Value      ; Type                                                      ;
+------------------------+------------+-----------------------------------------------------------+
; LPM_WIDTH              ; 5          ; Untyped                                                   ;
; LPM_AVALUE             ; UNUSED     ; Untyped                                                   ;
; LPM_SVALUE             ; UNUSED     ; Untyped                                                   ;
; LPM_FFTYPE             ; DFF        ; Untyped                                                   ;
; DEVICE_FAMILY          ; Stratix II ; Untyped                                                   ;
; CBXI_PARAMETER         ; NOTHING    ; Untyped                                                   ;
; AUTO_CARRY_CHAINS      ; ON         ; AUTO_CARRY                                                ;
; IGNORE_CARRY_BUFFERS   ; OFF        ; IGNORE_CARRY                                              ;
; AUTO_CASCADE_CHAINS    ; ON         ; AUTO_CASCADE                                              ;
; IGNORE_CASCADE_BUFFERS ; OFF        ; IGNORE_CASCADE                                            ;
+------------------------+------------+-----------------------------------------------------------+
Note: In order to hide this table in the UI and the text report file, please set the "Show Parameter Settings Tables in Synthesis Report" option in "Analysis and Synthesis Settings -> More Settings" to "Off".


+------------------------------------------------------------------------------------------------------------+
; Parameter Settings for User Entity Instance: cache:inst|lpm_bustri1:inst89|lpm_bustri:lpm_bustri_component ;
+----------------+-------+-----------------------------------------------------------------------------------+
; Parameter Name ; Value ; Type                                                                              ;
+----------------+-------+-----------------------------------------------------------------------------------+
; LPM_WIDTH      ; 5     ; Untyped                                                                           ;
+----------------+-------+-----------------------------------------------------------------------------------+
Note: In order to hide this table in the UI and the text report file, please set the "Show Parameter Settings Tables in Synthesis Report" option in "Analysis and Synthesis Settings -> More Settings" to "Off".


+-------------------------------------------------------------------------------------------------+
; Parameter Settings for User Entity Instance: cache:inst|lpm_dff1:inst87|lpm_ff:lpm_ff_component ;
+------------------------+------------+-----------------------------------------------------------+
; Parameter Name         ; Value      ; Type                                                      ;
+------------------------+------------+-----------------------------------------------------------+
; LPM_WIDTH              ; 5          ; Untyped                                                   ;
; LPM_AVALUE             ; UNUSED     ; Untyped                                                   ;
; LPM_SVALUE             ; UNUSED     ; Untyped                                                   ;
; LPM_FFTYPE             ; DFF        ; Untyped                                                   ;
; DEVICE_FAMILY          ; Stratix II ; Untyped                                                   ;
; CBXI_PARAMETER         ; NOTHING    ; Untyped                                                   ;
; AUTO_CARRY_CHAINS      ; ON         ; AUTO_CARRY                                                ;
; IGNORE_CARRY_BUFFERS   ; OFF        ; IGNORE_CARRY                                              ;
; AUTO_CASCADE_CHAINS    ; ON         ; AUTO_CASCADE                                              ;
; IGNORE_CASCADE_BUFFERS ; OFF        ; IGNORE_CASCADE                                            ;
+------------------------+------------+-----------------------------------------------------------+
Note: In order to hide this table in the UI and the text report file, please set the "Show Parameter Settings Tables in Synthesis Report" option in "Analysis and Synthesis Settings -> More Settings" to "Off".


+------------------------------------------------------------------------------------------------------------+
; Parameter Settings for User Entity Instance: cache:inst|lpm_bustri1:inst93|lpm_bustri:lpm_bustri_component ;
+----------------+-------+-----------------------------------------------------------------------------------+
; Parameter Name ; Value ; Type                                                                              ;
+----------------+-------+-----------------------------------------------------------------------------------+
; LPM_WIDTH      ; 5     ; Untyped                                                                           ;
+----------------+-------+-----------------------------------------------------------------------------------+
Note: In order to hide this table in the UI and the text report file, please set the "Show Parameter Settings Tables in Synthesis Report" option in "Analysis and Synthesis Settings -> More Settings" to "Off".


+-------------------------------------------------------------------------------------------------+
; Parameter Settings for User Entity Instance: cache:inst|lpm_dff1:inst91|lpm_ff:lpm_ff_component ;
+------------------------+------------+-----------------------------------------------------------+
; Parameter Name         ; Value      ; Type                                                      ;
+------------------------+------------+-----------------------------------------------------------+
; LPM_WIDTH              ; 5          ; Untyped                                                   ;
; LPM_AVALUE             ; UNUSED     ; Untyped                                                   ;
; LPM_SVALUE             ; UNUSED     ; Untyped                                                   ;
; LPM_FFTYPE             ; DFF        ; Untyped                                                   ;
; DEVICE_FAMILY          ; Stratix II ; Untyped                                                   ;
; CBXI_PARAMETER         ; NOTHING    ; Untyped                                                   ;
; AUTO_CARRY_CHAINS      ; ON         ; AUTO_CARRY                                                ;
; IGNORE_CARRY_BUFFERS   ; OFF        ; IGNORE_CARRY                                              ;
; AUTO_CASCADE_CHAINS    ; ON         ; AUTO_CASCADE                                              ;
; IGNORE_CASCADE_BUFFERS ; OFF        ; IGNORE_CASCADE                                            ;
+------------------------+------------+-----------------------------------------------------------+
Note: In order to hide this table in the UI and the text report file, please set the "Show Parameter Settings Tables in Synthesis Report" option in "Analysis and Synthesis Settings -> More Settings" to "Off".


+------------------------------------------------------------------------------------------------------------+
; Parameter Settings for User Entity Instance: cache:inst|lpm_bustri1:inst97|lpm_bustri:lpm_bustri_component ;
+----------------+-------+-----------------------------------------------------------------------------------+
; Parameter Name ; Value ; Type                                                                              ;
+----------------+-------+-----------------------------------------------------------------------------------+
; LPM_WIDTH      ; 5     ; Untyped                                                                           ;
+----------------+-------+-----------------------------------------------------------------------------------+
Note: In order to hide this table in the UI and the text report file, please set the "Show Parameter Settings Tables in Synthesis Report" option in "Analysis and Synthesis Settings -> More Settings" to "Off".


+-------------------------------------------------------------------------------------------------+
; Parameter Settings for User Entity Instance: cache:inst|lpm_dff1:inst95|lpm_ff:lpm_ff_component ;
+------------------------+------------+-----------------------------------------------------------+
; Parameter Name         ; Value      ; Type                                                      ;
+------------------------+------------+-----------------------------------------------------------+
; LPM_WIDTH              ; 5          ; Untyped                                                   ;
; LPM_AVALUE             ; UNUSED     ; Untyped                                                   ;
; LPM_SVALUE             ; UNUSED     ; Untyped                                                   ;
; LPM_FFTYPE             ; DFF        ; Untyped                                                   ;
; DEVICE_FAMILY          ; Stratix II ; Untyped                                                   ;
; CBXI_PARAMETER         ; NOTHING    ; Untyped                                                   ;
; AUTO_CARRY_CHAINS      ; ON         ; AUTO_CARRY                                                ;
; IGNORE_CARRY_BUFFERS   ; OFF        ; IGNORE_CARRY                                              ;
; AUTO_CASCADE_CHAINS    ; ON         ; AUTO_CASCADE                                              ;
; IGNORE_CASCADE_BUFFERS ; OFF        ; IGNORE_CASCADE                                            ;
+------------------------+------------+-----------------------------------------------------------+
Note: In order to hide this table in the UI and the text report file, please set the "Show Parameter Settings Tables in Synthesis Report" option in "Analysis and Synthesis Settings -> More Settings" to "Off".


+-------------------------------------------------------------------------------------------------------------+
; Parameter Settings for User Entity Instance: cache:inst|lpm_bustri1:inst101|lpm_bustri:lpm_bustri_component ;
+----------------+-------+------------------------------------------------------------------------------------+
; Parameter Name ; Value ; Type                                                                               ;
+----------------+-------+------------------------------------------------------------------------------------+
; LPM_WIDTH      ; 5     ; Untyped                                                                            ;
+----------------+-------+------------------------------------------------------------------------------------+
Note: In order to hide this table in the UI and the text report file, please set the "Show Parameter Settings Tables in Synthesis Report" option in "Analysis and Synthesis Settings -> More Settings" to "Off".


+-------------------------------------------------------------------------------------------------+
; Parameter Settings for User Entity Instance: cache:inst|lpm_dff1:inst99|lpm_ff:lpm_ff_component ;
+------------------------+------------+-----------------------------------------------------------+
; Parameter Name         ; Value      ; Type                                                      ;
+------------------------+------------+-----------------------------------------------------------+
; LPM_WIDTH              ; 5          ; Untyped                                                   ;
; LPM_AVALUE             ; UNUSED     ; Untyped                                                   ;
; LPM_SVALUE             ; UNUSED     ; Untyped                                                   ;
; LPM_FFTYPE             ; DFF        ; Untyped                                                   ;
; DEVICE_FAMILY          ; Stratix II ; Untyped                                                   ;
; CBXI_PARAMETER         ; NOTHING    ; Untyped                                                   ;
; AUTO_CARRY_CHAINS      ; ON         ; AUTO_CARRY                                                ;
; IGNORE_CARRY_BUFFERS   ; OFF        ; IGNORE_CARRY                                              ;
; AUTO_CASCADE_CHAINS    ; ON         ; AUTO_CASCADE                                              ;
; IGNORE_CASCADE_BUFFERS ; OFF        ; IGNORE_CASCADE                                            ;
+------------------------+------------+-----------------------------------------------------------+
Note: In order to hide this table in the UI and the text report file, please set the "Show Parameter Settings Tables in Synthesis Report" option in "Analysis and Synthesis Settings -> More Settings" to "Off".


+-------------------------------------------------------------------------------------------------------------+
; Parameter Settings for User Entity Instance: cache:inst|lpm_bustri1:inst105|lpm_bustri:lpm_bustri_component ;
+----------------+-------+------------------------------------------------------------------------------------+
; Parameter Name ; Value ; Type                                                                               ;
+----------------+-------+------------------------------------------------------------------------------------+
; LPM_WIDTH      ; 5     ; Untyped                                                                            ;
+----------------+-------+------------------------------------------------------------------------------------+
Note: In order to hide this table in the UI and the text report file, please set the "Show Parameter Settings Tables in Synthesis Report" option in "Analysis and Synthesis Settings -> More Settings" to "Off".


+--------------------------------------------------------------------------------------------------+
; Parameter Settings for User Entity Instance: cache:inst|lpm_dff1:inst103|lpm_ff:lpm_ff_component ;
+------------------------+------------+------------------------------------------------------------+
; Parameter Name         ; Value      ; Type                                                       ;
+------------------------+------------+------------------------------------------------------------+
; LPM_WIDTH              ; 5          ; Untyped                                                    ;
; LPM_AVALUE             ; UNUSED     ; Untyped                                                    ;
; LPM_SVALUE             ; UNUSED     ; Untyped                                                    ;
; LPM_FFTYPE             ; DFF        ; Untyped                                                    ;
; DEVICE_FAMILY          ; Stratix II ; Untyped                                                    ;
; CBXI_PARAMETER         ; NOTHING    ; Untyped                                                    ;
; AUTO_CARRY_CHAINS      ; ON         ; AUTO_CARRY                                                 ;
; IGNORE_CARRY_BUFFERS   ; OFF        ; IGNORE_CARRY                                               ;
; AUTO_CASCADE_CHAINS    ; ON         ; AUTO_CASCADE                                               ;
; IGNORE_CASCADE_BUFFERS ; OFF        ; IGNORE_CASCADE                                             ;
+------------------------+------------+------------------------------------------------------------+
Note: In order to hide this table in the UI and the text report file, please set the "Show Parameter Settings Tables in Synthesis Report" option in "Analysis and Synthesis Settings -> More Settings" to "Off".


+-------------------------------------------------------------------------------------------------------------+
; Parameter Settings for User Entity Instance: cache:inst|lpm_bustri1:inst109|lpm_bustri:lpm_bustri_component ;
+----------------+-------+------------------------------------------------------------------------------------+
; Parameter Name ; Value ; Type                                                                               ;
+----------------+-------+------------------------------------------------------------------------------------+
; LPM_WIDTH      ; 5     ; Untyped                                                                            ;
+----------------+-------+------------------------------------------------------------------------------------+
Note: In order to hide this table in the UI and the text report file, please set the "Show Parameter Settings Tables in Synthesis Report" option in "Analysis and Synthesis Settings -> More Settings" to "Off".


+--------------------------------------------------------------------------------------------------+
; Parameter Settings for User Entity Instance: cache:inst|lpm_dff1:inst107|lpm_ff:lpm_ff_component ;
+------------------------+------------+------------------------------------------------------------+
; Parameter Name         ; Value      ; Type                                                       ;
+------------------------+------------+------------------------------------------------------------+
; LPM_WIDTH              ; 5          ; Untyped                                                    ;
; LPM_AVALUE             ; UNUSED     ; Untyped                                                    ;
; LPM_SVALUE             ; UNUSED     ; Untyped                                                    ;
; LPM_FFTYPE             ; DFF        ; Untyped                                                    ;
; DEVICE_FAMILY          ; Stratix II ; Untyped                                                    ;
; CBXI_PARAMETER         ; NOTHING    ; Untyped                                                    ;
; AUTO_CARRY_CHAINS      ; ON         ; AUTO_CARRY                                                 ;
; IGNORE_CARRY_BUFFERS   ; OFF        ; IGNORE_CARRY                                               ;
; AUTO_CASCADE_CHAINS    ; ON         ; AUTO_CASCADE                                               ;
; IGNORE_CASCADE_BUFFERS ; OFF        ; IGNORE_CASCADE                                             ;
+------------------------+------------+------------------------------------------------------------+
Note: In order to hide this table in the UI and the text report file, please set the "Show Parameter Settings Tables in Synthesis Report" option in "Analysis and Synthesis Settings -> More Settings" to "Off".


+-------------------------------------------------------------------------------------------------------------+
; Parameter Settings for User Entity Instance: cache:inst|lpm_bustri1:inst113|lpm_bustri:lpm_bustri_component ;
+----------------+-------+------------------------------------------------------------------------------------+
; Parameter Name ; Value ; Type                                                                               ;
+----------------+-------+------------------------------------------------------------------------------------+
; LPM_WIDTH      ; 5     ; Untyped                                                                            ;
+----------------+-------+------------------------------------------------------------------------------------+
Note: In order to hide this table in the UI and the text report file, please set the "Show Parameter Settings Tables in Synthesis Report" option in "Analysis and Synthesis Settings -> More Settings" to "Off".


+--------------------------------------------------------------------------------------------------+
; Parameter Settings for User Entity Instance: cache:inst|lpm_dff1:inst111|lpm_ff:lpm_ff_component ;
+------------------------+------------+------------------------------------------------------------+
; Parameter Name         ; Value      ; Type                                                       ;
+------------------------+------------+------------------------------------------------------------+
; LPM_WIDTH              ; 5          ; Untyped                                                    ;
; LPM_AVALUE             ; UNUSED     ; Untyped                                                    ;
; LPM_SVALUE             ; UNUSED     ; Untyped                                                    ;
; LPM_FFTYPE             ; DFF        ; Untyped                                                    ;
; DEVICE_FAMILY          ; Stratix II ; Untyped                                                    ;
; CBXI_PARAMETER         ; NOTHING    ; Untyped                                                    ;
; AUTO_CARRY_CHAINS      ; ON         ; AUTO_CARRY                                                 ;
; IGNORE_CARRY_BUFFERS   ; OFF        ; IGNORE_CARRY                                               ;
; AUTO_CASCADE_CHAINS    ; ON         ; AUTO_CASCADE                                               ;
; IGNORE_CASCADE_BUFFERS ; OFF        ; IGNORE_CASCADE                                             ;
+------------------------+------------+------------------------------------------------------------+
Note: In order to hide this table in the UI and the text report file, please set the "Show Parameter Settings Tables in Synthesis Report" option in "Analysis and Synthesis Settings -> More Settings" to "Off".


+-------------------------------------------------------------------------------------------------------------+
; Parameter Settings for User Entity Instance: cache:inst|lpm_bustri1:inst117|lpm_bustri:lpm_bustri_component ;
+----------------+-------+------------------------------------------------------------------------------------+
; Parameter Name ; Value ; Type                                                                               ;
+----------------+-------+------------------------------------------------------------------------------------+
; LPM_WIDTH      ; 5     ; Untyped                                                                            ;
+----------------+-------+------------------------------------------------------------------------------------+
Note: In order to hide this table in the UI and the text report file, please set the "Show Parameter Settings Tables in Synthesis Report" option in "Analysis and Synthesis Settings -> More Settings" to "Off".


+--------------------------------------------------------------------------------------------------+
; Parameter Settings for User Entity Instance: cache:inst|lpm_dff1:inst115|lpm_ff:lpm_ff_component ;
+------------------------+------------+------------------------------------------------------------+
; Parameter Name         ; Value      ; Type                                                       ;
+------------------------+------------+------------------------------------------------------------+
; LPM_WIDTH              ; 5          ; Untyped                                                    ;
; LPM_AVALUE             ; UNUSED     ; Untyped                                                    ;
; LPM_SVALUE             ; UNUSED     ; Untyped                                                    ;
; LPM_FFTYPE             ; DFF        ; Untyped                                                    ;
; DEVICE_FAMILY          ; Stratix II ; Untyped                                                    ;
; CBXI_PARAMETER         ; NOTHING    ; Untyped                                                    ;
; AUTO_CARRY_CHAINS      ; ON         ; AUTO_CARRY                                                 ;
; IGNORE_CARRY_BUFFERS   ; OFF        ; IGNORE_CARRY                                               ;
; AUTO_CASCADE_CHAINS    ; ON         ; AUTO_CASCADE                                               ;
; IGNORE_CASCADE_BUFFERS ; OFF        ; IGNORE_CASCADE                                             ;
+------------------------+------------+------------------------------------------------------------+
Note: In order to hide this table in the UI and the text report file, please set the "Show Parameter Settings Tables in Synthesis Report" option in "Analysis and Synthesis Settings -> More Settings" to "Off".


+----------------------------------------------------------------+
; Parameter Settings for User Entity Instance: lpm_ram_dq0:inst1 ;
+-----------------+-------+--------------------------------------+
; Parameter Name  ; Value ; Type                                 ;
+-----------------+-------+--------------------------------------+
; WIDTH_BYTEENA_A ; 1     ; Untyped                              ;
; WIDTH_BYTEENA_B ; 1     ; Untyped                              ;
+-----------------+-------+--------------------------------------+
Note: In order to hide this table in the UI and the text report file, please set the "Show Parameter Settings Tables in Synthesis Report" option in "Analysis and Synthesis Settings -> More Settings" to "Off".


+------------------------------------------------------------------------------------------------+
; Parameter Settings for User Entity Instance: lpm_ram_dq0:inst1|altsyncram:altsyncram_component ;
+------------------------------------+----------------------+------------------------------------+
; Parameter Name                     ; Value                ; Type                               ;
+------------------------------------+----------------------+------------------------------------+
; BYTE_SIZE_BLOCK                    ; 8                    ; Untyped                            ;
; AUTO_CARRY_CHAINS                  ; ON                   ; AUTO_CARRY                         ;
; IGNORE_CARRY_BUFFERS               ; OFF                  ; IGNORE_CARRY                       ;
; AUTO_CASCADE_CHAINS                ; ON                   ; AUTO_CASCADE                       ;
; IGNORE_CASCADE_BUFFERS             ; OFF                  ; IGNORE_CASCADE                     ;
; WIDTH_BYTEENA                      ; 1                    ; Untyped                            ;
; OPERATION_MODE                     ; SINGLE_PORT          ; Untyped                            ;
; WIDTH_A                            ; 5                    ; Untyped                            ;
; WIDTHAD_A                          ; 7                    ; Untyped                            ;
; NUMWORDS_A                         ; 128                  ; Untyped                            ;
; OUTDATA_REG_A                      ; CLOCK1               ; Untyped                            ;
; ADDRESS_ACLR_A                     ; NONE                 ; Untyped                            ;
; OUTDATA_ACLR_A                     ; NONE                 ; Untyped                            ;
; WRCONTROL_ACLR_A                   ; NONE                 ; Untyped                            ;
; INDATA_ACLR_A                      ; NONE                 ; Untyped                            ;
; BYTEENA_ACLR_A                     ; NONE                 ; Untyped                            ;
; WIDTH_B                            ; 1                    ; Untyped                            ;
; WIDTHAD_B                          ; 1                    ; Untyped                            ;
; NUMWORDS_B                         ; 1                    ; Untyped                            ;
; INDATA_REG_B                       ; CLOCK1               ; Untyped                            ;
; WRCONTROL_WRADDRESS_REG_B          ; CLOCK1               ; Untyped                            ;
; RDCONTROL_REG_B                    ; CLOCK1               ; Untyped                            ;
; ADDRESS_REG_B                      ; CLOCK1               ; Untyped                            ;
; OUTDATA_REG_B                      ; UNREGISTERED         ; Untyped                            ;
; BYTEENA_REG_B                      ; CLOCK1               ; Untyped                            ;
; INDATA_ACLR_B                      ; NONE                 ; Untyped                            ;
; WRCONTROL_ACLR_B                   ; NONE                 ; Untyped                            ;
; ADDRESS_ACLR_B                     ; NONE                 ; Untyped                            ;
; OUTDATA_ACLR_B                     ; NONE                 ; Untyped                            ;
; RDCONTROL_ACLR_B                   ; NONE                 ; Untyped                            ;
; BYTEENA_ACLR_B                     ; NONE                 ; Untyped                            ;
; WIDTH_BYTEENA_A                    ; 1                    ; Untyped                            ;
; WIDTH_BYTEENA_B                    ; 1                    ; Untyped                            ;
; RAM_BLOCK_TYPE                     ; AUTO                 ; Untyped                            ;
; BYTE_SIZE                          ; 8                    ; Untyped                            ;
; READ_DURING_WRITE_MODE_MIXED_PORTS ; DONT_CARE            ; Untyped                            ;
; READ_DURING_WRITE_MODE_PORT_A      ; NEW_DATA_NO_NBE_READ ; Untyped                            ;
; READ_DURING_WRITE_MODE_PORT_B      ; NEW_DATA_NO_NBE_READ ; Untyped                            ;
; INIT_FILE                          ; ram.hex              ; Untyped                            ;
; INIT_FILE_LAYOUT                   ; PORT_A               ; Untyped                            ;
; MAXIMUM_DEPTH                      ; 0                    ; Untyped                            ;
; CLOCK_ENABLE_INPUT_A               ; BYPASS               ; Untyped                            ;
; CLOCK_ENABLE_INPUT_B               ; NORMAL               ; Untyped                            ;
; CLOCK_ENABLE_OUTPUT_A              ; BYPASS               ; Untyped                            ;
; CLOCK_ENABLE_OUTPUT_B              ; NORMAL               ; Untyped                            ;
; CLOCK_ENABLE_CORE_A                ; USE_INPUT_CLKEN      ; Untyped                            ;
; CLOCK_ENABLE_CORE_B                ; USE_INPUT_CLKEN      ; Untyped                            ;
; ENABLE_ECC                         ; FALSE                ; Untyped                            ;
; DEVICE_FAMILY                      ; Stratix II           ; Untyped                            ;
; CBXI_PARAMETER                     ; altsyncram_l9a1      ; Untyped                            ;
+------------------------------------+----------------------+------------------------------------+
Note: In order to hide this table in the UI and the text report file, please set the "Show Parameter Settings Tables in Synthesis Report" option in "Analysis and Synthesis Settings -> More Settings" to "Off".


+-----------------------------------------------------------------------------------------------+
; altsyncram Parameter Settings by Entity Instance                                              ;
+-------------------------------------------+---------------------------------------------------+
; Name                                      ; Value                                             ;
+-------------------------------------------+---------------------------------------------------+
; Number of entity instances                ; 1                                                 ;
; Entity Instance                           ; lpm_ram_dq0:inst1|altsyncram:altsyncram_component ;
;     -- OPERATION_MODE                     ; SINGLE_PORT                                       ;
;     -- WIDTH_A                            ; 5                                                 ;
;     -- NUMWORDS_A                         ; 128                                               ;
;     -- OUTDATA_REG_A                      ; CLOCK1                                            ;
;     -- WIDTH_B                            ; 1                                                 ;
;     -- NUMWORDS_B                         ; 1                                                 ;
;     -- ADDRESS_REG_B                      ; CLOCK1                                            ;
;     -- OUTDATA_REG_B                      ; UNREGISTERED                                      ;
;     -- RAM_BLOCK_TYPE                     ; AUTO                                              ;
;     -- READ_DURING_WRITE_MODE_MIXED_PORTS ; DONT_CARE                                         ;
+-------------------------------------------+---------------------------------------------------+


+-------------------------------+
; Analysis & Synthesis Messages ;
+-------------------------------+
Info: *******************************************************************
Info: Running Quartus II Analysis & Synthesis
    Info: Version 9.1 Build 222 10/21/2009 SJ Web Edition
    Info: Processing started: Thu Mar 21 19:26:23 2024
Info: Command: quartus_map --read_settings_files=on --write_settings_files=off lab8 -c lab8
Info: Found 1 design units, including 1 entities, in source file main.bdf
    Info: Found entity 1: main
Info: Found 1 design units, including 1 entities, in source file cache.bdf
    Info: Found entity 1: cache
Info: Elaborating entity "main" for the top level hierarchy
Info: Elaborating entity "cache" for hierarchy "cache:inst"
Warning: Using design file lpm_compare1.tdf, which is not specified as a design file for the current project, but contains definitions for 1 design units and 1 entities in project
    Info: Found entity 1: lpm_compare1
Info: Elaborating entity "lpm_compare1" for hierarchy "cache:inst|lpm_compare1:inst34"
Info: Elaborating entity "lpm_compare" for hierarchy "cache:inst|lpm_compare1:inst34|lpm_compare:lpm_compare_component"
Info: Elaborated megafunction instantiation "cache:inst|lpm_compare1:inst34|lpm_compare:lpm_compare_component"
Info: Instantiated megafunction "cache:inst|lpm_compare1:inst34|lpm_compare:lpm_compare_component" with the following parameter:
    Info: Parameter "LPM_TYPE" = "LPM_COMPARE"
    Info: Parameter "LPM_WIDTH" = "5"
    Info: Parameter "LPM_REPRESENTATION" = "UNSIGNED"
Info: Found 1 design units, including 1 entities, in source file db/cmpr_cig.tdf
    Info: Found entity 1: cmpr_cig
Info: Elaborating entity "cmpr_cig" for hierarchy "cache:inst|lpm_compare1:inst34|lpm_compare:lpm_compare_component|cmpr_cig:auto_generated"
Warning: Using design file lpm_dff0.tdf, which is not specified as a design file for the current project, but contains definitions for 1 design units and 1 entities in project
    Info: Found entity 1: lpm_dff0
Info: Elaborating entity "lpm_dff0" for hierarchy "cache:inst|lpm_dff0:inst33"
Info: Elaborating entity "lpm_ff" for hierarchy "cache:inst|lpm_dff0:inst33|lpm_ff:lpm_ff_component"
Info: Elaborated megafunction instantiation "cache:inst|lpm_dff0:inst33|lpm_ff:lpm_ff_component"
Info: Instantiated megafunction "cache:inst|lpm_dff0:inst33|lpm_ff:lpm_ff_component" with the following parameter:
    Info: Parameter "LPM_TYPE" = "LPM_FF"
    Info: Parameter "LPM_WIDTH" = "5"
    Info: Parameter "LPM_FFTYPE" = "DFF"
Warning: Using design file lpm_compare0.tdf, which is not specified as a design file for the current project, but contains definitions for 1 design units and 1 entities in project
    Info: Found entity 1: lpm_compare0
Info: Elaborating entity "lpm_compare0" for hierarchy "cache:inst|lpm_compare0:inst21"
Info: Elaborating entity "lpm_compare" for hierarchy "cache:inst|lpm_compare0:inst21|lpm_compare:lpm_compare_component"
Info: Elaborated megafunction instantiation "cache:inst|lpm_compare0:inst21|lpm_compare:lpm_compare_component"
Info: Instantiated megafunction "cache:inst|lpm_compare0:inst21|lpm_compare:lpm_compare_component" with the following parameter:
    Info: Parameter "LPM_TYPE" = "LPM_COMPARE"
    Info: Parameter "LPM_HINT" = "ONE_INPUT_IS_CONSTANT=YES"
    Info: Parameter "LPM_WIDTH" = "3"
    Info: Parameter "LPM_REPRESENTATION" = "UNSIGNED"
Info: Found 1 design units, including 1 entities, in source file db/cmpr_0jj.tdf
    Info: Found entity 1: cmpr_0jj
Info: Elaborating entity "cmpr_0jj" for hierarchy "cache:inst|lpm_compare0:inst21|lpm_compare:lpm_compare_component|cmpr_0jj:auto_generated"
Warning: Using design file lpm_counter1.tdf, which is not specified as a design file for the current project, but contains definitions for 1 design units and 1 entities in project
    Info: Found entity 1: lpm_counter1
Info: Elaborating entity "lpm_counter1" for hierarchy "cache:inst|lpm_counter1:inst22"
Info: Elaborating entity "lpm_counter" for hierarchy "cache:inst|lpm_counter1:inst22|lpm_counter:lpm_counter_component"
Info: Elaborated megafunction instantiation "cache:inst|lpm_counter1:inst22|lpm_counter:lpm_counter_component"
Info: Instantiated megafunction "cache:inst|lpm_counter1:inst22|lpm_counter:lpm_counter_component" with the following parameter:
    Info: Parameter "LPM_TYPE" = "LPM_COUNTER"
    Info: Parameter "LPM_WIDTH" = "3"
    Info: Parameter "LPM_DIRECTION" = "UP"
    Info: Parameter "LPM_MODULUS" = "5"
    Info: Parameter "LPM_PORT_UPDOWN" = "PORT_UNUSED"
Info: Found 1 design units, including 1 entities, in source file db/cntr_a2k.tdf
    Info: Found entity 1: cntr_a2k
Info: Elaborating entity "cntr_a2k" for hierarchy "cache:inst|lpm_counter1:inst22|lpm_counter:lpm_counter_component|cntr_a2k:auto_generated"
Info: Found 1 design units, including 1 entities, in source file db/cmpr_9dc.tdf
    Info: Found entity 1: cmpr_9dc
Info: Elaborating entity "cmpr_9dc" for hierarchy "cache:inst|lpm_counter1:inst22|lpm_counter:lpm_counter_component|cntr_a2k:auto_generated|cmpr_9dc:cmpr2"
Warning: Using design file lpm_compare2.tdf, which is not specified as a design file for the current project, but contains definitions for 1 design units and 1 entities in project
    Info: Found entity 1: lpm_compare2
Info: Elaborating entity "lpm_compare2" for hierarchy "cache:inst|lpm_compare2:inst134"
Info: Elaborating entity "lpm_compare" for hierarchy "cache:inst|lpm_compare2:inst134|lpm_compare:lpm_compare_component"
Info: Elaborated megafunction instantiation "cache:inst|lpm_compare2:inst134|lpm_compare:lpm_compare_component"
Info: Instantiated megafunction "cache:inst|lpm_compare2:inst134|lpm_compare:lpm_compare_component" with the following parameter:
    Info: Parameter "LPM_TYPE" = "LPM_COMPARE"
    Info: Parameter "LPM_HINT" = "ONE_INPUT_IS_CONSTANT=YES"
    Info: Parameter "LPM_WIDTH" = "2"
    Info: Parameter "LPM_REPRESENTATION" = "UNSIGNED"
Info: Found 1 design units, including 1 entities, in source file db/cmpr_vij.tdf
    Info: Found entity 1: cmpr_vij
Info: Elaborating entity "cmpr_vij" for hierarchy "cache:inst|lpm_compare2:inst134|lpm_compare:lpm_compare_component|cmpr_vij:auto_generated"
Warning: Using design file lpm_counter2.tdf, which is not specified as a design file for the current project, but contains definitions for 1 design units and 1 entities in project
    Info: Found entity 1: lpm_counter2
Info: Elaborating entity "lpm_counter2" for hierarchy "cache:inst|lpm_counter2:inst133"
Info: Elaborating entity "lpm_counter" for hierarchy "cache:inst|lpm_counter2:inst133|lpm_counter:lpm_counter_component"
Info: Elaborated megafunction instantiation "cache:inst|lpm_counter2:inst133|lpm_counter:lpm_counter_component"
Info: Instantiated megafunction "cache:inst|lpm_counter2:inst133|lpm_counter:lpm_counter_component" with the following parameter:
    Info: Parameter "LPM_TYPE" = "LPM_COUNTER"
    Info: Parameter "LPM_WIDTH" = "2"
    Info: Parameter "LPM_DIRECTION" = "UP"
    Info: Parameter "LPM_PORT_UPDOWN" = "PORT_UNUSED"
Info: Found 1 design units, including 1 entities, in source file db/cntr_6oi.tdf
    Info: Found entity 1: cntr_6oi
Info: Elaborating entity "cntr_6oi" for hierarchy "cache:inst|lpm_counter2:inst133|lpm_counter:lpm_counter_component|cntr_6oi:auto_generated"
Warning: Using design file lpm_decode0.tdf, which is not specified as a design file for the current project, but contains definitions for 1 design units and 1 entities in project
    Info: Found entity 1: lpm_decode0
Info: Elaborating entity "lpm_decode0" for hierarchy "cache:inst|lpm_decode0:inst11"
Info: Elaborating entity "lpm_decode" for hierarchy "cache:inst|lpm_decode0:inst11|lpm_decode:lpm_decode_component"
Info: Elaborated megafunction instantiation "cache:inst|lpm_decode0:inst11|lpm_decode:lpm_decode_component"
Info: Instantiated megafunction "cache:inst|lpm_decode0:inst11|lpm_decode:lpm_decode_component" with the following parameter:
    Info: Parameter "LPM_TYPE" = "LPM_DECODE"
    Info: Parameter "LPM_WIDTH" = "2"
    Info: Parameter "LPM_DECODES" = "4"
Info: Found 1 design units, including 1 entities, in source file db/decode_p7f.tdf
    Info: Found entity 1: decode_p7f
Info: Elaborating entity "decode_p7f" for hierarchy "cache:inst|lpm_decode0:inst11|lpm_decode:lpm_decode_component|decode_p7f:auto_generated"
Warning: Using design file lpm_counter0.tdf, which is not specified as a design file for the current project, but contains definitions for 1 design units and 1 entities in project
    Info: Found entity 1: lpm_counter0
Info: Elaborating entity "lpm_counter0" for hierarchy "cache:inst|lpm_counter0:inst"
Info: Elaborating entity "lpm_counter" for hierarchy "cache:inst|lpm_counter0:inst|lpm_counter:lpm_counter_component"
Info: Elaborated megafunction instantiation "cache:inst|lpm_counter0:inst|lpm_counter:lpm_counter_component"
Info: Instantiated megafunction "cache:inst|lpm_counter0:inst|lpm_counter:lpm_counter_component" with the following parameter:
    Info: Parameter "LPM_TYPE" = "LPM_COUNTER"
    Info: Parameter "LPM_WIDTH" = "2"
    Info: Parameter "LPM_DIRECTION" = "UP"
    Info: Parameter "LPM_PORT_UPDOWN" = "PORT_UNUSED"
Info: Found 1 design units, including 1 entities, in source file db/cntr_4ai.tdf
    Info: Found entity 1: cntr_4ai
Info: Elaborating entity "cntr_4ai" for hierarchy "cache:inst|lpm_counter0:inst|lpm_counter:lpm_counter_component|cntr_4ai:auto_generated"
Warning: Using design file lpm_bustri5.tdf, which is not specified as a design file for the current project, but contains definitions for 1 design units and 1 entities in project
    Info: Found entity 1: lpm_bustri5
Info: Elaborating entity "lpm_bustri5" for hierarchy "cache:inst|lpm_bustri5:inst125"
Info: Elaborating entity "lpm_bustri" for hierarchy "cache:inst|lpm_bustri5:inst125|lpm_bustri:lpm_bustri_component"
Info: Elaborated megafunction instantiation "cache:inst|lpm_bustri5:inst125|lpm_bustri:lpm_bustri_component"
Info: Instantiated megafunction "cache:inst|lpm_bustri5:inst125|lpm_bustri:lpm_bustri_component" with the following parameter:
    Info: Parameter "LPM_TYPE" = "LPM_BUSTRI"
    Info: Parameter "LPM_WIDTH" = "7"
Warning: Using design file lpm_bustri2.tdf, which is not specified as a design file for the current project, but contains definitions for 1 design units and 1 entities in project
    Info: Found entity 1: lpm_bustri2
Info: Elaborating entity "lpm_bustri2" for hierarchy "cache:inst|lpm_bustri2:inst119"
Info: Elaborating entity "lpm_bustri" for hierarchy "cache:inst|lpm_bustri2:inst119|lpm_bustri:lpm_bustri_component"
Info: Elaborated megafunction instantiation "cache:inst|lpm_bustri2:inst119|lpm_bustri:lpm_bustri_component"
Info: Instantiated megafunction "cache:inst|lpm_bustri2:inst119|lpm_bustri:lpm_bustri_component" with the following parameter:
    Info: Parameter "LPM_TYPE" = "LPM_BUSTRI"
    Info: Parameter "LPM_WIDTH" = "5"
Warning: Using design file lpm_bustri3.tdf, which is not specified as a design file for the current project, but contains definitions for 1 design units and 1 entities in project
    Info: Found entity 1: lpm_bustri3
Info: Elaborating entity "lpm_bustri3" for hierarchy "cache:inst|lpm_bustri3:inst124"
Warning: Using design file lpm_bustri1.tdf, which is not specified as a design file for the current project, but contains definitions for 1 design units and 1 entities in project
    Info: Found entity 1: lpm_bustri1
Info: Elaborating entity "lpm_bustri1" for hierarchy "cache:inst|lpm_bustri1:inst57"
Warning: Using design file lpm_decode1.tdf, which is not specified as a design file for the current project, but contains definitions for 1 design units and 1 entities in project
    Info: Found entity 1: lpm_decode1
Info: Elaborating entity "lpm_decode1" for hierarchy "cache:inst|lpm_decode1:inst28"
Warning: Using design file lpm_bustri0.tdf, which is not specified as a design file for the current project, but contains definitions for 1 design units and 1 entities in project
    Info: Found entity 1: lpm_bustri0
Info: Elaborating entity "lpm_bustri0" for hierarchy "cache:inst|lpm_bustri0:inst29"
Info: Elaborating entity "lpm_bustri" for hierarchy "cache:inst|lpm_bustri0:inst29|lpm_bustri:lpm_bustri_component"
Info: Elaborated megafunction instantiation "cache:inst|lpm_bustri0:inst29|lpm_bustri:lpm_bustri_component"
Info: Instantiated megafunction "cache:inst|lpm_bustri0:inst29|lpm_bustri:lpm_bustri_component" with the following parameter:
    Info: Parameter "LPM_TYPE" = "LPM_BUSTRI"
    Info: Parameter "LPM_WIDTH" = "2"
Warning: Using design file lpm_dff1.tdf, which is not specified as a design file for the current project, but contains definitions for 1 design units and 1 entities in project
    Info: Found entity 1: lpm_dff1
Info: Elaborating entity "lpm_dff1" for hierarchy "cache:inst|lpm_dff1:inst55"
Warning: Using design file lpm_ram_dq0.tdf, which is not specified as a design file for the current project, but contains definitions for 1 design units and 1 entities in project
    Info: Found entity 1: lpm_ram_dq0
Info: Elaborating entity "lpm_ram_dq0" for hierarchy "lpm_ram_dq0:inst1"
Info: Elaborating entity "altsyncram" for hierarchy "lpm_ram_dq0:inst1|altsyncram:altsyncram_component"
Info: Elaborated megafunction instantiation "lpm_ram_dq0:inst1|altsyncram:altsyncram_component"
Info: Instantiated megafunction "lpm_ram_dq0:inst1|altsyncram:altsyncram_component" with the following parameter:
    Info: Parameter "POWER_UP_UNINITIALIZED" = "FALSE"
    Info: Parameter "LPM_TYPE" = "altsyncram"
    Info: Parameter "INTENDED_DEVICE_FAMILY" = "Stratix II"
    Info: Parameter "OPERATION_MODE" = "SINGLE_PORT"
    Info: Parameter "WIDTH_A" = "5"
    Info: Parameter "WIDTHAD_A" = "7"
    Info: Parameter "NUMWORDS_A" = "128"
    Info: Parameter "OUTDATA_REG_A" = "CLOCK1"
    Info: Parameter "OUTDATA_ACLR_A" = "NONE"
    Info: Parameter "INIT_FILE" = "ram.hex"
    Info: Parameter "WIDTH_BYTEENA_A" = "1"
    Info: Parameter "CLOCK_ENABLE_INPUT_A" = "BYPASS"
    Info: Parameter "CLOCK_ENABLE_OUTPUT_A" = "BYPASS"
Info: Found 1 design units, including 1 entities, in source file db/altsyncram_l9a1.tdf
    Info: Found entity 1: altsyncram_l9a1
Info: Elaborating entity "altsyncram_l9a1" for hierarchy "lpm_ram_dq0:inst1|altsyncram:altsyncram_component|altsyncram_l9a1:auto_generated"
Warning: Tri-state node(s) do not directly drive top-level pin(s)
    Warning: Converted tri-state node "cache:inst|gdfx_temp0[1]" into a selector
    Warning: Converted tri-state node "cache:inst|gdfx_temp0[0]" into a selector
Warning: Clock multiplexers are found and protected
    Warning: Found clock multiplexer cache:inst|gdfx_temp0[0]~synth
    Warning: Found clock multiplexer cache:inst|gdfx_temp0[1]~synth
Warning: Tri-state node(s) do not directly drive top-level pin(s)
    Warning: Converted the fan-out from the tri-state buffer "cache:inst|lpm_bustri5:inst125|lpm_bustri:lpm_bustri_component|dout[6]" to the node "lpm_ram_dq0:inst1|altsyncram:altsyncram_component|altsyncram_l9a1:auto_generated|q_a[0]" into an OR gate
    Warning: Converted the fan-out from the tri-state buffer "cache:inst|lpm_bustri5:inst125|lpm_bustri:lpm_bustri_component|dout[5]" to the node "lpm_ram_dq0:inst1|altsyncram:altsyncram_component|altsyncram_l9a1:auto_generated|q_a[0]" into an OR gate
    Warning: Converted the fan-out from the tri-state buffer "cache:inst|lpm_bustri5:inst125|lpm_bustri:lpm_bustri_component|dout[4]" to the node "lpm_ram_dq0:inst1|altsyncram:altsyncram_component|altsyncram_l9a1:auto_generated|q_a[0]" into an OR gate
    Warning: Converted the fan-out from the tri-state buffer "cache:inst|lpm_bustri5:inst125|lpm_bustri:lpm_bustri_component|dout[3]" to the node "lpm_ram_dq0:inst1|altsyncram:altsyncram_component|altsyncram_l9a1:auto_generated|q_a[0]" into an OR gate
    Warning: Converted the fan-out from the tri-state buffer "cache:inst|lpm_bustri5:inst125|lpm_bustri:lpm_bustri_component|dout[2]" to the node "lpm_ram_dq0:inst1|altsyncram:altsyncram_component|altsyncram_l9a1:auto_generated|q_a[0]" into an OR gate
    Warning: Converted the fan-out from the tri-state buffer "cache:inst|lpm_bustri5:inst125|lpm_bustri:lpm_bustri_component|dout[1]" to the node "lpm_ram_dq0:inst1|altsyncram:altsyncram_component|altsyncram_l9a1:auto_generated|q_a[0]" into an OR gate
    Warning: Converted the fan-out from the tri-state buffer "cache:inst|lpm_bustri5:inst125|lpm_bustri:lpm_bustri_component|dout[0]" to the node "lpm_ram_dq0:inst1|altsyncram:altsyncram_component|altsyncram_l9a1:auto_generated|q_a[0]" into an OR gate
    Warning: Converted the fan-out from the tri-state buffer "cache:inst|lpm_bustri2:inst119|lpm_bustri:lpm_bustri_component|dout[4]" to the node "cache:inst|lpm_dff1:inst55|lpm_ff:lpm_ff_component|dffs[4]" into an OR gate
    Warning: Converted the fan-out from the tri-state buffer "cache:inst|lpm_bustri2:inst119|lpm_bustri:lpm_bustri_component|dout[3]" to the node "cache:inst|lpm_dff1:inst55|lpm_ff:lpm_ff_component|dffs[3]" into an OR gate
    Warning: Converted the fan-out from the tri-state buffer "cache:inst|lpm_bustri2:inst119|lpm_bustri:lpm_bustri_component|dout[2]" to the node "cache:inst|lpm_dff1:inst55|lpm_ff:lpm_ff_component|dffs[2]" into an OR gate
    Warning: Converted the fan-out from the tri-state buffer "cache:inst|lpm_bustri2:inst119|lpm_bustri:lpm_bustri_component|dout[1]" to the node "cache:inst|lpm_dff1:inst55|lpm_ff:lpm_ff_component|dffs[1]" into an OR gate
    Warning: Converted the fan-out from the tri-state buffer "cache:inst|lpm_bustri2:inst119|lpm_bustri:lpm_bustri_component|dout[0]" to the node "cache:inst|lpm_dff1:inst55|lpm_ff:lpm_ff_component|dffs[0]" into an OR gate
Warning: Ignored assignments for entity "lab8" -- entity does not exist in design
    Warning: Assignment for entity set_global_assignment -name LL_ROOT_REGION ON -entity lab8 -section_id "Root Region" was ignored
    Warning: Assignment for entity set_global_assignment -name LL_MEMBER_STATE LOCKED -entity lab8 -section_id "Root Region" was ignored
Info: Implemented 279 device resources after synthesis - the final resource count might be different
    Info: Implemented 15 input pins
    Info: Implemented 29 output pins
    Info: Implemented 230 logic cells
    Info: Implemented 5 RAM segments
Info: Quartus II Analysis & Synthesis was successful. 0 errors, 38 warnings
    Info: Peak virtual memory: 243 megabytes
    Info: Processing ended: Thu Mar 21 19:26:26 2024
    Info: Elapsed time: 00:00:03
    Info: Total CPU time (on all processors): 00:00:04


