Classic Timing Analyzer report for lab8
Thu Mar 21 19:26:34 2024
Quartus II Version 9.1 Build 222 10/21/2009 SJ Web Edition


---------------------
; Table of Contents ;
---------------------
  1. Legal Notice
  2. Timing Analyzer Summary
  3. Timing Analyzer Settings
  4. Clock Settings Summary
  5. Parallel Compilation
  6. Clock Setup: 'address[6]'
  7. Clock Setup: 'clk'
  8. Clock Setup: 'address[4]'
  9. Clock Setup: 'address[5]'
 10. Clock Setup: 'address[3]'
 11. Clock Setup: 'address[2]'
 12. Clock Hold: 'address[6]'
 13. Clock Hold: 'clk'
 14. Clock Hold: 'address[4]'
 15. Clock Hold: 'address[5]'
 16. Clock Hold: 'address[3]'
 17. Clock Hold: 'address[2]'
 18. tsu
 19. tco
 20. tpd
 21. th
 22. Timing Analyzer Messages



----------------
; Legal Notice ;
----------------
Copyright (C) 1991-2009 Altera Corporation
Your use of Altera Corporation's design tools, logic functions 
and other software and tools, and its AMPP partner logic 
functions, and any output files from any of the foregoing 
(including device programming or simulation files), and any 
associated documentation or information are expressly subject 
to the terms and conditions of the Altera Program License 
Subscription Agreement, Altera MegaCore Function License 
Agreement, or other applicable license agreement, including, 
without limitation, that your use is for the sole purpose of 
programming logic devices manufactured by Altera and sold by 
Altera or its authorized distributors.  Please refer to the 
applicable agreement for further details.



+---------------------------------------------------------------------------------------------------------------------------------------------------------------------------------------------------------------------------------------------------------------------------------------------------------------------------------------------------------------------------------------------+
; Timing Analyzer Summary                                                                                                                                                                                                                                                                                                                                                                     ;
+------------------------------+------------------------------------------+---------------+----------------------------------+----------------------------------------------------------------------------------------------------+------------------------------------------------------------------------------------------------------------------+------------+------------+--------------+
; Type                         ; Slack                                    ; Required Time ; Actual Time                      ; From                                                                                               ; To                                                                                                               ; From Clock ; To Clock   ; Failed Paths ;
+------------------------------+------------------------------------------+---------------+----------------------------------+----------------------------------------------------------------------------------------------------+------------------------------------------------------------------------------------------------------------------+------------+------------+--------------+
; Worst-case tsu               ; N/A                                      ; None          ; 4.140 ns                         ; write_data[0]                                                                                      ; lpm_ram_dq0:inst1|altsyncram:altsyncram_component|altsyncram_l9a1:auto_generated|ram_block1a0~porta_datain_reg0  ; --         ; clk        ; 0            ;
; Worst-case tco               ; N/A                                      ; None          ; 20.921 ns                        ; cache:inst|lpm_dff1:inst59|lpm_ff:lpm_ff_component|dffs[0]                                         ; cache_data[0]                                                                                                    ; clk        ; --         ; 0            ;
; Worst-case tpd               ; N/A                                      ; None          ; 13.907 ns                        ; address[6]                                                                                         ; cache_data[0]                                                                                                    ; --         ; --         ; 0            ;
; Worst-case th                ; N/A                                      ; None          ; 12.112 ns                        ; write_data[2]                                                                                      ; cache:inst|lpm_dff1:inst95|lpm_ff:lpm_ff_component|dffs[2]                                                       ; --         ; clk        ; 0            ;
; Clock Setup: 'clk'           ; N/A                                      ; None          ; 58.24 MHz ( period = 17.170 ns ) ; cache:inst|lpm_counter1:inst22|lpm_counter:lpm_counter_component|cntr_a2k:auto_generated|safe_q[2] ; lpm_ram_dq0:inst1|altsyncram:altsyncram_component|altsyncram_l9a1:auto_generated|ram_block1a0~porta_address_reg0 ; clk        ; clk        ; 0            ;
; Clock Setup: 'address[6]'    ; N/A                                      ; None          ; 268.46 MHz ( period = 3.725 ns ) ; cache:inst|lpm_counter1:inst22|lpm_counter:lpm_counter_component|cntr_a2k:auto_generated|safe_q[0] ; cache:inst|lpm_counter1:inst22|lpm_counter:lpm_counter_component|cntr_a2k:auto_generated|safe_q[2]               ; address[6] ; address[6] ; 0            ;
; Clock Setup: 'address[4]'    ; N/A                                      ; None          ; 308.45 MHz ( period = 3.242 ns ) ; cache:inst|lpm_counter1:inst22|lpm_counter:lpm_counter_component|cntr_a2k:auto_generated|safe_q[0] ; cache:inst|lpm_counter1:inst22|lpm_counter:lpm_counter_component|cntr_a2k:auto_generated|safe_q[2]               ; address[4] ; address[4] ; 0            ;
; Clock Setup: 'address[3]'    ; N/A                                      ; None          ; 351.00 MHz ( period = 2.849 ns ) ; cache:inst|lpm_counter1:inst22|lpm_counter:lpm_counter_component|cntr_a2k:auto_generated|safe_q[0] ; cache:inst|lpm_counter1:inst22|lpm_counter:lpm_counter_component|cntr_a2k:auto_generated|safe_q[2]               ; address[3] ; address[3] ; 0            ;
; Clock Setup: 'address[2]'    ; N/A                                      ; None          ; 369.69 MHz ( period = 2.705 ns ) ; cache:inst|lpm_counter1:inst22|lpm_counter:lpm_counter_component|cntr_a2k:auto_generated|safe_q[0] ; cache:inst|lpm_counter1:inst22|lpm_counter:lpm_counter_component|cntr_a2k:auto_generated|safe_q[2]               ; address[2] ; address[2] ; 0            ;
; Clock Setup: 'address[5]'    ; N/A                                      ; None          ; 371.20 MHz ( period = 2.694 ns ) ; cache:inst|lpm_counter1:inst22|lpm_counter:lpm_counter_component|cntr_a2k:auto_generated|safe_q[0] ; cache:inst|lpm_counter1:inst22|lpm_counter:lpm_counter_component|cntr_a2k:auto_generated|safe_q[2]               ; address[5] ; address[5] ; 0            ;
; Clock Hold: 'clk'            ; Not operational: Clock Skew > Data Delay ; None          ; N/A                              ; lpm_ram_dq0:inst1|altsyncram:altsyncram_component|altsyncram_l9a1:auto_generated|q_a[1]            ; cache:inst|lpm_dff1:inst95|lpm_ff:lpm_ff_component|dffs[1]                                                       ; clk        ; clk        ; 336          ;
; Clock Hold: 'address[6]'     ; Not operational: Clock Skew > Data Delay ; None          ; N/A                              ; cache:inst|inst19                                                                                  ; cache:inst|inst19                                                                                                ; address[6] ; address[6] ; 7            ;
; Clock Hold: 'address[4]'     ; Not operational: Clock Skew > Data Delay ; None          ; N/A                              ; cache:inst|inst19                                                                                  ; cache:inst|inst19                                                                                                ; address[4] ; address[4] ; 7            ;
; Clock Hold: 'address[3]'     ; Not operational: Clock Skew > Data Delay ; None          ; N/A                              ; cache:inst|inst19                                                                                  ; cache:inst|inst19                                                                                                ; address[3] ; address[3] ; 7            ;
; Clock Hold: 'address[2]'     ; Not operational: Clock Skew > Data Delay ; None          ; N/A                              ; cache:inst|inst19                                                                                  ; cache:inst|inst19                                                                                                ; address[2] ; address[2] ; 1            ;
; Clock Hold: 'address[5]'     ; Not operational: Clock Skew > Data Delay ; None          ; N/A                              ; cache:inst|inst19                                                                                  ; cache:inst|inst19                                                                                                ; address[5] ; address[5] ; 1            ;
; Total number of failed paths ;                                          ;               ;                                  ;                                                                                                    ;                                                                                                                  ;            ;            ; 359          ;
+------------------------------+------------------------------------------+---------------+----------------------------------+----------------------------------------------------------------------------------------------------+------------------------------------------------------------------------------------------------------------------+------------+------------+--------------+


+-----------------------------------------------------------------------------------------------------------------------------------------------------+
; Timing Analyzer Settings                                                                                                                            ;
+------------------------------------------------------------------------------------------------------+--------------------+------+----+-------------+
; Option                                                                                               ; Setting            ; From ; To ; Entity Name ;
+------------------------------------------------------------------------------------------------------+--------------------+------+----+-------------+
; Device Name                                                                                          ; EP2S15F484C3       ;      ;    ;             ;
; Timing Models                                                                                        ; Final              ;      ;    ;             ;
; Default hold multicycle                                                                              ; Same as Multicycle ;      ;    ;             ;
; Cut paths between unrelated clock domains                                                            ; On                 ;      ;    ;             ;
; Cut off read during write signal paths                                                               ; On                 ;      ;    ;             ;
; Cut off feedback from I/O pins                                                                       ; On                 ;      ;    ;             ;
; Report Combined Fast/Slow Timing                                                                     ; Off                ;      ;    ;             ;
; Ignore Clock Settings                                                                                ; Off                ;      ;    ;             ;
; Analyze latches as synchronous elements                                                              ; On                 ;      ;    ;             ;
; Enable Recovery/Removal analysis                                                                     ; Off                ;      ;    ;             ;
; Enable Clock Latency                                                                                 ; Off                ;      ;    ;             ;
; Use TimeQuest Timing Analyzer                                                                        ; Off                ;      ;    ;             ;
; Number of source nodes to report per destination node                                                ; 10                 ;      ;    ;             ;
; Number of destination nodes to report                                                                ; 10                 ;      ;    ;             ;
; Number of paths to report                                                                            ; 200                ;      ;    ;             ;
; Report Minimum Timing Checks                                                                         ; Off                ;      ;    ;             ;
; Use Fast Timing Models                                                                               ; Off                ;      ;    ;             ;
; Report IO Paths Separately                                                                           ; Off                ;      ;    ;             ;
; Perform Multicorner Analysis                                                                         ; On                 ;      ;    ;             ;
; Reports the worst-case path for each clock domain and analysis                                       ; Off                ;      ;    ;             ;
; Reports worst-case timing paths for each clock domain and analysis                                   ; Off                ;      ;    ;             ;
; Specifies the maximum number of worst-case timing paths to report for each clock domain and analysis ; 100                ;      ;    ;             ;
; Removes common clock path pessimism (CCPP) during slack computation                                  ; Off                ;      ;    ;             ;
; Output I/O Timing Endpoint                                                                           ; Near End           ;      ;    ;             ;
+------------------------------------------------------------------------------------------------------+--------------------+------+----+-------------+


+------------------------------------------------------------------------------------------------------------------------------------------------------------------------------------+
; Clock Settings Summary                                                                                                                                                             ;
+-----------------+--------------------+----------+------------------+---------------+--------------+----------+-----------------------+---------------------+--------+--------------+
; Clock Node Name ; Clock Setting Name ; Type     ; Fmax Requirement ; Early Latency ; Late Latency ; Based on ; Multiply Base Fmax by ; Divide Base Fmax by ; Offset ; Phase offset ;
+-----------------+--------------------+----------+------------------+---------------+--------------+----------+-----------------------+---------------------+--------+--------------+
; address[6]      ;                    ; User Pin ; None             ; 0.000 ns      ; 0.000 ns     ; --       ; N/A                   ; N/A                 ; N/A    ;              ;
; clk             ;                    ; User Pin ; None             ; 0.000 ns      ; 0.000 ns     ; --       ; N/A                   ; N/A                 ; N/A    ;              ;
; address[4]      ;                    ; User Pin ; None             ; 0.000 ns      ; 0.000 ns     ; --       ; N/A                   ; N/A                 ; N/A    ;              ;
; address[5]      ;                    ; User Pin ; None             ; 0.000 ns      ; 0.000 ns     ; --       ; N/A                   ; N/A                 ; N/A    ;              ;
; address[3]      ;                    ; User Pin ; None             ; 0.000 ns      ; 0.000 ns     ; --       ; N/A                   ; N/A                 ; N/A    ;              ;
; address[2]      ;                    ; User Pin ; None             ; 0.000 ns      ; 0.000 ns     ; --       ; N/A                   ; N/A                 ; N/A    ;              ;
; address[0]      ;                    ; User Pin ; None             ; 0.000 ns      ; 0.000 ns     ; --       ; N/A                   ; N/A                 ; N/A    ;              ;
; address[1]      ;                    ; User Pin ; None             ; 0.000 ns      ; 0.000 ns     ; --       ; N/A                   ; N/A                 ; N/A    ;              ;
+-----------------+--------------------+----------+------------------+---------------+--------------+----------+-----------------------+---------------------+--------+--------------+


Parallel compilation was disabled, but you have multiple processors available. Enable parallel compilation to reduce compilation time.
+-------------------------------------+
; Parallel Compilation                ;
+----------------------------+--------+
; Processors                 ; Number ;
+----------------------------+--------+
; Number detected on machine ; 8      ;
; Maximum allowed            ; 1      ;
+----------------------------+--------+


+------------------------------------------------------------------------------------------------------------------------------------------------------------------------------------------------------------------------------------------------------------------------------------------------------------------------------------------------------------------+
; Clock Setup: 'address[6]'                                                                                                                                                                                                                                                                                                                                        ;
+-------+----------------------------------+----------------------------------------------------------------------------------------------------+----------------------------------------------------------------------------------------------------+------------+------------+-----------------------------+---------------------------+-------------------------+
; Slack ; Actual fmax (period)             ; From                                                                                               ; To                                                                                                 ; From Clock ; To Clock   ; Required Setup Relationship ; Required Longest P2P Time ; Actual Longest P2P Time ;
+-------+----------------------------------+----------------------------------------------------------------------------------------------------+----------------------------------------------------------------------------------------------------+------------+------------+-----------------------------+---------------------------+-------------------------+
; N/A   ; 268.46 MHz ( period = 3.725 ns ) ; cache:inst|lpm_counter1:inst22|lpm_counter:lpm_counter_component|cntr_a2k:auto_generated|safe_q[0] ; cache:inst|lpm_counter1:inst22|lpm_counter:lpm_counter_component|cntr_a2k:auto_generated|safe_q[1] ; address[6] ; address[6] ; None                        ; None                      ; 1.968 ns                ;
; N/A   ; 268.46 MHz ( period = 3.725 ns ) ; cache:inst|lpm_counter1:inst22|lpm_counter:lpm_counter_component|cntr_a2k:auto_generated|safe_q[0] ; cache:inst|lpm_counter1:inst22|lpm_counter:lpm_counter_component|cntr_a2k:auto_generated|safe_q[0] ; address[6] ; address[6] ; None                        ; None                      ; 1.968 ns                ;
; N/A   ; 268.46 MHz ( period = 3.725 ns ) ; cache:inst|lpm_counter1:inst22|lpm_counter:lpm_counter_component|cntr_a2k:auto_generated|safe_q[0] ; cache:inst|lpm_counter1:inst22|lpm_counter:lpm_counter_component|cntr_a2k:auto_generated|safe_q[2] ; address[6] ; address[6] ; None                        ; None                      ; 1.968 ns                ;
; N/A   ; 278.63 MHz ( period = 3.589 ns ) ; cache:inst|lpm_counter1:inst22|lpm_counter:lpm_counter_component|cntr_a2k:auto_generated|safe_q[2] ; cache:inst|lpm_counter1:inst22|lpm_counter:lpm_counter_component|cntr_a2k:auto_generated|safe_q[1] ; address[6] ; address[6] ; None                        ; None                      ; 1.832 ns                ;
; N/A   ; 278.63 MHz ( period = 3.589 ns ) ; cache:inst|lpm_counter1:inst22|lpm_counter:lpm_counter_component|cntr_a2k:auto_generated|safe_q[2] ; cache:inst|lpm_counter1:inst22|lpm_counter:lpm_counter_component|cntr_a2k:auto_generated|safe_q[0] ; address[6] ; address[6] ; None                        ; None                      ; 1.832 ns                ;
; N/A   ; 278.63 MHz ( period = 3.589 ns ) ; cache:inst|lpm_counter1:inst22|lpm_counter:lpm_counter_component|cntr_a2k:auto_generated|safe_q[2] ; cache:inst|lpm_counter1:inst22|lpm_counter:lpm_counter_component|cntr_a2k:auto_generated|safe_q[2] ; address[6] ; address[6] ; None                        ; None                      ; 1.832 ns                ;
; N/A   ; 279.10 MHz ( period = 3.583 ns ) ; cache:inst|lpm_counter1:inst22|lpm_counter:lpm_counter_component|cntr_a2k:auto_generated|safe_q[1] ; cache:inst|lpm_counter1:inst22|lpm_counter:lpm_counter_component|cntr_a2k:auto_generated|safe_q[1] ; address[6] ; address[6] ; None                        ; None                      ; 1.826 ns                ;
; N/A   ; 279.10 MHz ( period = 3.583 ns ) ; cache:inst|lpm_counter1:inst22|lpm_counter:lpm_counter_component|cntr_a2k:auto_generated|safe_q[1] ; cache:inst|lpm_counter1:inst22|lpm_counter:lpm_counter_component|cntr_a2k:auto_generated|safe_q[0] ; address[6] ; address[6] ; None                        ; None                      ; 1.826 ns                ;
; N/A   ; 279.10 MHz ( period = 3.583 ns ) ; cache:inst|lpm_counter1:inst22|lpm_counter:lpm_counter_component|cntr_a2k:auto_generated|safe_q[1] ; cache:inst|lpm_counter1:inst22|lpm_counter:lpm_counter_component|cntr_a2k:auto_generated|safe_q[2] ; address[6] ; address[6] ; None                        ; None                      ; 1.826 ns                ;
; N/A   ; 445.43 MHz ( period = 2.245 ns ) ; cache:inst|inst19                                                                                  ; cache:inst|inst19                                                                                  ; address[6] ; address[6] ; None                        ; None                      ; 0.488 ns                ;
+-------+----------------------------------+----------------------------------------------------------------------------------------------------+----------------------------------------------------------------------------------------------------+------------+------------+-----------------------------+---------------------------+-------------------------+


+----------------------------------------------------------------------------------------------------------------------------------------------------------------------------------------------------------------------------------------------------------------------------------------------------------------------------------------------------------------------------------------------------------+
; Clock Setup: 'clk'                                                                                                                                                                                                                                                                                                                                                                                       ;
+-------+------------------------------------------------+------------------------------------------------------------------------------------------------------------------+------------------------------------------------------------------------------------------------------------------+------------+----------+-----------------------------+---------------------------+-------------------------+
; Slack ; Actual fmax (period)                           ; From                                                                                                             ; To                                                                                                               ; From Clock ; To Clock ; Required Setup Relationship ; Required Longest P2P Time ; Actual Longest P2P Time ;
+-------+------------------------------------------------+------------------------------------------------------------------------------------------------------------------+------------------------------------------------------------------------------------------------------------------+------------+----------+-----------------------------+---------------------------+-------------------------+
; N/A   ; 58.24 MHz ( period = 17.170 ns )               ; cache:inst|lpm_counter1:inst22|lpm_counter:lpm_counter_component|cntr_a2k:auto_generated|safe_q[2]               ; lpm_ram_dq0:inst1|altsyncram:altsyncram_component|altsyncram_l9a1:auto_generated|ram_block1a0~porta_address_reg0 ; clk        ; clk      ; None                        ; None                      ; 1.166 ns                ;
; N/A   ; 58.65 MHz ( period = 17.050 ns )               ; cache:inst|lpm_counter1:inst22|lpm_counter:lpm_counter_component|cntr_a2k:auto_generated|safe_q[0]               ; lpm_ram_dq0:inst1|altsyncram:altsyncram_component|altsyncram_l9a1:auto_generated|ram_block1a0~porta_address_reg0 ; clk        ; clk      ; None                        ; None                      ; 1.106 ns                ;
; N/A   ; 59.20 MHz ( period = 16.892 ns )               ; cache:inst|lpm_counter1:inst22|lpm_counter:lpm_counter_component|cntr_a2k:auto_generated|safe_q[2]               ; lpm_ram_dq0:inst1|altsyncram:altsyncram_component|altsyncram_l9a1:auto_generated|ram_block1a0~porta_address_reg4 ; clk        ; clk      ; None                        ; None                      ; 1.027 ns                ;
; N/A   ; 59.21 MHz ( period = 16.890 ns )               ; cache:inst|lpm_counter1:inst22|lpm_counter:lpm_counter_component|cntr_a2k:auto_generated|safe_q[2]               ; lpm_ram_dq0:inst1|altsyncram:altsyncram_component|altsyncram_l9a1:auto_generated|ram_block1a0~porta_address_reg3 ; clk        ; clk      ; None                        ; None                      ; 1.026 ns                ;
; N/A   ; 59.23 MHz ( period = 16.884 ns )               ; cache:inst|lpm_counter1:inst22|lpm_counter:lpm_counter_component|cntr_a2k:auto_generated|safe_q[2]               ; lpm_ram_dq0:inst1|altsyncram:altsyncram_component|altsyncram_l9a1:auto_generated|ram_block1a0~porta_address_reg6 ; clk        ; clk      ; None                        ; None                      ; 1.023 ns                ;
; N/A   ; 59.26 MHz ( period = 16.876 ns )               ; cache:inst|lpm_counter1:inst22|lpm_counter:lpm_counter_component|cntr_a2k:auto_generated|safe_q[2]               ; lpm_ram_dq0:inst1|altsyncram:altsyncram_component|altsyncram_l9a1:auto_generated|ram_block1a0~porta_address_reg5 ; clk        ; clk      ; None                        ; None                      ; 1.019 ns                ;
; N/A   ; 59.28 MHz ( period = 16.868 ns )               ; cache:inst|lpm_counter1:inst22|lpm_counter:lpm_counter_component|cntr_a2k:auto_generated|safe_q[2]               ; lpm_ram_dq0:inst1|altsyncram:altsyncram_component|altsyncram_l9a1:auto_generated|ram_block1a0~porta_address_reg2 ; clk        ; clk      ; None                        ; None                      ; 1.015 ns                ;
; N/A   ; 59.47 MHz ( period = 16.814 ns )               ; cache:inst|lpm_counter1:inst22|lpm_counter:lpm_counter_component|cntr_a2k:auto_generated|safe_q[2]               ; lpm_ram_dq0:inst1|altsyncram:altsyncram_component|altsyncram_l9a1:auto_generated|ram_block1a0~porta_address_reg1 ; clk        ; clk      ; None                        ; None                      ; 0.988 ns                ;
; N/A   ; 59.92 MHz ( period = 16.690 ns )               ; cache:inst|lpm_counter1:inst22|lpm_counter:lpm_counter_component|cntr_a2k:auto_generated|safe_q[1]               ; lpm_ram_dq0:inst1|altsyncram:altsyncram_component|altsyncram_l9a1:auto_generated|ram_block1a0~porta_address_reg1 ; clk        ; clk      ; None                        ; None                      ; 0.926 ns                ;
; N/A   ; 65.99 MHz ( period = 15.154 ns )               ; cache:inst|lpm_counter1:inst22|lpm_counter:lpm_counter_component|cntr_a2k:auto_generated|safe_q[0]               ; cache:inst|inst24                                                                                                ; clk        ; clk      ; None                        ; None                      ; 0.864 ns                ;
; N/A   ; 67.20 MHz ( period = 14.882 ns )               ; cache:inst|lpm_counter1:inst22|lpm_counter:lpm_counter_component|cntr_a2k:auto_generated|safe_q[2]               ; cache:inst|inst24                                                                                                ; clk        ; clk      ; None                        ; None                      ; 0.728 ns                ;
; N/A   ; 67.25 MHz ( period = 14.870 ns )               ; cache:inst|lpm_counter1:inst22|lpm_counter:lpm_counter_component|cntr_a2k:auto_generated|safe_q[1]               ; cache:inst|inst24                                                                                                ; clk        ; clk      ; None                        ; None                      ; 0.722 ns                ;
; N/A   ; 159.80 MHz ( period = 6.258 ns )               ; cache:inst|lpm_counter1:inst22|lpm_counter:lpm_counter_component|cntr_a2k:auto_generated|safe_q[0]               ; cache:inst|lpm_counter1:inst22|lpm_counter:lpm_counter_component|cntr_a2k:auto_generated|safe_q[1]               ; clk        ; clk      ; None                        ; None                      ; 1.968 ns                ;
; N/A   ; 159.80 MHz ( period = 6.258 ns )               ; cache:inst|lpm_counter1:inst22|lpm_counter:lpm_counter_component|cntr_a2k:auto_generated|safe_q[0]               ; cache:inst|lpm_counter1:inst22|lpm_counter:lpm_counter_component|cntr_a2k:auto_generated|safe_q[0]               ; clk        ; clk      ; None                        ; None                      ; 1.968 ns                ;
; N/A   ; 159.80 MHz ( period = 6.258 ns )               ; cache:inst|lpm_counter1:inst22|lpm_counter:lpm_counter_component|cntr_a2k:auto_generated|safe_q[0]               ; cache:inst|lpm_counter1:inst22|lpm_counter:lpm_counter_component|cntr_a2k:auto_generated|safe_q[2]               ; clk        ; clk      ; None                        ; None                      ; 1.968 ns                ;
; N/A   ; 163.35 MHz ( period = 6.122 ns )               ; cache:inst|lpm_counter1:inst22|lpm_counter:lpm_counter_component|cntr_a2k:auto_generated|safe_q[2]               ; cache:inst|lpm_counter1:inst22|lpm_counter:lpm_counter_component|cntr_a2k:auto_generated|safe_q[1]               ; clk        ; clk      ; None                        ; None                      ; 1.832 ns                ;
; N/A   ; 163.35 MHz ( period = 6.122 ns )               ; cache:inst|lpm_counter1:inst22|lpm_counter:lpm_counter_component|cntr_a2k:auto_generated|safe_q[2]               ; cache:inst|lpm_counter1:inst22|lpm_counter:lpm_counter_component|cntr_a2k:auto_generated|safe_q[0]               ; clk        ; clk      ; None                        ; None                      ; 1.832 ns                ;
; N/A   ; 163.35 MHz ( period = 6.122 ns )               ; cache:inst|lpm_counter1:inst22|lpm_counter:lpm_counter_component|cntr_a2k:auto_generated|safe_q[2]               ; cache:inst|lpm_counter1:inst22|lpm_counter:lpm_counter_component|cntr_a2k:auto_generated|safe_q[2]               ; clk        ; clk      ; None                        ; None                      ; 1.832 ns                ;
; N/A   ; 163.51 MHz ( period = 6.116 ns )               ; cache:inst|lpm_counter1:inst22|lpm_counter:lpm_counter_component|cntr_a2k:auto_generated|safe_q[1]               ; cache:inst|lpm_counter1:inst22|lpm_counter:lpm_counter_component|cntr_a2k:auto_generated|safe_q[1]               ; clk        ; clk      ; None                        ; None                      ; 1.826 ns                ;
; N/A   ; 163.51 MHz ( period = 6.116 ns )               ; cache:inst|lpm_counter1:inst22|lpm_counter:lpm_counter_component|cntr_a2k:auto_generated|safe_q[1]               ; cache:inst|lpm_counter1:inst22|lpm_counter:lpm_counter_component|cntr_a2k:auto_generated|safe_q[0]               ; clk        ; clk      ; None                        ; None                      ; 1.826 ns                ;
; N/A   ; 163.51 MHz ( period = 6.116 ns )               ; cache:inst|lpm_counter1:inst22|lpm_counter:lpm_counter_component|cntr_a2k:auto_generated|safe_q[1]               ; cache:inst|lpm_counter1:inst22|lpm_counter:lpm_counter_component|cntr_a2k:auto_generated|safe_q[2]               ; clk        ; clk      ; None                        ; None                      ; 1.826 ns                ;
; N/A   ; 180.44 MHz ( period = 5.542 ns )               ; lpm_ram_dq0:inst1|altsyncram:altsyncram_component|altsyncram_l9a1:auto_generated|q_a[0]                          ; lpm_ram_dq0:inst1|altsyncram:altsyncram_component|altsyncram_l9a1:auto_generated|ram_block1a0~porta_datain_reg0  ; clk        ; clk      ; None                        ; None                      ; 2.622 ns                ;
; N/A   ; 192.90 MHz ( period = 5.184 ns )               ; lpm_ram_dq0:inst1|altsyncram:altsyncram_component|altsyncram_l9a1:auto_generated|q_a[1]                          ; lpm_ram_dq0:inst1|altsyncram:altsyncram_component|altsyncram_l9a1:auto_generated|ram_block1a0~porta_datain_reg1  ; clk        ; clk      ; None                        ; None                      ; 2.443 ns                ;
; N/A   ; 195.24 MHz ( period = 5.122 ns )               ; lpm_ram_dq0:inst1|altsyncram:altsyncram_component|altsyncram_l9a1:auto_generated|q_a[2]                          ; lpm_ram_dq0:inst1|altsyncram:altsyncram_component|altsyncram_l9a1:auto_generated|ram_block1a0~porta_datain_reg2  ; clk        ; clk      ; None                        ; None                      ; 2.412 ns                ;
; N/A   ; 195.24 MHz ( period = 5.122 ns )               ; lpm_ram_dq0:inst1|altsyncram:altsyncram_component|altsyncram_l9a1:auto_generated|q_a[4]                          ; lpm_ram_dq0:inst1|altsyncram:altsyncram_component|altsyncram_l9a1:auto_generated|ram_block1a0~porta_datain_reg4  ; clk        ; clk      ; None                        ; None                      ; 2.412 ns                ;
; N/A   ; 195.39 MHz ( period = 5.118 ns )               ; lpm_ram_dq0:inst1|altsyncram:altsyncram_component|altsyncram_l9a1:auto_generated|q_a[3]                          ; lpm_ram_dq0:inst1|altsyncram:altsyncram_component|altsyncram_l9a1:auto_generated|ram_block1a0~porta_datain_reg3  ; clk        ; clk      ; None                        ; None                      ; 2.410 ns                ;
; N/A   ; 209.29 MHz ( period = 4.778 ns )               ; cache:inst|inst19                                                                                                ; cache:inst|inst19                                                                                                ; clk        ; clk      ; None                        ; None                      ; 0.488 ns                ;
; N/A   ; 238.10 MHz ( period = 4.200 ns )               ; cache:inst|inst138                                                                                               ; lpm_ram_dq0:inst1|altsyncram:altsyncram_component|altsyncram_l9a1:auto_generated|ram_block1a0~porta_address_reg0 ; clk        ; clk      ; None                        ; None                      ; 1.855 ns                ;
; N/A   ; 244.02 MHz ( period = 4.098 ns )               ; cache:inst|inst138                                                                                               ; lpm_ram_dq0:inst1|altsyncram:altsyncram_component|altsyncram_l9a1:auto_generated|ram_block1a0~porta_address_reg4 ; clk        ; clk      ; None                        ; None                      ; 1.804 ns                ;
; N/A   ; 244.14 MHz ( period = 4.096 ns )               ; cache:inst|inst138                                                                                               ; lpm_ram_dq0:inst1|altsyncram:altsyncram_component|altsyncram_l9a1:auto_generated|ram_block1a0~porta_address_reg3 ; clk        ; clk      ; None                        ; None                      ; 1.803 ns                ;
; N/A   ; 244.50 MHz ( period = 4.090 ns )               ; cache:inst|inst138                                                                                               ; lpm_ram_dq0:inst1|altsyncram:altsyncram_component|altsyncram_l9a1:auto_generated|ram_block1a0~porta_address_reg6 ; clk        ; clk      ; None                        ; None                      ; 1.800 ns                ;
; N/A   ; 244.98 MHz ( period = 4.082 ns )               ; cache:inst|inst138                                                                                               ; lpm_ram_dq0:inst1|altsyncram:altsyncram_component|altsyncram_l9a1:auto_generated|ram_block1a0~porta_address_reg5 ; clk        ; clk      ; None                        ; None                      ; 1.796 ns                ;
; N/A   ; 245.46 MHz ( period = 4.074 ns )               ; cache:inst|inst138                                                                                               ; lpm_ram_dq0:inst1|altsyncram:altsyncram_component|altsyncram_l9a1:auto_generated|ram_block1a0~porta_address_reg2 ; clk        ; clk      ; None                        ; None                      ; 1.792 ns                ;
; N/A   ; 248.14 MHz ( period = 4.030 ns )               ; cache:inst|lpm_counter0:inst|lpm_counter:lpm_counter_component|cntr_4ai:auto_generated|safe_q[0]                 ; cache:inst|inst38                                                                                                ; clk        ; clk      ; None                        ; None                      ; 4.755 ns                ;
; N/A   ; 250.44 MHz ( period = 3.993 ns )               ; cache:inst|lpm_counter0:inst|lpm_counter:lpm_counter_component|cntr_4ai:auto_generated|safe_q[1]                 ; cache:inst|inst38                                                                                                ; clk        ; clk      ; None                        ; None                      ; 4.718 ns                ;
; N/A   ; 260.15 MHz ( period = 3.844 ns )               ; cache:inst|inst138                                                                                               ; lpm_ram_dq0:inst1|altsyncram:altsyncram_component|altsyncram_l9a1:auto_generated|ram_block1a0~porta_address_reg1 ; clk        ; clk      ; None                        ; None                      ; 1.677 ns                ;
; N/A   ; 264.83 MHz ( period = 3.776 ns )               ; cache:inst|inst16                                                                                                ; lpm_ram_dq0:inst1|altsyncram:altsyncram_component|altsyncram_l9a1:auto_generated|ram_block1a0~porta_datain_reg1  ; clk        ; clk      ; None                        ; None                      ; 2.708 ns                ;
; N/A   ; 267.88 MHz ( period = 3.733 ns )               ; cache:inst|inst16                                                                                                ; lpm_ram_dq0:inst1|altsyncram:altsyncram_component|altsyncram_l9a1:auto_generated|ram_block1a0~porta_datain_reg4  ; clk        ; clk      ; None                        ; None                      ; 2.665 ns                ;
; N/A   ; 268.24 MHz ( period = 3.728 ns )               ; cache:inst|inst16                                                                                                ; lpm_ram_dq0:inst1|altsyncram:altsyncram_component|altsyncram_l9a1:auto_generated|ram_block1a0~porta_datain_reg2  ; clk        ; clk      ; None                        ; None                      ; 2.660 ns                ;
; N/A   ; 268.38 MHz ( period = 3.726 ns )               ; cache:inst|inst16                                                                                                ; lpm_ram_dq0:inst1|altsyncram:altsyncram_component|altsyncram_l9a1:auto_generated|ram_block1a0~porta_datain_reg0  ; clk        ; clk      ; None                        ; None                      ; 2.658 ns                ;
; N/A   ; 268.96 MHz ( period = 3.718 ns )               ; cache:inst|inst16                                                                                                ; lpm_ram_dq0:inst1|altsyncram:altsyncram_component|altsyncram_l9a1:auto_generated|ram_block1a0~porta_datain_reg3  ; clk        ; clk      ; None                        ; None                      ; 2.650 ns                ;
; N/A   ; 279.33 MHz ( period = 3.580 ns )               ; lpm_ram_dq0:inst1|altsyncram:altsyncram_component|altsyncram_l9a1:auto_generated|ram_block1a0~porta_we_reg       ; lpm_ram_dq0:inst1|altsyncram:altsyncram_component|altsyncram_l9a1:auto_generated|q_a[0]                          ; clk        ; clk      ; None                        ; None                      ; 1.623 ns                ;
; N/A   ; 279.33 MHz ( period = 3.580 ns )               ; lpm_ram_dq0:inst1|altsyncram:altsyncram_component|altsyncram_l9a1:auto_generated|ram_block1a0~porta_address_reg0 ; lpm_ram_dq0:inst1|altsyncram:altsyncram_component|altsyncram_l9a1:auto_generated|q_a[0]                          ; clk        ; clk      ; None                        ; None                      ; 1.623 ns                ;
; N/A   ; 279.33 MHz ( period = 3.580 ns )               ; lpm_ram_dq0:inst1|altsyncram:altsyncram_component|altsyncram_l9a1:auto_generated|ram_block1a0~porta_address_reg1 ; lpm_ram_dq0:inst1|altsyncram:altsyncram_component|altsyncram_l9a1:auto_generated|q_a[0]                          ; clk        ; clk      ; None                        ; None                      ; 1.623 ns                ;
; N/A   ; 279.33 MHz ( period = 3.580 ns )               ; lpm_ram_dq0:inst1|altsyncram:altsyncram_component|altsyncram_l9a1:auto_generated|ram_block1a0~porta_address_reg2 ; lpm_ram_dq0:inst1|altsyncram:altsyncram_component|altsyncram_l9a1:auto_generated|q_a[0]                          ; clk        ; clk      ; None                        ; None                      ; 1.623 ns                ;
; N/A   ; 279.33 MHz ( period = 3.580 ns )               ; lpm_ram_dq0:inst1|altsyncram:altsyncram_component|altsyncram_l9a1:auto_generated|ram_block1a0~porta_address_reg3 ; lpm_ram_dq0:inst1|altsyncram:altsyncram_component|altsyncram_l9a1:auto_generated|q_a[0]                          ; clk        ; clk      ; None                        ; None                      ; 1.623 ns                ;
; N/A   ; 279.33 MHz ( period = 3.580 ns )               ; lpm_ram_dq0:inst1|altsyncram:altsyncram_component|altsyncram_l9a1:auto_generated|ram_block1a0~porta_address_reg4 ; lpm_ram_dq0:inst1|altsyncram:altsyncram_component|altsyncram_l9a1:auto_generated|q_a[0]                          ; clk        ; clk      ; None                        ; None                      ; 1.623 ns                ;
; N/A   ; 279.33 MHz ( period = 3.580 ns )               ; lpm_ram_dq0:inst1|altsyncram:altsyncram_component|altsyncram_l9a1:auto_generated|ram_block1a0~porta_address_reg5 ; lpm_ram_dq0:inst1|altsyncram:altsyncram_component|altsyncram_l9a1:auto_generated|q_a[0]                          ; clk        ; clk      ; None                        ; None                      ; 1.623 ns                ;
; N/A   ; 279.33 MHz ( period = 3.580 ns )               ; lpm_ram_dq0:inst1|altsyncram:altsyncram_component|altsyncram_l9a1:auto_generated|ram_block1a0~porta_address_reg6 ; lpm_ram_dq0:inst1|altsyncram:altsyncram_component|altsyncram_l9a1:auto_generated|q_a[0]                          ; clk        ; clk      ; None                        ; None                      ; 1.623 ns                ;
; N/A   ; 279.33 MHz ( period = 3.580 ns )               ; lpm_ram_dq0:inst1|altsyncram:altsyncram_component|altsyncram_l9a1:auto_generated|ram_block1a0~porta_we_reg       ; lpm_ram_dq0:inst1|altsyncram:altsyncram_component|altsyncram_l9a1:auto_generated|q_a[1]                          ; clk        ; clk      ; None                        ; None                      ; 1.623 ns                ;
; N/A   ; 279.33 MHz ( period = 3.580 ns )               ; lpm_ram_dq0:inst1|altsyncram:altsyncram_component|altsyncram_l9a1:auto_generated|ram_block1a0~porta_address_reg0 ; lpm_ram_dq0:inst1|altsyncram:altsyncram_component|altsyncram_l9a1:auto_generated|q_a[1]                          ; clk        ; clk      ; None                        ; None                      ; 1.623 ns                ;
; N/A   ; 279.33 MHz ( period = 3.580 ns )               ; lpm_ram_dq0:inst1|altsyncram:altsyncram_component|altsyncram_l9a1:auto_generated|ram_block1a0~porta_address_reg1 ; lpm_ram_dq0:inst1|altsyncram:altsyncram_component|altsyncram_l9a1:auto_generated|q_a[1]                          ; clk        ; clk      ; None                        ; None                      ; 1.623 ns                ;
; N/A   ; 279.33 MHz ( period = 3.580 ns )               ; lpm_ram_dq0:inst1|altsyncram:altsyncram_component|altsyncram_l9a1:auto_generated|ram_block1a0~porta_address_reg2 ; lpm_ram_dq0:inst1|altsyncram:altsyncram_component|altsyncram_l9a1:auto_generated|q_a[1]                          ; clk        ; clk      ; None                        ; None                      ; 1.623 ns                ;
; N/A   ; 279.33 MHz ( period = 3.580 ns )               ; lpm_ram_dq0:inst1|altsyncram:altsyncram_component|altsyncram_l9a1:auto_generated|ram_block1a0~porta_address_reg3 ; lpm_ram_dq0:inst1|altsyncram:altsyncram_component|altsyncram_l9a1:auto_generated|q_a[1]                          ; clk        ; clk      ; None                        ; None                      ; 1.623 ns                ;
; N/A   ; 279.33 MHz ( period = 3.580 ns )               ; lpm_ram_dq0:inst1|altsyncram:altsyncram_component|altsyncram_l9a1:auto_generated|ram_block1a0~porta_address_reg4 ; lpm_ram_dq0:inst1|altsyncram:altsyncram_component|altsyncram_l9a1:auto_generated|q_a[1]                          ; clk        ; clk      ; None                        ; None                      ; 1.623 ns                ;
; N/A   ; 279.33 MHz ( period = 3.580 ns )               ; lpm_ram_dq0:inst1|altsyncram:altsyncram_component|altsyncram_l9a1:auto_generated|ram_block1a0~porta_address_reg5 ; lpm_ram_dq0:inst1|altsyncram:altsyncram_component|altsyncram_l9a1:auto_generated|q_a[1]                          ; clk        ; clk      ; None                        ; None                      ; 1.623 ns                ;
; N/A   ; 279.33 MHz ( period = 3.580 ns )               ; lpm_ram_dq0:inst1|altsyncram:altsyncram_component|altsyncram_l9a1:auto_generated|ram_block1a0~porta_address_reg6 ; lpm_ram_dq0:inst1|altsyncram:altsyncram_component|altsyncram_l9a1:auto_generated|q_a[1]                          ; clk        ; clk      ; None                        ; None                      ; 1.623 ns                ;
; N/A   ; 279.33 MHz ( period = 3.580 ns )               ; lpm_ram_dq0:inst1|altsyncram:altsyncram_component|altsyncram_l9a1:auto_generated|ram_block1a0~porta_we_reg       ; lpm_ram_dq0:inst1|altsyncram:altsyncram_component|altsyncram_l9a1:auto_generated|q_a[2]                          ; clk        ; clk      ; None                        ; None                      ; 1.623 ns                ;
; N/A   ; 279.33 MHz ( period = 3.580 ns )               ; lpm_ram_dq0:inst1|altsyncram:altsyncram_component|altsyncram_l9a1:auto_generated|ram_block1a0~porta_address_reg0 ; lpm_ram_dq0:inst1|altsyncram:altsyncram_component|altsyncram_l9a1:auto_generated|q_a[2]                          ; clk        ; clk      ; None                        ; None                      ; 1.623 ns                ;
; N/A   ; 279.33 MHz ( period = 3.580 ns )               ; lpm_ram_dq0:inst1|altsyncram:altsyncram_component|altsyncram_l9a1:auto_generated|ram_block1a0~porta_address_reg1 ; lpm_ram_dq0:inst1|altsyncram:altsyncram_component|altsyncram_l9a1:auto_generated|q_a[2]                          ; clk        ; clk      ; None                        ; None                      ; 1.623 ns                ;
; N/A   ; 279.33 MHz ( period = 3.580 ns )               ; lpm_ram_dq0:inst1|altsyncram:altsyncram_component|altsyncram_l9a1:auto_generated|ram_block1a0~porta_address_reg2 ; lpm_ram_dq0:inst1|altsyncram:altsyncram_component|altsyncram_l9a1:auto_generated|q_a[2]                          ; clk        ; clk      ; None                        ; None                      ; 1.623 ns                ;
; N/A   ; 279.33 MHz ( period = 3.580 ns )               ; lpm_ram_dq0:inst1|altsyncram:altsyncram_component|altsyncram_l9a1:auto_generated|ram_block1a0~porta_address_reg3 ; lpm_ram_dq0:inst1|altsyncram:altsyncram_component|altsyncram_l9a1:auto_generated|q_a[2]                          ; clk        ; clk      ; None                        ; None                      ; 1.623 ns                ;
; N/A   ; 279.33 MHz ( period = 3.580 ns )               ; lpm_ram_dq0:inst1|altsyncram:altsyncram_component|altsyncram_l9a1:auto_generated|ram_block1a0~porta_address_reg4 ; lpm_ram_dq0:inst1|altsyncram:altsyncram_component|altsyncram_l9a1:auto_generated|q_a[2]                          ; clk        ; clk      ; None                        ; None                      ; 1.623 ns                ;
; N/A   ; 279.33 MHz ( period = 3.580 ns )               ; lpm_ram_dq0:inst1|altsyncram:altsyncram_component|altsyncram_l9a1:auto_generated|ram_block1a0~porta_address_reg5 ; lpm_ram_dq0:inst1|altsyncram:altsyncram_component|altsyncram_l9a1:auto_generated|q_a[2]                          ; clk        ; clk      ; None                        ; None                      ; 1.623 ns                ;
; N/A   ; 279.33 MHz ( period = 3.580 ns )               ; lpm_ram_dq0:inst1|altsyncram:altsyncram_component|altsyncram_l9a1:auto_generated|ram_block1a0~porta_address_reg6 ; lpm_ram_dq0:inst1|altsyncram:altsyncram_component|altsyncram_l9a1:auto_generated|q_a[2]                          ; clk        ; clk      ; None                        ; None                      ; 1.623 ns                ;
; N/A   ; 279.33 MHz ( period = 3.580 ns )               ; lpm_ram_dq0:inst1|altsyncram:altsyncram_component|altsyncram_l9a1:auto_generated|ram_block1a0~porta_we_reg       ; lpm_ram_dq0:inst1|altsyncram:altsyncram_component|altsyncram_l9a1:auto_generated|q_a[3]                          ; clk        ; clk      ; None                        ; None                      ; 1.623 ns                ;
; N/A   ; 279.33 MHz ( period = 3.580 ns )               ; lpm_ram_dq0:inst1|altsyncram:altsyncram_component|altsyncram_l9a1:auto_generated|ram_block1a0~porta_address_reg0 ; lpm_ram_dq0:inst1|altsyncram:altsyncram_component|altsyncram_l9a1:auto_generated|q_a[3]                          ; clk        ; clk      ; None                        ; None                      ; 1.623 ns                ;
; N/A   ; 279.33 MHz ( period = 3.580 ns )               ; lpm_ram_dq0:inst1|altsyncram:altsyncram_component|altsyncram_l9a1:auto_generated|ram_block1a0~porta_address_reg1 ; lpm_ram_dq0:inst1|altsyncram:altsyncram_component|altsyncram_l9a1:auto_generated|q_a[3]                          ; clk        ; clk      ; None                        ; None                      ; 1.623 ns                ;
; N/A   ; 279.33 MHz ( period = 3.580 ns )               ; lpm_ram_dq0:inst1|altsyncram:altsyncram_component|altsyncram_l9a1:auto_generated|ram_block1a0~porta_address_reg2 ; lpm_ram_dq0:inst1|altsyncram:altsyncram_component|altsyncram_l9a1:auto_generated|q_a[3]                          ; clk        ; clk      ; None                        ; None                      ; 1.623 ns                ;
; N/A   ; 279.33 MHz ( period = 3.580 ns )               ; lpm_ram_dq0:inst1|altsyncram:altsyncram_component|altsyncram_l9a1:auto_generated|ram_block1a0~porta_address_reg3 ; lpm_ram_dq0:inst1|altsyncram:altsyncram_component|altsyncram_l9a1:auto_generated|q_a[3]                          ; clk        ; clk      ; None                        ; None                      ; 1.623 ns                ;
; N/A   ; 279.33 MHz ( period = 3.580 ns )               ; lpm_ram_dq0:inst1|altsyncram:altsyncram_component|altsyncram_l9a1:auto_generated|ram_block1a0~porta_address_reg4 ; lpm_ram_dq0:inst1|altsyncram:altsyncram_component|altsyncram_l9a1:auto_generated|q_a[3]                          ; clk        ; clk      ; None                        ; None                      ; 1.623 ns                ;
; N/A   ; 279.33 MHz ( period = 3.580 ns )               ; lpm_ram_dq0:inst1|altsyncram:altsyncram_component|altsyncram_l9a1:auto_generated|ram_block1a0~porta_address_reg5 ; lpm_ram_dq0:inst1|altsyncram:altsyncram_component|altsyncram_l9a1:auto_generated|q_a[3]                          ; clk        ; clk      ; None                        ; None                      ; 1.623 ns                ;
; N/A   ; 279.33 MHz ( period = 3.580 ns )               ; lpm_ram_dq0:inst1|altsyncram:altsyncram_component|altsyncram_l9a1:auto_generated|ram_block1a0~porta_address_reg6 ; lpm_ram_dq0:inst1|altsyncram:altsyncram_component|altsyncram_l9a1:auto_generated|q_a[3]                          ; clk        ; clk      ; None                        ; None                      ; 1.623 ns                ;
; N/A   ; 279.33 MHz ( period = 3.580 ns )               ; lpm_ram_dq0:inst1|altsyncram:altsyncram_component|altsyncram_l9a1:auto_generated|ram_block1a0~porta_we_reg       ; lpm_ram_dq0:inst1|altsyncram:altsyncram_component|altsyncram_l9a1:auto_generated|q_a[4]                          ; clk        ; clk      ; None                        ; None                      ; 1.623 ns                ;
; N/A   ; 279.33 MHz ( period = 3.580 ns )               ; lpm_ram_dq0:inst1|altsyncram:altsyncram_component|altsyncram_l9a1:auto_generated|ram_block1a0~porta_address_reg0 ; lpm_ram_dq0:inst1|altsyncram:altsyncram_component|altsyncram_l9a1:auto_generated|q_a[4]                          ; clk        ; clk      ; None                        ; None                      ; 1.623 ns                ;
; N/A   ; 279.33 MHz ( period = 3.580 ns )               ; lpm_ram_dq0:inst1|altsyncram:altsyncram_component|altsyncram_l9a1:auto_generated|ram_block1a0~porta_address_reg1 ; lpm_ram_dq0:inst1|altsyncram:altsyncram_component|altsyncram_l9a1:auto_generated|q_a[4]                          ; clk        ; clk      ; None                        ; None                      ; 1.623 ns                ;
; N/A   ; 279.33 MHz ( period = 3.580 ns )               ; lpm_ram_dq0:inst1|altsyncram:altsyncram_component|altsyncram_l9a1:auto_generated|ram_block1a0~porta_address_reg2 ; lpm_ram_dq0:inst1|altsyncram:altsyncram_component|altsyncram_l9a1:auto_generated|q_a[4]                          ; clk        ; clk      ; None                        ; None                      ; 1.623 ns                ;
; N/A   ; 279.33 MHz ( period = 3.580 ns )               ; lpm_ram_dq0:inst1|altsyncram:altsyncram_component|altsyncram_l9a1:auto_generated|ram_block1a0~porta_address_reg3 ; lpm_ram_dq0:inst1|altsyncram:altsyncram_component|altsyncram_l9a1:auto_generated|q_a[4]                          ; clk        ; clk      ; None                        ; None                      ; 1.623 ns                ;
; N/A   ; 279.33 MHz ( period = 3.580 ns )               ; lpm_ram_dq0:inst1|altsyncram:altsyncram_component|altsyncram_l9a1:auto_generated|ram_block1a0~porta_address_reg4 ; lpm_ram_dq0:inst1|altsyncram:altsyncram_component|altsyncram_l9a1:auto_generated|q_a[4]                          ; clk        ; clk      ; None                        ; None                      ; 1.623 ns                ;
; N/A   ; 279.33 MHz ( period = 3.580 ns )               ; lpm_ram_dq0:inst1|altsyncram:altsyncram_component|altsyncram_l9a1:auto_generated|ram_block1a0~porta_address_reg5 ; lpm_ram_dq0:inst1|altsyncram:altsyncram_component|altsyncram_l9a1:auto_generated|q_a[4]                          ; clk        ; clk      ; None                        ; None                      ; 1.623 ns                ;
; N/A   ; 279.33 MHz ( period = 3.580 ns )               ; lpm_ram_dq0:inst1|altsyncram:altsyncram_component|altsyncram_l9a1:auto_generated|ram_block1a0~porta_address_reg6 ; lpm_ram_dq0:inst1|altsyncram:altsyncram_component|altsyncram_l9a1:auto_generated|q_a[4]                          ; clk        ; clk      ; None                        ; None                      ; 1.623 ns                ;
; N/A   ; 282.33 MHz ( period = 3.542 ns )               ; cache:inst|inst16                                                                                                ; lpm_ram_dq0:inst1|altsyncram:altsyncram_component|altsyncram_l9a1:auto_generated|ram_block1a0~porta_address_reg0 ; clk        ; clk      ; None                        ; None                      ; 2.474 ns                ;
; N/A   ; 284.82 MHz ( period = 3.511 ns )               ; cache:inst|inst136                                                                                               ; lpm_ram_dq0:inst1|altsyncram:altsyncram_component|altsyncram_l9a1:auto_generated|ram_block1a0~porta_datain_reg1  ; clk        ; clk      ; None                        ; None                      ; 2.621 ns                ;
; N/A   ; 288.93 MHz ( period = 3.461 ns )               ; cache:inst|inst136                                                                                               ; lpm_ram_dq0:inst1|altsyncram:altsyncram_component|altsyncram_l9a1:auto_generated|ram_block1a0~porta_datain_reg0  ; clk        ; clk      ; None                        ; None                      ; 2.571 ns                ;
; N/A   ; 288.93 MHz ( period = 3.461 ns )               ; cache:inst|inst136                                                                                               ; lpm_ram_dq0:inst1|altsyncram:altsyncram_component|altsyncram_l9a1:auto_generated|ram_block1a0~porta_datain_reg4  ; clk        ; clk      ; None                        ; None                      ; 2.571 ns                ;
; N/A   ; 289.35 MHz ( period = 3.456 ns )               ; cache:inst|inst136                                                                                               ; lpm_ram_dq0:inst1|altsyncram:altsyncram_component|altsyncram_l9a1:auto_generated|ram_block1a0~porta_datain_reg2  ; clk        ; clk      ; None                        ; None                      ; 2.566 ns                ;
; N/A   ; 289.44 MHz ( period = 3.455 ns )               ; cache:inst|inst136                                                                                               ; lpm_ram_dq0:inst1|altsyncram:altsyncram_component|altsyncram_l9a1:auto_generated|ram_block1a0~porta_datain_reg3  ; clk        ; clk      ; None                        ; None                      ; 2.565 ns                ;
; N/A   ; 291.72 MHz ( period = 3.428 ns )               ; cache:inst|inst16                                                                                                ; lpm_ram_dq0:inst1|altsyncram:altsyncram_component|altsyncram_l9a1:auto_generated|ram_block1a0~porta_address_reg4 ; clk        ; clk      ; None                        ; None                      ; 2.360 ns                ;
; N/A   ; 291.80 MHz ( period = 3.427 ns )               ; cache:inst|inst16                                                                                                ; lpm_ram_dq0:inst1|altsyncram:altsyncram_component|altsyncram_l9a1:auto_generated|ram_block1a0~porta_address_reg3 ; clk        ; clk      ; None                        ; None                      ; 2.359 ns                ;
; N/A   ; 292.06 MHz ( period = 3.424 ns )               ; cache:inst|inst16                                                                                                ; lpm_ram_dq0:inst1|altsyncram:altsyncram_component|altsyncram_l9a1:auto_generated|ram_block1a0~porta_address_reg6 ; clk        ; clk      ; None                        ; None                      ; 2.356 ns                ;
; N/A   ; 292.40 MHz ( period = 3.420 ns )               ; cache:inst|inst16                                                                                                ; lpm_ram_dq0:inst1|altsyncram:altsyncram_component|altsyncram_l9a1:auto_generated|ram_block1a0~porta_address_reg5 ; clk        ; clk      ; None                        ; None                      ; 2.352 ns                ;
; N/A   ; 292.74 MHz ( period = 3.416 ns )               ; cache:inst|inst16                                                                                                ; lpm_ram_dq0:inst1|altsyncram:altsyncram_component|altsyncram_l9a1:auto_generated|ram_block1a0~porta_address_reg2 ; clk        ; clk      ; None                        ; None                      ; 2.348 ns                ;
; N/A   ; 297.27 MHz ( period = 3.364 ns )               ; cache:inst|inst16                                                                                                ; lpm_ram_dq0:inst1|altsyncram:altsyncram_component|altsyncram_l9a1:auto_generated|ram_block1a0~porta_address_reg1 ; clk        ; clk      ; None                        ; None                      ; 2.296 ns                ;
; N/A   ; 321.13 MHz ( period = 3.114 ns )               ; cache:inst|lpm_counter2:inst133|lpm_counter:lpm_counter_component|cntr_6oi:auto_generated|safe_q[1]              ; cache:inst|inst138                                                                                               ; clk        ; clk      ; None                        ; None                      ; 0.738 ns                ;
; N/A   ; 321.75 MHz ( period = 3.108 ns )               ; cache:inst|inst14                                                                                                ; lpm_ram_dq0:inst1|altsyncram:altsyncram_component|altsyncram_l9a1:auto_generated|ram_block1a0~porta_datain_reg0  ; clk        ; clk      ; None                        ; None                      ; 2.228 ns                ;
; N/A   ; 323.31 MHz ( period = 3.093 ns )               ; cache:inst|inst14                                                                                                ; lpm_ram_dq0:inst1|altsyncram:altsyncram_component|altsyncram_l9a1:auto_generated|ram_block1a0~porta_datain_reg2  ; clk        ; clk      ; None                        ; None                      ; 2.213 ns                ;
; N/A   ; 324.57 MHz ( period = 3.081 ns )               ; cache:inst|inst14                                                                                                ; lpm_ram_dq0:inst1|altsyncram:altsyncram_component|altsyncram_l9a1:auto_generated|ram_block1a0~porta_datain_reg3  ; clk        ; clk      ; None                        ; None                      ; 2.201 ns                ;
; N/A   ; 338.87 MHz ( period = 2.951 ns )               ; cache:inst|inst14                                                                                                ; lpm_ram_dq0:inst1|altsyncram:altsyncram_component|altsyncram_l9a1:auto_generated|ram_block1a0~porta_datain_reg1  ; clk        ; clk      ; None                        ; None                      ; 2.071 ns                ;
; N/A   ; 345.90 MHz ( period = 2.891 ns )               ; cache:inst|inst14                                                                                                ; lpm_ram_dq0:inst1|altsyncram:altsyncram_component|altsyncram_l9a1:auto_generated|ram_block1a0~porta_datain_reg4  ; clk        ; clk      ; None                        ; None                      ; 2.011 ns                ;
; N/A   ; 374.11 MHz ( period = 2.673 ns )               ; cache:inst|inst16                                                                                                ; cache:inst|lpm_counter0:inst|lpm_counter:lpm_counter_component|cntr_4ai:auto_generated|safe_q[1]                 ; clk        ; clk      ; None                        ; None                      ; 2.311 ns                ;
; N/A   ; 374.11 MHz ( period = 2.673 ns )               ; cache:inst|inst16                                                                                                ; cache:inst|lpm_counter0:inst|lpm_counter:lpm_counter_component|cntr_4ai:auto_generated|safe_q[0]                 ; clk        ; clk      ; None                        ; None                      ; 2.311 ns                ;
; N/A   ; 380.08 MHz ( period = 2.631 ns )               ; cache:inst|inst136                                                                                               ; cache:inst|lpm_counter0:inst|lpm_counter:lpm_counter_component|cntr_4ai:auto_generated|safe_q[1]                 ; clk        ; clk      ; None                        ; None                      ; 2.447 ns                ;
; N/A   ; 380.08 MHz ( period = 2.631 ns )               ; cache:inst|inst136                                                                                               ; cache:inst|lpm_counter0:inst|lpm_counter:lpm_counter_component|cntr_4ai:auto_generated|safe_q[0]                 ; clk        ; clk      ; None                        ; None                      ; 2.447 ns                ;
; N/A   ; 401.77 MHz ( period = 2.489 ns )               ; cache:inst|inst14                                                                                                ; lpm_ram_dq0:inst1|altsyncram:altsyncram_component|altsyncram_l9a1:auto_generated|ram_block1a0~porta_address_reg4 ; clk        ; clk      ; None                        ; None                      ; 1.609 ns                ;
; N/A   ; 401.93 MHz ( period = 2.488 ns )               ; cache:inst|inst14                                                                                                ; lpm_ram_dq0:inst1|altsyncram:altsyncram_component|altsyncram_l9a1:auto_generated|ram_block1a0~porta_address_reg3 ; clk        ; clk      ; None                        ; None                      ; 1.608 ns                ;
; N/A   ; 402.41 MHz ( period = 2.485 ns )               ; cache:inst|inst14                                                                                                ; lpm_ram_dq0:inst1|altsyncram:altsyncram_component|altsyncram_l9a1:auto_generated|ram_block1a0~porta_address_reg6 ; clk        ; clk      ; None                        ; None                      ; 1.605 ns                ;
; N/A   ; 403.06 MHz ( period = 2.481 ns )               ; cache:inst|inst14                                                                                                ; lpm_ram_dq0:inst1|altsyncram:altsyncram_component|altsyncram_l9a1:auto_generated|ram_block1a0~porta_address_reg5 ; clk        ; clk      ; None                        ; None                      ; 1.601 ns                ;
; N/A   ; 403.71 MHz ( period = 2.477 ns )               ; cache:inst|inst14                                                                                                ; lpm_ram_dq0:inst1|altsyncram:altsyncram_component|altsyncram_l9a1:auto_generated|ram_block1a0~porta_address_reg2 ; clk        ; clk      ; None                        ; None                      ; 1.597 ns                ;
; N/A   ; 412.88 MHz ( period = 2.422 ns )               ; cache:inst|lpm_counter2:inst133|lpm_counter:lpm_counter_component|cntr_6oi:auto_generated|safe_q[0]              ; cache:inst|inst138                                                                                               ; clk        ; clk      ; None                        ; None                      ; 1.010 ns                ;
; N/A   ; 426.99 MHz ( period = 2.342 ns )               ; cache:inst|lpm_counter0:inst|lpm_counter:lpm_counter_component|cntr_4ai:auto_generated|safe_q[0]                 ; cache:inst|inst44                                                                                                ; clk        ; clk      ; None                        ; None                      ; 2.965 ns                ;
; N/A   ; 431.97 MHz ( period = 2.315 ns )               ; cache:inst|lpm_counter0:inst|lpm_counter:lpm_counter_component|cntr_4ai:auto_generated|safe_q[1]                 ; cache:inst|inst44                                                                                                ; clk        ; clk      ; None                        ; None                      ; 2.938 ns                ;
; N/A   ; 434.40 MHz ( period = 2.302 ns )               ; cache:inst|inst136                                                                                               ; lpm_ram_dq0:inst1|altsyncram:altsyncram_component|altsyncram_l9a1:auto_generated|ram_block1a0~porta_address_reg0 ; clk        ; clk      ; None                        ; None                      ; 1.412 ns                ;
; N/A   ; 435.92 MHz ( period = 2.294 ns )               ; cache:inst|inst14                                                                                                ; lpm_ram_dq0:inst1|altsyncram:altsyncram_component|altsyncram_l9a1:auto_generated|ram_block1a0~porta_address_reg0 ; clk        ; clk      ; None                        ; None                      ; 1.414 ns                ;
; N/A   ; 470.81 MHz ( period = 2.124 ns )               ; cache:inst|inst136                                                                                               ; lpm_ram_dq0:inst1|altsyncram:altsyncram_component|altsyncram_l9a1:auto_generated|ram_block1a0~porta_address_reg1 ; clk        ; clk      ; None                        ; None                      ; 1.234 ns                ;
; N/A   ; 473.48 MHz ( period = 2.112 ns )               ; cache:inst|inst14                                                                                                ; lpm_ram_dq0:inst1|altsyncram:altsyncram_component|altsyncram_l9a1:auto_generated|ram_block1a0~porta_address_reg1 ; clk        ; clk      ; None                        ; None                      ; 1.232 ns                ;
; N/A   ; 475.06 MHz ( period = 2.105 ns )               ; cache:inst|inst136                                                                                               ; lpm_ram_dq0:inst1|altsyncram:altsyncram_component|altsyncram_l9a1:auto_generated|ram_block1a0~porta_address_reg4 ; clk        ; clk      ; None                        ; None                      ; 1.215 ns                ;
; N/A   ; 475.29 MHz ( period = 2.104 ns )               ; cache:inst|inst136                                                                                               ; lpm_ram_dq0:inst1|altsyncram:altsyncram_component|altsyncram_l9a1:auto_generated|ram_block1a0~porta_address_reg3 ; clk        ; clk      ; None                        ; None                      ; 1.214 ns                ;
; N/A   ; 475.96 MHz ( period = 2.101 ns )               ; cache:inst|inst136                                                                                               ; lpm_ram_dq0:inst1|altsyncram:altsyncram_component|altsyncram_l9a1:auto_generated|ram_block1a0~porta_address_reg6 ; clk        ; clk      ; None                        ; None                      ; 1.211 ns                ;
; N/A   ; 476.87 MHz ( period = 2.097 ns )               ; cache:inst|inst136                                                                                               ; lpm_ram_dq0:inst1|altsyncram:altsyncram_component|altsyncram_l9a1:auto_generated|ram_block1a0~porta_address_reg5 ; clk        ; clk      ; None                        ; None                      ; 1.207 ns                ;
; N/A   ; 477.78 MHz ( period = 2.093 ns )               ; cache:inst|inst136                                                                                               ; lpm_ram_dq0:inst1|altsyncram:altsyncram_component|altsyncram_l9a1:auto_generated|ram_block1a0~porta_address_reg2 ; clk        ; clk      ; None                        ; None                      ; 1.203 ns                ;
; N/A   ; Restricted to 500.00 MHz ( period = 2.000 ns ) ; cache:inst|lpm_counter0:inst|lpm_counter:lpm_counter_component|cntr_4ai:auto_generated|safe_q[1]                 ; cache:inst|inst32                                                                                                ; clk        ; clk      ; None                        ; None                      ; 2.387 ns                ;
; N/A   ; Restricted to 500.00 MHz ( period = 2.000 ns ) ; cache:inst|lpm_counter0:inst|lpm_counter:lpm_counter_component|cntr_4ai:auto_generated|safe_q[1]                 ; cache:inst|inst50                                                                                                ; clk        ; clk      ; None                        ; None                      ; 2.581 ns                ;
; N/A   ; Restricted to 500.00 MHz ( period = 2.000 ns ) ; cache:inst|lpm_counter0:inst|lpm_counter:lpm_counter_component|cntr_4ai:auto_generated|safe_q[0]                 ; cache:inst|inst50                                                                                                ; clk        ; clk      ; None                        ; None                      ; 2.564 ns                ;
; N/A   ; Restricted to 500.00 MHz ( period = 2.000 ns ) ; cache:inst|lpm_counter0:inst|lpm_counter:lpm_counter_component|cntr_4ai:auto_generated|safe_q[0]                 ; cache:inst|inst32                                                                                                ; clk        ; clk      ; None                        ; None                      ; 2.289 ns                ;
; N/A   ; Restricted to 500.00 MHz ( period = 2.000 ns ) ; lpm_ram_dq0:inst1|altsyncram:altsyncram_component|altsyncram_l9a1:auto_generated|ram_block1a0~porta_datain_reg0  ; lpm_ram_dq0:inst1|altsyncram:altsyncram_component|altsyncram_l9a1:auto_generated|ram_block1a0~porta_memory_reg0  ; clk        ; clk      ; None                        ; None                      ; 1.623 ns                ;
; N/A   ; Restricted to 500.00 MHz ( period = 2.000 ns ) ; lpm_ram_dq0:inst1|altsyncram:altsyncram_component|altsyncram_l9a1:auto_generated|ram_block1a0~porta_datain_reg1  ; lpm_ram_dq0:inst1|altsyncram:altsyncram_component|altsyncram_l9a1:auto_generated|ram_block1a1~porta_memory_reg0  ; clk        ; clk      ; None                        ; None                      ; 1.623 ns                ;
; N/A   ; Restricted to 500.00 MHz ( period = 2.000 ns ) ; lpm_ram_dq0:inst1|altsyncram:altsyncram_component|altsyncram_l9a1:auto_generated|ram_block1a0~porta_datain_reg2  ; lpm_ram_dq0:inst1|altsyncram:altsyncram_component|altsyncram_l9a1:auto_generated|ram_block1a2~porta_memory_reg0  ; clk        ; clk      ; None                        ; None                      ; 1.623 ns                ;
; N/A   ; Restricted to 500.00 MHz ( period = 2.000 ns ) ; lpm_ram_dq0:inst1|altsyncram:altsyncram_component|altsyncram_l9a1:auto_generated|ram_block1a0~porta_datain_reg3  ; lpm_ram_dq0:inst1|altsyncram:altsyncram_component|altsyncram_l9a1:auto_generated|ram_block1a3~porta_memory_reg0  ; clk        ; clk      ; None                        ; None                      ; 1.623 ns                ;
; N/A   ; Restricted to 500.00 MHz ( period = 2.000 ns ) ; lpm_ram_dq0:inst1|altsyncram:altsyncram_component|altsyncram_l9a1:auto_generated|ram_block1a0~porta_datain_reg4  ; lpm_ram_dq0:inst1|altsyncram:altsyncram_component|altsyncram_l9a1:auto_generated|ram_block1a4~porta_memory_reg0  ; clk        ; clk      ; None                        ; None                      ; 1.623 ns                ;
; N/A   ; Restricted to 500.00 MHz ( period = 2.000 ns ) ; cache:inst|inst14                                                                                                ; cache:inst|lpm_counter2:inst133|lpm_counter:lpm_counter_component|cntr_6oi:auto_generated|safe_q[0]              ; clk        ; clk      ; None                        ; None                      ; 0.978 ns                ;
; N/A   ; Restricted to 500.00 MHz ( period = 2.000 ns ) ; cache:inst|inst14                                                                                                ; lpm_ram_dq0:inst1|altsyncram:altsyncram_component|altsyncram_l9a1:auto_generated|ram_block1a0~porta_we_reg       ; clk        ; clk      ; None                        ; None                      ; 0.814 ns                ;
; N/A   ; Restricted to 500.00 MHz ( period = 2.000 ns ) ; cache:inst|inst14                                                                                                ; cache:inst|lpm_counter2:inst133|lpm_counter:lpm_counter_component|cntr_6oi:auto_generated|safe_q[1]              ; clk        ; clk      ; None                        ; None                      ; 0.978 ns                ;
; N/A   ; Restricted to 500.00 MHz ( period = 2.000 ns ) ; cache:inst|inst138                                                                                               ; cache:inst|inst136                                                                                               ; clk        ; clk      ; None                        ; None                      ; 0.982 ns                ;
; N/A   ; Restricted to 500.00 MHz ( period = 2.000 ns ) ; cache:inst|lpm_counter0:inst|lpm_counter:lpm_counter_component|cntr_4ai:auto_generated|safe_q[0]                 ; cache:inst|lpm_counter0:inst|lpm_counter:lpm_counter_component|cntr_4ai:auto_generated|safe_q[1]                 ; clk        ; clk      ; None                        ; None                      ; 0.680 ns                ;
; N/A   ; Restricted to 500.00 MHz ( period = 2.000 ns ) ; cache:inst|lpm_counter2:inst133|lpm_counter:lpm_counter_component|cntr_6oi:auto_generated|safe_q[0]              ; cache:inst|lpm_counter2:inst133|lpm_counter:lpm_counter_component|cntr_6oi:auto_generated|safe_q[0]              ; clk        ; clk      ; None                        ; None                      ; 0.609 ns                ;
; N/A   ; Restricted to 500.00 MHz ( period = 2.000 ns ) ; cache:inst|lpm_counter2:inst133|lpm_counter:lpm_counter_component|cntr_6oi:auto_generated|safe_q[1]              ; cache:inst|lpm_counter2:inst133|lpm_counter:lpm_counter_component|cntr_6oi:auto_generated|safe_q[1]              ; clk        ; clk      ; None                        ; None                      ; 0.609 ns                ;
; N/A   ; Restricted to 500.00 MHz ( period = 2.000 ns ) ; cache:inst|lpm_counter0:inst|lpm_counter:lpm_counter_component|cntr_4ai:auto_generated|safe_q[1]                 ; cache:inst|lpm_counter0:inst|lpm_counter:lpm_counter_component|cntr_4ai:auto_generated|safe_q[1]                 ; clk        ; clk      ; None                        ; None                      ; 0.609 ns                ;
; N/A   ; Restricted to 500.00 MHz ( period = 2.000 ns ) ; cache:inst|lpm_counter0:inst|lpm_counter:lpm_counter_component|cntr_4ai:auto_generated|safe_q[0]                 ; cache:inst|lpm_counter0:inst|lpm_counter:lpm_counter_component|cntr_4ai:auto_generated|safe_q[0]                 ; clk        ; clk      ; None                        ; None                      ; 0.609 ns                ;
; N/A   ; Restricted to 500.00 MHz ( period = 2.000 ns ) ; cache:inst|inst136                                                                                               ; cache:inst|inst136                                                                                               ; clk        ; clk      ; None                        ; None                      ; 0.488 ns                ;
; N/A   ; Restricted to 500.00 MHz ( period = 2.000 ns ) ; cache:inst|inst16                                                                                                ; cache:inst|inst16                                                                                                ; clk        ; clk      ; None                        ; None                      ; 0.396 ns                ;
; N/A   ; Restricted to 500.00 MHz ( period = 2.000 ns ) ; cache:inst|inst14                                                                                                ; cache:inst|inst14                                                                                                ; clk        ; clk      ; None                        ; None                      ; 0.396 ns                ;
; N/A   ; Restricted to 500.00 MHz ( period = 2.000 ns ) ; cache:inst|inst16                                                                                                ; cache:inst|lpm_counter1:inst22|lpm_counter:lpm_counter_component|cntr_a2k:auto_generated|safe_q[1]               ; clk        ; clk      ; None                        ; None                      ; 2.309 ns                ;
; N/A   ; Restricted to 500.00 MHz ( period = 2.000 ns ) ; cache:inst|inst16                                                                                                ; cache:inst|lpm_counter1:inst22|lpm_counter:lpm_counter_component|cntr_a2k:auto_generated|safe_q[0]               ; clk        ; clk      ; None                        ; None                      ; 2.309 ns                ;
; N/A   ; Restricted to 500.00 MHz ( period = 2.000 ns ) ; cache:inst|inst16                                                                                                ; cache:inst|lpm_counter1:inst22|lpm_counter:lpm_counter_component|cntr_a2k:auto_generated|safe_q[2]               ; clk        ; clk      ; None                        ; None                      ; 2.309 ns                ;
; N/A   ; Restricted to 500.00 MHz ( period = 2.000 ns ) ; cache:inst|inst136                                                                                               ; cache:inst|lpm_counter1:inst22|lpm_counter:lpm_counter_component|cntr_a2k:auto_generated|safe_q[1]               ; clk        ; clk      ; None                        ; None                      ; 2.445 ns                ;
; N/A   ; Restricted to 500.00 MHz ( period = 2.000 ns ) ; cache:inst|inst136                                                                                               ; cache:inst|lpm_counter1:inst22|lpm_counter:lpm_counter_component|cntr_a2k:auto_generated|safe_q[0]               ; clk        ; clk      ; None                        ; None                      ; 2.445 ns                ;
; N/A   ; Restricted to 500.00 MHz ( period = 2.000 ns ) ; cache:inst|inst136                                                                                               ; cache:inst|lpm_counter1:inst22|lpm_counter:lpm_counter_component|cntr_a2k:auto_generated|safe_q[2]               ; clk        ; clk      ; None                        ; None                      ; 2.445 ns                ;
; N/A   ; Restricted to 500.00 MHz ( period = 2.000 ns ) ; cache:inst|lpm_counter2:inst133|lpm_counter:lpm_counter_component|cntr_6oi:auto_generated|safe_q[0]              ; cache:inst|lpm_counter2:inst133|lpm_counter:lpm_counter_component|cntr_6oi:auto_generated|safe_q[1]              ; clk        ; clk      ; None                        ; None                      ; 0.680 ns                ;
+-------+------------------------------------------------+------------------------------------------------------------------------------------------------------------------+------------------------------------------------------------------------------------------------------------------+------------+----------+-----------------------------+---------------------------+-------------------------+


+--------------------------------------------------------------------------------------------------------------------------------------------------------------------------------------------------------------------------------------------------------------------------------------------------------------------------------------------------------------------------------+
; Clock Setup: 'address[4]'                                                                                                                                                                                                                                                                                                                                                      ;
+-------+------------------------------------------------+----------------------------------------------------------------------------------------------------+----------------------------------------------------------------------------------------------------+------------+------------+-----------------------------+---------------------------+-------------------------+
; Slack ; Actual fmax (period)                           ; From                                                                                               ; To                                                                                                 ; From Clock ; To Clock   ; Required Setup Relationship ; Required Longest P2P Time ; Actual Longest P2P Time ;
+-------+------------------------------------------------+----------------------------------------------------------------------------------------------------+----------------------------------------------------------------------------------------------------+------------+------------+-----------------------------+---------------------------+-------------------------+
; N/A   ; 308.45 MHz ( period = 3.242 ns )               ; cache:inst|lpm_counter1:inst22|lpm_counter:lpm_counter_component|cntr_a2k:auto_generated|safe_q[0] ; cache:inst|lpm_counter1:inst22|lpm_counter:lpm_counter_component|cntr_a2k:auto_generated|safe_q[1] ; address[4] ; address[4] ; None                        ; None                      ; 1.968 ns                ;
; N/A   ; 308.45 MHz ( period = 3.242 ns )               ; cache:inst|lpm_counter1:inst22|lpm_counter:lpm_counter_component|cntr_a2k:auto_generated|safe_q[0] ; cache:inst|lpm_counter1:inst22|lpm_counter:lpm_counter_component|cntr_a2k:auto_generated|safe_q[0] ; address[4] ; address[4] ; None                        ; None                      ; 1.968 ns                ;
; N/A   ; 308.45 MHz ( period = 3.242 ns )               ; cache:inst|lpm_counter1:inst22|lpm_counter:lpm_counter_component|cntr_a2k:auto_generated|safe_q[0] ; cache:inst|lpm_counter1:inst22|lpm_counter:lpm_counter_component|cntr_a2k:auto_generated|safe_q[2] ; address[4] ; address[4] ; None                        ; None                      ; 1.968 ns                ;
; N/A   ; 321.96 MHz ( period = 3.106 ns )               ; cache:inst|lpm_counter1:inst22|lpm_counter:lpm_counter_component|cntr_a2k:auto_generated|safe_q[2] ; cache:inst|lpm_counter1:inst22|lpm_counter:lpm_counter_component|cntr_a2k:auto_generated|safe_q[1] ; address[4] ; address[4] ; None                        ; None                      ; 1.832 ns                ;
; N/A   ; 321.96 MHz ( period = 3.106 ns )               ; cache:inst|lpm_counter1:inst22|lpm_counter:lpm_counter_component|cntr_a2k:auto_generated|safe_q[2] ; cache:inst|lpm_counter1:inst22|lpm_counter:lpm_counter_component|cntr_a2k:auto_generated|safe_q[0] ; address[4] ; address[4] ; None                        ; None                      ; 1.832 ns                ;
; N/A   ; 321.96 MHz ( period = 3.106 ns )               ; cache:inst|lpm_counter1:inst22|lpm_counter:lpm_counter_component|cntr_a2k:auto_generated|safe_q[2] ; cache:inst|lpm_counter1:inst22|lpm_counter:lpm_counter_component|cntr_a2k:auto_generated|safe_q[2] ; address[4] ; address[4] ; None                        ; None                      ; 1.832 ns                ;
; N/A   ; 322.58 MHz ( period = 3.100 ns )               ; cache:inst|lpm_counter1:inst22|lpm_counter:lpm_counter_component|cntr_a2k:auto_generated|safe_q[1] ; cache:inst|lpm_counter1:inst22|lpm_counter:lpm_counter_component|cntr_a2k:auto_generated|safe_q[1] ; address[4] ; address[4] ; None                        ; None                      ; 1.826 ns                ;
; N/A   ; 322.58 MHz ( period = 3.100 ns )               ; cache:inst|lpm_counter1:inst22|lpm_counter:lpm_counter_component|cntr_a2k:auto_generated|safe_q[1] ; cache:inst|lpm_counter1:inst22|lpm_counter:lpm_counter_component|cntr_a2k:auto_generated|safe_q[0] ; address[4] ; address[4] ; None                        ; None                      ; 1.826 ns                ;
; N/A   ; 322.58 MHz ( period = 3.100 ns )               ; cache:inst|lpm_counter1:inst22|lpm_counter:lpm_counter_component|cntr_a2k:auto_generated|safe_q[1] ; cache:inst|lpm_counter1:inst22|lpm_counter:lpm_counter_component|cntr_a2k:auto_generated|safe_q[2] ; address[4] ; address[4] ; None                        ; None                      ; 1.826 ns                ;
; N/A   ; Restricted to 500.00 MHz ( period = 2.000 ns ) ; cache:inst|inst19                                                                                  ; cache:inst|inst19                                                                                  ; address[4] ; address[4] ; None                        ; None                      ; 0.488 ns                ;
+-------+------------------------------------------------+----------------------------------------------------------------------------------------------------+----------------------------------------------------------------------------------------------------+------------+------------+-----------------------------+---------------------------+-------------------------+


+--------------------------------------------------------------------------------------------------------------------------------------------------------------------------------------------------------------------------------------------------------------------------------------------------------------------------------------------------------------------------------+
; Clock Setup: 'address[5]'                                                                                                                                                                                                                                                                                                                                                      ;
+-------+------------------------------------------------+----------------------------------------------------------------------------------------------------+----------------------------------------------------------------------------------------------------+------------+------------+-----------------------------+---------------------------+-------------------------+
; Slack ; Actual fmax (period)                           ; From                                                                                               ; To                                                                                                 ; From Clock ; To Clock   ; Required Setup Relationship ; Required Longest P2P Time ; Actual Longest P2P Time ;
+-------+------------------------------------------------+----------------------------------------------------------------------------------------------------+----------------------------------------------------------------------------------------------------+------------+------------+-----------------------------+---------------------------+-------------------------+
; N/A   ; 371.20 MHz ( period = 2.694 ns )               ; cache:inst|lpm_counter1:inst22|lpm_counter:lpm_counter_component|cntr_a2k:auto_generated|safe_q[0] ; cache:inst|lpm_counter1:inst22|lpm_counter:lpm_counter_component|cntr_a2k:auto_generated|safe_q[1] ; address[5] ; address[5] ; None                        ; None                      ; 1.968 ns                ;
; N/A   ; 371.20 MHz ( period = 2.694 ns )               ; cache:inst|lpm_counter1:inst22|lpm_counter:lpm_counter_component|cntr_a2k:auto_generated|safe_q[0] ; cache:inst|lpm_counter1:inst22|lpm_counter:lpm_counter_component|cntr_a2k:auto_generated|safe_q[0] ; address[5] ; address[5] ; None                        ; None                      ; 1.968 ns                ;
; N/A   ; 371.20 MHz ( period = 2.694 ns )               ; cache:inst|lpm_counter1:inst22|lpm_counter:lpm_counter_component|cntr_a2k:auto_generated|safe_q[0] ; cache:inst|lpm_counter1:inst22|lpm_counter:lpm_counter_component|cntr_a2k:auto_generated|safe_q[2] ; address[5] ; address[5] ; None                        ; None                      ; 1.968 ns                ;
; N/A   ; 390.93 MHz ( period = 2.558 ns )               ; cache:inst|lpm_counter1:inst22|lpm_counter:lpm_counter_component|cntr_a2k:auto_generated|safe_q[2] ; cache:inst|lpm_counter1:inst22|lpm_counter:lpm_counter_component|cntr_a2k:auto_generated|safe_q[1] ; address[5] ; address[5] ; None                        ; None                      ; 1.832 ns                ;
; N/A   ; 390.93 MHz ( period = 2.558 ns )               ; cache:inst|lpm_counter1:inst22|lpm_counter:lpm_counter_component|cntr_a2k:auto_generated|safe_q[2] ; cache:inst|lpm_counter1:inst22|lpm_counter:lpm_counter_component|cntr_a2k:auto_generated|safe_q[0] ; address[5] ; address[5] ; None                        ; None                      ; 1.832 ns                ;
; N/A   ; 390.93 MHz ( period = 2.558 ns )               ; cache:inst|lpm_counter1:inst22|lpm_counter:lpm_counter_component|cntr_a2k:auto_generated|safe_q[2] ; cache:inst|lpm_counter1:inst22|lpm_counter:lpm_counter_component|cntr_a2k:auto_generated|safe_q[2] ; address[5] ; address[5] ; None                        ; None                      ; 1.832 ns                ;
; N/A   ; 391.85 MHz ( period = 2.552 ns )               ; cache:inst|lpm_counter1:inst22|lpm_counter:lpm_counter_component|cntr_a2k:auto_generated|safe_q[1] ; cache:inst|lpm_counter1:inst22|lpm_counter:lpm_counter_component|cntr_a2k:auto_generated|safe_q[1] ; address[5] ; address[5] ; None                        ; None                      ; 1.826 ns                ;
; N/A   ; 391.85 MHz ( period = 2.552 ns )               ; cache:inst|lpm_counter1:inst22|lpm_counter:lpm_counter_component|cntr_a2k:auto_generated|safe_q[1] ; cache:inst|lpm_counter1:inst22|lpm_counter:lpm_counter_component|cntr_a2k:auto_generated|safe_q[0] ; address[5] ; address[5] ; None                        ; None                      ; 1.826 ns                ;
; N/A   ; 391.85 MHz ( period = 2.552 ns )               ; cache:inst|lpm_counter1:inst22|lpm_counter:lpm_counter_component|cntr_a2k:auto_generated|safe_q[1] ; cache:inst|lpm_counter1:inst22|lpm_counter:lpm_counter_component|cntr_a2k:auto_generated|safe_q[2] ; address[5] ; address[5] ; None                        ; None                      ; 1.826 ns                ;
; N/A   ; Restricted to 500.00 MHz ( period = 2.000 ns ) ; cache:inst|inst19                                                                                  ; cache:inst|inst19                                                                                  ; address[5] ; address[5] ; None                        ; None                      ; 0.488 ns                ;
+-------+------------------------------------------------+----------------------------------------------------------------------------------------------------+----------------------------------------------------------------------------------------------------+------------+------------+-----------------------------+---------------------------+-------------------------+


+--------------------------------------------------------------------------------------------------------------------------------------------------------------------------------------------------------------------------------------------------------------------------------------------------------------------------------------------------------------------------------+
; Clock Setup: 'address[3]'                                                                                                                                                                                                                                                                                                                                                      ;
+-------+------------------------------------------------+----------------------------------------------------------------------------------------------------+----------------------------------------------------------------------------------------------------+------------+------------+-----------------------------+---------------------------+-------------------------+
; Slack ; Actual fmax (period)                           ; From                                                                                               ; To                                                                                                 ; From Clock ; To Clock   ; Required Setup Relationship ; Required Longest P2P Time ; Actual Longest P2P Time ;
+-------+------------------------------------------------+----------------------------------------------------------------------------------------------------+----------------------------------------------------------------------------------------------------+------------+------------+-----------------------------+---------------------------+-------------------------+
; N/A   ; 351.00 MHz ( period = 2.849 ns )               ; cache:inst|lpm_counter1:inst22|lpm_counter:lpm_counter_component|cntr_a2k:auto_generated|safe_q[0] ; cache:inst|lpm_counter1:inst22|lpm_counter:lpm_counter_component|cntr_a2k:auto_generated|safe_q[1] ; address[3] ; address[3] ; None                        ; None                      ; 1.968 ns                ;
; N/A   ; 351.00 MHz ( period = 2.849 ns )               ; cache:inst|lpm_counter1:inst22|lpm_counter:lpm_counter_component|cntr_a2k:auto_generated|safe_q[0] ; cache:inst|lpm_counter1:inst22|lpm_counter:lpm_counter_component|cntr_a2k:auto_generated|safe_q[0] ; address[3] ; address[3] ; None                        ; None                      ; 1.968 ns                ;
; N/A   ; 351.00 MHz ( period = 2.849 ns )               ; cache:inst|lpm_counter1:inst22|lpm_counter:lpm_counter_component|cntr_a2k:auto_generated|safe_q[0] ; cache:inst|lpm_counter1:inst22|lpm_counter:lpm_counter_component|cntr_a2k:auto_generated|safe_q[2] ; address[3] ; address[3] ; None                        ; None                      ; 1.968 ns                ;
; N/A   ; 368.60 MHz ( period = 2.713 ns )               ; cache:inst|lpm_counter1:inst22|lpm_counter:lpm_counter_component|cntr_a2k:auto_generated|safe_q[2] ; cache:inst|lpm_counter1:inst22|lpm_counter:lpm_counter_component|cntr_a2k:auto_generated|safe_q[1] ; address[3] ; address[3] ; None                        ; None                      ; 1.832 ns                ;
; N/A   ; 368.60 MHz ( period = 2.713 ns )               ; cache:inst|lpm_counter1:inst22|lpm_counter:lpm_counter_component|cntr_a2k:auto_generated|safe_q[2] ; cache:inst|lpm_counter1:inst22|lpm_counter:lpm_counter_component|cntr_a2k:auto_generated|safe_q[0] ; address[3] ; address[3] ; None                        ; None                      ; 1.832 ns                ;
; N/A   ; 368.60 MHz ( period = 2.713 ns )               ; cache:inst|lpm_counter1:inst22|lpm_counter:lpm_counter_component|cntr_a2k:auto_generated|safe_q[2] ; cache:inst|lpm_counter1:inst22|lpm_counter:lpm_counter_component|cntr_a2k:auto_generated|safe_q[2] ; address[3] ; address[3] ; None                        ; None                      ; 1.832 ns                ;
; N/A   ; 369.41 MHz ( period = 2.707 ns )               ; cache:inst|lpm_counter1:inst22|lpm_counter:lpm_counter_component|cntr_a2k:auto_generated|safe_q[1] ; cache:inst|lpm_counter1:inst22|lpm_counter:lpm_counter_component|cntr_a2k:auto_generated|safe_q[1] ; address[3] ; address[3] ; None                        ; None                      ; 1.826 ns                ;
; N/A   ; 369.41 MHz ( period = 2.707 ns )               ; cache:inst|lpm_counter1:inst22|lpm_counter:lpm_counter_component|cntr_a2k:auto_generated|safe_q[1] ; cache:inst|lpm_counter1:inst22|lpm_counter:lpm_counter_component|cntr_a2k:auto_generated|safe_q[0] ; address[3] ; address[3] ; None                        ; None                      ; 1.826 ns                ;
; N/A   ; 369.41 MHz ( period = 2.707 ns )               ; cache:inst|lpm_counter1:inst22|lpm_counter:lpm_counter_component|cntr_a2k:auto_generated|safe_q[1] ; cache:inst|lpm_counter1:inst22|lpm_counter:lpm_counter_component|cntr_a2k:auto_generated|safe_q[2] ; address[3] ; address[3] ; None                        ; None                      ; 1.826 ns                ;
; N/A   ; Restricted to 500.00 MHz ( period = 2.000 ns ) ; cache:inst|inst19                                                                                  ; cache:inst|inst19                                                                                  ; address[3] ; address[3] ; None                        ; None                      ; 0.488 ns                ;
+-------+------------------------------------------------+----------------------------------------------------------------------------------------------------+----------------------------------------------------------------------------------------------------+------------+------------+-----------------------------+---------------------------+-------------------------+


+--------------------------------------------------------------------------------------------------------------------------------------------------------------------------------------------------------------------------------------------------------------------------------------------------------------------------------------------------------------------------------+
; Clock Setup: 'address[2]'                                                                                                                                                                                                                                                                                                                                                      ;
+-------+------------------------------------------------+----------------------------------------------------------------------------------------------------+----------------------------------------------------------------------------------------------------+------------+------------+-----------------------------+---------------------------+-------------------------+
; Slack ; Actual fmax (period)                           ; From                                                                                               ; To                                                                                                 ; From Clock ; To Clock   ; Required Setup Relationship ; Required Longest P2P Time ; Actual Longest P2P Time ;
+-------+------------------------------------------------+----------------------------------------------------------------------------------------------------+----------------------------------------------------------------------------------------------------+------------+------------+-----------------------------+---------------------------+-------------------------+
; N/A   ; 369.69 MHz ( period = 2.705 ns )               ; cache:inst|lpm_counter1:inst22|lpm_counter:lpm_counter_component|cntr_a2k:auto_generated|safe_q[0] ; cache:inst|lpm_counter1:inst22|lpm_counter:lpm_counter_component|cntr_a2k:auto_generated|safe_q[1] ; address[2] ; address[2] ; None                        ; None                      ; 1.968 ns                ;
; N/A   ; 369.69 MHz ( period = 2.705 ns )               ; cache:inst|lpm_counter1:inst22|lpm_counter:lpm_counter_component|cntr_a2k:auto_generated|safe_q[0] ; cache:inst|lpm_counter1:inst22|lpm_counter:lpm_counter_component|cntr_a2k:auto_generated|safe_q[0] ; address[2] ; address[2] ; None                        ; None                      ; 1.968 ns                ;
; N/A   ; 369.69 MHz ( period = 2.705 ns )               ; cache:inst|lpm_counter1:inst22|lpm_counter:lpm_counter_component|cntr_a2k:auto_generated|safe_q[0] ; cache:inst|lpm_counter1:inst22|lpm_counter:lpm_counter_component|cntr_a2k:auto_generated|safe_q[2] ; address[2] ; address[2] ; None                        ; None                      ; 1.968 ns                ;
; N/A   ; 389.26 MHz ( period = 2.569 ns )               ; cache:inst|lpm_counter1:inst22|lpm_counter:lpm_counter_component|cntr_a2k:auto_generated|safe_q[2] ; cache:inst|lpm_counter1:inst22|lpm_counter:lpm_counter_component|cntr_a2k:auto_generated|safe_q[1] ; address[2] ; address[2] ; None                        ; None                      ; 1.832 ns                ;
; N/A   ; 389.26 MHz ( period = 2.569 ns )               ; cache:inst|lpm_counter1:inst22|lpm_counter:lpm_counter_component|cntr_a2k:auto_generated|safe_q[2] ; cache:inst|lpm_counter1:inst22|lpm_counter:lpm_counter_component|cntr_a2k:auto_generated|safe_q[0] ; address[2] ; address[2] ; None                        ; None                      ; 1.832 ns                ;
; N/A   ; 389.26 MHz ( period = 2.569 ns )               ; cache:inst|lpm_counter1:inst22|lpm_counter:lpm_counter_component|cntr_a2k:auto_generated|safe_q[2] ; cache:inst|lpm_counter1:inst22|lpm_counter:lpm_counter_component|cntr_a2k:auto_generated|safe_q[2] ; address[2] ; address[2] ; None                        ; None                      ; 1.832 ns                ;
; N/A   ; 390.17 MHz ( period = 2.563 ns )               ; cache:inst|lpm_counter1:inst22|lpm_counter:lpm_counter_component|cntr_a2k:auto_generated|safe_q[1] ; cache:inst|lpm_counter1:inst22|lpm_counter:lpm_counter_component|cntr_a2k:auto_generated|safe_q[1] ; address[2] ; address[2] ; None                        ; None                      ; 1.826 ns                ;
; N/A   ; 390.17 MHz ( period = 2.563 ns )               ; cache:inst|lpm_counter1:inst22|lpm_counter:lpm_counter_component|cntr_a2k:auto_generated|safe_q[1] ; cache:inst|lpm_counter1:inst22|lpm_counter:lpm_counter_component|cntr_a2k:auto_generated|safe_q[0] ; address[2] ; address[2] ; None                        ; None                      ; 1.826 ns                ;
; N/A   ; 390.17 MHz ( period = 2.563 ns )               ; cache:inst|lpm_counter1:inst22|lpm_counter:lpm_counter_component|cntr_a2k:auto_generated|safe_q[1] ; cache:inst|lpm_counter1:inst22|lpm_counter:lpm_counter_component|cntr_a2k:auto_generated|safe_q[2] ; address[2] ; address[2] ; None                        ; None                      ; 1.826 ns                ;
; N/A   ; Restricted to 500.00 MHz ( period = 2.000 ns ) ; cache:inst|inst19                                                                                  ; cache:inst|inst19                                                                                  ; address[2] ; address[2] ; None                        ; None                      ; 0.488 ns                ;
+-------+------------------------------------------------+----------------------------------------------------------------------------------------------------+----------------------------------------------------------------------------------------------------+------------+------------+-----------------------------+---------------------------+-------------------------+


+-------------------------------------------------------------------------------------------------------------------------------------------------------------------------------------------------------------------------------------------------------------------------------------------------------------------------------------------------------------------+
; Clock Hold: 'address[6]'                                                                                                                                                                                                                                                                                                                                          ;
+------------------------------------------+----------------------------------------------------------------------------------------------------+----------------------------------------------------------------------------------------------------+------------+------------+----------------------------+----------------------------+--------------------------+
; Minimum Slack                            ; From                                                                                               ; To                                                                                                 ; From Clock ; To Clock   ; Required Hold Relationship ; Required Shortest P2P Time ; Actual Shortest P2P Time ;
+------------------------------------------+----------------------------------------------------------------------------------------------------+----------------------------------------------------------------------------------------------------+------------+------------+----------------------------+----------------------------+--------------------------+
; Not operational: Clock Skew > Data Delay ; cache:inst|inst19                                                                                  ; cache:inst|inst19                                                                                  ; address[6] ; address[6] ; None                       ; None                       ; 0.488 ns                 ;
; Not operational: Clock Skew > Data Delay ; cache:inst|lpm_counter1:inst22|lpm_counter:lpm_counter_component|cntr_a2k:auto_generated|safe_q[1] ; cache:inst|lpm_counter1:inst22|lpm_counter:lpm_counter_component|cntr_a2k:auto_generated|safe_q[1] ; address[6] ; address[6] ; None                       ; None                       ; 0.609 ns                 ;
; Not operational: Clock Skew > Data Delay ; cache:inst|lpm_counter1:inst22|lpm_counter:lpm_counter_component|cntr_a2k:auto_generated|safe_q[0] ; cache:inst|lpm_counter1:inst22|lpm_counter:lpm_counter_component|cntr_a2k:auto_generated|safe_q[0] ; address[6] ; address[6] ; None                       ; None                       ; 0.609 ns                 ;
; Not operational: Clock Skew > Data Delay ; cache:inst|lpm_counter1:inst22|lpm_counter:lpm_counter_component|cntr_a2k:auto_generated|safe_q[2] ; cache:inst|lpm_counter1:inst22|lpm_counter:lpm_counter_component|cntr_a2k:auto_generated|safe_q[2] ; address[6] ; address[6] ; None                       ; None                       ; 0.609 ns                 ;
; Not operational: Clock Skew > Data Delay ; cache:inst|lpm_counter1:inst22|lpm_counter:lpm_counter_component|cntr_a2k:auto_generated|safe_q[0] ; cache:inst|lpm_counter1:inst22|lpm_counter:lpm_counter_component|cntr_a2k:auto_generated|safe_q[1] ; address[6] ; address[6] ; None                       ; None                       ; 0.680 ns                 ;
; Not operational: Clock Skew > Data Delay ; cache:inst|lpm_counter1:inst22|lpm_counter:lpm_counter_component|cntr_a2k:auto_generated|safe_q[1] ; cache:inst|lpm_counter1:inst22|lpm_counter:lpm_counter_component|cntr_a2k:auto_generated|safe_q[2] ; address[6] ; address[6] ; None                       ; None                       ; 0.680 ns                 ;
; Not operational: Clock Skew > Data Delay ; cache:inst|lpm_counter1:inst22|lpm_counter:lpm_counter_component|cntr_a2k:auto_generated|safe_q[0] ; cache:inst|lpm_counter1:inst22|lpm_counter:lpm_counter_component|cntr_a2k:auto_generated|safe_q[2] ; address[6] ; address[6] ; None                       ; None                       ; 0.715 ns                 ;
+------------------------------------------+----------------------------------------------------------------------------------------------------+----------------------------------------------------------------------------------------------------+------------+------------+----------------------------+----------------------------+--------------------------+


+---------------------------------------------------------------------------------------------------------------------------------------------------------------------------------------------------------------------------------------------------------------------------------------------------------------+
; Clock Hold: 'clk'                                                                                                                                                                                                                                                                                             ;
+------------------------------------------+-----------------------------------------------------------------------------------------+-------------------------------------------------------------+------------+----------+----------------------------+----------------------------+--------------------------+
; Minimum Slack                            ; From                                                                                    ; To                                                          ; From Clock ; To Clock ; Required Hold Relationship ; Required Shortest P2P Time ; Actual Shortest P2P Time ;
+------------------------------------------+-----------------------------------------------------------------------------------------+-------------------------------------------------------------+------------+----------+----------------------------+----------------------------+--------------------------+
; Not operational: Clock Skew > Data Delay ; lpm_ram_dq0:inst1|altsyncram:altsyncram_component|altsyncram_l9a1:auto_generated|q_a[1] ; cache:inst|lpm_dff1:inst95|lpm_ff:lpm_ff_component|dffs[1]  ; clk        ; clk      ; None                       ; None                       ; 1.413 ns                 ;
; Not operational: Clock Skew > Data Delay ; lpm_ram_dq0:inst1|altsyncram:altsyncram_component|altsyncram_l9a1:auto_generated|q_a[4] ; cache:inst|lpm_dff1:inst95|lpm_ff:lpm_ff_component|dffs[4]  ; clk        ; clk      ; None                       ; None                       ; 1.431 ns                 ;
; Not operational: Clock Skew > Data Delay ; lpm_ram_dq0:inst1|altsyncram:altsyncram_component|altsyncram_l9a1:auto_generated|q_a[2] ; cache:inst|lpm_dff1:inst95|lpm_ff:lpm_ff_component|dffs[2]  ; clk        ; clk      ; None                       ; None                       ; 1.436 ns                 ;
; Not operational: Clock Skew > Data Delay ; lpm_ram_dq0:inst1|altsyncram:altsyncram_component|altsyncram_l9a1:auto_generated|q_a[3] ; cache:inst|lpm_dff1:inst95|lpm_ff:lpm_ff_component|dffs[3]  ; clk        ; clk      ; None                       ; None                       ; 1.437 ns                 ;
; Not operational: Clock Skew > Data Delay ; lpm_ram_dq0:inst1|altsyncram:altsyncram_component|altsyncram_l9a1:auto_generated|q_a[3] ; cache:inst|lpm_dff1:inst91|lpm_ff:lpm_ff_component|dffs[3]  ; clk        ; clk      ; None                       ; None                       ; 1.963 ns                 ;
; Not operational: Clock Skew > Data Delay ; lpm_ram_dq0:inst1|altsyncram:altsyncram_component|altsyncram_l9a1:auto_generated|q_a[1] ; cache:inst|lpm_dff1:inst91|lpm_ff:lpm_ff_component|dffs[1]  ; clk        ; clk      ; None                       ; None                       ; 1.977 ns                 ;
; Not operational: Clock Skew > Data Delay ; lpm_ram_dq0:inst1|altsyncram:altsyncram_component|altsyncram_l9a1:auto_generated|q_a[2] ; cache:inst|lpm_dff1:inst91|lpm_ff:lpm_ff_component|dffs[2]  ; clk        ; clk      ; None                       ; None                       ; 1.992 ns                 ;
; Not operational: Clock Skew > Data Delay ; lpm_ram_dq0:inst1|altsyncram:altsyncram_component|altsyncram_l9a1:auto_generated|q_a[4] ; cache:inst|lpm_dff1:inst91|lpm_ff:lpm_ff_component|dffs[4]  ; clk        ; clk      ; None                       ; None                       ; 2.089 ns                 ;
; Not operational: Clock Skew > Data Delay ; lpm_ram_dq0:inst1|altsyncram:altsyncram_component|altsyncram_l9a1:auto_generated|q_a[0] ; cache:inst|lpm_dff1:inst95|lpm_ff:lpm_ff_component|dffs[0]  ; clk        ; clk      ; None                       ; None                       ; 1.642 ns                 ;
; Not operational: Clock Skew > Data Delay ; lpm_ram_dq0:inst1|altsyncram:altsyncram_component|altsyncram_l9a1:auto_generated|q_a[3] ; cache:inst|lpm_dff1:inst87|lpm_ff:lpm_ff_component|dffs[3]  ; clk        ; clk      ; None                       ; None                       ; 1.796 ns                 ;
; Not operational: Clock Skew > Data Delay ; lpm_ram_dq0:inst1|altsyncram:altsyncram_component|altsyncram_l9a1:auto_generated|q_a[4] ; cache:inst|lpm_dff1:inst87|lpm_ff:lpm_ff_component|dffs[4]  ; clk        ; clk      ; None                       ; None                       ; 1.803 ns                 ;
; Not operational: Clock Skew > Data Delay ; lpm_ram_dq0:inst1|altsyncram:altsyncram_component|altsyncram_l9a1:auto_generated|q_a[2] ; cache:inst|lpm_dff1:inst87|lpm_ff:lpm_ff_component|dffs[2]  ; clk        ; clk      ; None                       ; None                       ; 1.806 ns                 ;
; Not operational: Clock Skew > Data Delay ; lpm_ram_dq0:inst1|altsyncram:altsyncram_component|altsyncram_l9a1:auto_generated|q_a[3] ; cache:inst|lpm_dff1:inst103|lpm_ff:lpm_ff_component|dffs[3] ; clk        ; clk      ; None                       ; None                       ; 2.208 ns                 ;
; Not operational: Clock Skew > Data Delay ; lpm_ram_dq0:inst1|altsyncram:altsyncram_component|altsyncram_l9a1:auto_generated|q_a[1] ; cache:inst|lpm_dff1:inst59|lpm_ff:lpm_ff_component|dffs[1]  ; clk        ; clk      ; None                       ; None                       ; 2.347 ns                 ;
; Not operational: Clock Skew > Data Delay ; cache:inst|inst14                                                                       ; cache:inst|lpm_dff1:inst95|lpm_ff:lpm_ff_component|dffs[4]  ; clk        ; clk      ; None                       ; None                       ; 1.030 ns                 ;
; Not operational: Clock Skew > Data Delay ; cache:inst|inst14                                                                       ; cache:inst|lpm_dff1:inst95|lpm_ff:lpm_ff_component|dffs[1]  ; clk        ; clk      ; None                       ; None                       ; 1.041 ns                 ;
; Not operational: Clock Skew > Data Delay ; lpm_ram_dq0:inst1|altsyncram:altsyncram_component|altsyncram_l9a1:auto_generated|q_a[3] ; cache:inst|lpm_dff1:inst111|lpm_ff:lpm_ff_component|dffs[3] ; clk        ; clk      ; None                       ; None                       ; 2.208 ns                 ;
; Not operational: Clock Skew > Data Delay ; lpm_ram_dq0:inst1|altsyncram:altsyncram_component|altsyncram_l9a1:auto_generated|q_a[2] ; cache:inst|lpm_dff1:inst63|lpm_ff:lpm_ff_component|dffs[2]  ; clk        ; clk      ; None                       ; None                       ; 1.914 ns                 ;
; Not operational: Clock Skew > Data Delay ; cache:inst|inst14                                                                       ; cache:inst|lpm_dff1:inst91|lpm_ff:lpm_ff_component|dffs[1]  ; clk        ; clk      ; None                       ; None                       ; 1.605 ns                 ;
; Not operational: Clock Skew > Data Delay ; lpm_ram_dq0:inst1|altsyncram:altsyncram_component|altsyncram_l9a1:auto_generated|q_a[1] ; cache:inst|lpm_dff1:inst107|lpm_ff:lpm_ff_component|dffs[1] ; clk        ; clk      ; None                       ; None                       ; 2.264 ns                 ;
; Not operational: Clock Skew > Data Delay ; lpm_ram_dq0:inst1|altsyncram:altsyncram_component|altsyncram_l9a1:auto_generated|q_a[1] ; cache:inst|lpm_dff1:inst67|lpm_ff:lpm_ff_component|dffs[1]  ; clk        ; clk      ; None                       ; None                       ; 2.469 ns                 ;
; Not operational: Clock Skew > Data Delay ; lpm_ram_dq0:inst1|altsyncram:altsyncram_component|altsyncram_l9a1:auto_generated|q_a[1] ; cache:inst|lpm_dff1:inst111|lpm_ff:lpm_ff_component|dffs[1] ; clk        ; clk      ; None                       ; None                       ; 2.264 ns                 ;
; Not operational: Clock Skew > Data Delay ; lpm_ram_dq0:inst1|altsyncram:altsyncram_component|altsyncram_l9a1:auto_generated|q_a[2] ; cache:inst|lpm_dff1:inst107|lpm_ff:lpm_ff_component|dffs[2] ; clk        ; clk      ; None                       ; None                       ; 2.275 ns                 ;
; Not operational: Clock Skew > Data Delay ; lpm_ram_dq0:inst1|altsyncram:altsyncram_component|altsyncram_l9a1:auto_generated|q_a[4] ; cache:inst|lpm_dff1:inst67|lpm_ff:lpm_ff_component|dffs[4]  ; clk        ; clk      ; None                       ; None                       ; 2.482 ns                 ;
; Not operational: Clock Skew > Data Delay ; lpm_ram_dq0:inst1|altsyncram:altsyncram_component|altsyncram_l9a1:auto_generated|q_a[2] ; cache:inst|lpm_dff1:inst67|lpm_ff:lpm_ff_component|dffs[2]  ; clk        ; clk      ; None                       ; None                       ; 2.482 ns                 ;
; Not operational: Clock Skew > Data Delay ; lpm_ram_dq0:inst1|altsyncram:altsyncram_component|altsyncram_l9a1:auto_generated|q_a[2] ; cache:inst|lpm_dff1:inst59|lpm_ff:lpm_ff_component|dffs[2]  ; clk        ; clk      ; None                       ; None                       ; 2.465 ns                 ;
; Not operational: Clock Skew > Data Delay ; lpm_ram_dq0:inst1|altsyncram:altsyncram_component|altsyncram_l9a1:auto_generated|q_a[2] ; cache:inst|lpm_dff1:inst111|lpm_ff:lpm_ff_component|dffs[2] ; clk        ; clk      ; None                       ; None                       ; 2.276 ns                 ;
; Not operational: Clock Skew > Data Delay ; lpm_ram_dq0:inst1|altsyncram:altsyncram_component|altsyncram_l9a1:auto_generated|q_a[3] ; cache:inst|lpm_dff1:inst67|lpm_ff:lpm_ff_component|dffs[3]  ; clk        ; clk      ; None                       ; None                       ; 2.495 ns                 ;
; Not operational: Clock Skew > Data Delay ; lpm_ram_dq0:inst1|altsyncram:altsyncram_component|altsyncram_l9a1:auto_generated|q_a[3] ; cache:inst|lpm_dff1:inst59|lpm_ff:lpm_ff_component|dffs[3]  ; clk        ; clk      ; None                       ; None                       ; 2.490 ns                 ;
; Not operational: Clock Skew > Data Delay ; lpm_ram_dq0:inst1|altsyncram:altsyncram_component|altsyncram_l9a1:auto_generated|q_a[1] ; cache:inst|lpm_dff1:inst79|lpm_ff:lpm_ff_component|dffs[1]  ; clk        ; clk      ; None                       ; None                       ; 2.100 ns                 ;
; Not operational: Clock Skew > Data Delay ; lpm_ram_dq0:inst1|altsyncram:altsyncram_component|altsyncram_l9a1:auto_generated|q_a[3] ; cache:inst|lpm_dff1:inst79|lpm_ff:lpm_ff_component|dffs[3]  ; clk        ; clk      ; None                       ; None                       ; 2.107 ns                 ;
; Not operational: Clock Skew > Data Delay ; cache:inst|inst14                                                                       ; cache:inst|lpm_dff1:inst91|lpm_ff:lpm_ff_component|dffs[4]  ; clk        ; clk      ; None                       ; None                       ; 1.688 ns                 ;
; Not operational: Clock Skew > Data Delay ; lpm_ram_dq0:inst1|altsyncram:altsyncram_component|altsyncram_l9a1:auto_generated|q_a[3] ; cache:inst|lpm_dff1:inst107|lpm_ff:lpm_ff_component|dffs[3] ; clk        ; clk      ; None                       ; None                       ; 2.344 ns                 ;
; Not operational: Clock Skew > Data Delay ; lpm_ram_dq0:inst1|altsyncram:altsyncram_component|altsyncram_l9a1:auto_generated|q_a[4] ; cache:inst|lpm_dff1:inst79|lpm_ff:lpm_ff_component|dffs[4]  ; clk        ; clk      ; None                       ; None                       ; 2.125 ns                 ;
; Not operational: Clock Skew > Data Delay ; lpm_ram_dq0:inst1|altsyncram:altsyncram_component|altsyncram_l9a1:auto_generated|q_a[2] ; cache:inst|lpm_dff1:inst79|lpm_ff:lpm_ff_component|dffs[2]  ; clk        ; clk      ; None                       ; None                       ; 2.133 ns                 ;
; Not operational: Clock Skew > Data Delay ; lpm_ram_dq0:inst1|altsyncram:altsyncram_component|altsyncram_l9a1:auto_generated|q_a[4] ; cache:inst|lpm_dff1:inst103|lpm_ff:lpm_ff_component|dffs[4] ; clk        ; clk      ; None                       ; None                       ; 2.417 ns                 ;
; Not operational: Clock Skew > Data Delay ; lpm_ram_dq0:inst1|altsyncram:altsyncram_component|altsyncram_l9a1:auto_generated|q_a[1] ; cache:inst|lpm_dff1:inst55|lpm_ff:lpm_ff_component|dffs[1]  ; clk        ; clk      ; None                       ; None                       ; 2.097 ns                 ;
; Not operational: Clock Skew > Data Delay ; lpm_ram_dq0:inst1|altsyncram:altsyncram_component|altsyncram_l9a1:auto_generated|q_a[4] ; cache:inst|lpm_dff1:inst55|lpm_ff:lpm_ff_component|dffs[4]  ; clk        ; clk      ; None                       ; None                       ; 2.104 ns                 ;
; Not operational: Clock Skew > Data Delay ; cache:inst|inst14                                                                       ; cache:inst|lpm_dff1:inst95|lpm_ff:lpm_ff_component|dffs[3]  ; clk        ; clk      ; None                       ; None                       ; 1.228 ns                 ;
; Not operational: Clock Skew > Data Delay ; cache:inst|inst14                                                                       ; cache:inst|lpm_dff1:inst95|lpm_ff:lpm_ff_component|dffs[2]  ; clk        ; clk      ; None                       ; None                       ; 1.237 ns                 ;
; Not operational: Clock Skew > Data Delay ; lpm_ram_dq0:inst1|altsyncram:altsyncram_component|altsyncram_l9a1:auto_generated|q_a[1] ; cache:inst|lpm_dff1:inst87|lpm_ff:lpm_ff_component|dffs[1]  ; clk        ; clk      ; None                       ; None                       ; 2.079 ns                 ;
; Not operational: Clock Skew > Data Delay ; cache:inst|inst14                                                                       ; cache:inst|lpm_dff1:inst95|lpm_ff:lpm_ff_component|dffs[0]  ; clk        ; clk      ; None                       ; None                       ; 1.248 ns                 ;
; Not operational: Clock Skew > Data Delay ; lpm_ram_dq0:inst1|altsyncram:altsyncram_component|altsyncram_l9a1:auto_generated|q_a[2] ; cache:inst|lpm_dff1:inst55|lpm_ff:lpm_ff_component|dffs[2]  ; clk        ; clk      ; None                       ; None                       ; 2.131 ns                 ;
; Not operational: Clock Skew > Data Delay ; cache:inst|inst14                                                                       ; cache:inst|lpm_dff1:inst91|lpm_ff:lpm_ff_component|dffs[3]  ; clk        ; clk      ; None                       ; None                       ; 1.754 ns                 ;
; Not operational: Clock Skew > Data Delay ; lpm_ram_dq0:inst1|altsyncram:altsyncram_component|altsyncram_l9a1:auto_generated|q_a[1] ; cache:inst|lpm_dff1:inst63|lpm_ff:lpm_ff_component|dffs[1]  ; clk        ; clk      ; None                       ; None                       ; 2.098 ns                 ;
; Not operational: Clock Skew > Data Delay ; lpm_ram_dq0:inst1|altsyncram:altsyncram_component|altsyncram_l9a1:auto_generated|q_a[4] ; cache:inst|lpm_dff1:inst63|lpm_ff:lpm_ff_component|dffs[4]  ; clk        ; clk      ; None                       ; None                       ; 2.103 ns                 ;
; Not operational: Clock Skew > Data Delay ; lpm_ram_dq0:inst1|altsyncram:altsyncram_component|altsyncram_l9a1:auto_generated|q_a[1] ; cache:inst|lpm_dff1:inst115|lpm_ff:lpm_ff_component|dffs[1] ; clk        ; clk      ; None                       ; None                       ; 2.470 ns                 ;
; Not operational: Clock Skew > Data Delay ; cache:inst|inst14                                                                       ; cache:inst|lpm_dff1:inst87|lpm_ff:lpm_ff_component|dffs[4]  ; clk        ; clk      ; None                       ; None                       ; 1.402 ns                 ;
; Not operational: Clock Skew > Data Delay ; cache:inst|inst14                                                                       ; cache:inst|lpm_dff1:inst91|lpm_ff:lpm_ff_component|dffs[2]  ; clk        ; clk      ; None                       ; None                       ; 1.793 ns                 ;
; Not operational: Clock Skew > Data Delay ; lpm_ram_dq0:inst1|altsyncram:altsyncram_component|altsyncram_l9a1:auto_generated|q_a[2] ; cache:inst|lpm_dff1:inst115|lpm_ff:lpm_ff_component|dffs[2] ; clk        ; clk      ; None                       ; None                       ; 2.481 ns                 ;
; Not operational: Clock Skew > Data Delay ; lpm_ram_dq0:inst1|altsyncram:altsyncram_component|altsyncram_l9a1:auto_generated|q_a[4] ; cache:inst|lpm_dff1:inst115|lpm_ff:lpm_ff_component|dffs[4] ; clk        ; clk      ; None                       ; None                       ; 2.483 ns                 ;
; Not operational: Clock Skew > Data Delay ; lpm_ram_dq0:inst1|altsyncram:altsyncram_component|altsyncram_l9a1:auto_generated|q_a[0] ; cache:inst|lpm_dff1:inst59|lpm_ff:lpm_ff_component|dffs[0]  ; clk        ; clk      ; None                       ; None                       ; 2.640 ns                 ;
; Not operational: Clock Skew > Data Delay ; lpm_ram_dq0:inst1|altsyncram:altsyncram_component|altsyncram_l9a1:auto_generated|q_a[3] ; cache:inst|lpm_dff1:inst115|lpm_ff:lpm_ff_component|dffs[3] ; clk        ; clk      ; None                       ; None                       ; 2.496 ns                 ;
; Not operational: Clock Skew > Data Delay ; lpm_ram_dq0:inst1|altsyncram:altsyncram_component|altsyncram_l9a1:auto_generated|q_a[1] ; cache:inst|lpm_dff1:inst75|lpm_ff:lpm_ff_component|dffs[1]  ; clk        ; clk      ; None                       ; None                       ; 2.100 ns                 ;
; Not operational: Clock Skew > Data Delay ; lpm_ram_dq0:inst1|altsyncram:altsyncram_component|altsyncram_l9a1:auto_generated|q_a[2] ; cache:inst|lpm_dff1:inst103|lpm_ff:lpm_ff_component|dffs[2] ; clk        ; clk      ; None                       ; None                       ; 2.530 ns                 ;
; Not operational: Clock Skew > Data Delay ; lpm_ram_dq0:inst1|altsyncram:altsyncram_component|altsyncram_l9a1:auto_generated|q_a[3] ; cache:inst|lpm_dff1:inst75|lpm_ff:lpm_ff_component|dffs[3]  ; clk        ; clk      ; None                       ; None                       ; 2.107 ns                 ;
; Not operational: Clock Skew > Data Delay ; lpm_ram_dq0:inst1|altsyncram:altsyncram_component|altsyncram_l9a1:auto_generated|q_a[4] ; cache:inst|lpm_dff1:inst107|lpm_ff:lpm_ff_component|dffs[4] ; clk        ; clk      ; None                       ; None                       ; 2.480 ns                 ;
; Not operational: Clock Skew > Data Delay ; lpm_ram_dq0:inst1|altsyncram:altsyncram_component|altsyncram_l9a1:auto_generated|q_a[4] ; cache:inst|lpm_dff1:inst111|lpm_ff:lpm_ff_component|dffs[4] ; clk        ; clk      ; None                       ; None                       ; 2.481 ns                 ;
; Not operational: Clock Skew > Data Delay ; lpm_ram_dq0:inst1|altsyncram:altsyncram_component|altsyncram_l9a1:auto_generated|q_a[4] ; cache:inst|lpm_dff1:inst75|lpm_ff:lpm_ff_component|dffs[4]  ; clk        ; clk      ; None                       ; None                       ; 2.124 ns                 ;
; Not operational: Clock Skew > Data Delay ; lpm_ram_dq0:inst1|altsyncram:altsyncram_component|altsyncram_l9a1:auto_generated|q_a[2] ; cache:inst|lpm_dff1:inst75|lpm_ff:lpm_ff_component|dffs[2]  ; clk        ; clk      ; None                       ; None                       ; 2.134 ns                 ;
; Not operational: Clock Skew > Data Delay ; lpm_ram_dq0:inst1|altsyncram:altsyncram_component|altsyncram_l9a1:auto_generated|q_a[4] ; cache:inst|lpm_dff1:inst59|lpm_ff:lpm_ff_component|dffs[4]  ; clk        ; clk      ; None                       ; None                       ; 2.697 ns                 ;
; Not operational: Clock Skew > Data Delay ; cache:inst|inst14                                                                       ; cache:inst|lpm_dff1:inst59|lpm_ff:lpm_ff_component|dffs[1]  ; clk        ; clk      ; None                       ; None                       ; 1.975 ns                 ;
; Not operational: Clock Skew > Data Delay ; lpm_ram_dq0:inst1|altsyncram:altsyncram_component|altsyncram_l9a1:auto_generated|q_a[1] ; cache:inst|lpm_dff1:inst103|lpm_ff:lpm_ff_component|dffs[1] ; clk        ; clk      ; None                       ; None                       ; 2.588 ns                 ;
; Not operational: Clock Skew > Data Delay ; lpm_ram_dq0:inst1|altsyncram:altsyncram_component|altsyncram_l9a1:auto_generated|q_a[1] ; cache:inst|lpm_dff1:inst99|lpm_ff:lpm_ff_component|dffs[1]  ; clk        ; clk      ; None                       ; None                       ; 2.354 ns                 ;
; Not operational: Clock Skew > Data Delay ; lpm_ram_dq0:inst1|altsyncram:altsyncram_component|altsyncram_l9a1:auto_generated|q_a[0] ; cache:inst|lpm_dff1:inst55|lpm_ff:lpm_ff_component|dffs[0]  ; clk        ; clk      ; None                       ; None                       ; 2.334 ns                 ;
; Not operational: Clock Skew > Data Delay ; lpm_ram_dq0:inst1|altsyncram:altsyncram_component|altsyncram_l9a1:auto_generated|q_a[4] ; cache:inst|lpm_dff1:inst71|lpm_ff:lpm_ff_component|dffs[4]  ; clk        ; clk      ; None                       ; None                       ; 2.334 ns                 ;
; Not operational: Clock Skew > Data Delay ; cache:inst|inst14                                                                       ; cache:inst|lpm_dff1:inst67|lpm_ff:lpm_ff_component|dffs[4]  ; clk        ; clk      ; None                       ; None                       ; 2.081 ns                 ;
; Not operational: Clock Skew > Data Delay ; lpm_ram_dq0:inst1|altsyncram:altsyncram_component|altsyncram_l9a1:auto_generated|q_a[3] ; cache:inst|lpm_dff1:inst71|lpm_ff:lpm_ff_component|dffs[3]  ; clk        ; clk      ; None                       ; None                       ; 2.340 ns                 ;
; Not operational: Clock Skew > Data Delay ; lpm_ram_dq0:inst1|altsyncram:altsyncram_component|altsyncram_l9a1:auto_generated|q_a[1] ; cache:inst|lpm_dff1:inst71|lpm_ff:lpm_ff_component|dffs[1]  ; clk        ; clk      ; None                       ; None                       ; 2.340 ns                 ;
; Not operational: Clock Skew > Data Delay ; cache:inst|inst14                                                                       ; cache:inst|lpm_dff1:inst87|lpm_ff:lpm_ff_component|dffs[3]  ; clk        ; clk      ; None                       ; None                       ; 1.587 ns                 ;
; Not operational: Clock Skew > Data Delay ; cache:inst|inst14                                                                       ; cache:inst|lpm_dff1:inst107|lpm_ff:lpm_ff_component|dffs[1] ; clk        ; clk      ; None                       ; None                       ; 1.892 ns                 ;
; Not operational: Clock Skew > Data Delay ; cache:inst|inst14                                                                       ; cache:inst|lpm_dff1:inst67|lpm_ff:lpm_ff_component|dffs[1]  ; clk        ; clk      ; None                       ; None                       ; 2.097 ns                 ;
; Not operational: Clock Skew > Data Delay ; cache:inst|inst14                                                                       ; cache:inst|lpm_dff1:inst111|lpm_ff:lpm_ff_component|dffs[1] ; clk        ; clk      ; None                       ; None                       ; 1.892 ns                 ;
; Not operational: Clock Skew > Data Delay ; cache:inst|inst14                                                                       ; cache:inst|lpm_dff1:inst87|lpm_ff:lpm_ff_component|dffs[2]  ; clk        ; clk      ; None                       ; None                       ; 1.607 ns                 ;
; Not operational: Clock Skew > Data Delay ; lpm_ram_dq0:inst1|altsyncram:altsyncram_component|altsyncram_l9a1:auto_generated|q_a[0] ; cache:inst|lpm_dff1:inst63|lpm_ff:lpm_ff_component|dffs[0]  ; clk        ; clk      ; None                       ; None                       ; 2.333 ns                 ;
; Not operational: Clock Skew > Data Delay ; cache:inst|inst14                                                                       ; cache:inst|lpm_dff1:inst103|lpm_ff:lpm_ff_component|dffs[3] ; clk        ; clk      ; None                       ; None                       ; 1.999 ns                 ;
; Not operational: Clock Skew > Data Delay ; lpm_ram_dq0:inst1|altsyncram:altsyncram_component|altsyncram_l9a1:auto_generated|q_a[2] ; cache:inst|lpm_dff1:inst99|lpm_ff:lpm_ff_component|dffs[2]  ; clk        ; clk      ; None                       ; None                       ; 2.471 ns                 ;
; Not operational: Clock Skew > Data Delay ; cache:inst|inst14                                                                       ; cache:inst|lpm_dff1:inst79|lpm_ff:lpm_ff_component|dffs[4]  ; clk        ; clk      ; None                       ; None                       ; 1.724 ns                 ;
; Not operational: Clock Skew > Data Delay ; cache:inst|inst14                                                                       ; cache:inst|lpm_dff1:inst79|lpm_ff:lpm_ff_component|dffs[1]  ; clk        ; clk      ; None                       ; None                       ; 1.728 ns                 ;
; Not operational: Clock Skew > Data Delay ; cache:inst|inst14                                                                       ; cache:inst|lpm_dff1:inst103|lpm_ff:lpm_ff_component|dffs[4] ; clk        ; clk      ; None                       ; None                       ; 2.016 ns                 ;
; Not operational: Clock Skew > Data Delay ; lpm_ram_dq0:inst1|altsyncram:altsyncram_component|altsyncram_l9a1:auto_generated|q_a[3] ; cache:inst|lpm_dff1:inst99|lpm_ff:lpm_ff_component|dffs[3]  ; clk        ; clk      ; None                       ; None                       ; 2.491 ns                 ;
; Not operational: Clock Skew > Data Delay ; cache:inst|inst14                                                                       ; cache:inst|lpm_dff1:inst55|lpm_ff:lpm_ff_component|dffs[4]  ; clk        ; clk      ; None                       ; None                       ; 1.703 ns                 ;
; Not operational: Clock Skew > Data Delay ; cache:inst|inst14                                                                       ; cache:inst|lpm_dff1:inst55|lpm_ff:lpm_ff_component|dffs[1]  ; clk        ; clk      ; None                       ; None                       ; 1.725 ns                 ;
; Not operational: Clock Skew > Data Delay ; cache:inst|inst14                                                                       ; cache:inst|lpm_dff1:inst111|lpm_ff:lpm_ff_component|dffs[3] ; clk        ; clk      ; None                       ; None                       ; 1.999 ns                 ;
; Not operational: Clock Skew > Data Delay ; cache:inst|inst14                                                                       ; cache:inst|lpm_dff1:inst87|lpm_ff:lpm_ff_component|dffs[1]  ; clk        ; clk      ; None                       ; None                       ; 1.707 ns                 ;
; Not operational: Clock Skew > Data Delay ; cache:inst|inst136                                                                      ; cache:inst|lpm_dff1:inst95|lpm_ff:lpm_ff_component|dffs[4]  ; clk        ; clk      ; None                       ; None                       ; 1.590 ns                 ;
; Not operational: Clock Skew > Data Delay ; cache:inst|inst136                                                                      ; cache:inst|lpm_dff1:inst95|lpm_ff:lpm_ff_component|dffs[2]  ; clk        ; clk      ; None                       ; None                       ; 1.590 ns                 ;
; Not operational: Clock Skew > Data Delay ; cache:inst|inst136                                                                      ; cache:inst|lpm_dff1:inst95|lpm_ff:lpm_ff_component|dffs[1]  ; clk        ; clk      ; None                       ; None                       ; 1.591 ns                 ;
; Not operational: Clock Skew > Data Delay ; cache:inst|inst136                                                                      ; cache:inst|lpm_dff1:inst95|lpm_ff:lpm_ff_component|dffs[0]  ; clk        ; clk      ; None                       ; None                       ; 1.591 ns                 ;
; Not operational: Clock Skew > Data Delay ; cache:inst|inst136                                                                      ; cache:inst|lpm_dff1:inst95|lpm_ff:lpm_ff_component|dffs[3]  ; clk        ; clk      ; None                       ; None                       ; 1.592 ns                 ;
; Not operational: Clock Skew > Data Delay ; cache:inst|inst14                                                                       ; cache:inst|lpm_dff1:inst63|lpm_ff:lpm_ff_component|dffs[4]  ; clk        ; clk      ; None                       ; None                       ; 1.702 ns                 ;
; Not operational: Clock Skew > Data Delay ; cache:inst|inst14                                                                       ; cache:inst|lpm_dff1:inst63|lpm_ff:lpm_ff_component|dffs[2]  ; clk        ; clk      ; None                       ; None                       ; 1.715 ns                 ;
; Not operational: Clock Skew > Data Delay ; cache:inst|inst14                                                                       ; cache:inst|lpm_dff1:inst63|lpm_ff:lpm_ff_component|dffs[1]  ; clk        ; clk      ; None                       ; None                       ; 1.726 ns                 ;
; Not operational: Clock Skew > Data Delay ; cache:inst|inst14                                                                       ; cache:inst|lpm_dff1:inst115|lpm_ff:lpm_ff_component|dffs[4] ; clk        ; clk      ; None                       ; None                       ; 2.082 ns                 ;
; Not operational: Clock Skew > Data Delay ; cache:inst|inst136                                                                      ; cache:inst|lpm_dff1:inst91|lpm_ff:lpm_ff_component|dffs[3]  ; clk        ; clk      ; None                       ; None                       ; 2.118 ns                 ;
; Not operational: Clock Skew > Data Delay ; lpm_ram_dq0:inst1|altsyncram:altsyncram_component|altsyncram_l9a1:auto_generated|q_a[0] ; cache:inst|lpm_dff1:inst67|lpm_ff:lpm_ff_component|dffs[0]  ; clk        ; clk      ; None                       ; None                       ; 2.989 ns                 ;
; Not operational: Clock Skew > Data Delay ; cache:inst|inst14                                                                       ; cache:inst|lpm_dff1:inst115|lpm_ff:lpm_ff_component|dffs[1] ; clk        ; clk      ; None                       ; None                       ; 2.098 ns                 ;
; Not operational: Clock Skew > Data Delay ; cache:inst|inst14                                                                       ; cache:inst|lpm_dff1:inst59|lpm_ff:lpm_ff_component|dffs[0]  ; clk        ; clk      ; None                       ; None                       ; 2.246 ns                 ;
; Not operational: Clock Skew > Data Delay ; cache:inst|inst136                                                                      ; cache:inst|lpm_dff1:inst91|lpm_ff:lpm_ff_component|dffs[2]  ; clk        ; clk      ; None                       ; None                       ; 2.146 ns                 ;
; Not operational: Clock Skew > Data Delay ; cache:inst|inst14                                                                       ; cache:inst|lpm_dff1:inst107|lpm_ff:lpm_ff_component|dffs[2] ; clk        ; clk      ; None                       ; None                       ; 2.076 ns                 ;
; Not operational: Clock Skew > Data Delay ; cache:inst|inst14                                                                       ; cache:inst|lpm_dff1:inst107|lpm_ff:lpm_ff_component|dffs[4] ; clk        ; clk      ; None                       ; None                       ; 2.079 ns                 ;
; Not operational: Clock Skew > Data Delay ; cache:inst|inst14                                                                       ; cache:inst|lpm_dff1:inst67|lpm_ff:lpm_ff_component|dffs[2]  ; clk        ; clk      ; None                       ; None                       ; 2.283 ns                 ;
; Not operational: Clock Skew > Data Delay ; cache:inst|inst136                                                                      ; cache:inst|lpm_dff1:inst91|lpm_ff:lpm_ff_component|dffs[1]  ; clk        ; clk      ; None                       ; None                       ; 2.155 ns                 ;
; Not operational: Clock Skew > Data Delay ; cache:inst|inst14                                                                       ; cache:inst|lpm_dff1:inst67|lpm_ff:lpm_ff_component|dffs[3]  ; clk        ; clk      ; None                       ; None                       ; 2.286 ns                 ;
; Not operational: Clock Skew > Data Delay ; cache:inst|inst14                                                                       ; cache:inst|lpm_dff1:inst59|lpm_ff:lpm_ff_component|dffs[2]  ; clk        ; clk      ; None                       ; None                       ; 2.266 ns                 ;
; Not operational: Clock Skew > Data Delay ; cache:inst|inst14                                                                       ; cache:inst|lpm_dff1:inst111|lpm_ff:lpm_ff_component|dffs[2] ; clk        ; clk      ; None                       ; None                       ; 2.077 ns                 ;
; Not operational: Clock Skew > Data Delay ; cache:inst|inst14                                                                       ; cache:inst|lpm_dff1:inst111|lpm_ff:lpm_ff_component|dffs[4] ; clk        ; clk      ; None                       ; None                       ; 2.080 ns                 ;
; Not operational: Clock Skew > Data Delay ; cache:inst|inst14                                                                       ; cache:inst|lpm_dff1:inst75|lpm_ff:lpm_ff_component|dffs[4]  ; clk        ; clk      ; None                       ; None                       ; 1.723 ns                 ;
; Not operational: Clock Skew > Data Delay ; cache:inst|inst14                                                                       ; cache:inst|lpm_dff1:inst75|lpm_ff:lpm_ff_component|dffs[1]  ; clk        ; clk      ; None                       ; None                       ; 1.728 ns                 ;
; Not operational: Clock Skew > Data Delay ; cache:inst|inst14                                                                       ; cache:inst|lpm_dff1:inst59|lpm_ff:lpm_ff_component|dffs[3]  ; clk        ; clk      ; None                       ; None                       ; 2.281 ns                 ;
; Not operational: Clock Skew > Data Delay ; lpm_ram_dq0:inst1|altsyncram:altsyncram_component|altsyncram_l9a1:auto_generated|q_a[0] ; cache:inst|lpm_dff1:inst99|lpm_ff:lpm_ff_component|dffs[0]  ; clk        ; clk      ; None                       ; None                       ; 2.637 ns                 ;
; Not operational: Clock Skew > Data Delay ; cache:inst|inst14                                                                       ; cache:inst|lpm_dff1:inst59|lpm_ff:lpm_ff_component|dffs[4]  ; clk        ; clk      ; None                       ; None                       ; 2.296 ns                 ;
; Not operational: Clock Skew > Data Delay ; cache:inst|inst14                                                                       ; cache:inst|lpm_dff1:inst79|lpm_ff:lpm_ff_component|dffs[3]  ; clk        ; clk      ; None                       ; None                       ; 1.898 ns                 ;
; Not operational: Clock Skew > Data Delay ; cache:inst|inst14                                                                       ; cache:inst|lpm_dff1:inst107|lpm_ff:lpm_ff_component|dffs[3] ; clk        ; clk      ; None                       ; None                       ; 2.135 ns                 ;
; Not operational: Clock Skew > Data Delay ; lpm_ram_dq0:inst1|altsyncram:altsyncram_component|altsyncram_l9a1:auto_generated|q_a[0] ; cache:inst|lpm_dff1:inst91|lpm_ff:lpm_ff_component|dffs[0]  ; clk        ; clk      ; None                       ; None                       ; 2.957 ns                 ;
; Not operational: Clock Skew > Data Delay ; lpm_ram_dq0:inst1|altsyncram:altsyncram_component|altsyncram_l9a1:auto_generated|q_a[2] ; cache:inst|lpm_dff1:inst71|lpm_ff:lpm_ff_component|dffs[2]  ; clk        ; clk      ; None                       ; None                       ; 2.607 ns                 ;
; Not operational: Clock Skew > Data Delay ; cache:inst|inst14                                                                       ; cache:inst|lpm_dff1:inst79|lpm_ff:lpm_ff_component|dffs[2]  ; clk        ; clk      ; None                       ; None                       ; 1.934 ns                 ;
; Not operational: Clock Skew > Data Delay ; cache:inst|inst14                                                                       ; cache:inst|lpm_dff1:inst103|lpm_ff:lpm_ff_component|dffs[1] ; clk        ; clk      ; None                       ; None                       ; 2.216 ns                 ;
; Not operational: Clock Skew > Data Delay ; lpm_ram_dq0:inst1|altsyncram:altsyncram_component|altsyncram_l9a1:auto_generated|q_a[4] ; cache:inst|lpm_dff1:inst99|lpm_ff:lpm_ff_component|dffs[4]  ; clk        ; clk      ; None                       ; None                       ; 2.696 ns                 ;
; Not operational: Clock Skew > Data Delay ; cache:inst|inst136                                                                      ; cache:inst|lpm_dff1:inst91|lpm_ff:lpm_ff_component|dffs[4]  ; clk        ; clk      ; None                       ; None                       ; 2.248 ns                 ;
; Not operational: Clock Skew > Data Delay ; lpm_ram_dq0:inst1|altsyncram:altsyncram_component|altsyncram_l9a1:auto_generated|q_a[0] ; cache:inst|lpm_dff1:inst103|lpm_ff:lpm_ff_component|dffs[0] ; clk        ; clk      ; None                       ; None                       ; 2.968 ns                 ;
; Not operational: Clock Skew > Data Delay ; cache:inst|inst14                                                                       ; cache:inst|lpm_dff1:inst99|lpm_ff:lpm_ff_component|dffs[1]  ; clk        ; clk      ; None                       ; None                       ; 1.982 ns                 ;
; Not operational: Clock Skew > Data Delay ; lpm_ram_dq0:inst1|altsyncram:altsyncram_component|altsyncram_l9a1:auto_generated|q_a[0] ; cache:inst|lpm_dff1:inst79|lpm_ff:lpm_ff_component|dffs[0]  ; clk        ; clk      ; None                       ; None                       ; 2.697 ns                 ;
; Not operational: Clock Skew > Data Delay ; cache:inst|inst14                                                                       ; cache:inst|lpm_dff1:inst55|lpm_ff:lpm_ff_component|dffs[2]  ; clk        ; clk      ; None                       ; None                       ; 1.932 ns                 ;
; Not operational: Clock Skew > Data Delay ; cache:inst|inst14                                                                       ; cache:inst|lpm_dff1:inst71|lpm_ff:lpm_ff_component|dffs[4]  ; clk        ; clk      ; None                       ; None                       ; 1.933 ns                 ;
; Not operational: Clock Skew > Data Delay ; cache:inst|inst14                                                                       ; cache:inst|lpm_dff1:inst55|lpm_ff:lpm_ff_component|dffs[0]  ; clk        ; clk      ; None                       ; None                       ; 1.940 ns                 ;
; Not operational: Clock Skew > Data Delay ; lpm_ram_dq0:inst1|altsyncram:altsyncram_component|altsyncram_l9a1:auto_generated|q_a[0] ; cache:inst|lpm_dff1:inst115|lpm_ff:lpm_ff_component|dffs[0] ; clk        ; clk      ; None                       ; None                       ; 2.988 ns                 ;
; Not operational: Clock Skew > Data Delay ; cache:inst|inst14                                                                       ; cache:inst|lpm_dff1:inst71|lpm_ff:lpm_ff_component|dffs[1]  ; clk        ; clk      ; None                       ; None                       ; 1.968 ns                 ;
; Not operational: Clock Skew > Data Delay ; cache:inst|inst14                                                                       ; cache:inst|lpm_dff1:inst115|lpm_ff:lpm_ff_component|dffs[2] ; clk        ; clk      ; None                       ; None                       ; 2.282 ns                 ;
; Not operational: Clock Skew > Data Delay ; lpm_ram_dq0:inst1|altsyncram:altsyncram_component|altsyncram_l9a1:auto_generated|q_a[0] ; cache:inst|lpm_dff1:inst107|lpm_ff:lpm_ff_component|dffs[0] ; clk        ; clk      ; None                       ; None                       ; 2.978 ns                 ;
; Not operational: Clock Skew > Data Delay ; lpm_ram_dq0:inst1|altsyncram:altsyncram_component|altsyncram_l9a1:auto_generated|q_a[0] ; cache:inst|lpm_dff1:inst111|lpm_ff:lpm_ff_component|dffs[0] ; clk        ; clk      ; None                       ; None                       ; 2.969 ns                 ;
; Not operational: Clock Skew > Data Delay ; cache:inst|inst14                                                                       ; cache:inst|lpm_dff1:inst115|lpm_ff:lpm_ff_component|dffs[3] ; clk        ; clk      ; None                       ; None                       ; 2.287 ns                 ;
; Not operational: Clock Skew > Data Delay ; lpm_ram_dq0:inst1|altsyncram:altsyncram_component|altsyncram_l9a1:auto_generated|q_a[1] ; cache:inst|lpm_dff1:inst83|lpm_ff:lpm_ff_component|dffs[1]  ; clk        ; clk      ; None                       ; None                       ; 2.546 ns                 ;
; Not operational: Clock Skew > Data Delay ; cache:inst|inst14                                                                       ; cache:inst|lpm_dff1:inst63|lpm_ff:lpm_ff_component|dffs[0]  ; clk        ; clk      ; None                       ; None                       ; 1.939 ns                 ;
; Not operational: Clock Skew > Data Delay ; cache:inst|inst136                                                                      ; cache:inst|lpm_dff1:inst87|lpm_ff:lpm_ff_component|dffs[3]  ; clk        ; clk      ; None                       ; None                       ; 1.951 ns                 ;
; Not operational: Clock Skew > Data Delay ; cache:inst|inst14                                                                       ; cache:inst|lpm_dff1:inst75|lpm_ff:lpm_ff_component|dffs[3]  ; clk        ; clk      ; None                       ; None                       ; 1.898 ns                 ;
; Not operational: Clock Skew > Data Delay ; cache:inst|inst14                                                                       ; cache:inst|lpm_dff1:inst103|lpm_ff:lpm_ff_component|dffs[2] ; clk        ; clk      ; None                       ; None                       ; 2.331 ns                 ;
; Not operational: Clock Skew > Data Delay ; cache:inst|inst136                                                                      ; cache:inst|lpm_dff1:inst87|lpm_ff:lpm_ff_component|dffs[2]  ; clk        ; clk      ; None                       ; None                       ; 1.960 ns                 ;
; Not operational: Clock Skew > Data Delay ; lpm_ram_dq0:inst1|altsyncram:altsyncram_component|altsyncram_l9a1:auto_generated|q_a[4] ; cache:inst|lpm_dff1:inst83|lpm_ff:lpm_ff_component|dffs[4]  ; clk        ; clk      ; None                       ; None                       ; 2.565 ns                 ;
; Not operational: Clock Skew > Data Delay ; cache:inst|inst136                                                                      ; cache:inst|lpm_dff1:inst87|lpm_ff:lpm_ff_component|dffs[4]  ; clk        ; clk      ; None                       ; None                       ; 1.962 ns                 ;
; Not operational: Clock Skew > Data Delay ; cache:inst|inst16                                                                       ; cache:inst|lpm_dff1:inst95|lpm_ff:lpm_ff_component|dffs[3]  ; clk        ; clk      ; None                       ; None                       ; 1.677 ns                 ;
; Not operational: Clock Skew > Data Delay ; cache:inst|inst16                                                                       ; cache:inst|lpm_dff1:inst95|lpm_ff:lpm_ff_component|dffs[1]  ; clk        ; clk      ; None                       ; None                       ; 1.678 ns                 ;
; Not operational: Clock Skew > Data Delay ; cache:inst|inst16                                                                       ; cache:inst|lpm_dff1:inst95|lpm_ff:lpm_ff_component|dffs[0]  ; clk        ; clk      ; None                       ; None                       ; 1.678 ns                 ;
; Not operational: Clock Skew > Data Delay ; lpm_ram_dq0:inst1|altsyncram:altsyncram_component|altsyncram_l9a1:auto_generated|q_a[2] ; cache:inst|lpm_dff1:inst83|lpm_ff:lpm_ff_component|dffs[2]  ; clk        ; clk      ; None                       ; None                       ; 2.575 ns                 ;
; Not operational: Clock Skew > Data Delay ; cache:inst|inst16                                                                       ; cache:inst|lpm_dff1:inst95|lpm_ff:lpm_ff_component|dffs[4]  ; clk        ; clk      ; None                       ; None                       ; 1.684 ns                 ;
; Not operational: Clock Skew > Data Delay ; cache:inst|inst16                                                                       ; cache:inst|lpm_dff1:inst95|lpm_ff:lpm_ff_component|dffs[2]  ; clk        ; clk      ; None                       ; None                       ; 1.684 ns                 ;
; Not operational: Clock Skew > Data Delay ; lpm_ram_dq0:inst1|altsyncram:altsyncram_component|altsyncram_l9a1:auto_generated|q_a[3] ; cache:inst|lpm_dff1:inst83|lpm_ff:lpm_ff_component|dffs[3]  ; clk        ; clk      ; None                       ; None                       ; 2.577 ns                 ;
; Not operational: Clock Skew > Data Delay ; lpm_ram_dq0:inst1|altsyncram:altsyncram_component|altsyncram_l9a1:auto_generated|q_a[3] ; cache:inst|lpm_dff1:inst55|lpm_ff:lpm_ff_component|dffs[3]  ; clk        ; clk      ; None                       ; None                       ; 2.766 ns                 ;
; Not operational: Clock Skew > Data Delay ; cache:inst|inst14                                                                       ; cache:inst|lpm_dff1:inst75|lpm_ff:lpm_ff_component|dffs[2]  ; clk        ; clk      ; None                       ; None                       ; 1.935 ns                 ;
; Not operational: Clock Skew > Data Delay ; cache:inst|inst16                                                                       ; cache:inst|lpm_dff1:inst91|lpm_ff:lpm_ff_component|dffs[3]  ; clk        ; clk      ; None                       ; None                       ; 2.203 ns                 ;
; Not operational: Clock Skew > Data Delay ; cache:inst|inst136                                                                      ; cache:inst|lpm_dff1:inst103|lpm_ff:lpm_ff_component|dffs[3] ; clk        ; clk      ; None                       ; None                       ; 2.363 ns                 ;
; Not operational: Clock Skew > Data Delay ; cache:inst|inst16                                                                       ; cache:inst|lpm_dff1:inst91|lpm_ff:lpm_ff_component|dffs[2]  ; clk        ; clk      ; None                       ; None                       ; 2.240 ns                 ;
; Not operational: Clock Skew > Data Delay ; cache:inst|inst16                                                                       ; cache:inst|lpm_dff1:inst91|lpm_ff:lpm_ff_component|dffs[1]  ; clk        ; clk      ; None                       ; None                       ; 2.242 ns                 ;
; Not operational: Clock Skew > Data Delay ; cache:inst|inst136                                                                      ; cache:inst|lpm_dff1:inst59|lpm_ff:lpm_ff_component|dffs[1]  ; clk        ; clk      ; None                       ; None                       ; 2.525 ns                 ;
; Not operational: Clock Skew > Data Delay ; lpm_ram_dq0:inst1|altsyncram:altsyncram_component|altsyncram_l9a1:auto_generated|q_a[3] ; cache:inst|lpm_dff1:inst63|lpm_ff:lpm_ff_component|dffs[3]  ; clk        ; clk      ; None                       ; None                       ; 2.768 ns                 ;
; Not operational: Clock Skew > Data Delay ; cache:inst|inst136                                                                      ; cache:inst|lpm_dff1:inst111|lpm_ff:lpm_ff_component|dffs[3] ; clk        ; clk      ; None                       ; None                       ; 2.363 ns                 ;
; Not operational: Clock Skew > Data Delay ; cache:inst|inst14                                                                       ; cache:inst|lpm_dff1:inst67|lpm_ff:lpm_ff_component|dffs[0]  ; clk        ; clk      ; None                       ; None                       ; 2.595 ns                 ;
; Not operational: Clock Skew > Data Delay ; cache:inst|inst136                                                                      ; cache:inst|lpm_dff1:inst63|lpm_ff:lpm_ff_component|dffs[2]  ; clk        ; clk      ; None                       ; None                       ; 2.068 ns                 ;
; Not operational: Clock Skew > Data Delay ; cache:inst|inst14                                                                       ; cache:inst|lpm_dff1:inst71|lpm_ff:lpm_ff_component|dffs[3]  ; clk        ; clk      ; None                       ; None                       ; 2.131 ns                 ;
; Not operational: Clock Skew > Data Delay ; cache:inst|inst136                                                                      ; cache:inst|lpm_dff1:inst59|lpm_ff:lpm_ff_component|dffs[0]  ; clk        ; clk      ; None                       ; None                       ; 2.589 ns                 ;
; Not operational: Clock Skew > Data Delay ; cache:inst|inst136                                                                      ; cache:inst|lpm_dff1:inst107|lpm_ff:lpm_ff_component|dffs[2] ; clk        ; clk      ; None                       ; None                       ; 2.429 ns                 ;
; Not operational: Clock Skew > Data Delay ; lpm_ram_dq0:inst1|altsyncram:altsyncram_component|altsyncram_l9a1:auto_generated|q_a[0] ; cache:inst|lpm_dff1:inst83|lpm_ff:lpm_ff_component|dffs[0]  ; clk        ; clk      ; None                       ; None                       ; 2.731 ns                 ;
; Not operational: Clock Skew > Data Delay ; cache:inst|inst136                                                                      ; cache:inst|lpm_dff1:inst67|lpm_ff:lpm_ff_component|dffs[2]  ; clk        ; clk      ; None                       ; None                       ; 2.636 ns                 ;
; Not operational: Clock Skew > Data Delay ; cache:inst|inst16                                                                       ; cache:inst|lpm_dff1:inst91|lpm_ff:lpm_ff_component|dffs[4]  ; clk        ; clk      ; None                       ; None                       ; 2.342 ns                 ;
; Not operational: Clock Skew > Data Delay ; cache:inst|inst136                                                                      ; cache:inst|lpm_dff1:inst59|lpm_ff:lpm_ff_component|dffs[2]  ; clk        ; clk      ; None                       ; None                       ; 2.619 ns                 ;
; Not operational: Clock Skew > Data Delay ; cache:inst|inst136                                                                      ; cache:inst|lpm_dff1:inst67|lpm_ff:lpm_ff_component|dffs[4]  ; clk        ; clk      ; None                       ; None                       ; 2.641 ns                 ;
; Not operational: Clock Skew > Data Delay ; cache:inst|inst14                                                                       ; cache:inst|lpm_dff1:inst99|lpm_ff:lpm_ff_component|dffs[0]  ; clk        ; clk      ; None                       ; None                       ; 2.243 ns                 ;
; Not operational: Clock Skew > Data Delay ; cache:inst|inst136                                                                      ; cache:inst|lpm_dff1:inst111|lpm_ff:lpm_ff_component|dffs[2] ; clk        ; clk      ; None                       ; None                       ; 2.430 ns                 ;
; Not operational: Clock Skew > Data Delay ; cache:inst|inst136                                                                      ; cache:inst|lpm_dff1:inst107|lpm_ff:lpm_ff_component|dffs[1] ; clk        ; clk      ; None                       ; None                       ; 2.442 ns                 ;
; Not operational: Clock Skew > Data Delay ; cache:inst|inst136                                                                      ; cache:inst|lpm_dff1:inst67|lpm_ff:lpm_ff_component|dffs[1]  ; clk        ; clk      ; None                       ; None                       ; 2.647 ns                 ;
; Not operational: Clock Skew > Data Delay ; cache:inst|inst136                                                                      ; cache:inst|lpm_dff1:inst67|lpm_ff:lpm_ff_component|dffs[3]  ; clk        ; clk      ; None                       ; None                       ; 2.650 ns                 ;
; Not operational: Clock Skew > Data Delay ; cache:inst|inst136                                                                      ; cache:inst|lpm_dff1:inst111|lpm_ff:lpm_ff_component|dffs[1] ; clk        ; clk      ; None                       ; None                       ; 2.442 ns                 ;
; Not operational: Clock Skew > Data Delay ; cache:inst|inst136                                                                      ; cache:inst|lpm_dff1:inst59|lpm_ff:lpm_ff_component|dffs[3]  ; clk        ; clk      ; None                       ; None                       ; 2.645 ns                 ;
; Not operational: Clock Skew > Data Delay ; cache:inst|inst14                                                                       ; cache:inst|lpm_dff1:inst99|lpm_ff:lpm_ff_component|dffs[2]  ; clk        ; clk      ; None                       ; None                       ; 2.272 ns                 ;
; Not operational: Clock Skew > Data Delay ; cache:inst|inst14                                                                       ; cache:inst|lpm_dff1:inst91|lpm_ff:lpm_ff_component|dffs[0]  ; clk        ; clk      ; None                       ; None                       ; 2.563 ns                 ;
; Not operational: Clock Skew > Data Delay ; cache:inst|inst14                                                                       ; cache:inst|lpm_dff1:inst99|lpm_ff:lpm_ff_component|dffs[3]  ; clk        ; clk      ; None                       ; None                       ; 2.282 ns                 ;
; Not operational: Clock Skew > Data Delay ; lpm_ram_dq0:inst1|altsyncram:altsyncram_component|altsyncram_l9a1:auto_generated|q_a[0] ; cache:inst|lpm_dff1:inst71|lpm_ff:lpm_ff_component|dffs[0]  ; clk        ; clk      ; None                       ; None                       ; 2.960 ns                 ;
; Not operational: Clock Skew > Data Delay ; cache:inst|inst136                                                                      ; cache:inst|lpm_dff1:inst79|lpm_ff:lpm_ff_component|dffs[3]  ; clk        ; clk      ; None                       ; None                       ; 2.262 ns                 ;
; Not operational: Clock Skew > Data Delay ; cache:inst|inst14                                                                       ; cache:inst|lpm_dff1:inst99|lpm_ff:lpm_ff_component|dffs[4]  ; clk        ; clk      ; None                       ; None                       ; 2.295 ns                 ;
; Not operational: Clock Skew > Data Delay ; cache:inst|inst136                                                                      ; cache:inst|lpm_dff1:inst107|lpm_ff:lpm_ff_component|dffs[3] ; clk        ; clk      ; None                       ; None                       ; 2.499 ns                 ;
; Not operational: Clock Skew > Data Delay ; cache:inst|inst136                                                                      ; cache:inst|lpm_dff1:inst79|lpm_ff:lpm_ff_component|dffs[1]  ; clk        ; clk      ; None                       ; None                       ; 2.278 ns                 ;
; Not operational: Clock Skew > Data Delay ; cache:inst|inst14                                                                       ; cache:inst|lpm_dff1:inst103|lpm_ff:lpm_ff_component|dffs[0] ; clk        ; clk      ; None                       ; None                       ; 2.574 ns                 ;
; Not operational: Clock Skew > Data Delay ; cache:inst|inst136                                                                      ; cache:inst|lpm_dff1:inst79|lpm_ff:lpm_ff_component|dffs[4]  ; clk        ; clk      ; None                       ; None                       ; 2.284 ns                 ;
; Not operational: Clock Skew > Data Delay ; cache:inst|inst136                                                                      ; cache:inst|lpm_dff1:inst79|lpm_ff:lpm_ff_component|dffs[2]  ; clk        ; clk      ; None                       ; None                       ; 2.287 ns                 ;
; Not operational: Clock Skew > Data Delay ; cache:inst|inst16                                                                       ; cache:inst|lpm_dff1:inst87|lpm_ff:lpm_ff_component|dffs[3]  ; clk        ; clk      ; None                       ; None                       ; 2.036 ns                 ;
; Not operational: Clock Skew > Data Delay ; cache:inst|inst136                                                                      ; cache:inst|lpm_dff1:inst103|lpm_ff:lpm_ff_component|dffs[4] ; clk        ; clk      ; None                       ; None                       ; 2.576 ns                 ;
; Not operational: Clock Skew > Data Delay ; cache:inst|inst14                                                                       ; cache:inst|lpm_dff1:inst79|lpm_ff:lpm_ff_component|dffs[0]  ; clk        ; clk      ; None                       ; None                       ; 2.303 ns                 ;
; Not operational: Clock Skew > Data Delay ; lpm_ram_dq0:inst1|altsyncram:altsyncram_component|altsyncram_l9a1:auto_generated|q_a[0] ; cache:inst|lpm_dff1:inst87|lpm_ff:lpm_ff_component|dffs[0]  ; clk        ; clk      ; None                       ; None                       ; 2.962 ns                 ;
; Not operational: Clock Skew > Data Delay ; cache:inst|inst136                                                                      ; cache:inst|lpm_dff1:inst55|lpm_ff:lpm_ff_component|dffs[4]  ; clk        ; clk      ; None                       ; None                       ; 2.263 ns                 ;
; Not operational: Clock Skew > Data Delay ; cache:inst|inst16                                                                       ; cache:inst|lpm_dff1:inst87|lpm_ff:lpm_ff_component|dffs[2]  ; clk        ; clk      ; None                       ; None                       ; 2.054 ns                 ;
; Not operational: Clock Skew > Data Delay ; cache:inst|inst16                                                                       ; cache:inst|lpm_dff1:inst87|lpm_ff:lpm_ff_component|dffs[4]  ; clk        ; clk      ; None                       ; None                       ; 2.056 ns                 ;
; Not operational: Clock Skew > Data Delay ; cache:inst|inst136                                                                      ; cache:inst|lpm_dff1:inst55|lpm_ff:lpm_ff_component|dffs[1]  ; clk        ; clk      ; None                       ; None                       ; 2.275 ns                 ;
; Not operational: Clock Skew > Data Delay ; cache:inst|inst14                                                                       ; cache:inst|lpm_dff1:inst115|lpm_ff:lpm_ff_component|dffs[0] ; clk        ; clk      ; None                       ; None                       ; 2.594 ns                 ;
; Not operational: Clock Skew > Data Delay ; cache:inst|inst136                                                                      ; cache:inst|lpm_dff1:inst55|lpm_ff:lpm_ff_component|dffs[0]  ; clk        ; clk      ; None                       ; None                       ; 2.283 ns                 ;
; Not operational: Clock Skew > Data Delay ; cache:inst|inst136                                                                      ; cache:inst|lpm_dff1:inst55|lpm_ff:lpm_ff_component|dffs[2]  ; clk        ; clk      ; None                       ; None                       ; 2.285 ns                 ;
; Not operational: Clock Skew > Data Delay ; cache:inst|inst136                                                                      ; cache:inst|lpm_dff1:inst87|lpm_ff:lpm_ff_component|dffs[1]  ; clk        ; clk      ; None                       ; None                       ; 2.257 ns                 ;
; Not operational: Clock Skew > Data Delay ; cache:inst|inst16                                                                       ; cache:inst|lpm_dff1:inst103|lpm_ff:lpm_ff_component|dffs[3] ; clk        ; clk      ; None                       ; None                       ; 2.448 ns                 ;
; Not operational: Clock Skew > Data Delay ; cache:inst|inst14                                                                       ; cache:inst|lpm_dff1:inst107|lpm_ff:lpm_ff_component|dffs[0] ; clk        ; clk      ; None                       ; None                       ; 2.584 ns                 ;
; Not operational: Clock Skew > Data Delay ; cache:inst|inst14                                                                       ; cache:inst|lpm_dff1:inst111|lpm_ff:lpm_ff_component|dffs[0] ; clk        ; clk      ; None                       ; None                       ; 2.575 ns                 ;
; Not operational: Clock Skew > Data Delay ; cache:inst|inst136                                                                      ; cache:inst|lpm_dff1:inst63|lpm_ff:lpm_ff_component|dffs[4]  ; clk        ; clk      ; None                       ; None                       ; 2.262 ns                 ;
; Timing analysis restricted to 200 rows.  ; To change the limit use Settings (Assignments menu)                                     ;                                                             ;            ;          ;                            ;                            ;                          ;
+------------------------------------------+-----------------------------------------------------------------------------------------+-------------------------------------------------------------+------------+----------+----------------------------+----------------------------+--------------------------+


+-------------------------------------------------------------------------------------------------------------------------------------------------------------------------------------------------------------------------------------------------------------------------------------------------------------------------------------------------------------------+
; Clock Hold: 'address[4]'                                                                                                                                                                                                                                                                                                                                          ;
+------------------------------------------+----------------------------------------------------------------------------------------------------+----------------------------------------------------------------------------------------------------+------------+------------+----------------------------+----------------------------+--------------------------+
; Minimum Slack                            ; From                                                                                               ; To                                                                                                 ; From Clock ; To Clock   ; Required Hold Relationship ; Required Shortest P2P Time ; Actual Shortest P2P Time ;
+------------------------------------------+----------------------------------------------------------------------------------------------------+----------------------------------------------------------------------------------------------------+------------+------------+----------------------------+----------------------------+--------------------------+
; Not operational: Clock Skew > Data Delay ; cache:inst|inst19                                                                                  ; cache:inst|inst19                                                                                  ; address[4] ; address[4] ; None                       ; None                       ; 0.488 ns                 ;
; Not operational: Clock Skew > Data Delay ; cache:inst|lpm_counter1:inst22|lpm_counter:lpm_counter_component|cntr_a2k:auto_generated|safe_q[1] ; cache:inst|lpm_counter1:inst22|lpm_counter:lpm_counter_component|cntr_a2k:auto_generated|safe_q[1] ; address[4] ; address[4] ; None                       ; None                       ; 0.609 ns                 ;
; Not operational: Clock Skew > Data Delay ; cache:inst|lpm_counter1:inst22|lpm_counter:lpm_counter_component|cntr_a2k:auto_generated|safe_q[0] ; cache:inst|lpm_counter1:inst22|lpm_counter:lpm_counter_component|cntr_a2k:auto_generated|safe_q[0] ; address[4] ; address[4] ; None                       ; None                       ; 0.609 ns                 ;
; Not operational: Clock Skew > Data Delay ; cache:inst|lpm_counter1:inst22|lpm_counter:lpm_counter_component|cntr_a2k:auto_generated|safe_q[2] ; cache:inst|lpm_counter1:inst22|lpm_counter:lpm_counter_component|cntr_a2k:auto_generated|safe_q[2] ; address[4] ; address[4] ; None                       ; None                       ; 0.609 ns                 ;
; Not operational: Clock Skew > Data Delay ; cache:inst|lpm_counter1:inst22|lpm_counter:lpm_counter_component|cntr_a2k:auto_generated|safe_q[0] ; cache:inst|lpm_counter1:inst22|lpm_counter:lpm_counter_component|cntr_a2k:auto_generated|safe_q[1] ; address[4] ; address[4] ; None                       ; None                       ; 0.680 ns                 ;
; Not operational: Clock Skew > Data Delay ; cache:inst|lpm_counter1:inst22|lpm_counter:lpm_counter_component|cntr_a2k:auto_generated|safe_q[1] ; cache:inst|lpm_counter1:inst22|lpm_counter:lpm_counter_component|cntr_a2k:auto_generated|safe_q[2] ; address[4] ; address[4] ; None                       ; None                       ; 0.680 ns                 ;
; Not operational: Clock Skew > Data Delay ; cache:inst|lpm_counter1:inst22|lpm_counter:lpm_counter_component|cntr_a2k:auto_generated|safe_q[0] ; cache:inst|lpm_counter1:inst22|lpm_counter:lpm_counter_component|cntr_a2k:auto_generated|safe_q[2] ; address[4] ; address[4] ; None                       ; None                       ; 0.715 ns                 ;
+------------------------------------------+----------------------------------------------------------------------------------------------------+----------------------------------------------------------------------------------------------------+------------+------------+----------------------------+----------------------------+--------------------------+


+-------------------------------------------------------------------------------------------------------------------------------------------------------------------------------------------------+
; Clock Hold: 'address[5]'                                                                                                                                                                        ;
+------------------------------------------+-------------------+-------------------+------------+------------+----------------------------+----------------------------+--------------------------+
; Minimum Slack                            ; From              ; To                ; From Clock ; To Clock   ; Required Hold Relationship ; Required Shortest P2P Time ; Actual Shortest P2P Time ;
+------------------------------------------+-------------------+-------------------+------------+------------+----------------------------+----------------------------+--------------------------+
; Not operational: Clock Skew > Data Delay ; cache:inst|inst19 ; cache:inst|inst19 ; address[5] ; address[5] ; None                       ; None                       ; 0.488 ns                 ;
+------------------------------------------+-------------------+-------------------+------------+------------+----------------------------+----------------------------+--------------------------+


+-------------------------------------------------------------------------------------------------------------------------------------------------------------------------------------------------------------------------------------------------------------------------------------------------------------------------------------------------------------------+
; Clock Hold: 'address[3]'                                                                                                                                                                                                                                                                                                                                          ;
+------------------------------------------+----------------------------------------------------------------------------------------------------+----------------------------------------------------------------------------------------------------+------------+------------+----------------------------+----------------------------+--------------------------+
; Minimum Slack                            ; From                                                                                               ; To                                                                                                 ; From Clock ; To Clock   ; Required Hold Relationship ; Required Shortest P2P Time ; Actual Shortest P2P Time ;
+------------------------------------------+----------------------------------------------------------------------------------------------------+----------------------------------------------------------------------------------------------------+------------+------------+----------------------------+----------------------------+--------------------------+
; Not operational: Clock Skew > Data Delay ; cache:inst|inst19                                                                                  ; cache:inst|inst19                                                                                  ; address[3] ; address[3] ; None                       ; None                       ; 0.488 ns                 ;
; Not operational: Clock Skew > Data Delay ; cache:inst|lpm_counter1:inst22|lpm_counter:lpm_counter_component|cntr_a2k:auto_generated|safe_q[1] ; cache:inst|lpm_counter1:inst22|lpm_counter:lpm_counter_component|cntr_a2k:auto_generated|safe_q[1] ; address[3] ; address[3] ; None                       ; None                       ; 0.609 ns                 ;
; Not operational: Clock Skew > Data Delay ; cache:inst|lpm_counter1:inst22|lpm_counter:lpm_counter_component|cntr_a2k:auto_generated|safe_q[0] ; cache:inst|lpm_counter1:inst22|lpm_counter:lpm_counter_component|cntr_a2k:auto_generated|safe_q[0] ; address[3] ; address[3] ; None                       ; None                       ; 0.609 ns                 ;
; Not operational: Clock Skew > Data Delay ; cache:inst|lpm_counter1:inst22|lpm_counter:lpm_counter_component|cntr_a2k:auto_generated|safe_q[2] ; cache:inst|lpm_counter1:inst22|lpm_counter:lpm_counter_component|cntr_a2k:auto_generated|safe_q[2] ; address[3] ; address[3] ; None                       ; None                       ; 0.609 ns                 ;
; Not operational: Clock Skew > Data Delay ; cache:inst|lpm_counter1:inst22|lpm_counter:lpm_counter_component|cntr_a2k:auto_generated|safe_q[0] ; cache:inst|lpm_counter1:inst22|lpm_counter:lpm_counter_component|cntr_a2k:auto_generated|safe_q[1] ; address[3] ; address[3] ; None                       ; None                       ; 0.680 ns                 ;
; Not operational: Clock Skew > Data Delay ; cache:inst|lpm_counter1:inst22|lpm_counter:lpm_counter_component|cntr_a2k:auto_generated|safe_q[1] ; cache:inst|lpm_counter1:inst22|lpm_counter:lpm_counter_component|cntr_a2k:auto_generated|safe_q[2] ; address[3] ; address[3] ; None                       ; None                       ; 0.680 ns                 ;
; Not operational: Clock Skew > Data Delay ; cache:inst|lpm_counter1:inst22|lpm_counter:lpm_counter_component|cntr_a2k:auto_generated|safe_q[0] ; cache:inst|lpm_counter1:inst22|lpm_counter:lpm_counter_component|cntr_a2k:auto_generated|safe_q[2] ; address[3] ; address[3] ; None                       ; None                       ; 0.715 ns                 ;
+------------------------------------------+----------------------------------------------------------------------------------------------------+----------------------------------------------------------------------------------------------------+------------+------------+----------------------------+----------------------------+--------------------------+


+-------------------------------------------------------------------------------------------------------------------------------------------------------------------------------------------------+
; Clock Hold: 'address[2]'                                                                                                                                                                        ;
+------------------------------------------+-------------------+-------------------+------------+------------+----------------------------+----------------------------+--------------------------+
; Minimum Slack                            ; From              ; To                ; From Clock ; To Clock   ; Required Hold Relationship ; Required Shortest P2P Time ; Actual Shortest P2P Time ;
+------------------------------------------+-------------------+-------------------+------------+------------+----------------------------+----------------------------+--------------------------+
; Not operational: Clock Skew > Data Delay ; cache:inst|inst19 ; cache:inst|inst19 ; address[2] ; address[2] ; None                       ; None                       ; 0.488 ns                 ;
+------------------------------------------+-------------------+-------------------+------------+------------+----------------------------+----------------------------+--------------------------+


+------------------------------------------------------------------------------------------------------------------------------------------------------------------------------------------------------------------------------------------------------------+
; tsu                                                                                                                                                                                                                                                        ;
+-----------------------------------------+-----------------------------------------------------+------------+---------------+------------------------------------------------------------------------------------------------------------------+------------+
; Slack                                   ; Required tsu                                        ; Actual tsu ; From          ; To                                                                                                               ; To Clock   ;
+-----------------------------------------+-----------------------------------------------------+------------+---------------+------------------------------------------------------------------------------------------------------------------+------------+
; N/A                                     ; None                                                ; 4.140 ns   ; write_data[0] ; lpm_ram_dq0:inst1|altsyncram:altsyncram_component|altsyncram_l9a1:auto_generated|ram_block1a0~porta_datain_reg0  ; clk        ;
; N/A                                     ; None                                                ; 4.101 ns   ; write_data[4] ; lpm_ram_dq0:inst1|altsyncram:altsyncram_component|altsyncram_l9a1:auto_generated|ram_block1a0~porta_datain_reg4  ; clk        ;
; N/A                                     ; None                                                ; 4.079 ns   ; write_data[1] ; lpm_ram_dq0:inst1|altsyncram:altsyncram_component|altsyncram_l9a1:auto_generated|ram_block1a0~porta_datain_reg1  ; clk        ;
; N/A                                     ; None                                                ; 4.054 ns   ; address[5]    ; lpm_ram_dq0:inst1|altsyncram:altsyncram_component|altsyncram_l9a1:auto_generated|ram_block1a0~porta_address_reg5 ; clk        ;
; N/A                                     ; None                                                ; 3.896 ns   ; address[2]    ; lpm_ram_dq0:inst1|altsyncram:altsyncram_component|altsyncram_l9a1:auto_generated|ram_block1a0~porta_address_reg2 ; clk        ;
; N/A                                     ; None                                                ; 3.839 ns   ; write_data[3] ; lpm_ram_dq0:inst1|altsyncram:altsyncram_component|altsyncram_l9a1:auto_generated|ram_block1a0~porta_datain_reg3  ; clk        ;
; N/A                                     ; None                                                ; 3.786 ns   ; read          ; lpm_ram_dq0:inst1|altsyncram:altsyncram_component|altsyncram_l9a1:auto_generated|ram_block1a0~porta_address_reg4 ; clk        ;
; N/A                                     ; None                                                ; 3.785 ns   ; read          ; lpm_ram_dq0:inst1|altsyncram:altsyncram_component|altsyncram_l9a1:auto_generated|ram_block1a0~porta_address_reg3 ; clk        ;
; N/A                                     ; None                                                ; 3.782 ns   ; read          ; lpm_ram_dq0:inst1|altsyncram:altsyncram_component|altsyncram_l9a1:auto_generated|ram_block1a0~porta_address_reg6 ; clk        ;
; N/A                                     ; None                                                ; 3.778 ns   ; read          ; lpm_ram_dq0:inst1|altsyncram:altsyncram_component|altsyncram_l9a1:auto_generated|ram_block1a0~porta_address_reg5 ; clk        ;
; N/A                                     ; None                                                ; 3.774 ns   ; read          ; lpm_ram_dq0:inst1|altsyncram:altsyncram_component|altsyncram_l9a1:auto_generated|ram_block1a0~porta_address_reg2 ; clk        ;
; N/A                                     ; None                                                ; 3.750 ns   ; read          ; lpm_ram_dq0:inst1|altsyncram:altsyncram_component|altsyncram_l9a1:auto_generated|ram_block1a0~porta_address_reg0 ; clk        ;
; N/A                                     ; None                                                ; 3.659 ns   ; address[1]    ; lpm_ram_dq0:inst1|altsyncram:altsyncram_component|altsyncram_l9a1:auto_generated|ram_block1a0~porta_address_reg1 ; clk        ;
; N/A                                     ; None                                                ; 3.572 ns   ; read          ; lpm_ram_dq0:inst1|altsyncram:altsyncram_component|altsyncram_l9a1:auto_generated|ram_block1a0~porta_address_reg1 ; clk        ;
; N/A                                     ; None                                                ; 3.564 ns   ; address[0]    ; lpm_ram_dq0:inst1|altsyncram:altsyncram_component|altsyncram_l9a1:auto_generated|ram_block1a0~porta_address_reg0 ; clk        ;
; N/A                                     ; None                                                ; 3.350 ns   ; address[3]    ; lpm_ram_dq0:inst1|altsyncram:altsyncram_component|altsyncram_l9a1:auto_generated|ram_block1a0~porta_address_reg3 ; clk        ;
; N/A                                     ; None                                                ; 3.339 ns   ; address[4]    ; lpm_ram_dq0:inst1|altsyncram:altsyncram_component|altsyncram_l9a1:auto_generated|ram_block1a0~porta_address_reg4 ; clk        ;
; N/A                                     ; None                                                ; 3.264 ns   ; read          ; cache:inst|inst121                                                                                               ; clk        ;
; N/A                                     ; None                                                ; 3.161 ns   ; address[6]    ; lpm_ram_dq0:inst1|altsyncram:altsyncram_component|altsyncram_l9a1:auto_generated|ram_block1a0~porta_address_reg6 ; clk        ;
; N/A                                     ; None                                                ; 2.461 ns   ; read          ; cache:inst|inst16                                                                                                ; clk        ;
; N/A                                     ; None                                                ; 2.340 ns   ; write         ; cache:inst|inst14                                                                                                ; clk        ;
; N/A                                     ; None                                                ; 2.325 ns   ; address[5]    ; cache:inst|lpm_dff0:inst33|lpm_ff:lpm_ff_component|dffs[3]                                                       ; clk        ;
; N/A                                     ; None                                                ; 2.163 ns   ; address[5]    ; cache:inst|lpm_dff0:inst51|lpm_ff:lpm_ff_component|dffs[3]                                                       ; clk        ;
; N/A                                     ; None                                                ; 1.764 ns   ; address[5]    ; cache:inst|lpm_dff0:inst45|lpm_ff:lpm_ff_component|dffs[3]                                                       ; clk        ;
; N/A                                     ; None                                                ; 1.707 ns   ; address[2]    ; cache:inst|lpm_dff0:inst39|lpm_ff:lpm_ff_component|dffs[0]                                                       ; clk        ;
; N/A                                     ; None                                                ; 1.664 ns   ; address[5]    ; cache:inst|lpm_dff0:inst39|lpm_ff:lpm_ff_component|dffs[3]                                                       ; clk        ;
; N/A                                     ; None                                                ; 1.489 ns   ; address[3]    ; cache:inst|lpm_dff0:inst33|lpm_ff:lpm_ff_component|dffs[1]                                                       ; clk        ;
; N/A                                     ; None                                                ; 1.486 ns   ; address[3]    ; cache:inst|lpm_dff0:inst45|lpm_ff:lpm_ff_component|dffs[1]                                                       ; clk        ;
; N/A                                     ; None                                                ; 1.455 ns   ; address[6]    ; cache:inst|lpm_dff0:inst33|lpm_ff:lpm_ff_component|dffs[4]                                                       ; clk        ;
; N/A                                     ; None                                                ; 1.371 ns   ; address[4]    ; cache:inst|lpm_dff0:inst45|lpm_ff:lpm_ff_component|dffs[2]                                                       ; clk        ;
; N/A                                     ; None                                                ; 1.338 ns   ; address[4]    ; cache:inst|lpm_dff0:inst51|lpm_ff:lpm_ff_component|dffs[2]                                                       ; clk        ;
; N/A                                     ; None                                                ; 1.306 ns   ; write_data[0] ; cache:inst|lpm_dff1:inst87|lpm_ff:lpm_ff_component|dffs[0]                                                       ; address[0] ;
; N/A                                     ; None                                                ; 1.275 ns   ; address[4]    ; cache:inst|lpm_dff0:inst39|lpm_ff:lpm_ff_component|dffs[2]                                                       ; clk        ;
; N/A                                     ; None                                                ; 1.263 ns   ; address[2]    ; cache:inst|lpm_dff0:inst45|lpm_ff:lpm_ff_component|dffs[0]                                                       ; clk        ;
; N/A                                     ; None                                                ; 1.259 ns   ; address[3]    ; cache:inst|lpm_dff0:inst51|lpm_ff:lpm_ff_component|dffs[1]                                                       ; clk        ;
; N/A                                     ; None                                                ; 1.254 ns   ; write_data[0] ; cache:inst|lpm_dff1:inst75|lpm_ff:lpm_ff_component|dffs[0]                                                       ; address[0] ;
; N/A                                     ; None                                                ; 1.235 ns   ; address[2]    ; cache:inst|lpm_dff0:inst51|lpm_ff:lpm_ff_component|dffs[0]                                                       ; clk        ;
; N/A                                     ; None                                                ; 1.201 ns   ; address[3]    ; cache:inst|lpm_dff0:inst39|lpm_ff:lpm_ff_component|dffs[1]                                                       ; clk        ;
; N/A                                     ; None                                                ; 1.168 ns   ; address[2]    ; cache:inst|lpm_dff0:inst33|lpm_ff:lpm_ff_component|dffs[0]                                                       ; clk        ;
; N/A                                     ; None                                                ; 1.167 ns   ; address[6]    ; cache:inst|lpm_dff0:inst39|lpm_ff:lpm_ff_component|dffs[4]                                                       ; clk        ;
; N/A                                     ; None                                                ; 1.137 ns   ; write_data[4] ; cache:inst|lpm_dff1:inst99|lpm_ff:lpm_ff_component|dffs[4]                                                       ; address[0] ;
; N/A                                     ; None                                                ; 1.129 ns   ; write_data[4] ; cache:inst|lpm_dff1:inst83|lpm_ff:lpm_ff_component|dffs[4]                                                       ; address[0] ;
; N/A                                     ; None                                                ; 1.124 ns   ; write_data[0] ; cache:inst|lpm_dff1:inst83|lpm_ff:lpm_ff_component|dffs[0]                                                       ; address[0] ;
; N/A                                     ; None                                                ; 1.103 ns   ; write_data[0] ; cache:inst|lpm_dff1:inst71|lpm_ff:lpm_ff_component|dffs[0]                                                       ; address[0] ;
; N/A                                     ; None                                                ; 1.100 ns   ; address[6]    ; cache:inst|lpm_dff0:inst45|lpm_ff:lpm_ff_component|dffs[4]                                                       ; clk        ;
; N/A                                     ; None                                                ; 1.089 ns   ; address[4]    ; cache:inst|lpm_dff0:inst33|lpm_ff:lpm_ff_component|dffs[2]                                                       ; clk        ;
; N/A                                     ; None                                                ; 1.059 ns   ; write_data[0] ; cache:inst|lpm_dff1:inst103|lpm_ff:lpm_ff_component|dffs[0]                                                      ; address[0] ;
; N/A                                     ; None                                                ; 1.057 ns   ; write_data[1] ; cache:inst|lpm_dff1:inst83|lpm_ff:lpm_ff_component|dffs[1]                                                       ; address[0] ;
; N/A                                     ; None                                                ; 1.056 ns   ; write_data[2] ; lpm_ram_dq0:inst1|altsyncram:altsyncram_component|altsyncram_l9a1:auto_generated|ram_block1a0~porta_datain_reg2  ; clk        ;
; N/A                                     ; None                                                ; 1.016 ns   ; write_data[0] ; cache:inst|lpm_dff1:inst75|lpm_ff:lpm_ff_component|dffs[0]                                                       ; address[1] ;
; N/A                                     ; None                                                ; 0.957 ns   ; write_data[0] ; cache:inst|lpm_dff1:inst87|lpm_ff:lpm_ff_component|dffs[0]                                                       ; address[1] ;
; N/A                                     ; None                                                ; 0.954 ns   ; write_data[3] ; cache:inst|lpm_dff1:inst63|lpm_ff:lpm_ff_component|dffs[3]                                                       ; address[0] ;
; N/A                                     ; None                                                ; 0.950 ns   ; write_data[0] ; cache:inst|lpm_dff1:inst71|lpm_ff:lpm_ff_component|dffs[0]                                                       ; address[1] ;
; N/A                                     ; None                                                ; 0.942 ns   ; write_data[0] ; cache:inst|lpm_dff1:inst79|lpm_ff:lpm_ff_component|dffs[0]                                                       ; address[0] ;
; N/A                                     ; None                                                ; 0.938 ns   ; write_data[3] ; cache:inst|lpm_dff1:inst55|lpm_ff:lpm_ff_component|dffs[3]                                                       ; address[0] ;
; N/A                                     ; None                                                ; 0.919 ns   ; write_data[0] ; cache:inst|lpm_dff1:inst91|lpm_ff:lpm_ff_component|dffs[0]                                                       ; address[0] ;
; N/A                                     ; None                                                ; 0.907 ns   ; write_data[0] ; cache:inst|lpm_dff1:inst99|lpm_ff:lpm_ff_component|dffs[0]                                                       ; address[0] ;
; N/A                                     ; None                                                ; 0.898 ns   ; write_data[0] ; cache:inst|lpm_dff1:inst107|lpm_ff:lpm_ff_component|dffs[0]                                                      ; address[0] ;
; N/A                                     ; None                                                ; 0.881 ns   ; write_data[3] ; cache:inst|lpm_dff1:inst83|lpm_ff:lpm_ff_component|dffs[3]                                                       ; address[0] ;
; N/A                                     ; None                                                ; 0.877 ns   ; write_data[0] ; cache:inst|lpm_dff1:inst115|lpm_ff:lpm_ff_component|dffs[0]                                                      ; address[0] ;
; N/A                                     ; None                                                ; 0.869 ns   ; write_data[0] ; cache:inst|lpm_dff1:inst111|lpm_ff:lpm_ff_component|dffs[0]                                                      ; address[1] ;
; N/A                                     ; None                                                ; 0.868 ns   ; write_data[4] ; cache:inst|lpm_dff1:inst83|lpm_ff:lpm_ff_component|dffs[4]                                                       ; address[1] ;
; N/A                                     ; None                                                ; 0.863 ns   ; write_data[0] ; cache:inst|lpm_dff1:inst83|lpm_ff:lpm_ff_component|dffs[0]                                                       ; address[1] ;
; N/A                                     ; None                                                ; 0.862 ns   ; write_data[0] ; cache:inst|lpm_dff1:inst111|lpm_ff:lpm_ff_component|dffs[0]                                                      ; address[0] ;
; N/A                                     ; None                                                ; 0.839 ns   ; address[6]    ; cache:inst|lpm_dff0:inst51|lpm_ff:lpm_ff_component|dffs[4]                                                       ; clk        ;
; N/A                                     ; None                                                ; 0.800 ns   ; write_data[4] ; cache:inst|lpm_dff1:inst59|lpm_ff:lpm_ff_component|dffs[4]                                                       ; address[0] ;
; N/A                                     ; None                                                ; 0.798 ns   ; write_data[1] ; cache:inst|lpm_dff1:inst103|lpm_ff:lpm_ff_component|dffs[1]                                                      ; address[0] ;
; N/A                                     ; None                                                ; 0.796 ns   ; write_data[1] ; cache:inst|lpm_dff1:inst83|lpm_ff:lpm_ff_component|dffs[1]                                                       ; address[1] ;
; N/A                                     ; None                                                ; 0.763 ns   ; write_data[4] ; cache:inst|lpm_dff1:inst99|lpm_ff:lpm_ff_component|dffs[4]                                                       ; address[1] ;
; N/A                                     ; None                                                ; 0.742 ns   ; write_data[1] ; cache:inst|lpm_dff1:inst99|lpm_ff:lpm_ff_component|dffs[1]                                                       ; address[0] ;
; N/A                                     ; None                                                ; 0.712 ns   ; write_data[0] ; cache:inst|lpm_dff1:inst67|lpm_ff:lpm_ff_component|dffs[0]                                                       ; address[0] ;
; N/A                                     ; None                                                ; 0.687 ns   ; write_data[3] ; cache:inst|lpm_dff1:inst63|lpm_ff:lpm_ff_component|dffs[3]                                                       ; address[1] ;
; N/A                                     ; None                                                ; 0.680 ns   ; write_data[4] ; cache:inst|lpm_dff1:inst103|lpm_ff:lpm_ff_component|dffs[4]                                                      ; address[0] ;
; N/A                                     ; None                                                ; 0.672 ns   ; write_data[3] ; cache:inst|lpm_dff1:inst99|lpm_ff:lpm_ff_component|dffs[3]                                                       ; address[0] ;
; N/A                                     ; None                                                ; 0.667 ns   ; write_data[0] ; cache:inst|lpm_dff1:inst107|lpm_ff:lpm_ff_component|dffs[0]                                                      ; address[1] ;
; N/A                                     ; None                                                ; 0.664 ns   ; write_data[4] ; cache:inst|lpm_dff1:inst71|lpm_ff:lpm_ff_component|dffs[4]                                                       ; address[0] ;
; N/A                                     ; None                                                ; 0.642 ns   ; write_data[0] ; cache:inst|lpm_dff1:inst115|lpm_ff:lpm_ff_component|dffs[0]                                                      ; address[1] ;
; N/A                                     ; None                                                ; 0.638 ns   ; write_data[0] ; cache:inst|lpm_dff1:inst79|lpm_ff:lpm_ff_component|dffs[0]                                                       ; address[1] ;
; N/A                                     ; None                                                ; 0.636 ns   ; write_data[3] ; cache:inst|lpm_dff1:inst55|lpm_ff:lpm_ff_component|dffs[3]                                                       ; address[1] ;
; N/A                                     ; None                                                ; 0.620 ns   ; write_data[3] ; cache:inst|lpm_dff1:inst83|lpm_ff:lpm_ff_component|dffs[3]                                                       ; address[1] ;
; N/A                                     ; None                                                ; 0.617 ns   ; write_data[1] ; cache:inst|lpm_dff1:inst71|lpm_ff:lpm_ff_component|dffs[1]                                                       ; address[0] ;
; N/A                                     ; None                                                ; 0.608 ns   ; write_data[0] ; cache:inst|lpm_dff1:inst63|lpm_ff:lpm_ff_component|dffs[0]                                                       ; address[0] ;
; N/A                                     ; None                                                ; 0.600 ns   ; write_data[0] ; cache:inst|lpm_dff1:inst103|lpm_ff:lpm_ff_component|dffs[0]                                                      ; address[1] ;
; N/A                                     ; None                                                ; 0.595 ns   ; write_data[0] ; cache:inst|lpm_dff1:inst55|lpm_ff:lpm_ff_component|dffs[0]                                                       ; address[0] ;
; N/A                                     ; None                                                ; 0.593 ns   ; write_data[4] ; cache:inst|lpm_dff1:inst75|lpm_ff:lpm_ff_component|dffs[4]                                                       ; address[0] ;
; N/A                                     ; None                                                ; 0.572 ns   ; write_data[4] ; cache:inst|lpm_dff1:inst107|lpm_ff:lpm_ff_component|dffs[4]                                                      ; address[0] ;
; N/A                                     ; None                                                ; 0.572 ns   ; write_data[0] ; cache:inst|lpm_dff1:inst59|lpm_ff:lpm_ff_component|dffs[0]                                                       ; address[0] ;
; N/A                                     ; None                                                ; 0.568 ns   ; write_data[0] ; cache:inst|lpm_dff1:inst91|lpm_ff:lpm_ff_component|dffs[0]                                                       ; address[1] ;
; N/A                                     ; None                                                ; 0.553 ns   ; write_data[4] ; cache:inst|lpm_dff1:inst111|lpm_ff:lpm_ff_component|dffs[4]                                                      ; address[1] ;
; N/A                                     ; None                                                ; 0.549 ns   ; write_data[4] ; cache:inst|lpm_dff1:inst63|lpm_ff:lpm_ff_component|dffs[4]                                                       ; address[0] ;
; N/A                                     ; None                                                ; 0.546 ns   ; write_data[4] ; cache:inst|lpm_dff1:inst111|lpm_ff:lpm_ff_component|dffs[4]                                                      ; address[0] ;
; N/A                                     ; None                                                ; 0.543 ns   ; write_data[4] ; cache:inst|lpm_dff1:inst115|lpm_ff:lpm_ff_component|dffs[4]                                                      ; address[0] ;
; N/A                                     ; None                                                ; 0.540 ns   ; write_data[1] ; cache:inst|lpm_dff1:inst87|lpm_ff:lpm_ff_component|dffs[1]                                                       ; address[0] ;
; N/A                                     ; None                                                ; 0.536 ns   ; write_data[4] ; cache:inst|lpm_dff1:inst55|lpm_ff:lpm_ff_component|dffs[4]                                                       ; address[0] ;
; N/A                                     ; None                                                ; 0.535 ns   ; write_data[4] ; cache:inst|lpm_dff1:inst79|lpm_ff:lpm_ff_component|dffs[4]                                                       ; address[0] ;
; N/A                                     ; None                                                ; 0.533 ns   ; write_data[0] ; cache:inst|lpm_dff1:inst99|lpm_ff:lpm_ff_component|dffs[0]                                                       ; address[1] ;
; N/A                                     ; None                                                ; 0.516 ns   ; write_data[1] ; cache:inst|lpm_dff1:inst75|lpm_ff:lpm_ff_component|dffs[1]                                                       ; address[0] ;
; N/A                                     ; None                                                ; 0.511 ns   ; write_data[4] ; cache:inst|lpm_dff1:inst71|lpm_ff:lpm_ff_component|dffs[4]                                                       ; address[1] ;
; N/A                                     ; None                                                ; 0.491 ns   ; write_data[1] ; cache:inst|lpm_dff1:inst63|lpm_ff:lpm_ff_component|dffs[1]                                                       ; address[0] ;
; N/A                                     ; None                                                ; 0.477 ns   ; write_data[1] ; cache:inst|lpm_dff1:inst115|lpm_ff:lpm_ff_component|dffs[1]                                                      ; address[0] ;
; N/A                                     ; None                                                ; 0.477 ns   ; write_data[0] ; cache:inst|lpm_dff1:inst67|lpm_ff:lpm_ff_component|dffs[0]                                                       ; address[1] ;
; N/A                                     ; None                                                ; 0.476 ns   ; write_data[1] ; cache:inst|lpm_dff1:inst55|lpm_ff:lpm_ff_component|dffs[1]                                                       ; address[0] ;
; N/A                                     ; None                                                ; 0.464 ns   ; write_data[1] ; cache:inst|lpm_dff1:inst71|lpm_ff:lpm_ff_component|dffs[1]                                                       ; address[1] ;
; N/A                                     ; None                                                ; 0.457 ns   ; write_data[1] ; cache:inst|lpm_dff1:inst79|lpm_ff:lpm_ff_component|dffs[1]                                                       ; address[0] ;
; N/A                                     ; None                                                ; 0.410 ns   ; write_data[3] ; cache:inst|lpm_dff1:inst71|lpm_ff:lpm_ff_component|dffs[3]                                                       ; address[0] ;
; N/A                                     ; None                                                ; 0.397 ns   ; write_data[1] ; cache:inst|lpm_dff1:inst59|lpm_ff:lpm_ff_component|dffs[1]                                                       ; address[0] ;
; N/A                                     ; None                                                ; 0.377 ns   ; write_data[4] ; cache:inst|lpm_dff1:inst59|lpm_ff:lpm_ff_component|dffs[4]                                                       ; address[1] ;
; N/A                                     ; None                                                ; 0.376 ns   ; write_data[4] ; cache:inst|lpm_dff1:inst67|lpm_ff:lpm_ff_component|dffs[4]                                                       ; address[0] ;
; N/A                                     ; None                                                ; 0.368 ns   ; write_data[1] ; cache:inst|lpm_dff1:inst99|lpm_ff:lpm_ff_component|dffs[1]                                                       ; address[1] ;
; N/A                                     ; None                                                ; 0.355 ns   ; write_data[4] ; cache:inst|lpm_dff1:inst75|lpm_ff:lpm_ff_component|dffs[4]                                                       ; address[1] ;
; N/A                                     ; None                                                ; 0.341 ns   ; write_data[4] ; cache:inst|lpm_dff1:inst107|lpm_ff:lpm_ff_component|dffs[4]                                                      ; address[1] ;
; N/A                                     ; None                                                ; 0.341 ns   ; write_data[0] ; cache:inst|lpm_dff1:inst63|lpm_ff:lpm_ff_component|dffs[0]                                                       ; address[1] ;
; N/A                                     ; None                                                ; 0.339 ns   ; write_data[1] ; cache:inst|lpm_dff1:inst103|lpm_ff:lpm_ff_component|dffs[1]                                                      ; address[1] ;
; N/A                                     ; None                                                ; 0.333 ns   ; write_data[3] ; cache:inst|lpm_dff1:inst59|lpm_ff:lpm_ff_component|dffs[3]                                                       ; address[0] ;
; N/A                                     ; None                                                ; 0.317 ns   ; write_data[4] ; cache:inst|lpm_dff1:inst87|lpm_ff:lpm_ff_component|dffs[4]                                                       ; address[0] ;
; N/A                                     ; None                                                ; 0.316 ns   ; write_data[3] ; cache:inst|lpm_dff1:inst75|lpm_ff:lpm_ff_component|dffs[3]                                                       ; address[0] ;
; N/A                                     ; None                                                ; 0.310 ns   ; write_data[1] ; cache:inst|lpm_dff1:inst67|lpm_ff:lpm_ff_component|dffs[1]                                                       ; address[0] ;
; N/A                                     ; None                                                ; 0.308 ns   ; write_data[4] ; cache:inst|lpm_dff1:inst115|lpm_ff:lpm_ff_component|dffs[4]                                                      ; address[1] ;
; N/A                                     ; None                                                ; 0.303 ns   ; write_data[1] ; cache:inst|lpm_dff1:inst107|lpm_ff:lpm_ff_component|dffs[1]                                                      ; address[0] ;
; N/A                                     ; None                                                ; 0.298 ns   ; write_data[3] ; cache:inst|lpm_dff1:inst99|lpm_ff:lpm_ff_component|dffs[3]                                                       ; address[1] ;
; N/A                                     ; None                                                ; 0.296 ns   ; write_data[3] ; cache:inst|lpm_dff1:inst115|lpm_ff:lpm_ff_component|dffs[3]                                                      ; address[0] ;
; N/A                                     ; None                                                ; 0.293 ns   ; write_data[0] ; cache:inst|lpm_dff1:inst55|lpm_ff:lpm_ff_component|dffs[0]                                                       ; address[1] ;
; N/A                                     ; None                                                ; 0.283 ns   ; write_data[1] ; cache:inst|lpm_dff1:inst111|lpm_ff:lpm_ff_component|dffs[1]                                                      ; address[1] ;
; N/A                                     ; None                                                ; 0.282 ns   ; write_data[4] ; cache:inst|lpm_dff1:inst63|lpm_ff:lpm_ff_component|dffs[4]                                                       ; address[1] ;
; N/A                                     ; None                                                ; 0.278 ns   ; write_data[1] ; cache:inst|lpm_dff1:inst75|lpm_ff:lpm_ff_component|dffs[1]                                                       ; address[1] ;
; N/A                                     ; None                                                ; 0.276 ns   ; write_data[1] ; cache:inst|lpm_dff1:inst111|lpm_ff:lpm_ff_component|dffs[1]                                                      ; address[0] ;
; N/A                                     ; None                                                ; 0.257 ns   ; write_data[3] ; cache:inst|lpm_dff1:inst79|lpm_ff:lpm_ff_component|dffs[3]                                                       ; address[0] ;
; N/A                                     ; None                                                ; 0.257 ns   ; write_data[3] ; cache:inst|lpm_dff1:inst71|lpm_ff:lpm_ff_component|dffs[3]                                                       ; address[1] ;
; N/A                                     ; None                                                ; 0.242 ns   ; write_data[1] ; cache:inst|lpm_dff1:inst115|lpm_ff:lpm_ff_component|dffs[1]                                                      ; address[1] ;
; N/A                                     ; None                                                ; 0.234 ns   ; write_data[4] ; cache:inst|lpm_dff1:inst55|lpm_ff:lpm_ff_component|dffs[4]                                                       ; address[1] ;
; N/A                                     ; None                                                ; 0.231 ns   ; write_data[4] ; cache:inst|lpm_dff1:inst79|lpm_ff:lpm_ff_component|dffs[4]                                                       ; address[1] ;
; N/A                                     ; None                                                ; 0.224 ns   ; write_data[1] ; cache:inst|lpm_dff1:inst63|lpm_ff:lpm_ff_component|dffs[1]                                                       ; address[1] ;
; N/A                                     ; None                                                ; 0.221 ns   ; write_data[4] ; cache:inst|lpm_dff1:inst103|lpm_ff:lpm_ff_component|dffs[4]                                                      ; address[1] ;
; N/A                                     ; None                                                ; 0.219 ns   ; write_data[4] ; cache:inst|lpm_dff1:inst91|lpm_ff:lpm_ff_component|dffs[4]                                                       ; address[0] ;
; N/A                                     ; None                                                ; 0.210 ns   ; write_data[3] ; cache:inst|lpm_dff1:inst103|lpm_ff:lpm_ff_component|dffs[3]                                                      ; address[0] ;
; N/A                                     ; None                                                ; 0.191 ns   ; write_data[1] ; cache:inst|lpm_dff1:inst87|lpm_ff:lpm_ff_component|dffs[1]                                                       ; address[1] ;
; N/A                                     ; None                                                ; 0.175 ns   ; write_data[3] ; cache:inst|lpm_dff1:inst107|lpm_ff:lpm_ff_component|dffs[3]                                                      ; address[0] ;
; N/A                                     ; None                                                ; 0.174 ns   ; write_data[1] ; cache:inst|lpm_dff1:inst55|lpm_ff:lpm_ff_component|dffs[1]                                                       ; address[1] ;
; N/A                                     ; None                                                ; 0.153 ns   ; write_data[1] ; cache:inst|lpm_dff1:inst79|lpm_ff:lpm_ff_component|dffs[1]                                                       ; address[1] ;
; N/A                                     ; None                                                ; 0.149 ns   ; write_data[0] ; cache:inst|lpm_dff1:inst59|lpm_ff:lpm_ff_component|dffs[0]                                                       ; address[1] ;
; N/A                                     ; None                                                ; 0.141 ns   ; write_data[4] ; cache:inst|lpm_dff1:inst67|lpm_ff:lpm_ff_component|dffs[4]                                                       ; address[1] ;
; N/A                                     ; None                                                ; 0.129 ns   ; write_data[3] ; cache:inst|lpm_dff1:inst67|lpm_ff:lpm_ff_component|dffs[3]                                                       ; address[0] ;
; N/A                                     ; None                                                ; 0.078 ns   ; write_data[3] ; cache:inst|lpm_dff1:inst75|lpm_ff:lpm_ff_component|dffs[3]                                                       ; address[1] ;
; N/A                                     ; None                                                ; 0.075 ns   ; write_data[1] ; cache:inst|lpm_dff1:inst67|lpm_ff:lpm_ff_component|dffs[1]                                                       ; address[1] ;
; N/A                                     ; None                                                ; 0.072 ns   ; write_data[1] ; cache:inst|lpm_dff1:inst107|lpm_ff:lpm_ff_component|dffs[1]                                                      ; address[1] ;
; N/A                                     ; None                                                ; 0.061 ns   ; write_data[3] ; cache:inst|lpm_dff1:inst115|lpm_ff:lpm_ff_component|dffs[3]                                                      ; address[1] ;
; N/A                                     ; None                                                ; 0.054 ns   ; write_data[1] ; cache:inst|lpm_dff1:inst91|lpm_ff:lpm_ff_component|dffs[1]                                                       ; address[0] ;
; N/A                                     ; None                                                ; 0.050 ns   ; write_data[3] ; cache:inst|lpm_dff1:inst87|lpm_ff:lpm_ff_component|dffs[3]                                                       ; address[0] ;
; N/A                                     ; None                                                ; 0.019 ns   ; write_data[3] ; cache:inst|lpm_dff1:inst111|lpm_ff:lpm_ff_component|dffs[3]                                                      ; address[1] ;
; N/A                                     ; None                                                ; 0.012 ns   ; write_data[3] ; cache:inst|lpm_dff1:inst111|lpm_ff:lpm_ff_component|dffs[3]                                                      ; address[0] ;
; N/A                                     ; None                                                ; -0.026 ns  ; write_data[1] ; cache:inst|lpm_dff1:inst59|lpm_ff:lpm_ff_component|dffs[1]                                                       ; address[1] ;
; N/A                                     ; None                                                ; -0.032 ns  ; write_data[4] ; cache:inst|lpm_dff1:inst87|lpm_ff:lpm_ff_component|dffs[4]                                                       ; address[1] ;
; N/A                                     ; None                                                ; -0.047 ns  ; write_data[3] ; cache:inst|lpm_dff1:inst79|lpm_ff:lpm_ff_component|dffs[3]                                                       ; address[1] ;
; N/A                                     ; None                                                ; -0.052 ns  ; write_data[0] ; cache:inst|lpm_dff1:inst95|lpm_ff:lpm_ff_component|dffs[0]                                                       ; address[0] ;
; N/A                                     ; None                                                ; -0.056 ns  ; write_data[3] ; cache:inst|lpm_dff1:inst107|lpm_ff:lpm_ff_component|dffs[3]                                                      ; address[1] ;
; N/A                                     ; None                                                ; -0.090 ns  ; write_data[3] ; cache:inst|lpm_dff1:inst59|lpm_ff:lpm_ff_component|dffs[3]                                                       ; address[1] ;
; N/A                                     ; None                                                ; -0.092 ns  ; write_data[4] ; cache:inst|lpm_dff1:inst95|lpm_ff:lpm_ff_component|dffs[4]                                                       ; address[0] ;
; N/A                                     ; None                                                ; -0.106 ns  ; write_data[3] ; cache:inst|lpm_dff1:inst67|lpm_ff:lpm_ff_component|dffs[3]                                                       ; address[1] ;
; N/A                                     ; None                                                ; -0.132 ns  ; write_data[4] ; cache:inst|lpm_dff1:inst91|lpm_ff:lpm_ff_component|dffs[4]                                                       ; address[1] ;
; N/A                                     ; None                                                ; -0.163 ns  ; write_data[1] ; cache:inst|lpm_dff1:inst95|lpm_ff:lpm_ff_component|dffs[1]                                                       ; address[0] ;
; N/A                                     ; None                                                ; -0.167 ns  ; write_data[3] ; cache:inst|lpm_dff1:inst91|lpm_ff:lpm_ff_component|dffs[3]                                                       ; address[0] ;
; N/A                                     ; None                                                ; -0.249 ns  ; write_data[3] ; cache:inst|lpm_dff1:inst103|lpm_ff:lpm_ff_component|dffs[3]                                                      ; address[1] ;
; N/A                                     ; None                                                ; -0.253 ns  ; write_data[0] ; cache:inst|lpm_dff1:inst95|lpm_ff:lpm_ff_component|dffs[0]                                                       ; address[1] ;
; N/A                                     ; None                                                ; -0.293 ns  ; write_data[4] ; cache:inst|lpm_dff1:inst95|lpm_ff:lpm_ff_component|dffs[4]                                                       ; address[1] ;
; N/A                                     ; None                                                ; -0.297 ns  ; write_data[1] ; cache:inst|lpm_dff1:inst91|lpm_ff:lpm_ff_component|dffs[1]                                                       ; address[1] ;
; N/A                                     ; None                                                ; -0.299 ns  ; write_data[3] ; cache:inst|lpm_dff1:inst87|lpm_ff:lpm_ff_component|dffs[3]                                                       ; address[1] ;
; N/A                                     ; None                                                ; -0.346 ns  ; write_data[3] ; cache:inst|lpm_dff1:inst95|lpm_ff:lpm_ff_component|dffs[3]                                                       ; address[0] ;
; N/A                                     ; None                                                ; -0.364 ns  ; write_data[1] ; cache:inst|lpm_dff1:inst95|lpm_ff:lpm_ff_component|dffs[1]                                                       ; address[1] ;
; N/A                                     ; None                                                ; -0.518 ns  ; write_data[3] ; cache:inst|lpm_dff1:inst91|lpm_ff:lpm_ff_component|dffs[3]                                                       ; address[1] ;
; N/A                                     ; None                                                ; -0.547 ns  ; write_data[3] ; cache:inst|lpm_dff1:inst95|lpm_ff:lpm_ff_component|dffs[3]                                                       ; address[1] ;
; N/A                                     ; None                                                ; -1.906 ns  ; write_data[2] ; cache:inst|lpm_dff1:inst83|lpm_ff:lpm_ff_component|dffs[2]                                                       ; address[0] ;
; N/A                                     ; None                                                ; -2.108 ns  ; write_data[2] ; cache:inst|lpm_dff1:inst71|lpm_ff:lpm_ff_component|dffs[2]                                                       ; address[0] ;
; N/A                                     ; None                                                ; -2.123 ns  ; write_data[3] ; cache:inst|lpm_dff1:inst63|lpm_ff:lpm_ff_component|dffs[3]                                                       ; clk        ;
; N/A                                     ; None                                                ; -2.133 ns  ; write_data[2] ; cache:inst|lpm_dff1:inst99|lpm_ff:lpm_ff_component|dffs[2]                                                       ; address[0] ;
; N/A                                     ; None                                                ; -2.167 ns  ; write_data[2] ; cache:inst|lpm_dff1:inst83|lpm_ff:lpm_ff_component|dffs[2]                                                       ; address[1] ;
; N/A                                     ; None                                                ; -2.190 ns  ; write_data[0] ; cache:inst|lpm_dff1:inst87|lpm_ff:lpm_ff_component|dffs[0]                                                       ; address[6] ;
; N/A                                     ; None                                                ; -2.221 ns  ; write_data[4] ; cache:inst|lpm_dff1:inst59|lpm_ff:lpm_ff_component|dffs[4]                                                       ; clk        ;
; N/A                                     ; None                                                ; -2.242 ns  ; write_data[0] ; cache:inst|lpm_dff1:inst75|lpm_ff:lpm_ff_component|dffs[0]                                                       ; address[6] ;
; N/A                                     ; None                                                ; -2.247 ns  ; write_data[3] ; cache:inst|lpm_dff1:inst55|lpm_ff:lpm_ff_component|dffs[3]                                                       ; clk        ;
; N/A                                     ; None                                                ; -2.252 ns  ; write_data[2] ; cache:inst|lpm_dff1:inst103|lpm_ff:lpm_ff_component|dffs[2]                                                      ; address[0] ;
; N/A                                     ; None                                                ; -2.261 ns  ; write_data[2] ; cache:inst|lpm_dff1:inst71|lpm_ff:lpm_ff_component|dffs[2]                                                       ; address[1] ;
; N/A                                     ; None                                                ; -2.275 ns  ; write_data[0] ; cache:inst|lpm_dff1:inst75|lpm_ff:lpm_ff_component|dffs[0]                                                       ; clk        ;
; N/A                                     ; None                                                ; -2.307 ns  ; write_data[4] ; cache:inst|lpm_dff1:inst83|lpm_ff:lpm_ff_component|dffs[4]                                                       ; clk        ;
; N/A                                     ; None                                                ; -2.312 ns  ; write_data[0] ; cache:inst|lpm_dff1:inst83|lpm_ff:lpm_ff_component|dffs[0]                                                       ; clk        ;
; N/A                                     ; None                                                ; -2.315 ns  ; write_data[0] ; cache:inst|lpm_dff1:inst67|lpm_ff:lpm_ff_component|dffs[0]                                                       ; clk        ;
; N/A                                     ; None                                                ; -2.329 ns  ; write_data[0] ; cache:inst|lpm_dff1:inst71|lpm_ff:lpm_ff_component|dffs[0]                                                       ; clk        ;
; N/A                                     ; None                                                ; -2.344 ns  ; write_data[0] ; cache:inst|lpm_dff1:inst71|lpm_ff:lpm_ff_component|dffs[0]                                                       ; address[6] ;
; N/A                                     ; None                                                ; -2.359 ns  ; write_data[4] ; cache:inst|lpm_dff1:inst99|lpm_ff:lpm_ff_component|dffs[4]                                                       ; address[6] ;
; N/A                                     ; None                                                ; -2.367 ns  ; write_data[4] ; cache:inst|lpm_dff1:inst83|lpm_ff:lpm_ff_component|dffs[4]                                                       ; address[6] ;
; N/A                                     ; None                                                ; -2.372 ns  ; write_data[0] ; cache:inst|lpm_dff1:inst83|lpm_ff:lpm_ff_component|dffs[0]                                                       ; address[6] ;
; N/A                                     ; None                                                ; -2.379 ns  ; write_data[1] ; cache:inst|lpm_dff1:inst83|lpm_ff:lpm_ff_component|dffs[1]                                                       ; clk        ;
; N/A                                     ; None                                                ; -2.425 ns  ; write_data[0] ; cache:inst|lpm_dff1:inst111|lpm_ff:lpm_ff_component|dffs[0]                                                      ; address[6] ;
; N/A                                     ; None                                                ; -2.437 ns  ; write_data[0] ; cache:inst|lpm_dff1:inst103|lpm_ff:lpm_ff_component|dffs[0]                                                      ; address[6] ;
; N/A                                     ; None                                                ; -2.439 ns  ; write_data[1] ; cache:inst|lpm_dff1:inst83|lpm_ff:lpm_ff_component|dffs[1]                                                       ; address[6] ;
; N/A                                     ; None                                                ; -2.439 ns  ; write_data[0] ; cache:inst|lpm_dff1:inst87|lpm_ff:lpm_ff_component|dffs[0]                                                       ; address[5] ;
; N/A                                     ; None                                                ; -2.442 ns  ; write_data[2] ; cache:inst|lpm_dff1:inst75|lpm_ff:lpm_ff_component|dffs[2]                                                       ; address[0] ;
; N/A                                     ; None                                                ; -2.449 ns  ; write_data[0] ; cache:inst|lpm_dff1:inst59|lpm_ff:lpm_ff_component|dffs[0]                                                       ; clk        ;
; N/A                                     ; None                                                ; -2.469 ns  ; write_data[0] ; cache:inst|lpm_dff1:inst63|lpm_ff:lpm_ff_component|dffs[0]                                                       ; clk        ;
; N/A                                     ; None                                                ; -2.477 ns  ; write_data[2] ; cache:inst|lpm_dff1:inst59|lpm_ff:lpm_ff_component|dffs[2]                                                       ; address[0] ;
; N/A                                     ; None                                                ; -2.478 ns  ; write_data[0] ; cache:inst|lpm_dff1:inst87|lpm_ff:lpm_ff_component|dffs[0]                                                       ; address[4] ;
; Timing analysis restricted to 200 rows. ; To change the limit use Settings (Assignments menu) ;            ;               ;                                                                                                                  ;            ;
+-----------------------------------------+-----------------------------------------------------+------------+---------------+------------------------------------------------------------------------------------------------------------------+------------+


+----------------------------------------------------------------------------------------------------------------------------------------------------------------------------------------------------------------------------------------------+
; tco                                                                                                                                                                                                                                          ;
+-----------------------------------------+-----------------------------------------------------+------------+----------------------------------------------------------------------------------------------------+---------------+------------+
; Slack                                   ; Required tco                                        ; Actual tco ; From                                                                                               ; To            ; From Clock ;
+-----------------------------------------+-----------------------------------------------------+------------+----------------------------------------------------------------------------------------------------+---------------+------------+
; N/A                                     ; None                                                ; 20.921 ns  ; cache:inst|lpm_dff1:inst59|lpm_ff:lpm_ff_component|dffs[0]                                         ; cache_data[0] ; clk        ;
; N/A                                     ; None                                                ; 20.790 ns  ; cache:inst|lpm_dff1:inst79|lpm_ff:lpm_ff_component|dffs[0]                                         ; cache_data[0] ; clk        ;
; N/A                                     ; None                                                ; 20.740 ns  ; cache:inst|lpm_dff1:inst107|lpm_ff:lpm_ff_component|dffs[0]                                        ; cache_data[0] ; clk        ;
; N/A                                     ; None                                                ; 20.415 ns  ; cache:inst|lpm_dff1:inst59|lpm_ff:lpm_ff_component|dffs[2]                                         ; cache_data[2] ; clk        ;
; N/A                                     ; None                                                ; 20.403 ns  ; cache:inst|lpm_dff1:inst71|lpm_ff:lpm_ff_component|dffs[1]                                         ; cache_data[1] ; clk        ;
; N/A                                     ; None                                                ; 20.395 ns  ; cache:inst|lpm_dff1:inst103|lpm_ff:lpm_ff_component|dffs[2]                                        ; cache_data[2] ; clk        ;
; N/A                                     ; None                                                ; 20.387 ns  ; cache:inst|lpm_dff1:inst103|lpm_ff:lpm_ff_component|dffs[4]                                        ; cache_data[4] ; clk        ;
; N/A                                     ; None                                                ; 20.372 ns  ; cache:inst|lpm_dff1:inst103|lpm_ff:lpm_ff_component|dffs[1]                                        ; cache_data[1] ; clk        ;
; N/A                                     ; None                                                ; 20.369 ns  ; cache:inst|lpm_dff1:inst75|lpm_ff:lpm_ff_component|dffs[0]                                         ; cache_data[0] ; clk        ;
; N/A                                     ; None                                                ; 20.226 ns  ; cache:inst|lpm_dff1:inst95|lpm_ff:lpm_ff_component|dffs[0]                                         ; cache_data[0] ; clk        ;
; N/A                                     ; None                                                ; 20.209 ns  ; cache:inst|lpm_dff1:inst71|lpm_ff:lpm_ff_component|dffs[0]                                         ; cache_data[0] ; clk        ;
; N/A                                     ; None                                                ; 20.185 ns  ; cache:inst|lpm_dff1:inst107|lpm_ff:lpm_ff_component|dffs[3]                                        ; cache_data[3] ; clk        ;
; N/A                                     ; None                                                ; 20.181 ns  ; cache:inst|lpm_dff1:inst59|lpm_ff:lpm_ff_component|dffs[3]                                         ; cache_data[3] ; clk        ;
; N/A                                     ; None                                                ; 20.172 ns  ; cache:inst|lpm_dff1:inst59|lpm_ff:lpm_ff_component|dffs[4]                                         ; cache_data[4] ; clk        ;
; N/A                                     ; None                                                ; 20.144 ns  ; cache:inst|lpm_dff1:inst111|lpm_ff:lpm_ff_component|dffs[0]                                        ; cache_data[0] ; clk        ;
; N/A                                     ; None                                                ; 20.117 ns  ; cache:inst|lpm_dff1:inst111|lpm_ff:lpm_ff_component|dffs[1]                                        ; cache_data[1] ; clk        ;
; N/A                                     ; None                                                ; 20.116 ns  ; cache:inst|lpm_dff1:inst71|lpm_ff:lpm_ff_component|dffs[3]                                         ; cache_data[3] ; clk        ;
; N/A                                     ; None                                                ; 20.089 ns  ; cache:inst|lpm_dff1:inst91|lpm_ff:lpm_ff_component|dffs[1]                                         ; cache_data[1] ; clk        ;
; N/A                                     ; None                                                ; 20.045 ns  ; cache:inst|lpm_dff1:inst115|lpm_ff:lpm_ff_component|dffs[2]                                        ; cache_data[2] ; clk        ;
; N/A                                     ; None                                                ; 20.020 ns  ; cache:inst|lpm_dff1:inst71|lpm_ff:lpm_ff_component|dffs[4]                                         ; cache_data[4] ; clk        ;
; N/A                                     ; None                                                ; 20.011 ns  ; cache:inst|lpm_dff1:inst91|lpm_ff:lpm_ff_component|dffs[3]                                         ; cache_data[3] ; clk        ;
; N/A                                     ; None                                                ; 20.008 ns  ; cache:inst|lpm_dff1:inst71|lpm_ff:lpm_ff_component|dffs[2]                                         ; cache_data[2] ; clk        ;
; N/A                                     ; None                                                ; 19.971 ns  ; cache:inst|lpm_dff1:inst91|lpm_ff:lpm_ff_component|dffs[0]                                         ; cache_data[0] ; clk        ;
; N/A                                     ; None                                                ; 19.956 ns  ; cache:inst|lpm_dff1:inst67|lpm_ff:lpm_ff_component|dffs[1]                                         ; cache_data[1] ; clk        ;
; N/A                                     ; None                                                ; 19.935 ns  ; cache:inst|lpm_dff1:inst63|lpm_ff:lpm_ff_component|dffs[0]                                         ; cache_data[0] ; clk        ;
; N/A                                     ; None                                                ; 19.895 ns  ; cache:inst|lpm_dff1:inst111|lpm_ff:lpm_ff_component|dffs[2]                                        ; cache_data[2] ; clk        ;
; N/A                                     ; None                                                ; 19.880 ns  ; cache:inst|lpm_dff1:inst115|lpm_ff:lpm_ff_component|dffs[3]                                        ; cache_data[3] ; clk        ;
; N/A                                     ; None                                                ; 19.874 ns  ; cache:inst|lpm_dff1:inst75|lpm_ff:lpm_ff_component|dffs[1]                                         ; cache_data[1] ; clk        ;
; N/A                                     ; None                                                ; 19.861 ns  ; cache:inst|lpm_dff1:inst91|lpm_ff:lpm_ff_component|dffs[2]                                         ; cache_data[2] ; clk        ;
; N/A                                     ; None                                                ; 19.847 ns  ; cache:inst|lpm_dff1:inst103|lpm_ff:lpm_ff_component|dffs[0]                                        ; cache_data[0] ; clk        ;
; N/A                                     ; None                                                ; 19.795 ns  ; cache:inst|lpm_dff1:inst59|lpm_ff:lpm_ff_component|dffs[1]                                         ; cache_data[1] ; clk        ;
; N/A                                     ; None                                                ; 19.786 ns  ; cache:inst|lpm_dff1:inst67|lpm_ff:lpm_ff_component|dffs[3]                                         ; cache_data[3] ; clk        ;
; N/A                                     ; None                                                ; 19.764 ns  ; cache:inst|lpm_dff1:inst55|lpm_ff:lpm_ff_component|dffs[3]                                         ; cache_data[3] ; clk        ;
; N/A                                     ; None                                                ; 19.738 ns  ; cache:inst|lpm_dff1:inst75|lpm_ff:lpm_ff_component|dffs[2]                                         ; cache_data[2] ; clk        ;
; N/A                                     ; None                                                ; 19.729 ns  ; cache:inst|lpm_dff1:inst107|lpm_ff:lpm_ff_component|dffs[1]                                        ; cache_data[1] ; clk        ;
; N/A                                     ; None                                                ; 19.704 ns  ; cache:inst|lpm_dff1:inst55|lpm_ff:lpm_ff_component|dffs[0]                                         ; cache_data[0] ; clk        ;
; N/A                                     ; None                                                ; 19.643 ns  ; cache:inst|lpm_dff1:inst75|lpm_ff:lpm_ff_component|dffs[4]                                         ; cache_data[4] ; clk        ;
; N/A                                     ; None                                                ; 19.640 ns  ; cache:inst|lpm_dff1:inst83|lpm_ff:lpm_ff_component|dffs[1]                                         ; cache_data[1] ; clk        ;
; N/A                                     ; None                                                ; 19.639 ns  ; cache:inst|lpm_dff1:inst107|lpm_ff:lpm_ff_component|dffs[2]                                        ; cache_data[2] ; clk        ;
; N/A                                     ; None                                                ; 19.621 ns  ; cache:inst|lpm_dff1:inst79|lpm_ff:lpm_ff_component|dffs[1]                                         ; cache_data[1] ; clk        ;
; N/A                                     ; None                                                ; 19.612 ns  ; cache:inst|lpm_dff1:inst107|lpm_ff:lpm_ff_component|dffs[4]                                        ; cache_data[4] ; clk        ;
; N/A                                     ; None                                                ; 19.593 ns  ; cache:inst|lpm_dff1:inst111|lpm_ff:lpm_ff_component|dffs[4]                                        ; cache_data[4] ; clk        ;
; N/A                                     ; None                                                ; 19.587 ns  ; cache:inst|lpm_dff1:inst115|lpm_ff:lpm_ff_component|dffs[1]                                        ; cache_data[1] ; clk        ;
; N/A                                     ; None                                                ; 19.586 ns  ; cache:inst|lpm_dff1:inst67|lpm_ff:lpm_ff_component|dffs[2]                                         ; cache_data[2] ; clk        ;
; N/A                                     ; None                                                ; 19.586 ns  ; cache:inst|lpm_dff1:inst91|lpm_ff:lpm_ff_component|dffs[4]                                         ; cache_data[4] ; clk        ;
; N/A                                     ; None                                                ; 19.571 ns  ; cache:inst|lpm_dff1:inst87|lpm_ff:lpm_ff_component|dffs[0]                                         ; cache_data[0] ; clk        ;
; N/A                                     ; None                                                ; 19.559 ns  ; cache:inst|lpm_dff1:inst115|lpm_ff:lpm_ff_component|dffs[4]                                        ; cache_data[4] ; clk        ;
; N/A                                     ; None                                                ; 19.552 ns  ; cache:inst|lpm_dff1:inst67|lpm_ff:lpm_ff_component|dffs[0]                                         ; cache_data[0] ; clk        ;
; N/A                                     ; None                                                ; 19.546 ns  ; cache:inst|lpm_dff1:inst99|lpm_ff:lpm_ff_component|dffs[2]                                         ; cache_data[2] ; clk        ;
; N/A                                     ; None                                                ; 19.509 ns  ; cache:inst|lpm_dff1:inst111|lpm_ff:lpm_ff_component|dffs[3]                                        ; cache_data[3] ; clk        ;
; N/A                                     ; None                                                ; 19.474 ns  ; cache:inst|lpm_dff1:inst83|lpm_ff:lpm_ff_component|dffs[3]                                         ; cache_data[3] ; clk        ;
; N/A                                     ; None                                                ; 19.472 ns  ; cache:inst|lpm_dff1:inst115|lpm_ff:lpm_ff_component|dffs[0]                                        ; cache_data[0] ; clk        ;
; N/A                                     ; None                                                ; 19.466 ns  ; cache:inst|lpm_dff1:inst67|lpm_ff:lpm_ff_component|dffs[4]                                         ; cache_data[4] ; clk        ;
; N/A                                     ; None                                                ; 19.407 ns  ; cache:inst|lpm_dff1:inst95|lpm_ff:lpm_ff_component|dffs[3]                                         ; cache_data[3] ; clk        ;
; N/A                                     ; None                                                ; 19.392 ns  ; cache:inst|lpm_dff1:inst79|lpm_ff:lpm_ff_component|dffs[2]                                         ; cache_data[2] ; clk        ;
; N/A                                     ; None                                                ; 19.391 ns  ; cache:inst|lpm_dff1:inst79|lpm_ff:lpm_ff_component|dffs[4]                                         ; cache_data[4] ; clk        ;
; N/A                                     ; None                                                ; 19.343 ns  ; cache:inst|lpm_dff1:inst75|lpm_ff:lpm_ff_component|dffs[3]                                         ; cache_data[3] ; clk        ;
; N/A                                     ; None                                                ; 19.320 ns  ; cache:inst|lpm_dff1:inst99|lpm_ff:lpm_ff_component|dffs[3]                                         ; cache_data[3] ; clk        ;
; N/A                                     ; None                                                ; 19.304 ns  ; cache:inst|lpm_dff1:inst103|lpm_ff:lpm_ff_component|dffs[3]                                        ; cache_data[3] ; clk        ;
; N/A                                     ; None                                                ; 19.301 ns  ; cache:inst|lpm_dff1:inst55|lpm_ff:lpm_ff_component|dffs[4]                                         ; cache_data[4] ; clk        ;
; N/A                                     ; None                                                ; 19.300 ns  ; cache:inst|lpm_dff1:inst95|lpm_ff:lpm_ff_component|dffs[2]                                         ; cache_data[2] ; clk        ;
; N/A                                     ; None                                                ; 19.265 ns  ; cache:inst|lpm_dff1:inst55|lpm_ff:lpm_ff_component|dffs[2]                                         ; cache_data[2] ; clk        ;
; N/A                                     ; None                                                ; 19.249 ns  ; cache:inst|lpm_dff1:inst83|lpm_ff:lpm_ff_component|dffs[2]                                         ; cache_data[2] ; clk        ;
; N/A                                     ; None                                                ; 19.241 ns  ; cache:inst|lpm_dff1:inst99|lpm_ff:lpm_ff_component|dffs[1]                                         ; cache_data[1] ; clk        ;
; N/A                                     ; None                                                ; 19.239 ns  ; cache:inst|lpm_dff1:inst55|lpm_ff:lpm_ff_component|dffs[1]                                         ; cache_data[1] ; clk        ;
; N/A                                     ; None                                                ; 19.222 ns  ; cache:inst|lpm_dff1:inst79|lpm_ff:lpm_ff_component|dffs[3]                                         ; cache_data[3] ; clk        ;
; N/A                                     ; None                                                ; 19.207 ns  ; cache:inst|lpm_dff1:inst99|lpm_ff:lpm_ff_component|dffs[4]                                         ; cache_data[4] ; clk        ;
; N/A                                     ; None                                                ; 19.195 ns  ; cache:inst|lpm_dff1:inst83|lpm_ff:lpm_ff_component|dffs[0]                                         ; cache_data[0] ; clk        ;
; N/A                                     ; None                                                ; 19.182 ns  ; cache:inst|lpm_dff1:inst95|lpm_ff:lpm_ff_component|dffs[1]                                         ; cache_data[1] ; clk        ;
; N/A                                     ; None                                                ; 19.099 ns  ; cache:inst|lpm_dff1:inst83|lpm_ff:lpm_ff_component|dffs[4]                                         ; cache_data[4] ; clk        ;
; N/A                                     ; None                                                ; 19.024 ns  ; cache:inst|lpm_dff1:inst87|lpm_ff:lpm_ff_component|dffs[1]                                         ; cache_data[1] ; clk        ;
; N/A                                     ; None                                                ; 19.016 ns  ; cache:inst|lpm_dff1:inst63|lpm_ff:lpm_ff_component|dffs[3]                                         ; cache_data[3] ; clk        ;
; N/A                                     ; None                                                ; 18.960 ns  ; cache:inst|lpm_dff1:inst87|lpm_ff:lpm_ff_component|dffs[3]                                         ; cache_data[3] ; clk        ;
; N/A                                     ; None                                                ; 18.939 ns  ; cache:inst|lpm_dff1:inst63|lpm_ff:lpm_ff_component|dffs[2]                                         ; cache_data[2] ; clk        ;
; N/A                                     ; None                                                ; 18.924 ns  ; cache:inst|lpm_dff1:inst99|lpm_ff:lpm_ff_component|dffs[0]                                         ; cache_data[0] ; clk        ;
; N/A                                     ; None                                                ; 18.912 ns  ; cache:inst|lpm_dff1:inst63|lpm_ff:lpm_ff_component|dffs[1]                                         ; cache_data[1] ; clk        ;
; N/A                                     ; None                                                ; 18.894 ns  ; cache:inst|lpm_dff1:inst87|lpm_ff:lpm_ff_component|dffs[2]                                         ; cache_data[2] ; clk        ;
; N/A                                     ; None                                                ; 18.864 ns  ; cache:inst|lpm_dff1:inst63|lpm_ff:lpm_ff_component|dffs[4]                                         ; cache_data[4] ; clk        ;
; N/A                                     ; None                                                ; 18.829 ns  ; cache:inst|lpm_dff1:inst95|lpm_ff:lpm_ff_component|dffs[4]                                         ; cache_data[4] ; clk        ;
; N/A                                     ; None                                                ; 18.570 ns  ; cache:inst|lpm_dff1:inst87|lpm_ff:lpm_ff_component|dffs[4]                                         ; cache_data[4] ; clk        ;
; N/A                                     ; None                                                ; 17.975 ns  ; cache:inst|lpm_counter1:inst22|lpm_counter:lpm_counter_component|cntr_a2k:auto_generated|safe_q[0] ; cache_data[0] ; clk        ;
; N/A                                     ; None                                                ; 17.779 ns  ; cache:inst|lpm_counter1:inst22|lpm_counter:lpm_counter_component|cntr_a2k:auto_generated|safe_q[1] ; cache_data[0] ; clk        ;
; N/A                                     ; None                                                ; 17.477 ns  ; cache:inst|lpm_counter1:inst22|lpm_counter:lpm_counter_component|cntr_a2k:auto_generated|safe_q[0] ; cache_data[1] ; clk        ;
; N/A                                     ; None                                                ; 17.433 ns  ; cache:inst|lpm_dff1:inst59|lpm_ff:lpm_ff_component|dffs[0]                                         ; cache_data[0] ; address[6] ;
; N/A                                     ; None                                                ; 17.395 ns  ; cache:inst|lpm_dff0:inst33|lpm_ff:lpm_ff_component|dffs[4]                                         ; cache_data[0] ; clk        ;
; N/A                                     ; None                                                ; 17.376 ns  ; cache:inst|lpm_dff1:inst59|lpm_ff:lpm_ff_component|dffs[0]                                         ; cache_data[0] ; address[2] ;
; N/A                                     ; None                                                ; 17.302 ns  ; cache:inst|lpm_dff1:inst79|lpm_ff:lpm_ff_component|dffs[0]                                         ; cache_data[0] ; address[6] ;
; N/A                                     ; None                                                ; 17.261 ns  ; cache:inst|lpm_dff1:inst59|lpm_ff:lpm_ff_component|dffs[0]                                         ; cache_data[0] ; address[4] ;
; N/A                                     ; None                                                ; 17.252 ns  ; cache:inst|lpm_dff1:inst107|lpm_ff:lpm_ff_component|dffs[0]                                        ; cache_data[0] ; address[6] ;
; N/A                                     ; None                                                ; 17.245 ns  ; cache:inst|lpm_dff1:inst79|lpm_ff:lpm_ff_component|dffs[0]                                         ; cache_data[0] ; address[2] ;
; N/A                                     ; None                                                ; 17.244 ns  ; cache:inst|lpm_counter1:inst22|lpm_counter:lpm_counter_component|cntr_a2k:auto_generated|safe_q[0] ; cache_data[4] ; clk        ;
; N/A                                     ; None                                                ; 17.238 ns  ; cache:inst|lpm_dff0:inst45|lpm_ff:lpm_ff_component|dffs[1]                                         ; cache_data[0] ; clk        ;
; N/A                                     ; None                                                ; 17.200 ns  ; cache:inst|lpm_dff0:inst51|lpm_ff:lpm_ff_component|dffs[1]                                         ; cache_data[0] ; clk        ;
; N/A                                     ; None                                                ; 17.195 ns  ; cache:inst|lpm_dff1:inst107|lpm_ff:lpm_ff_component|dffs[0]                                        ; cache_data[0] ; address[2] ;
; N/A                                     ; None                                                ; 17.130 ns  ; cache:inst|lpm_dff1:inst79|lpm_ff:lpm_ff_component|dffs[0]                                         ; cache_data[0] ; address[4] ;
; N/A                                     ; None                                                ; 17.109 ns  ; cache:inst|lpm_dff0:inst33|lpm_ff:lpm_ff_component|dffs[2]                                         ; cache_data[0] ; clk        ;
; N/A                                     ; None                                                ; 17.080 ns  ; cache:inst|lpm_dff1:inst107|lpm_ff:lpm_ff_component|dffs[0]                                        ; cache_data[0] ; address[4] ;
; N/A                                     ; None                                                ; 17.074 ns  ; cache:inst|lpm_counter1:inst22|lpm_counter:lpm_counter_component|cntr_a2k:auto_generated|safe_q[0] ; cache_data[3] ; clk        ;
; N/A                                     ; None                                                ; 17.034 ns  ; cache:inst|lpm_dff0:inst45|lpm_ff:lpm_ff_component|dffs[2]                                         ; cache_data[0] ; clk        ;
; N/A                                     ; None                                                ; 17.006 ns  ; cache:inst|lpm_dff0:inst51|lpm_ff:lpm_ff_component|dffs[2]                                         ; cache_data[0] ; clk        ;
; N/A                                     ; None                                                ; 17.000 ns  ; cache:inst|lpm_dff0:inst33|lpm_ff:lpm_ff_component|dffs[1]                                         ; cache_data[0] ; clk        ;
; N/A                                     ; None                                                ; 16.989 ns  ; cache:inst|lpm_dff0:inst39|lpm_ff:lpm_ff_component|dffs[0]                                         ; cache_data[0] ; clk        ;
; N/A                                     ; None                                                ; 16.971 ns  ; cache:inst|lpm_counter1:inst22|lpm_counter:lpm_counter_component|cntr_a2k:auto_generated|safe_q[1] ; cache_data[1] ; clk        ;
; N/A                                     ; None                                                ; 16.946 ns  ; cache:inst|lpm_dff0:inst51|lpm_ff:lpm_ff_component|dffs[0]                                         ; cache_data[0] ; clk        ;
; N/A                                     ; None                                                ; 16.927 ns  ; cache:inst|lpm_dff1:inst59|lpm_ff:lpm_ff_component|dffs[2]                                         ; cache_data[2] ; address[6] ;
; N/A                                     ; None                                                ; 16.915 ns  ; cache:inst|lpm_dff1:inst71|lpm_ff:lpm_ff_component|dffs[1]                                         ; cache_data[1] ; address[6] ;
; N/A                                     ; None                                                ; 16.907 ns  ; cache:inst|lpm_dff1:inst103|lpm_ff:lpm_ff_component|dffs[2]                                        ; cache_data[2] ; address[6] ;
; N/A                                     ; None                                                ; 16.899 ns  ; cache:inst|lpm_counter1:inst22|lpm_counter:lpm_counter_component|cntr_a2k:auto_generated|safe_q[0] ; cache_data[2] ; clk        ;
; N/A                                     ; None                                                ; 16.899 ns  ; cache:inst|lpm_dff1:inst103|lpm_ff:lpm_ff_component|dffs[4]                                        ; cache_data[4] ; address[6] ;
; N/A                                     ; None                                                ; 16.897 ns  ; cache:inst|lpm_dff0:inst33|lpm_ff:lpm_ff_component|dffs[4]                                         ; cache_data[1] ; clk        ;
; N/A                                     ; None                                                ; 16.884 ns  ; cache:inst|lpm_dff1:inst103|lpm_ff:lpm_ff_component|dffs[1]                                        ; cache_data[1] ; address[6] ;
; N/A                                     ; None                                                ; 16.882 ns  ; cache:inst|lpm_dff1:inst59|lpm_ff:lpm_ff_component|dffs[0]                                         ; cache_data[0] ; address[5] ;
; N/A                                     ; None                                                ; 16.881 ns  ; cache:inst|lpm_dff1:inst75|lpm_ff:lpm_ff_component|dffs[0]                                         ; cache_data[0] ; address[6] ;
; N/A                                     ; None                                                ; 16.871 ns  ; cache:inst|lpm_dff1:inst59|lpm_ff:lpm_ff_component|dffs[0]                                         ; cache_data[0] ; address[3] ;
; N/A                                     ; None                                                ; 16.870 ns  ; cache:inst|lpm_dff1:inst59|lpm_ff:lpm_ff_component|dffs[2]                                         ; cache_data[2] ; address[2] ;
; N/A                                     ; None                                                ; 16.858 ns  ; cache:inst|lpm_dff1:inst71|lpm_ff:lpm_ff_component|dffs[1]                                         ; cache_data[1] ; address[2] ;
; N/A                                     ; None                                                ; 16.852 ns  ; cache:inst|lpm_dff0:inst39|lpm_ff:lpm_ff_component|dffs[2]                                         ; cache_data[0] ; clk        ;
; N/A                                     ; None                                                ; 16.850 ns  ; cache:inst|lpm_dff1:inst103|lpm_ff:lpm_ff_component|dffs[2]                                        ; cache_data[2] ; address[2] ;
; N/A                                     ; None                                                ; 16.842 ns  ; cache:inst|lpm_dff1:inst103|lpm_ff:lpm_ff_component|dffs[4]                                        ; cache_data[4] ; address[2] ;
; N/A                                     ; None                                                ; 16.841 ns  ; cache:inst|lpm_dff0:inst45|lpm_ff:lpm_ff_component|dffs[0]                                         ; cache_data[0] ; clk        ;
; N/A                                     ; None                                                ; 16.827 ns  ; cache:inst|lpm_dff1:inst103|lpm_ff:lpm_ff_component|dffs[1]                                        ; cache_data[1] ; address[2] ;
; N/A                                     ; None                                                ; 16.824 ns  ; cache:inst|lpm_dff1:inst75|lpm_ff:lpm_ff_component|dffs[0]                                         ; cache_data[0] ; address[2] ;
; N/A                                     ; None                                                ; 16.819 ns  ; cache:inst|lpm_counter1:inst22|lpm_counter:lpm_counter_component|cntr_a2k:auto_generated|safe_q[1] ; cache_data[2] ; clk        ;
; N/A                                     ; None                                                ; 16.755 ns  ; cache:inst|lpm_dff0:inst51|lpm_ff:lpm_ff_component|dffs[4]                                         ; cache_data[0] ; clk        ;
; N/A                                     ; None                                                ; 16.755 ns  ; cache:inst|lpm_dff1:inst59|lpm_ff:lpm_ff_component|dffs[2]                                         ; cache_data[2] ; address[4] ;
; N/A                                     ; None                                                ; 16.751 ns  ; cache:inst|lpm_dff1:inst79|lpm_ff:lpm_ff_component|dffs[0]                                         ; cache_data[0] ; address[5] ;
; N/A                                     ; None                                                ; 16.745 ns  ; cache:inst|lpm_counter1:inst22|lpm_counter:lpm_counter_component|cntr_a2k:auto_generated|safe_q[1] ; cache_data[4] ; clk        ;
; N/A                                     ; None                                                ; 16.743 ns  ; cache:inst|lpm_dff1:inst71|lpm_ff:lpm_ff_component|dffs[1]                                         ; cache_data[1] ; address[4] ;
; N/A                                     ; None                                                ; 16.740 ns  ; cache:inst|lpm_dff1:inst79|lpm_ff:lpm_ff_component|dffs[0]                                         ; cache_data[0] ; address[3] ;
; N/A                                     ; None                                                ; 16.740 ns  ; cache:inst|lpm_dff0:inst45|lpm_ff:lpm_ff_component|dffs[1]                                         ; cache_data[1] ; clk        ;
; N/A                                     ; None                                                ; 16.738 ns  ; cache:inst|lpm_dff1:inst95|lpm_ff:lpm_ff_component|dffs[0]                                         ; cache_data[0] ; address[6] ;
; N/A                                     ; None                                                ; 16.735 ns  ; cache:inst|lpm_dff1:inst103|lpm_ff:lpm_ff_component|dffs[2]                                        ; cache_data[2] ; address[4] ;
; N/A                                     ; None                                                ; 16.727 ns  ; cache:inst|lpm_dff1:inst103|lpm_ff:lpm_ff_component|dffs[4]                                        ; cache_data[4] ; address[4] ;
; N/A                                     ; None                                                ; 16.721 ns  ; cache:inst|lpm_dff1:inst71|lpm_ff:lpm_ff_component|dffs[0]                                         ; cache_data[0] ; address[6] ;
; N/A                                     ; None                                                ; 16.720 ns  ; cache:inst|lpm_dff0:inst39|lpm_ff:lpm_ff_component|dffs[1]                                         ; cache_data[0] ; clk        ;
; N/A                                     ; None                                                ; 16.712 ns  ; cache:inst|lpm_dff1:inst103|lpm_ff:lpm_ff_component|dffs[1]                                        ; cache_data[1] ; address[4] ;
; N/A                                     ; None                                                ; 16.709 ns  ; cache:inst|lpm_dff1:inst75|lpm_ff:lpm_ff_component|dffs[0]                                         ; cache_data[0] ; address[4] ;
; N/A                                     ; None                                                ; 16.702 ns  ; cache:inst|lpm_dff0:inst51|lpm_ff:lpm_ff_component|dffs[1]                                         ; cache_data[1] ; clk        ;
; N/A                                     ; None                                                ; 16.701 ns  ; cache:inst|lpm_dff1:inst107|lpm_ff:lpm_ff_component|dffs[0]                                        ; cache_data[0] ; address[5] ;
; N/A                                     ; None                                                ; 16.697 ns  ; cache:inst|lpm_dff1:inst107|lpm_ff:lpm_ff_component|dffs[3]                                        ; cache_data[3] ; address[6] ;
; N/A                                     ; None                                                ; 16.694 ns  ; cache:inst|lpm_dff0:inst33|lpm_ff:lpm_ff_component|dffs[0]                                         ; cache_data[0] ; clk        ;
; N/A                                     ; None                                                ; 16.693 ns  ; cache:inst|lpm_dff1:inst59|lpm_ff:lpm_ff_component|dffs[3]                                         ; cache_data[3] ; address[6] ;
; N/A                                     ; None                                                ; 16.690 ns  ; cache:inst|lpm_dff1:inst107|lpm_ff:lpm_ff_component|dffs[0]                                        ; cache_data[0] ; address[3] ;
; N/A                                     ; None                                                ; 16.684 ns  ; cache:inst|lpm_dff1:inst59|lpm_ff:lpm_ff_component|dffs[4]                                         ; cache_data[4] ; address[6] ;
; N/A                                     ; None                                                ; 16.681 ns  ; cache:inst|lpm_dff1:inst95|lpm_ff:lpm_ff_component|dffs[0]                                         ; cache_data[0] ; address[2] ;
; N/A                                     ; None                                                ; 16.664 ns  ; cache:inst|lpm_dff1:inst71|lpm_ff:lpm_ff_component|dffs[0]                                         ; cache_data[0] ; address[2] ;
; N/A                                     ; None                                                ; 16.664 ns  ; cache:inst|lpm_dff0:inst33|lpm_ff:lpm_ff_component|dffs[4]                                         ; cache_data[4] ; clk        ;
; N/A                                     ; None                                                ; 16.656 ns  ; cache:inst|lpm_dff1:inst111|lpm_ff:lpm_ff_component|dffs[0]                                        ; cache_data[0] ; address[6] ;
; N/A                                     ; None                                                ; 16.655 ns  ; cache:inst|lpm_counter1:inst22|lpm_counter:lpm_counter_component|cntr_a2k:auto_generated|safe_q[1] ; cache_data[3] ; clk        ;
; N/A                                     ; None                                                ; 16.640 ns  ; cache:inst|lpm_dff1:inst107|lpm_ff:lpm_ff_component|dffs[3]                                        ; cache_data[3] ; address[2] ;
; N/A                                     ; None                                                ; 16.637 ns  ; cache:inst|lpm_dff0:inst45|lpm_ff:lpm_ff_component|dffs[4]                                         ; cache_data[0] ; clk        ;
; N/A                                     ; None                                                ; 16.636 ns  ; cache:inst|lpm_dff1:inst59|lpm_ff:lpm_ff_component|dffs[3]                                         ; cache_data[3] ; address[2] ;
; N/A                                     ; None                                                ; 16.629 ns  ; cache:inst|lpm_dff1:inst111|lpm_ff:lpm_ff_component|dffs[1]                                        ; cache_data[1] ; address[6] ;
; N/A                                     ; None                                                ; 16.628 ns  ; cache:inst|lpm_dff1:inst71|lpm_ff:lpm_ff_component|dffs[3]                                         ; cache_data[3] ; address[6] ;
; N/A                                     ; None                                                ; 16.627 ns  ; cache:inst|lpm_dff1:inst59|lpm_ff:lpm_ff_component|dffs[4]                                         ; cache_data[4] ; address[2] ;
; N/A                                     ; None                                                ; 16.612 ns  ; cache:inst|lpm_dff0:inst39|lpm_ff:lpm_ff_component|dffs[3]                                         ; cache_data[0] ; clk        ;
; N/A                                     ; None                                                ; 16.611 ns  ; cache:inst|lpm_dff0:inst33|lpm_ff:lpm_ff_component|dffs[2]                                         ; cache_data[1] ; clk        ;
; N/A                                     ; None                                                ; 16.601 ns  ; cache:inst|lpm_dff1:inst91|lpm_ff:lpm_ff_component|dffs[1]                                         ; cache_data[1] ; address[6] ;
; N/A                                     ; None                                                ; 16.599 ns  ; cache:inst|lpm_dff1:inst111|lpm_ff:lpm_ff_component|dffs[0]                                        ; cache_data[0] ; address[2] ;
; N/A                                     ; None                                                ; 16.572 ns  ; cache:inst|lpm_dff1:inst111|lpm_ff:lpm_ff_component|dffs[1]                                        ; cache_data[1] ; address[2] ;
; N/A                                     ; None                                                ; 16.571 ns  ; cache:inst|lpm_dff1:inst71|lpm_ff:lpm_ff_component|dffs[3]                                         ; cache_data[3] ; address[2] ;
; N/A                                     ; None                                                ; 16.566 ns  ; cache:inst|lpm_dff1:inst95|lpm_ff:lpm_ff_component|dffs[0]                                         ; cache_data[0] ; address[4] ;
; N/A                                     ; None                                                ; 16.557 ns  ; cache:inst|lpm_dff0:inst39|lpm_ff:lpm_ff_component|dffs[4]                                         ; cache_data[0] ; clk        ;
; N/A                                     ; None                                                ; 16.557 ns  ; cache:inst|lpm_dff1:inst115|lpm_ff:lpm_ff_component|dffs[2]                                        ; cache_data[2] ; address[6] ;
; N/A                                     ; None                                                ; 16.549 ns  ; cache:inst|lpm_dff1:inst71|lpm_ff:lpm_ff_component|dffs[0]                                         ; cache_data[0] ; address[4] ;
; N/A                                     ; None                                                ; 16.544 ns  ; cache:inst|lpm_dff1:inst91|lpm_ff:lpm_ff_component|dffs[1]                                         ; cache_data[1] ; address[2] ;
; N/A                                     ; None                                                ; 16.536 ns  ; cache:inst|lpm_dff0:inst45|lpm_ff:lpm_ff_component|dffs[2]                                         ; cache_data[1] ; clk        ;
; N/A                                     ; None                                                ; 16.532 ns  ; cache:inst|lpm_dff1:inst71|lpm_ff:lpm_ff_component|dffs[4]                                         ; cache_data[4] ; address[6] ;
; N/A                                     ; None                                                ; 16.525 ns  ; cache:inst|lpm_dff1:inst107|lpm_ff:lpm_ff_component|dffs[3]                                        ; cache_data[3] ; address[4] ;
; N/A                                     ; None                                                ; 16.523 ns  ; cache:inst|lpm_dff1:inst91|lpm_ff:lpm_ff_component|dffs[3]                                         ; cache_data[3] ; address[6] ;
; N/A                                     ; None                                                ; 16.521 ns  ; cache:inst|lpm_dff1:inst59|lpm_ff:lpm_ff_component|dffs[3]                                         ; cache_data[3] ; address[4] ;
; N/A                                     ; None                                                ; 16.520 ns  ; cache:inst|lpm_dff1:inst71|lpm_ff:lpm_ff_component|dffs[2]                                         ; cache_data[2] ; address[6] ;
; N/A                                     ; None                                                ; 16.512 ns  ; cache:inst|lpm_dff1:inst59|lpm_ff:lpm_ff_component|dffs[4]                                         ; cache_data[4] ; address[4] ;
; N/A                                     ; None                                                ; 16.508 ns  ; cache:inst|lpm_dff0:inst51|lpm_ff:lpm_ff_component|dffs[2]                                         ; cache_data[1] ; clk        ;
; N/A                                     ; None                                                ; 16.507 ns  ; cache:inst|lpm_dff0:inst45|lpm_ff:lpm_ff_component|dffs[1]                                         ; cache_data[4] ; clk        ;
; N/A                                     ; None                                                ; 16.502 ns  ; cache:inst|lpm_dff0:inst33|lpm_ff:lpm_ff_component|dffs[1]                                         ; cache_data[1] ; clk        ;
; N/A                                     ; None                                                ; 16.500 ns  ; cache:inst|lpm_dff1:inst115|lpm_ff:lpm_ff_component|dffs[2]                                        ; cache_data[2] ; address[2] ;
; N/A                                     ; None                                                ; 16.494 ns  ; cache:inst|lpm_dff0:inst33|lpm_ff:lpm_ff_component|dffs[4]                                         ; cache_data[3] ; clk        ;
; N/A                                     ; None                                                ; 16.491 ns  ; cache:inst|lpm_dff0:inst39|lpm_ff:lpm_ff_component|dffs[0]                                         ; cache_data[1] ; clk        ;
; N/A                                     ; None                                                ; 16.484 ns  ; cache:inst|lpm_dff1:inst111|lpm_ff:lpm_ff_component|dffs[0]                                        ; cache_data[0] ; address[4] ;
; N/A                                     ; None                                                ; 16.483 ns  ; cache:inst|lpm_dff1:inst91|lpm_ff:lpm_ff_component|dffs[0]                                         ; cache_data[0] ; address[6] ;
; N/A                                     ; None                                                ; 16.475 ns  ; cache:inst|lpm_dff1:inst71|lpm_ff:lpm_ff_component|dffs[4]                                         ; cache_data[4] ; address[2] ;
; N/A                                     ; None                                                ; 16.469 ns  ; cache:inst|lpm_dff0:inst51|lpm_ff:lpm_ff_component|dffs[1]                                         ; cache_data[4] ; clk        ;
; N/A                                     ; None                                                ; 16.468 ns  ; cache:inst|lpm_dff1:inst67|lpm_ff:lpm_ff_component|dffs[1]                                         ; cache_data[1] ; address[6] ;
; N/A                                     ; None                                                ; 16.466 ns  ; cache:inst|lpm_dff1:inst91|lpm_ff:lpm_ff_component|dffs[3]                                         ; cache_data[3] ; address[2] ;
; N/A                                     ; None                                                ; 16.463 ns  ; cache:inst|lpm_dff1:inst71|lpm_ff:lpm_ff_component|dffs[2]                                         ; cache_data[2] ; address[2] ;
; N/A                                     ; None                                                ; 16.457 ns  ; cache:inst|lpm_dff1:inst111|lpm_ff:lpm_ff_component|dffs[1]                                        ; cache_data[1] ; address[4] ;
; N/A                                     ; None                                                ; 16.456 ns  ; cache:inst|lpm_dff1:inst71|lpm_ff:lpm_ff_component|dffs[3]                                         ; cache_data[3] ; address[4] ;
; N/A                                     ; None                                                ; 16.448 ns  ; cache:inst|lpm_dff0:inst51|lpm_ff:lpm_ff_component|dffs[0]                                         ; cache_data[1] ; clk        ;
; N/A                                     ; None                                                ; 16.447 ns  ; cache:inst|lpm_dff1:inst63|lpm_ff:lpm_ff_component|dffs[0]                                         ; cache_data[0] ; address[6] ;
; N/A                                     ; None                                                ; 16.429 ns  ; cache:inst|lpm_dff1:inst91|lpm_ff:lpm_ff_component|dffs[1]                                         ; cache_data[1] ; address[4] ;
; N/A                                     ; None                                                ; 16.426 ns  ; cache:inst|lpm_dff1:inst91|lpm_ff:lpm_ff_component|dffs[0]                                         ; cache_data[0] ; address[2] ;
; N/A                                     ; None                                                ; 16.411 ns  ; cache:inst|lpm_dff1:inst67|lpm_ff:lpm_ff_component|dffs[1]                                         ; cache_data[1] ; address[2] ;
; N/A                                     ; None                                                ; 16.407 ns  ; cache:inst|lpm_dff1:inst111|lpm_ff:lpm_ff_component|dffs[2]                                        ; cache_data[2] ; address[6] ;
; N/A                                     ; None                                                ; 16.392 ns  ; cache:inst|lpm_dff1:inst115|lpm_ff:lpm_ff_component|dffs[3]                                        ; cache_data[3] ; address[6] ;
; N/A                                     ; None                                                ; 16.390 ns  ; cache:inst|lpm_dff1:inst63|lpm_ff:lpm_ff_component|dffs[0]                                         ; cache_data[0] ; address[2] ;
; N/A                                     ; None                                                ; 16.386 ns  ; cache:inst|lpm_dff1:inst75|lpm_ff:lpm_ff_component|dffs[1]                                         ; cache_data[1] ; address[6] ;
; N/A                                     ; None                                                ; 16.385 ns  ; cache:inst|lpm_dff1:inst115|lpm_ff:lpm_ff_component|dffs[2]                                        ; cache_data[2] ; address[4] ;
; N/A                                     ; None                                                ; 16.378 ns  ; cache:inst|lpm_dff0:inst33|lpm_ff:lpm_ff_component|dffs[2]                                         ; cache_data[4] ; clk        ;
; N/A                                     ; None                                                ; 16.376 ns  ; cache:inst|lpm_dff1:inst59|lpm_ff:lpm_ff_component|dffs[2]                                         ; cache_data[2] ; address[5] ;
; Timing analysis restricted to 200 rows. ; To change the limit use Settings (Assignments menu) ;            ;                                                                                                    ;               ;            ;
+-----------------------------------------+-----------------------------------------------------+------------+----------------------------------------------------------------------------------------------------+---------------+------------+


+----------------------------------------------------------------------------------+
; tpd                                                                              ;
+-------+-------------------+-----------------+---------------+--------------------+
; Slack ; Required P2P Time ; Actual P2P Time ; From          ; To                 ;
+-------+-------------------+-----------------+---------------+--------------------+
; N/A   ; None              ; 13.907 ns       ; address[6]    ; cache_data[0]      ;
; N/A   ; None              ; 13.807 ns       ; address[2]    ; cache_data[0]      ;
; N/A   ; None              ; 13.735 ns       ; address[4]    ; cache_data[0]      ;
; N/A   ; None              ; 13.409 ns       ; address[6]    ; cache_data[1]      ;
; N/A   ; None              ; 13.309 ns       ; address[2]    ; cache_data[1]      ;
; N/A   ; None              ; 13.308 ns       ; address[5]    ; cache_data[0]      ;
; N/A   ; None              ; 13.303 ns       ; address[3]    ; cache_data[0]      ;
; N/A   ; None              ; 13.237 ns       ; address[4]    ; cache_data[1]      ;
; N/A   ; None              ; 13.176 ns       ; address[6]    ; cache_data[4]      ;
; N/A   ; None              ; 13.076 ns       ; address[2]    ; cache_data[4]      ;
; N/A   ; None              ; 13.006 ns       ; address[6]    ; cache_data[3]      ;
; N/A   ; None              ; 13.004 ns       ; address[4]    ; cache_data[4]      ;
; N/A   ; None              ; 12.906 ns       ; address[2]    ; cache_data[3]      ;
; N/A   ; None              ; 12.834 ns       ; address[4]    ; cache_data[3]      ;
; N/A   ; None              ; 12.831 ns       ; address[6]    ; cache_data[2]      ;
; N/A   ; None              ; 12.810 ns       ; address[5]    ; cache_data[1]      ;
; N/A   ; None              ; 12.805 ns       ; address[3]    ; cache_data[1]      ;
; N/A   ; None              ; 12.731 ns       ; address[2]    ; cache_data[2]      ;
; N/A   ; None              ; 12.659 ns       ; address[4]    ; cache_data[2]      ;
; N/A   ; None              ; 12.577 ns       ; address[5]    ; cache_data[4]      ;
; N/A   ; None              ; 12.572 ns       ; address[3]    ; cache_data[4]      ;
; N/A   ; None              ; 12.407 ns       ; address[5]    ; cache_data[3]      ;
; N/A   ; None              ; 12.402 ns       ; address[3]    ; cache_data[3]      ;
; N/A   ; None              ; 12.232 ns       ; address[5]    ; cache_data[2]      ;
; N/A   ; None              ; 12.227 ns       ; address[3]    ; cache_data[2]      ;
; N/A   ; None              ; 11.241 ns       ; read          ; address_out_ram[4] ;
; N/A   ; None              ; 10.993 ns       ; read          ; address_out_ram[3] ;
; N/A   ; None              ; 10.097 ns       ; read          ; address_out_ram[1] ;
; N/A   ; None              ; 9.973 ns        ; read          ; address_out_ram[0] ;
; N/A   ; None              ; 9.893 ns        ; address[1]    ; address_out_ram[1] ;
; N/A   ; None              ; 9.787 ns        ; address[0]    ; address_out_ram[0] ;
; N/A   ; None              ; 9.730 ns        ; write_data[1] ; data_out_ram[1]    ;
; N/A   ; None              ; 9.644 ns        ; address[5]    ; address_out_ram[5] ;
; N/A   ; None              ; 9.597 ns        ; address[6]    ; monitor            ;
; N/A   ; None              ; 9.576 ns        ; read          ; address_out_ram[6] ;
; N/A   ; None              ; 9.545 ns        ; read          ; address_out_ram[5] ;
; N/A   ; None              ; 9.497 ns        ; address[2]    ; monitor            ;
; N/A   ; None              ; 9.430 ns        ; write_data[4] ; data_out_ram[4]    ;
; N/A   ; None              ; 9.425 ns        ; address[4]    ; monitor            ;
; N/A   ; None              ; 9.350 ns        ; address[2]    ; address_out_ram[2] ;
; N/A   ; None              ; 9.315 ns        ; address[3]    ; address_out_ram[3] ;
; N/A   ; None              ; 9.241 ns        ; address[0]    ; cache_data[0]      ;
; N/A   ; None              ; 9.239 ns        ; address[1]    ; cache_data[0]      ;
; N/A   ; None              ; 9.228 ns        ; read          ; address_out_ram[2] ;
; N/A   ; None              ; 9.144 ns        ; write_data[3] ; data_out_ram[3]    ;
; N/A   ; None              ; 9.124 ns        ; write_data[0] ; data_out_ram[0]    ;
; N/A   ; None              ; 8.993 ns        ; address[3]    ; monitor            ;
; N/A   ; None              ; 8.955 ns        ; address[6]    ; address_out_ram[6] ;
; N/A   ; None              ; 8.872 ns        ; address[5]    ; monitor            ;
; N/A   ; None              ; 8.743 ns        ; address[0]    ; cache_data[1]      ;
; N/A   ; None              ; 8.611 ns        ; address[4]    ; address_out_ram[4] ;
; N/A   ; None              ; 8.596 ns        ; address[6]    ; MISS               ;
; N/A   ; None              ; 8.510 ns        ; address[0]    ; cache_data[4]      ;
; N/A   ; None              ; 8.496 ns        ; address[2]    ; MISS               ;
; N/A   ; None              ; 8.431 ns        ; address[1]    ; cache_data[1]      ;
; N/A   ; None              ; 8.424 ns        ; address[4]    ; MISS               ;
; N/A   ; None              ; 8.340 ns        ; address[0]    ; cache_data[3]      ;
; N/A   ; None              ; 8.279 ns        ; address[1]    ; cache_data[2]      ;
; N/A   ; None              ; 8.205 ns        ; address[1]    ; cache_data[4]      ;
; N/A   ; None              ; 8.165 ns        ; address[0]    ; cache_data[2]      ;
; N/A   ; None              ; 8.115 ns        ; address[1]    ; cache_data[3]      ;
; N/A   ; None              ; 8.097 ns        ; address[6]    ; HIT                ;
; N/A   ; None              ; 7.997 ns        ; address[2]    ; HIT                ;
; N/A   ; None              ; 7.997 ns        ; address[5]    ; MISS               ;
; N/A   ; None              ; 7.992 ns        ; address[3]    ; MISS               ;
; N/A   ; None              ; 7.925 ns        ; address[4]    ; HIT                ;
; N/A   ; None              ; 7.850 ns        ; clk           ; monitor            ;
; N/A   ; None              ; 7.498 ns        ; address[5]    ; HIT                ;
; N/A   ; None              ; 7.493 ns        ; address[3]    ; HIT                ;
; N/A   ; None              ; 5.565 ns        ; write_data[2] ; data_out_ram[2]    ;
+-------+-------------------+-----------------+---------------+--------------------+


+------------------------------------------------------------------------------------------------------------------------------------------------------------------------------------------------------+
; th                                                                                                                                                                                                   ;
+-----------------------------------------+-----------------------------------------------------+-----------+---------------+-------------------------------------------------------------+------------+
; Minimum Slack                           ; Required th                                         ; Actual th ; From          ; To                                                          ; To Clock   ;
+-----------------------------------------+-----------------------------------------------------+-----------+---------------+-------------------------------------------------------------+------------+
; N/A                                     ; None                                                ; 12.112 ns ; write_data[2] ; cache:inst|lpm_dff1:inst95|lpm_ff:lpm_ff_component|dffs[2]  ; clk        ;
; N/A                                     ; None                                                ; 12.053 ns ; write_data[2] ; cache:inst|lpm_dff1:inst91|lpm_ff:lpm_ff_component|dffs[2]  ; clk        ;
; N/A                                     ; None                                                ; 11.853 ns ; write_data[2] ; cache:inst|lpm_dff1:inst87|lpm_ff:lpm_ff_component|dffs[2]  ; clk        ;
; N/A                                     ; None                                                ; 11.731 ns ; write_data[2] ; cache:inst|lpm_dff1:inst63|lpm_ff:lpm_ff_component|dffs[2]  ; clk        ;
; N/A                                     ; None                                                ; 11.688 ns ; write_data[2] ; cache:inst|lpm_dff1:inst107|lpm_ff:lpm_ff_component|dffs[2] ; clk        ;
; N/A                                     ; None                                                ; 11.683 ns ; write_data[2] ; cache:inst|lpm_dff1:inst67|lpm_ff:lpm_ff_component|dffs[2]  ; clk        ;
; N/A                                     ; None                                                ; 11.679 ns ; write_data[2] ; cache:inst|lpm_dff1:inst59|lpm_ff:lpm_ff_component|dffs[2]  ; clk        ;
; N/A                                     ; None                                                ; 11.677 ns ; write_data[2] ; cache:inst|lpm_dff1:inst111|lpm_ff:lpm_ff_component|dffs[2] ; clk        ;
; N/A                                     ; None                                                ; 11.605 ns ; write_data[2] ; cache:inst|lpm_dff1:inst79|lpm_ff:lpm_ff_component|dffs[2]  ; clk        ;
; N/A                                     ; None                                                ; 11.563 ns ; write_data[2] ; cache:inst|lpm_dff1:inst55|lpm_ff:lpm_ff_component|dffs[2]  ; clk        ;
; N/A                                     ; None                                                ; 11.518 ns ; write_data[2] ; cache:inst|lpm_dff1:inst115|lpm_ff:lpm_ff_component|dffs[2] ; clk        ;
; N/A                                     ; None                                                ; 11.490 ns ; write_data[2] ; cache:inst|lpm_dff1:inst103|lpm_ff:lpm_ff_component|dffs[2] ; clk        ;
; N/A                                     ; None                                                ; 11.459 ns ; write_data[2] ; cache:inst|lpm_dff1:inst75|lpm_ff:lpm_ff_component|dffs[2]  ; clk        ;
; N/A                                     ; None                                                ; 11.286 ns ; write_data[2] ; cache:inst|lpm_dff1:inst99|lpm_ff:lpm_ff_component|dffs[2]  ; clk        ;
; N/A                                     ; None                                                ; 11.081 ns ; write_data[2] ; cache:inst|lpm_dff1:inst71|lpm_ff:lpm_ff_component|dffs[2]  ; clk        ;
; N/A                                     ; None                                                ; 10.946 ns ; write_data[2] ; cache:inst|lpm_dff1:inst83|lpm_ff:lpm_ff_component|dffs[2]  ; clk        ;
; N/A                                     ; None                                                ; 9.326 ns  ; write_data[3] ; cache:inst|lpm_dff1:inst95|lpm_ff:lpm_ff_component|dffs[3]  ; clk        ;
; N/A                                     ; None                                                ; 9.297 ns  ; write_data[3] ; cache:inst|lpm_dff1:inst91|lpm_ff:lpm_ff_component|dffs[3]  ; clk        ;
; N/A                                     ; None                                                ; 9.143 ns  ; write_data[1] ; cache:inst|lpm_dff1:inst95|lpm_ff:lpm_ff_component|dffs[1]  ; clk        ;
; N/A                                     ; None                                                ; 9.078 ns  ; write_data[3] ; cache:inst|lpm_dff1:inst87|lpm_ff:lpm_ff_component|dffs[3]  ; clk        ;
; N/A                                     ; None                                                ; 9.076 ns  ; write_data[1] ; cache:inst|lpm_dff1:inst91|lpm_ff:lpm_ff_component|dffs[1]  ; clk        ;
; N/A                                     ; None                                                ; 9.072 ns  ; write_data[4] ; cache:inst|lpm_dff1:inst95|lpm_ff:lpm_ff_component|dffs[4]  ; clk        ;
; N/A                                     ; None                                                ; 9.032 ns  ; write_data[0] ; cache:inst|lpm_dff1:inst95|lpm_ff:lpm_ff_component|dffs[0]  ; clk        ;
; N/A                                     ; None                                                ; 9.028 ns  ; write_data[3] ; cache:inst|lpm_dff1:inst103|lpm_ff:lpm_ff_component|dffs[3] ; clk        ;
; N/A                                     ; None                                                ; 8.961 ns  ; write_data[3] ; cache:inst|lpm_dff1:inst111|lpm_ff:lpm_ff_component|dffs[3] ; clk        ;
; N/A                                     ; None                                                ; 8.911 ns  ; write_data[4] ; cache:inst|lpm_dff1:inst91|lpm_ff:lpm_ff_component|dffs[4]  ; clk        ;
; N/A                                     ; None                                                ; 8.885 ns  ; write_data[3] ; cache:inst|lpm_dff1:inst67|lpm_ff:lpm_ff_component|dffs[3]  ; clk        ;
; N/A                                     ; None                                                ; 8.869 ns  ; write_data[3] ; cache:inst|lpm_dff1:inst59|lpm_ff:lpm_ff_component|dffs[3]  ; clk        ;
; N/A                                     ; None                                                ; 8.846 ns  ; write_data[3] ; cache:inst|lpm_dff1:inst79|lpm_ff:lpm_ff_component|dffs[3]  ; clk        ;
; N/A                                     ; None                                                ; 8.835 ns  ; write_data[3] ; cache:inst|lpm_dff1:inst107|lpm_ff:lpm_ff_component|dffs[3] ; clk        ;
; N/A                                     ; None                                                ; 8.811 ns  ; write_data[4] ; cache:inst|lpm_dff1:inst87|lpm_ff:lpm_ff_component|dffs[4]  ; clk        ;
; N/A                                     ; None                                                ; 8.805 ns  ; write_data[1] ; cache:inst|lpm_dff1:inst59|lpm_ff:lpm_ff_component|dffs[1]  ; clk        ;
; N/A                                     ; None                                                ; 8.718 ns  ; write_data[3] ; cache:inst|lpm_dff1:inst115|lpm_ff:lpm_ff_component|dffs[3] ; clk        ;
; N/A                                     ; None                                                ; 8.707 ns  ; write_data[1] ; cache:inst|lpm_dff1:inst107|lpm_ff:lpm_ff_component|dffs[1] ; clk        ;
; N/A                                     ; None                                                ; 8.704 ns  ; write_data[1] ; cache:inst|lpm_dff1:inst67|lpm_ff:lpm_ff_component|dffs[1]  ; clk        ;
; N/A                                     ; None                                                ; 8.701 ns  ; write_data[3] ; cache:inst|lpm_dff1:inst75|lpm_ff:lpm_ff_component|dffs[3]  ; clk        ;
; N/A                                     ; None                                                ; 8.697 ns  ; write_data[1] ; cache:inst|lpm_dff1:inst111|lpm_ff:lpm_ff_component|dffs[1] ; clk        ;
; N/A                                     ; None                                                ; 8.646 ns  ; write_data[1] ; cache:inst|lpm_dff1:inst79|lpm_ff:lpm_ff_component|dffs[1]  ; clk        ;
; N/A                                     ; None                                                ; 8.638 ns  ; write_data[4] ; cache:inst|lpm_dff1:inst67|lpm_ff:lpm_ff_component|dffs[4]  ; clk        ;
; N/A                                     ; None                                                ; 8.630 ns  ; write_data[0] ; cache:inst|lpm_dff1:inst59|lpm_ff:lpm_ff_component|dffs[0]  ; clk        ;
; N/A                                     ; None                                                ; 8.624 ns  ; write_data[2] ; cache:inst|lpm_dff1:inst95|lpm_ff:lpm_ff_component|dffs[2]  ; address[6] ;
; N/A                                     ; None                                                ; 8.605 ns  ; write_data[1] ; cache:inst|lpm_dff1:inst55|lpm_ff:lpm_ff_component|dffs[1]  ; clk        ;
; N/A                                     ; None                                                ; 8.588 ns  ; write_data[1] ; cache:inst|lpm_dff1:inst87|lpm_ff:lpm_ff_component|dffs[1]  ; clk        ;
; N/A                                     ; None                                                ; 8.568 ns  ; write_data[4] ; cache:inst|lpm_dff1:inst79|lpm_ff:lpm_ff_component|dffs[4]  ; clk        ;
; N/A                                     ; None                                                ; 8.567 ns  ; write_data[2] ; cache:inst|lpm_dff1:inst95|lpm_ff:lpm_ff_component|dffs[2]  ; address[2] ;
; N/A                                     ; None                                                ; 8.565 ns  ; write_data[2] ; cache:inst|lpm_dff1:inst91|lpm_ff:lpm_ff_component|dffs[2]  ; address[6] ;
; N/A                                     ; None                                                ; 8.563 ns  ; write_data[3] ; cache:inst|lpm_dff1:inst71|lpm_ff:lpm_ff_component|dffs[3]  ; clk        ;
; N/A                                     ; None                                                ; 8.558 ns  ; write_data[4] ; cache:inst|lpm_dff1:inst103|lpm_ff:lpm_ff_component|dffs[4] ; clk        ;
; N/A                                     ; None                                                ; 8.555 ns  ; write_data[1] ; cache:inst|lpm_dff1:inst63|lpm_ff:lpm_ff_component|dffs[1]  ; clk        ;
; N/A                                     ; None                                                ; 8.545 ns  ; write_data[4] ; cache:inst|lpm_dff1:inst55|lpm_ff:lpm_ff_component|dffs[4]  ; clk        ;
; N/A                                     ; None                                                ; 8.537 ns  ; write_data[1] ; cache:inst|lpm_dff1:inst115|lpm_ff:lpm_ff_component|dffs[1] ; clk        ;
; N/A                                     ; None                                                ; 8.508 ns  ; write_data[2] ; cache:inst|lpm_dff1:inst91|lpm_ff:lpm_ff_component|dffs[2]  ; address[2] ;
; N/A                                     ; None                                                ; 8.501 ns  ; write_data[1] ; cache:inst|lpm_dff1:inst75|lpm_ff:lpm_ff_component|dffs[1]  ; clk        ;
; N/A                                     ; None                                                ; 8.497 ns  ; write_data[4] ; cache:inst|lpm_dff1:inst63|lpm_ff:lpm_ff_component|dffs[4]  ; clk        ;
; N/A                                     ; None                                                ; 8.486 ns  ; write_data[0] ; cache:inst|lpm_dff1:inst55|lpm_ff:lpm_ff_component|dffs[0]  ; clk        ;
; N/A                                     ; None                                                ; 8.481 ns  ; write_data[3] ; cache:inst|lpm_dff1:inst99|lpm_ff:lpm_ff_component|dffs[3]  ; clk        ;
; N/A                                     ; None                                                ; 8.471 ns  ; write_data[4] ; cache:inst|lpm_dff1:inst115|lpm_ff:lpm_ff_component|dffs[4] ; clk        ;
; N/A                                     ; None                                                ; 8.452 ns  ; write_data[2] ; cache:inst|lpm_dff1:inst95|lpm_ff:lpm_ff_component|dffs[2]  ; address[4] ;
; N/A                                     ; None                                                ; 8.440 ns  ; write_data[1] ; cache:inst|lpm_dff1:inst103|lpm_ff:lpm_ff_component|dffs[1] ; clk        ;
; N/A                                     ; None                                                ; 8.438 ns  ; write_data[4] ; cache:inst|lpm_dff1:inst107|lpm_ff:lpm_ff_component|dffs[4] ; clk        ;
; N/A                                     ; None                                                ; 8.438 ns  ; write_data[0] ; cache:inst|lpm_dff1:inst63|lpm_ff:lpm_ff_component|dffs[0]  ; clk        ;
; N/A                                     ; None                                                ; 8.427 ns  ; write_data[4] ; cache:inst|lpm_dff1:inst111|lpm_ff:lpm_ff_component|dffs[4] ; clk        ;
; N/A                                     ; None                                                ; 8.424 ns  ; write_data[4] ; cache:inst|lpm_dff1:inst75|lpm_ff:lpm_ff_component|dffs[4]  ; clk        ;
; N/A                                     ; None                                                ; 8.411 ns  ; write_data[1] ; cache:inst|lpm_dff1:inst99|lpm_ff:lpm_ff_component|dffs[1]  ; clk        ;
; N/A                                     ; None                                                ; 8.402 ns  ; write_data[4] ; cache:inst|lpm_dff1:inst59|lpm_ff:lpm_ff_component|dffs[4]  ; clk        ;
; N/A                                     ; None                                                ; 8.393 ns  ; write_data[2] ; cache:inst|lpm_dff1:inst91|lpm_ff:lpm_ff_component|dffs[2]  ; address[4] ;
; N/A                                     ; None                                                ; 8.365 ns  ; write_data[2] ; cache:inst|lpm_dff1:inst87|lpm_ff:lpm_ff_component|dffs[2]  ; address[6] ;
; N/A                                     ; None                                                ; 8.356 ns  ; write_data[1] ; cache:inst|lpm_dff1:inst71|lpm_ff:lpm_ff_component|dffs[1]  ; clk        ;
; N/A                                     ; None                                                ; 8.309 ns  ; write_data[4] ; cache:inst|lpm_dff1:inst71|lpm_ff:lpm_ff_component|dffs[4]  ; clk        ;
; N/A                                     ; None                                                ; 8.308 ns  ; write_data[2] ; cache:inst|lpm_dff1:inst87|lpm_ff:lpm_ff_component|dffs[2]  ; address[2] ;
; N/A                                     ; None                                                ; 8.302 ns  ; write_data[0] ; cache:inst|lpm_dff1:inst67|lpm_ff:lpm_ff_component|dffs[0]  ; clk        ;
; N/A                                     ; None                                                ; 8.246 ns  ; write_data[0] ; cache:inst|lpm_dff1:inst99|lpm_ff:lpm_ff_component|dffs[0]  ; clk        ;
; N/A                                     ; None                                                ; 8.243 ns  ; write_data[2] ; cache:inst|lpm_dff1:inst63|lpm_ff:lpm_ff_component|dffs[2]  ; address[6] ;
; N/A                                     ; None                                                ; 8.211 ns  ; write_data[0] ; cache:inst|lpm_dff1:inst91|lpm_ff:lpm_ff_component|dffs[0]  ; clk        ;
; N/A                                     ; None                                                ; 8.200 ns  ; write_data[2] ; cache:inst|lpm_dff1:inst107|lpm_ff:lpm_ff_component|dffs[2] ; address[6] ;
; N/A                                     ; None                                                ; 8.195 ns  ; write_data[2] ; cache:inst|lpm_dff1:inst67|lpm_ff:lpm_ff_component|dffs[2]  ; address[6] ;
; N/A                                     ; None                                                ; 8.193 ns  ; write_data[2] ; cache:inst|lpm_dff1:inst87|lpm_ff:lpm_ff_component|dffs[2]  ; address[4] ;
; N/A                                     ; None                                                ; 8.191 ns  ; write_data[2] ; cache:inst|lpm_dff1:inst59|lpm_ff:lpm_ff_component|dffs[2]  ; address[6] ;
; N/A                                     ; None                                                ; 8.189 ns  ; write_data[2] ; cache:inst|lpm_dff1:inst111|lpm_ff:lpm_ff_component|dffs[2] ; address[6] ;
; N/A                                     ; None                                                ; 8.186 ns  ; write_data[2] ; cache:inst|lpm_dff1:inst63|lpm_ff:lpm_ff_component|dffs[2]  ; address[2] ;
; N/A                                     ; None                                                ; 8.179 ns  ; write_data[0] ; cache:inst|lpm_dff1:inst103|lpm_ff:lpm_ff_component|dffs[0] ; clk        ;
; N/A                                     ; None                                                ; 8.161 ns  ; write_data[0] ; cache:inst|lpm_dff1:inst79|lpm_ff:lpm_ff_component|dffs[0]  ; clk        ;
; N/A                                     ; None                                                ; 8.159 ns  ; write_data[3] ; cache:inst|lpm_dff1:inst83|lpm_ff:lpm_ff_component|dffs[3]  ; clk        ;
; N/A                                     ; None                                                ; 8.143 ns  ; write_data[3] ; cache:inst|lpm_dff1:inst55|lpm_ff:lpm_ff_component|dffs[3]  ; clk        ;
; N/A                                     ; None                                                ; 8.143 ns  ; write_data[2] ; cache:inst|lpm_dff1:inst107|lpm_ff:lpm_ff_component|dffs[2] ; address[2] ;
; N/A                                     ; None                                                ; 8.138 ns  ; write_data[2] ; cache:inst|lpm_dff1:inst67|lpm_ff:lpm_ff_component|dffs[2]  ; address[2] ;
; N/A                                     ; None                                                ; 8.137 ns  ; write_data[0] ; cache:inst|lpm_dff1:inst115|lpm_ff:lpm_ff_component|dffs[0] ; clk        ;
; N/A                                     ; None                                                ; 8.134 ns  ; write_data[2] ; cache:inst|lpm_dff1:inst59|lpm_ff:lpm_ff_component|dffs[2]  ; address[2] ;
; N/A                                     ; None                                                ; 8.132 ns  ; write_data[2] ; cache:inst|lpm_dff1:inst111|lpm_ff:lpm_ff_component|dffs[2] ; address[2] ;
; N/A                                     ; None                                                ; 8.117 ns  ; write_data[2] ; cache:inst|lpm_dff1:inst79|lpm_ff:lpm_ff_component|dffs[2]  ; address[6] ;
; N/A                                     ; None                                                ; 8.112 ns  ; write_data[0] ; cache:inst|lpm_dff1:inst107|lpm_ff:lpm_ff_component|dffs[0] ; clk        ;
; N/A                                     ; None                                                ; 8.111 ns  ; write_data[0] ; cache:inst|lpm_dff1:inst111|lpm_ff:lpm_ff_component|dffs[0] ; clk        ;
; N/A                                     ; None                                                ; 8.092 ns  ; write_data[3] ; cache:inst|lpm_dff1:inst63|lpm_ff:lpm_ff_component|dffs[3]  ; clk        ;
; N/A                                     ; None                                                ; 8.075 ns  ; write_data[2] ; cache:inst|lpm_dff1:inst55|lpm_ff:lpm_ff_component|dffs[2]  ; address[6] ;
; N/A                                     ; None                                                ; 8.073 ns  ; write_data[2] ; cache:inst|lpm_dff1:inst95|lpm_ff:lpm_ff_component|dffs[2]  ; address[5] ;
; N/A                                     ; None                                                ; 8.071 ns  ; write_data[2] ; cache:inst|lpm_dff1:inst63|lpm_ff:lpm_ff_component|dffs[2]  ; address[4] ;
; N/A                                     ; None                                                ; 8.062 ns  ; write_data[2] ; cache:inst|lpm_dff1:inst95|lpm_ff:lpm_ff_component|dffs[2]  ; address[3] ;
; N/A                                     ; None                                                ; 8.060 ns  ; write_data[2] ; cache:inst|lpm_dff1:inst79|lpm_ff:lpm_ff_component|dffs[2]  ; address[2] ;
; N/A                                     ; None                                                ; 8.030 ns  ; write_data[2] ; cache:inst|lpm_dff1:inst115|lpm_ff:lpm_ff_component|dffs[2] ; address[6] ;
; N/A                                     ; None                                                ; 8.028 ns  ; write_data[2] ; cache:inst|lpm_dff1:inst107|lpm_ff:lpm_ff_component|dffs[2] ; address[4] ;
; N/A                                     ; None                                                ; 8.023 ns  ; write_data[2] ; cache:inst|lpm_dff1:inst67|lpm_ff:lpm_ff_component|dffs[2]  ; address[4] ;
; N/A                                     ; None                                                ; 8.019 ns  ; write_data[2] ; cache:inst|lpm_dff1:inst59|lpm_ff:lpm_ff_component|dffs[2]  ; address[4] ;
; N/A                                     ; None                                                ; 8.018 ns  ; write_data[2] ; cache:inst|lpm_dff1:inst55|lpm_ff:lpm_ff_component|dffs[2]  ; address[2] ;
; N/A                                     ; None                                                ; 8.017 ns  ; write_data[2] ; cache:inst|lpm_dff1:inst111|lpm_ff:lpm_ff_component|dffs[2] ; address[4] ;
; N/A                                     ; None                                                ; 8.016 ns  ; write_data[4] ; cache:inst|lpm_dff1:inst99|lpm_ff:lpm_ff_component|dffs[4]  ; clk        ;
; N/A                                     ; None                                                ; 8.014 ns  ; write_data[2] ; cache:inst|lpm_dff1:inst91|lpm_ff:lpm_ff_component|dffs[2]  ; address[5] ;
; N/A                                     ; None                                                ; 8.003 ns  ; write_data[2] ; cache:inst|lpm_dff1:inst91|lpm_ff:lpm_ff_component|dffs[2]  ; address[3] ;
; N/A                                     ; None                                                ; 8.002 ns  ; write_data[2] ; cache:inst|lpm_dff1:inst103|lpm_ff:lpm_ff_component|dffs[2] ; address[6] ;
; N/A                                     ; None                                                ; 7.983 ns  ; write_data[1] ; cache:inst|lpm_dff1:inst83|lpm_ff:lpm_ff_component|dffs[1]  ; clk        ;
; N/A                                     ; None                                                ; 7.973 ns  ; write_data[2] ; cache:inst|lpm_dff1:inst115|lpm_ff:lpm_ff_component|dffs[2] ; address[2] ;
; N/A                                     ; None                                                ; 7.971 ns  ; write_data[2] ; cache:inst|lpm_dff1:inst75|lpm_ff:lpm_ff_component|dffs[2]  ; address[6] ;
; N/A                                     ; None                                                ; 7.945 ns  ; write_data[2] ; cache:inst|lpm_dff1:inst103|lpm_ff:lpm_ff_component|dffs[2] ; address[2] ;
; N/A                                     ; None                                                ; 7.945 ns  ; write_data[2] ; cache:inst|lpm_dff1:inst79|lpm_ff:lpm_ff_component|dffs[2]  ; address[4] ;
; N/A                                     ; None                                                ; 7.916 ns  ; write_data[0] ; cache:inst|lpm_dff1:inst83|lpm_ff:lpm_ff_component|dffs[0]  ; clk        ;
; N/A                                     ; None                                                ; 7.914 ns  ; write_data[2] ; cache:inst|lpm_dff1:inst75|lpm_ff:lpm_ff_component|dffs[2]  ; address[2] ;
; N/A                                     ; None                                                ; 7.911 ns  ; write_data[4] ; cache:inst|lpm_dff1:inst83|lpm_ff:lpm_ff_component|dffs[4]  ; clk        ;
; N/A                                     ; None                                                ; 7.903 ns  ; write_data[2] ; cache:inst|lpm_dff1:inst55|lpm_ff:lpm_ff_component|dffs[2]  ; address[4] ;
; N/A                                     ; None                                                ; 7.870 ns  ; write_data[0] ; cache:inst|lpm_dff1:inst71|lpm_ff:lpm_ff_component|dffs[0]  ; clk        ;
; N/A                                     ; None                                                ; 7.858 ns  ; write_data[2] ; cache:inst|lpm_dff1:inst115|lpm_ff:lpm_ff_component|dffs[2] ; address[4] ;
; N/A                                     ; None                                                ; 7.830 ns  ; write_data[2] ; cache:inst|lpm_dff1:inst103|lpm_ff:lpm_ff_component|dffs[2] ; address[4] ;
; N/A                                     ; None                                                ; 7.822 ns  ; write_data[0] ; cache:inst|lpm_dff1:inst87|lpm_ff:lpm_ff_component|dffs[0]  ; clk        ;
; N/A                                     ; None                                                ; 7.814 ns  ; write_data[2] ; cache:inst|lpm_dff1:inst87|lpm_ff:lpm_ff_component|dffs[2]  ; address[5] ;
; N/A                                     ; None                                                ; 7.803 ns  ; write_data[2] ; cache:inst|lpm_dff1:inst87|lpm_ff:lpm_ff_component|dffs[2]  ; address[3] ;
; N/A                                     ; None                                                ; 7.799 ns  ; write_data[2] ; cache:inst|lpm_dff1:inst75|lpm_ff:lpm_ff_component|dffs[2]  ; address[4] ;
; N/A                                     ; None                                                ; 7.798 ns  ; write_data[2] ; cache:inst|lpm_dff1:inst99|lpm_ff:lpm_ff_component|dffs[2]  ; address[6] ;
; N/A                                     ; None                                                ; 7.763 ns  ; write_data[0] ; cache:inst|lpm_dff1:inst75|lpm_ff:lpm_ff_component|dffs[0]  ; clk        ;
; N/A                                     ; None                                                ; 7.741 ns  ; write_data[2] ; cache:inst|lpm_dff1:inst99|lpm_ff:lpm_ff_component|dffs[2]  ; address[2] ;
; N/A                                     ; None                                                ; 7.692 ns  ; write_data[2] ; cache:inst|lpm_dff1:inst63|lpm_ff:lpm_ff_component|dffs[2]  ; address[5] ;
; N/A                                     ; None                                                ; 7.681 ns  ; write_data[2] ; cache:inst|lpm_dff1:inst63|lpm_ff:lpm_ff_component|dffs[2]  ; address[3] ;
; N/A                                     ; None                                                ; 7.649 ns  ; write_data[2] ; cache:inst|lpm_dff1:inst107|lpm_ff:lpm_ff_component|dffs[2] ; address[5] ;
; N/A                                     ; None                                                ; 7.644 ns  ; write_data[2] ; cache:inst|lpm_dff1:inst67|lpm_ff:lpm_ff_component|dffs[2]  ; address[5] ;
; N/A                                     ; None                                                ; 7.640 ns  ; write_data[2] ; cache:inst|lpm_dff1:inst59|lpm_ff:lpm_ff_component|dffs[2]  ; address[5] ;
; N/A                                     ; None                                                ; 7.638 ns  ; write_data[2] ; cache:inst|lpm_dff1:inst111|lpm_ff:lpm_ff_component|dffs[2] ; address[5] ;
; N/A                                     ; None                                                ; 7.638 ns  ; write_data[2] ; cache:inst|lpm_dff1:inst107|lpm_ff:lpm_ff_component|dffs[2] ; address[3] ;
; N/A                                     ; None                                                ; 7.633 ns  ; write_data[2] ; cache:inst|lpm_dff1:inst67|lpm_ff:lpm_ff_component|dffs[2]  ; address[3] ;
; N/A                                     ; None                                                ; 7.629 ns  ; write_data[2] ; cache:inst|lpm_dff1:inst59|lpm_ff:lpm_ff_component|dffs[2]  ; address[3] ;
; N/A                                     ; None                                                ; 7.627 ns  ; write_data[2] ; cache:inst|lpm_dff1:inst111|lpm_ff:lpm_ff_component|dffs[2] ; address[3] ;
; N/A                                     ; None                                                ; 7.626 ns  ; write_data[2] ; cache:inst|lpm_dff1:inst99|lpm_ff:lpm_ff_component|dffs[2]  ; address[4] ;
; N/A                                     ; None                                                ; 7.593 ns  ; write_data[2] ; cache:inst|lpm_dff1:inst71|lpm_ff:lpm_ff_component|dffs[2]  ; address[6] ;
; N/A                                     ; None                                                ; 7.566 ns  ; write_data[2] ; cache:inst|lpm_dff1:inst79|lpm_ff:lpm_ff_component|dffs[2]  ; address[5] ;
; N/A                                     ; None                                                ; 7.555 ns  ; write_data[2] ; cache:inst|lpm_dff1:inst79|lpm_ff:lpm_ff_component|dffs[2]  ; address[3] ;
; N/A                                     ; None                                                ; 7.536 ns  ; write_data[2] ; cache:inst|lpm_dff1:inst71|lpm_ff:lpm_ff_component|dffs[2]  ; address[2] ;
; N/A                                     ; None                                                ; 7.524 ns  ; write_data[2] ; cache:inst|lpm_dff1:inst55|lpm_ff:lpm_ff_component|dffs[2]  ; address[5] ;
; N/A                                     ; None                                                ; 7.513 ns  ; write_data[2] ; cache:inst|lpm_dff1:inst55|lpm_ff:lpm_ff_component|dffs[2]  ; address[3] ;
; N/A                                     ; None                                                ; 7.479 ns  ; write_data[2] ; cache:inst|lpm_dff1:inst115|lpm_ff:lpm_ff_component|dffs[2] ; address[5] ;
; N/A                                     ; None                                                ; 7.468 ns  ; write_data[2] ; cache:inst|lpm_dff1:inst115|lpm_ff:lpm_ff_component|dffs[2] ; address[3] ;
; N/A                                     ; None                                                ; 7.458 ns  ; write_data[2] ; cache:inst|lpm_dff1:inst83|lpm_ff:lpm_ff_component|dffs[2]  ; address[6] ;
; N/A                                     ; None                                                ; 7.451 ns  ; write_data[2] ; cache:inst|lpm_dff1:inst103|lpm_ff:lpm_ff_component|dffs[2] ; address[5] ;
; N/A                                     ; None                                                ; 7.440 ns  ; write_data[2] ; cache:inst|lpm_dff1:inst103|lpm_ff:lpm_ff_component|dffs[2] ; address[3] ;
; N/A                                     ; None                                                ; 7.421 ns  ; write_data[2] ; cache:inst|lpm_dff1:inst71|lpm_ff:lpm_ff_component|dffs[2]  ; address[4] ;
; N/A                                     ; None                                                ; 7.420 ns  ; write_data[2] ; cache:inst|lpm_dff1:inst75|lpm_ff:lpm_ff_component|dffs[2]  ; address[5] ;
; N/A                                     ; None                                                ; 7.409 ns  ; write_data[2] ; cache:inst|lpm_dff1:inst75|lpm_ff:lpm_ff_component|dffs[2]  ; address[3] ;
; N/A                                     ; None                                                ; 7.401 ns  ; write_data[2] ; cache:inst|lpm_dff1:inst83|lpm_ff:lpm_ff_component|dffs[2]  ; address[2] ;
; N/A                                     ; None                                                ; 7.286 ns  ; write_data[2] ; cache:inst|lpm_dff1:inst83|lpm_ff:lpm_ff_component|dffs[2]  ; address[4] ;
; N/A                                     ; None                                                ; 7.247 ns  ; write_data[2] ; cache:inst|lpm_dff1:inst99|lpm_ff:lpm_ff_component|dffs[2]  ; address[5] ;
; N/A                                     ; None                                                ; 7.236 ns  ; write_data[2] ; cache:inst|lpm_dff1:inst99|lpm_ff:lpm_ff_component|dffs[2]  ; address[3] ;
; N/A                                     ; None                                                ; 7.042 ns  ; write_data[2] ; cache:inst|lpm_dff1:inst71|lpm_ff:lpm_ff_component|dffs[2]  ; address[5] ;
; N/A                                     ; None                                                ; 7.031 ns  ; write_data[2] ; cache:inst|lpm_dff1:inst71|lpm_ff:lpm_ff_component|dffs[2]  ; address[3] ;
; N/A                                     ; None                                                ; 6.907 ns  ; write_data[2] ; cache:inst|lpm_dff1:inst83|lpm_ff:lpm_ff_component|dffs[2]  ; address[5] ;
; N/A                                     ; None                                                ; 6.896 ns  ; write_data[2] ; cache:inst|lpm_dff1:inst83|lpm_ff:lpm_ff_component|dffs[2]  ; address[3] ;
; N/A                                     ; None                                                ; 5.838 ns  ; write_data[3] ; cache:inst|lpm_dff1:inst95|lpm_ff:lpm_ff_component|dffs[3]  ; address[6] ;
; N/A                                     ; None                                                ; 5.809 ns  ; write_data[3] ; cache:inst|lpm_dff1:inst91|lpm_ff:lpm_ff_component|dffs[3]  ; address[6] ;
; N/A                                     ; None                                                ; 5.781 ns  ; write_data[3] ; cache:inst|lpm_dff1:inst95|lpm_ff:lpm_ff_component|dffs[3]  ; address[2] ;
; N/A                                     ; None                                                ; 5.752 ns  ; write_data[3] ; cache:inst|lpm_dff1:inst91|lpm_ff:lpm_ff_component|dffs[3]  ; address[2] ;
; N/A                                     ; None                                                ; 5.666 ns  ; write_data[3] ; cache:inst|lpm_dff1:inst95|lpm_ff:lpm_ff_component|dffs[3]  ; address[4] ;
; N/A                                     ; None                                                ; 5.655 ns  ; write_data[1] ; cache:inst|lpm_dff1:inst95|lpm_ff:lpm_ff_component|dffs[1]  ; address[6] ;
; N/A                                     ; None                                                ; 5.637 ns  ; write_data[3] ; cache:inst|lpm_dff1:inst91|lpm_ff:lpm_ff_component|dffs[3]  ; address[4] ;
; N/A                                     ; None                                                ; 5.598 ns  ; write_data[1] ; cache:inst|lpm_dff1:inst95|lpm_ff:lpm_ff_component|dffs[1]  ; address[2] ;
; N/A                                     ; None                                                ; 5.590 ns  ; write_data[3] ; cache:inst|lpm_dff1:inst87|lpm_ff:lpm_ff_component|dffs[3]  ; address[6] ;
; N/A                                     ; None                                                ; 5.588 ns  ; write_data[1] ; cache:inst|lpm_dff1:inst91|lpm_ff:lpm_ff_component|dffs[1]  ; address[6] ;
; N/A                                     ; None                                                ; 5.584 ns  ; write_data[4] ; cache:inst|lpm_dff1:inst95|lpm_ff:lpm_ff_component|dffs[4]  ; address[6] ;
; N/A                                     ; None                                                ; 5.544 ns  ; write_data[0] ; cache:inst|lpm_dff1:inst95|lpm_ff:lpm_ff_component|dffs[0]  ; address[6] ;
; N/A                                     ; None                                                ; 5.540 ns  ; write_data[3] ; cache:inst|lpm_dff1:inst103|lpm_ff:lpm_ff_component|dffs[3] ; address[6] ;
; N/A                                     ; None                                                ; 5.533 ns  ; write_data[3] ; cache:inst|lpm_dff1:inst87|lpm_ff:lpm_ff_component|dffs[3]  ; address[2] ;
; N/A                                     ; None                                                ; 5.531 ns  ; write_data[1] ; cache:inst|lpm_dff1:inst91|lpm_ff:lpm_ff_component|dffs[1]  ; address[2] ;
; N/A                                     ; None                                                ; 5.527 ns  ; write_data[4] ; cache:inst|lpm_dff1:inst95|lpm_ff:lpm_ff_component|dffs[4]  ; address[2] ;
; N/A                                     ; None                                                ; 5.487 ns  ; write_data[0] ; cache:inst|lpm_dff1:inst95|lpm_ff:lpm_ff_component|dffs[0]  ; address[2] ;
; N/A                                     ; None                                                ; 5.483 ns  ; write_data[3] ; cache:inst|lpm_dff1:inst103|lpm_ff:lpm_ff_component|dffs[3] ; address[2] ;
; N/A                                     ; None                                                ; 5.483 ns  ; write_data[1] ; cache:inst|lpm_dff1:inst95|lpm_ff:lpm_ff_component|dffs[1]  ; address[4] ;
; N/A                                     ; None                                                ; 5.473 ns  ; write_data[3] ; cache:inst|lpm_dff1:inst111|lpm_ff:lpm_ff_component|dffs[3] ; address[6] ;
; N/A                                     ; None                                                ; 5.423 ns  ; write_data[4] ; cache:inst|lpm_dff1:inst91|lpm_ff:lpm_ff_component|dffs[4]  ; address[6] ;
; N/A                                     ; None                                                ; 5.418 ns  ; write_data[3] ; cache:inst|lpm_dff1:inst87|lpm_ff:lpm_ff_component|dffs[3]  ; address[4] ;
; N/A                                     ; None                                                ; 5.416 ns  ; write_data[3] ; cache:inst|lpm_dff1:inst111|lpm_ff:lpm_ff_component|dffs[3] ; address[2] ;
; N/A                                     ; None                                                ; 5.416 ns  ; write_data[1] ; cache:inst|lpm_dff1:inst91|lpm_ff:lpm_ff_component|dffs[1]  ; address[4] ;
; N/A                                     ; None                                                ; 5.412 ns  ; write_data[4] ; cache:inst|lpm_dff1:inst95|lpm_ff:lpm_ff_component|dffs[4]  ; address[4] ;
; N/A                                     ; None                                                ; 5.397 ns  ; write_data[3] ; cache:inst|lpm_dff1:inst67|lpm_ff:lpm_ff_component|dffs[3]  ; address[6] ;
; N/A                                     ; None                                                ; 5.381 ns  ; write_data[3] ; cache:inst|lpm_dff1:inst59|lpm_ff:lpm_ff_component|dffs[3]  ; address[6] ;
; N/A                                     ; None                                                ; 5.372 ns  ; write_data[0] ; cache:inst|lpm_dff1:inst95|lpm_ff:lpm_ff_component|dffs[0]  ; address[4] ;
; N/A                                     ; None                                                ; 5.368 ns  ; write_data[3] ; cache:inst|lpm_dff1:inst103|lpm_ff:lpm_ff_component|dffs[3] ; address[4] ;
; N/A                                     ; None                                                ; 5.366 ns  ; write_data[4] ; cache:inst|lpm_dff1:inst91|lpm_ff:lpm_ff_component|dffs[4]  ; address[2] ;
; N/A                                     ; None                                                ; 5.358 ns  ; write_data[3] ; cache:inst|lpm_dff1:inst79|lpm_ff:lpm_ff_component|dffs[3]  ; address[6] ;
; N/A                                     ; None                                                ; 5.347 ns  ; write_data[3] ; cache:inst|lpm_dff1:inst107|lpm_ff:lpm_ff_component|dffs[3] ; address[6] ;
; N/A                                     ; None                                                ; 5.340 ns  ; write_data[3] ; cache:inst|lpm_dff1:inst67|lpm_ff:lpm_ff_component|dffs[3]  ; address[2] ;
; N/A                                     ; None                                                ; 5.324 ns  ; write_data[3] ; cache:inst|lpm_dff1:inst59|lpm_ff:lpm_ff_component|dffs[3]  ; address[2] ;
; N/A                                     ; None                                                ; 5.323 ns  ; write_data[4] ; cache:inst|lpm_dff1:inst87|lpm_ff:lpm_ff_component|dffs[4]  ; address[6] ;
; N/A                                     ; None                                                ; 5.317 ns  ; write_data[1] ; cache:inst|lpm_dff1:inst59|lpm_ff:lpm_ff_component|dffs[1]  ; address[6] ;
; N/A                                     ; None                                                ; 5.301 ns  ; write_data[3] ; cache:inst|lpm_dff1:inst111|lpm_ff:lpm_ff_component|dffs[3] ; address[4] ;
; N/A                                     ; None                                                ; 5.301 ns  ; write_data[3] ; cache:inst|lpm_dff1:inst79|lpm_ff:lpm_ff_component|dffs[3]  ; address[2] ;
; N/A                                     ; None                                                ; 5.290 ns  ; write_data[3] ; cache:inst|lpm_dff1:inst107|lpm_ff:lpm_ff_component|dffs[3] ; address[2] ;
; N/A                                     ; None                                                ; 5.287 ns  ; write_data[3] ; cache:inst|lpm_dff1:inst95|lpm_ff:lpm_ff_component|dffs[3]  ; address[5] ;
; Timing analysis restricted to 200 rows. ; To change the limit use Settings (Assignments menu) ;           ;               ;                                                             ;            ;
+-----------------------------------------+-----------------------------------------------------+-----------+---------------+-------------------------------------------------------------+------------+


+--------------------------+
; Timing Analyzer Messages ;
+--------------------------+
Info: *******************************************************************
Info: Running Quartus II Classic Timing Analyzer
    Info: Version 9.1 Build 222 10/21/2009 SJ Web Edition
    Info: Processing started: Thu Mar 21 19:26:34 2024
Info: Command: quartus_tan --read_settings_files=off --write_settings_files=off lab8 -c lab8 --timing_analysis_only
Warning: Found pins functioning as undefined clocks and/or memory enables
    Info: Assuming node "address[6]" is an undefined clock
    Info: Assuming node "clk" is an undefined clock
    Info: Assuming node "address[4]" is an undefined clock
    Info: Assuming node "address[5]" is an undefined clock
    Info: Assuming node "address[3]" is an undefined clock
    Info: Assuming node "address[2]" is an undefined clock
    Info: Assuming node "address[0]" is an undefined clock
    Info: Assuming node "address[1]" is an undefined clock
Warning: Found 81 node(s) in clock paths which may be acting as ripple and/or gated clocks -- node(s) analyzed as buffer(s) resulting in clock skew
    Info: Detected gated clock "cache:inst|inst76" as buffer
    Info: Detected gated clock "cache:inst|inst72" as buffer
    Info: Detected gated clock "cache:inst|inst80" as buffer
    Info: Detected gated clock "cache:inst|inst60" as buffer
    Info: Detected gated clock "cache:inst|inst56" as buffer
    Info: Detected gated clock "cache:inst|inst64" as buffer
    Info: Detected gated clock "cache:inst|inst92" as buffer
    Info: Detected gated clock "cache:inst|inst88" as buffer
    Info: Detected gated clock "cache:inst|inst96" as buffer
    Info: Detected gated clock "cache:inst|inst108" as buffer
    Info: Detected gated clock "cache:inst|inst104" as buffer
    Info: Detected gated clock "cache:inst|inst112" as buffer
    Info: Detected gated clock "cache:inst|inst84" as buffer
    Info: Detected gated clock "cache:inst|inst41" as buffer
    Info: Detected gated clock "cache:inst|inst68" as buffer
    Info: Detected gated clock "cache:inst|inst35" as buffer
    Info: Detected gated clock "cache:inst|inst116" as buffer
    Info: Detected gated clock "cache:inst|inst53" as buffer
    Info: Detected gated clock "cache:inst|inst56~0" as buffer
    Info: Detected gated clock "cache:inst|inst47" as buffer
    Info: Detected gated clock "cache:inst|gdfx_temp0[1]~1" as buffer
    Info: Detected gated clock "cache:inst|gdfx_temp0[0]~0" as buffer
    Info: Detected ripple clock "cache:inst|lpm_counter0:inst|lpm_counter:lpm_counter_component|cntr_4ai:auto_generated|safe_q[0]" as buffer
    Info: Detected ripple clock "cache:inst|lpm_counter0:inst|lpm_counter:lpm_counter_component|cntr_4ai:auto_generated|safe_q[1]" as buffer
    Info: Detected ripple clock "cache:inst|lpm_dff0:inst51|lpm_ff:lpm_ff_component|dffs[4]" as buffer
    Info: Detected ripple clock "cache:inst|lpm_dff0:inst51|lpm_ff:lpm_ff_component|dffs[2]" as buffer
    Info: Detected gated clock "cache:inst|lpm_decode0:inst11|lpm_decode:lpm_decode_component|decode_p7f:auto_generated|w_anode15w[2]~1" as buffer
    Info: Detected ripple clock "cache:inst|lpm_dff0:inst51|lpm_ff:lpm_ff_component|dffs[0]" as buffer
    Info: Detected ripple clock "cache:inst|lpm_dff0:inst51|lpm_ff:lpm_ff_component|dffs[1]" as buffer
    Info: Detected gated clock "cache:inst|inst49" as buffer
    Info: Detected ripple clock "cache:inst|lpm_dff0:inst39|lpm_ff:lpm_ff_component|dffs[4]" as buffer
    Info: Detected ripple clock "cache:inst|lpm_dff0:inst39|lpm_ff:lpm_ff_component|dffs[2]" as buffer
    Info: Detected gated clock "cache:inst|lpm_decode0:inst11|lpm_decode:lpm_decode_component|decode_p7f:auto_generated|w_anode15w[2]~2" as buffer
    Info: Detected ripple clock "cache:inst|lpm_dff0:inst39|lpm_ff:lpm_ff_component|dffs[1]" as buffer
    Info: Detected ripple clock "cache:inst|lpm_dff0:inst39|lpm_ff:lpm_ff_component|dffs[0]" as buffer
    Info: Detected gated clock "cache:inst|inst37" as buffer
    Info: Detected ripple clock "cache:inst|lpm_dff0:inst33|lpm_ff:lpm_ff_component|dffs[0]" as buffer
    Info: Detected ripple clock "cache:inst|lpm_dff0:inst33|lpm_ff:lpm_ff_component|dffs[1]" as buffer
    Info: Detected gated clock "cache:inst|lpm_decode0:inst11|lpm_decode:lpm_decode_component|decode_p7f:auto_generated|w_anode1w[2]" as buffer
    Info: Detected gated clock "cache:inst|inst31" as buffer
    Info: Detected ripple clock "cache:inst|lpm_dff0:inst33|lpm_ff:lpm_ff_component|dffs[2]" as buffer
    Info: Detected ripple clock "cache:inst|lpm_dff0:inst33|lpm_ff:lpm_ff_component|dffs[4]" as buffer
    Info: Detected ripple clock "cache:inst|lpm_dff0:inst45|lpm_ff:lpm_ff_component|dffs[4]" as buffer
    Info: Detected ripple clock "cache:inst|lpm_dff0:inst45|lpm_ff:lpm_ff_component|dffs[2]" as buffer
    Info: Detected gated clock "cache:inst|lpm_decode0:inst11|lpm_decode:lpm_decode_component|decode_p7f:auto_generated|w_anode15w[2]~0" as buffer
    Info: Detected ripple clock "cache:inst|lpm_dff0:inst45|lpm_ff:lpm_ff_component|dffs[0]" as buffer
    Info: Detected ripple clock "cache:inst|lpm_dff0:inst45|lpm_ff:lpm_ff_component|dffs[1]" as buffer
    Info: Detected gated clock "cache:inst|inst43" as buffer
    Info: Detected ripple clock "cache:inst|inst14" as buffer
    Info: Detected gated clock "cache:inst|inst128" as buffer
    Info: Detected ripple clock "cache:inst|lpm_counter1:inst22|lpm_counter:lpm_counter_component|cntr_a2k:auto_generated|safe_q[2]" as buffer
    Info: Detected ripple clock "cache:inst|lpm_counter1:inst22|lpm_counter:lpm_counter_component|cntr_a2k:auto_generated|safe_q[0]" as buffer
    Info: Detected gated clock "cache:inst|inst131~0" as buffer
    Info: Detected ripple clock "cache:inst|inst50" as buffer
    Info: Detected gated clock "cache:inst|inst131~1" as buffer
    Info: Detected ripple clock "cache:inst|lpm_dff0:inst51|lpm_ff:lpm_ff_component|dffs[3]" as buffer
    Info: Detected ripple clock "cache:inst|inst24" as buffer
    Info: Detected gated clock "cache:inst|inst129~0" as buffer
    Info: Detected ripple clock "cache:inst|inst38" as buffer
    Info: Detected gated clock "cache:inst|inst129~1" as buffer
    Info: Detected ripple clock "cache:inst|lpm_dff0:inst39|lpm_ff:lpm_ff_component|dffs[3]" as buffer
    Info: Detected gated clock "cache:inst|inst127~1" as buffer
    Info: Detected ripple clock "cache:inst|inst32" as buffer
    Info: Detected ripple clock "cache:inst|lpm_dff0:inst33|lpm_ff:lpm_ff_component|dffs[3]" as buffer
    Info: Detected gated clock "cache:inst|inst127~0" as buffer
    Info: Detected gated clock "cache:inst|inst130~0" as buffer
    Info: Detected ripple clock "cache:inst|inst44" as buffer
    Info: Detected gated clock "cache:inst|inst130~1" as buffer
    Info: Detected ripple clock "cache:inst|lpm_dff0:inst45|lpm_ff:lpm_ff_component|dffs[3]" as buffer
    Info: Detected ripple clock "cache:inst|lpm_counter2:inst133|lpm_counter:lpm_counter_component|cntr_6oi:auto_generated|safe_q[1]" as buffer
    Info: Detected gated clock "cache:inst|inst18~0" as buffer
    Info: Detected gated clock "cache:inst|inst17~0" as buffer
    Info: Detected ripple clock "cache:inst|inst16" as buffer
    Info: Detected gated clock "cache:inst|inst131~2" as buffer
    Info: Detected ripple clock "cache:inst|inst136" as buffer
    Info: Detected gated clock "cache:inst|inst129~2" as buffer
    Info: Detected gated clock "cache:inst|inst127~2" as buffer
    Info: Detected gated clock "cache:inst|inst130~2" as buffer
    Info: Detected gated clock "cache:inst|inst6" as buffer
    Info: Detected ripple clock "cache:inst|inst19" as buffer
    Info: Detected ripple clock "cache:inst|lpm_counter1:inst22|lpm_counter:lpm_counter_component|cntr_a2k:auto_generated|safe_q[1]" as buffer
Info: Clock "address[6]" has Internal fmax of 268.46 MHz between source register "cache:inst|lpm_counter1:inst22|lpm_counter:lpm_counter_component|cntr_a2k:auto_generated|safe_q[0]" and destination register "cache:inst|lpm_counter1:inst22|lpm_counter:lpm_counter_component|cntr_a2k:auto_generated|safe_q[1]" (period= 3.725 ns)
    Info: + Longest register to register delay is 1.968 ns
        Info: 1: + IC(0.000 ns) + CELL(0.000 ns) = 0.000 ns; Loc. = LCFF_X21_Y17_N1; Fanout = 6; REG Node = 'cache:inst|lpm_counter1:inst22|lpm_counter:lpm_counter_component|cntr_a2k:auto_generated|safe_q[0]'
        Info: 2: + IC(0.484 ns) + CELL(0.225 ns) = 0.709 ns; Loc. = LCCOMB_X22_Y17_N6; Fanout = 2; COMB Node = 'cache:inst|lpm_counter1:inst22|lpm_counter:lpm_counter_component|cntr_a2k:auto_generated|cmpr_9dc:cmpr2|aneb_result_wire[0]'
        Info: 3: + IC(0.319 ns) + CELL(0.225 ns) = 1.253 ns; Loc. = LCCOMB_X21_Y17_N28; Fanout = 3; COMB Node = 'cache:inst|lpm_counter1:inst22|lpm_counter:lpm_counter_component|cntr_a2k:auto_generated|cout_actual'
        Info: 4: + IC(0.212 ns) + CELL(0.503 ns) = 1.968 ns; Loc. = LCFF_X21_Y17_N3; Fanout = 6; REG Node = 'cache:inst|lpm_counter1:inst22|lpm_counter:lpm_counter_component|cntr_a2k:auto_generated|safe_q[1]'
        Info: Total cell delay = 0.953 ns ( 48.42 % )
        Info: Total interconnect delay = 1.015 ns ( 51.58 % )
    Info: - Smallest clock skew is -1.573 ns
        Info: + Shortest clock path from clock "address[6]" to destination register is 4.569 ns
            Info: 1: + IC(0.000 ns) + CELL(0.780 ns) = 0.780 ns; Loc. = PIN_L8; Fanout = 9; CLK Node = 'address[6]'
            Info: 2: + IC(1.016 ns) + CELL(0.053 ns) = 1.849 ns; Loc. = LCCOMB_X27_Y17_N4; Fanout = 2; COMB Node = 'cache:inst|inst129~0'
            Info: 3: + IC(0.209 ns) + CELL(0.053 ns) = 2.111 ns; Loc. = LCCOMB_X27_Y17_N14; Fanout = 8; COMB Node = 'cache:inst|inst129~2'
            Info: 4: + IC(0.332 ns) + CELL(0.053 ns) = 2.496 ns; Loc. = LCCOMB_X26_Y17_N8; Fanout = 1; COMB Node = 'cache:inst|inst8'
            Info: 5: + IC(0.220 ns) + CELL(0.712 ns) = 3.428 ns; Loc. = LCFF_X26_Y17_N15; Fanout = 4; REG Node = 'cache:inst|inst19'
            Info: 6: + IC(0.523 ns) + CELL(0.618 ns) = 4.569 ns; Loc. = LCFF_X21_Y17_N3; Fanout = 6; REG Node = 'cache:inst|lpm_counter1:inst22|lpm_counter:lpm_counter_component|cntr_a2k:auto_generated|safe_q[1]'
            Info: Total cell delay = 2.269 ns ( 49.66 % )
            Info: Total interconnect delay = 2.300 ns ( 50.34 % )
        Info: - Longest clock path from clock "address[6]" to source register is 6.142 ns
            Info: 1: + IC(0.000 ns) + CELL(0.780 ns) = 0.780 ns; Loc. = PIN_L8; Fanout = 9; CLK Node = 'address[6]'
            Info: 2: + IC(1.045 ns) + CELL(0.272 ns) = 2.097 ns; Loc. = LCCOMB_X29_Y17_N12; Fanout = 2; COMB Node = 'cache:inst|inst127~0'
            Info: 3: + IC(0.812 ns) + CELL(0.366 ns) = 3.275 ns; Loc. = LCCOMB_X22_Y17_N30; Fanout = 8; COMB Node = 'cache:inst|inst127~2'
            Info: 4: + IC(0.522 ns) + CELL(0.272 ns) = 4.069 ns; Loc. = LCCOMB_X26_Y17_N8; Fanout = 1; COMB Node = 'cache:inst|inst8'
            Info: 5: + IC(0.220 ns) + CELL(0.712 ns) = 5.001 ns; Loc. = LCFF_X26_Y17_N15; Fanout = 4; REG Node = 'cache:inst|inst19'
            Info: 6: + IC(0.523 ns) + CELL(0.618 ns) = 6.142 ns; Loc. = LCFF_X21_Y17_N1; Fanout = 6; REG Node = 'cache:inst|lpm_counter1:inst22|lpm_counter:lpm_counter_component|cntr_a2k:auto_generated|safe_q[0]'
            Info: Total cell delay = 3.020 ns ( 49.17 % )
            Info: Total interconnect delay = 3.122 ns ( 50.83 % )
    Info: + Micro clock to output delay of source is 0.094 ns
    Info: + Micro setup delay of destination is 0.090 ns
Info: Clock "clk" has Internal fmax of 58.24 MHz between source register "cache:inst|lpm_counter1:inst22|lpm_counter:lpm_counter_component|cntr_a2k:auto_generated|safe_q[2]" and destination memory "lpm_ram_dq0:inst1|altsyncram:altsyncram_component|altsyncram_l9a1:auto_generated|ram_block1a0~porta_address_reg0" (period= 17.17 ns)
    Info: + Longest register to memory delay is 1.166 ns
        Info: 1: + IC(0.000 ns) + CELL(0.000 ns) = 0.000 ns; Loc. = LCFF_X21_Y17_N5; Fanout = 6; REG Node = 'cache:inst|lpm_counter1:inst22|lpm_counter:lpm_counter_component|cntr_a2k:auto_generated|safe_q[2]'
        Info: 2: + IC(0.244 ns) + CELL(0.053 ns) = 0.297 ns; Loc. = LCCOMB_X21_Y17_N20; Fanout = 2; COMB Node = 'cache:inst|inst26~0'
        Info: 3: + IC(0.202 ns) + CELL(0.053 ns) = 0.552 ns; Loc. = LCCOMB_X21_Y17_N18; Fanout = 2; COMB Node = 'cache:inst|lpm_bustri5:inst125|lpm_bustri:lpm_bustri_component|dout[0]~14'
        Info: 4: + IC(0.511 ns) + CELL(0.103 ns) = 1.166 ns; Loc. = M4K_X20_Y17; Fanout = 5; MEM Node = 'lpm_ram_dq0:inst1|altsyncram:altsyncram_component|altsyncram_l9a1:auto_generated|ram_block1a0~porta_address_reg0'
        Info: Total cell delay = 0.209 ns ( 17.92 % )
        Info: Total interconnect delay = 0.957 ns ( 82.08 % )
    Info: - Smallest clock skew is -7.303 ns
        Info: + Shortest clock path from clock "clk" to destination memory is 2.327 ns
            Info: 1: + IC(0.000 ns) + CELL(0.854 ns) = 0.854 ns; Loc. = PIN_N20; Fanout = 15; CLK Node = 'clk'
            Info: 2: + IC(0.343 ns) + CELL(0.000 ns) = 1.197 ns; Loc. = CLKCTRL_G3; Fanout = 26; COMB Node = 'clk~clkctrl'
            Info: 3: + IC(0.649 ns) + CELL(0.481 ns) = 2.327 ns; Loc. = M4K_X20_Y17; Fanout = 5; MEM Node = 'lpm_ram_dq0:inst1|altsyncram:altsyncram_component|altsyncram_l9a1:auto_generated|ram_block1a0~porta_address_reg0'
            Info: Total cell delay = 1.335 ns ( 57.37 % )
            Info: Total interconnect delay = 0.992 ns ( 42.63 % )
        Info: - Longest clock path from clock "clk" to source register is 9.630 ns
            Info: 1: + IC(0.000 ns) + CELL(0.854 ns) = 0.854 ns; Loc. = PIN_N20; Fanout = 15; CLK Node = 'clk'
            Info: 2: + IC(1.629 ns) + CELL(0.712 ns) = 3.195 ns; Loc. = LCFF_X22_Y17_N7; Fanout = 5; REG Node = 'cache:inst|inst24'
            Info: 3: + IC(0.269 ns) + CELL(0.228 ns) = 3.692 ns; Loc. = LCCOMB_X22_Y17_N4; Fanout = 6; COMB Node = 'cache:inst|inst31'
            Info: 4: + IC(0.227 ns) + CELL(0.712 ns) = 4.631 ns; Loc. = LCFF_X22_Y17_N9; Fanout = 1; REG Node = 'cache:inst|lpm_dff0:inst33|lpm_ff:lpm_ff_component|dffs[4]'
            Info: 5: + IC(0.682 ns) + CELL(0.272 ns) = 5.585 ns; Loc. = LCCOMB_X29_Y17_N12; Fanout = 2; COMB Node = 'cache:inst|inst127~0'
            Info: 6: + IC(0.812 ns) + CELL(0.366 ns) = 6.763 ns; Loc. = LCCOMB_X22_Y17_N30; Fanout = 8; COMB Node = 'cache:inst|inst127~2'
            Info: 7: + IC(0.522 ns) + CELL(0.272 ns) = 7.557 ns; Loc. = LCCOMB_X26_Y17_N8; Fanout = 1; COMB Node = 'cache:inst|inst8'
            Info: 8: + IC(0.220 ns) + CELL(0.712 ns) = 8.489 ns; Loc. = LCFF_X26_Y17_N15; Fanout = 4; REG Node = 'cache:inst|inst19'
            Info: 9: + IC(0.523 ns) + CELL(0.618 ns) = 9.630 ns; Loc. = LCFF_X21_Y17_N5; Fanout = 6; REG Node = 'cache:inst|lpm_counter1:inst22|lpm_counter:lpm_counter_component|cntr_a2k:auto_generated|safe_q[2]'
            Info: Total cell delay = 4.746 ns ( 49.28 % )
            Info: Total interconnect delay = 4.884 ns ( 50.72 % )
    Info: + Micro clock to output delay of source is 0.094 ns
    Info: + Micro setup delay of destination is 0.022 ns
    Info: Delay path is controlled by inverted clocks -- if clock duty cycle is 50%, fmax is divided by two
Info: Clock "address[4]" has Internal fmax of 308.45 MHz between source register "cache:inst|lpm_counter1:inst22|lpm_counter:lpm_counter_component|cntr_a2k:auto_generated|safe_q[0]" and destination register "cache:inst|lpm_counter1:inst22|lpm_counter:lpm_counter_component|cntr_a2k:auto_generated|safe_q[1]" (period= 3.242 ns)
    Info: + Longest register to register delay is 1.968 ns
        Info: 1: + IC(0.000 ns) + CELL(0.000 ns) = 0.000 ns; Loc. = LCFF_X21_Y17_N1; Fanout = 6; REG Node = 'cache:inst|lpm_counter1:inst22|lpm_counter:lpm_counter_component|cntr_a2k:auto_generated|safe_q[0]'
        Info: 2: + IC(0.484 ns) + CELL(0.225 ns) = 0.709 ns; Loc. = LCCOMB_X22_Y17_N6; Fanout = 2; COMB Node = 'cache:inst|lpm_counter1:inst22|lpm_counter:lpm_counter_component|cntr_a2k:auto_generated|cmpr_9dc:cmpr2|aneb_result_wire[0]'
        Info: 3: + IC(0.319 ns) + CELL(0.225 ns) = 1.253 ns; Loc. = LCCOMB_X21_Y17_N28; Fanout = 3; COMB Node = 'cache:inst|lpm_counter1:inst22|lpm_counter:lpm_counter_component|cntr_a2k:auto_generated|cout_actual'
        Info: 4: + IC(0.212 ns) + CELL(0.503 ns) = 1.968 ns; Loc. = LCFF_X21_Y17_N3; Fanout = 6; REG Node = 'cache:inst|lpm_counter1:inst22|lpm_counter:lpm_counter_component|cntr_a2k:auto_generated|safe_q[1]'
        Info: Total cell delay = 0.953 ns ( 48.42 % )
        Info: Total interconnect delay = 1.015 ns ( 51.58 % )
    Info: - Smallest clock skew is -1.090 ns
        Info: + Shortest clock path from clock "address[4]" to destination register is 4.880 ns
            Info: 1: + IC(0.000 ns) + CELL(0.820 ns) = 0.820 ns; Loc. = PIN_K2; Fanout = 9; CLK Node = 'address[4]'
            Info: 2: + IC(1.112 ns) + CELL(0.228 ns) = 2.160 ns; Loc. = LCCOMB_X27_Y17_N4; Fanout = 2; COMB Node = 'cache:inst|inst129~0'
            Info: 3: + IC(0.209 ns) + CELL(0.053 ns) = 2.422 ns; Loc. = LCCOMB_X27_Y17_N14; Fanout = 8; COMB Node = 'cache:inst|inst129~2'
            Info: 4: + IC(0.332 ns) + CELL(0.053 ns) = 2.807 ns; Loc. = LCCOMB_X26_Y17_N8; Fanout = 1; COMB Node = 'cache:inst|inst8'
            Info: 5: + IC(0.220 ns) + CELL(0.712 ns) = 3.739 ns; Loc. = LCFF_X26_Y17_N15; Fanout = 4; REG Node = 'cache:inst|inst19'
            Info: 6: + IC(0.523 ns) + CELL(0.618 ns) = 4.880 ns; Loc. = LCFF_X21_Y17_N3; Fanout = 6; REG Node = 'cache:inst|lpm_counter1:inst22|lpm_counter:lpm_counter_component|cntr_a2k:auto_generated|safe_q[1]'
            Info: Total cell delay = 2.484 ns ( 50.90 % )
            Info: Total interconnect delay = 2.396 ns ( 49.10 % )
        Info: - Longest clock path from clock "address[4]" to source register is 5.970 ns
            Info: 1: + IC(0.000 ns) + CELL(0.820 ns) = 0.820 ns; Loc. = PIN_K2; Fanout = 9; CLK Node = 'address[4]'
            Info: 2: + IC(1.052 ns) + CELL(0.053 ns) = 1.925 ns; Loc. = LCCOMB_X29_Y17_N12; Fanout = 2; COMB Node = 'cache:inst|inst127~0'
            Info: 3: + IC(0.812 ns) + CELL(0.366 ns) = 3.103 ns; Loc. = LCCOMB_X22_Y17_N30; Fanout = 8; COMB Node = 'cache:inst|inst127~2'
            Info: 4: + IC(0.522 ns) + CELL(0.272 ns) = 3.897 ns; Loc. = LCCOMB_X26_Y17_N8; Fanout = 1; COMB Node = 'cache:inst|inst8'
            Info: 5: + IC(0.220 ns) + CELL(0.712 ns) = 4.829 ns; Loc. = LCFF_X26_Y17_N15; Fanout = 4; REG Node = 'cache:inst|inst19'
            Info: 6: + IC(0.523 ns) + CELL(0.618 ns) = 5.970 ns; Loc. = LCFF_X21_Y17_N1; Fanout = 6; REG Node = 'cache:inst|lpm_counter1:inst22|lpm_counter:lpm_counter_component|cntr_a2k:auto_generated|safe_q[0]'
            Info: Total cell delay = 2.841 ns ( 47.59 % )
            Info: Total interconnect delay = 3.129 ns ( 52.41 % )
    Info: + Micro clock to output delay of source is 0.094 ns
    Info: + Micro setup delay of destination is 0.090 ns
Info: Clock "address[5]" has Internal fmax of 371.2 MHz between source register "cache:inst|lpm_counter1:inst22|lpm_counter:lpm_counter_component|cntr_a2k:auto_generated|safe_q[0]" and destination register "cache:inst|lpm_counter1:inst22|lpm_counter:lpm_counter_component|cntr_a2k:auto_generated|safe_q[1]" (period= 2.694 ns)
    Info: + Longest register to register delay is 1.968 ns
        Info: 1: + IC(0.000 ns) + CELL(0.000 ns) = 0.000 ns; Loc. = LCFF_X21_Y17_N1; Fanout = 6; REG Node = 'cache:inst|lpm_counter1:inst22|lpm_counter:lpm_counter_component|cntr_a2k:auto_generated|safe_q[0]'
        Info: 2: + IC(0.484 ns) + CELL(0.225 ns) = 0.709 ns; Loc. = LCCOMB_X22_Y17_N6; Fanout = 2; COMB Node = 'cache:inst|lpm_counter1:inst22|lpm_counter:lpm_counter_component|cntr_a2k:auto_generated|cmpr_9dc:cmpr2|aneb_result_wire[0]'
        Info: 3: + IC(0.319 ns) + CELL(0.225 ns) = 1.253 ns; Loc. = LCCOMB_X21_Y17_N28; Fanout = 3; COMB Node = 'cache:inst|lpm_counter1:inst22|lpm_counter:lpm_counter_component|cntr_a2k:auto_generated|cout_actual'
        Info: 4: + IC(0.212 ns) + CELL(0.503 ns) = 1.968 ns; Loc. = LCFF_X21_Y17_N3; Fanout = 6; REG Node = 'cache:inst|lpm_counter1:inst22|lpm_counter:lpm_counter_component|cntr_a2k:auto_generated|safe_q[1]'
        Info: Total cell delay = 0.953 ns ( 48.42 % )
        Info: Total interconnect delay = 1.015 ns ( 51.58 % )
    Info: - Smallest clock skew is -0.542 ns
        Info: + Shortest clock path from clock "address[5]" to destination register is 5.049 ns
            Info: 1: + IC(0.000 ns) + CELL(0.799 ns) = 0.799 ns; Loc. = PIN_W9; Fanout = 13; CLK Node = 'address[5]'
            Info: 2: + IC(1.520 ns) + CELL(0.272 ns) = 2.591 ns; Loc. = LCCOMB_X27_Y17_N14; Fanout = 8; COMB Node = 'cache:inst|inst129~2'
            Info: 3: + IC(0.332 ns) + CELL(0.053 ns) = 2.976 ns; Loc. = LCCOMB_X26_Y17_N8; Fanout = 1; COMB Node = 'cache:inst|inst8'
            Info: 4: + IC(0.220 ns) + CELL(0.712 ns) = 3.908 ns; Loc. = LCFF_X26_Y17_N15; Fanout = 4; REG Node = 'cache:inst|inst19'
            Info: 5: + IC(0.523 ns) + CELL(0.618 ns) = 5.049 ns; Loc. = LCFF_X21_Y17_N3; Fanout = 6; REG Node = 'cache:inst|lpm_counter1:inst22|lpm_counter:lpm_counter_component|cntr_a2k:auto_generated|safe_q[1]'
            Info: Total cell delay = 2.454 ns ( 48.60 % )
            Info: Total interconnect delay = 2.595 ns ( 51.40 % )
        Info: - Longest clock path from clock "address[5]" to source register is 5.591 ns
            Info: 1: + IC(0.000 ns) + CELL(0.799 ns) = 0.799 ns; Loc. = PIN_W9; Fanout = 13; CLK Node = 'address[5]'
            Info: 2: + IC(1.536 ns) + CELL(0.346 ns) = 2.681 ns; Loc. = LCCOMB_X27_Y17_N28; Fanout = 8; COMB Node = 'cache:inst|inst130~2'
            Info: 3: + IC(0.565 ns) + CELL(0.272 ns) = 3.518 ns; Loc. = LCCOMB_X26_Y17_N8; Fanout = 1; COMB Node = 'cache:inst|inst8'
            Info: 4: + IC(0.220 ns) + CELL(0.712 ns) = 4.450 ns; Loc. = LCFF_X26_Y17_N15; Fanout = 4; REG Node = 'cache:inst|inst19'
            Info: 5: + IC(0.523 ns) + CELL(0.618 ns) = 5.591 ns; Loc. = LCFF_X21_Y17_N1; Fanout = 6; REG Node = 'cache:inst|lpm_counter1:inst22|lpm_counter:lpm_counter_component|cntr_a2k:auto_generated|safe_q[0]'
            Info: Total cell delay = 2.747 ns ( 49.13 % )
            Info: Total interconnect delay = 2.844 ns ( 50.87 % )
    Info: + Micro clock to output delay of source is 0.094 ns
    Info: + Micro setup delay of destination is 0.090 ns
Info: Clock "address[3]" has Internal fmax of 351.0 MHz between source register "cache:inst|lpm_counter1:inst22|lpm_counter:lpm_counter_component|cntr_a2k:auto_generated|safe_q[0]" and destination register "cache:inst|lpm_counter1:inst22|lpm_counter:lpm_counter_component|cntr_a2k:auto_generated|safe_q[1]" (period= 2.849 ns)
    Info: + Longest register to register delay is 1.968 ns
        Info: 1: + IC(0.000 ns) + CELL(0.000 ns) = 0.000 ns; Loc. = LCFF_X21_Y17_N1; Fanout = 6; REG Node = 'cache:inst|lpm_counter1:inst22|lpm_counter:lpm_counter_component|cntr_a2k:auto_generated|safe_q[0]'
        Info: 2: + IC(0.484 ns) + CELL(0.225 ns) = 0.709 ns; Loc. = LCCOMB_X22_Y17_N6; Fanout = 2; COMB Node = 'cache:inst|lpm_counter1:inst22|lpm_counter:lpm_counter_component|cntr_a2k:auto_generated|cmpr_9dc:cmpr2|aneb_result_wire[0]'
        Info: 3: + IC(0.319 ns) + CELL(0.225 ns) = 1.253 ns; Loc. = LCCOMB_X21_Y17_N28; Fanout = 3; COMB Node = 'cache:inst|lpm_counter1:inst22|lpm_counter:lpm_counter_component|cntr_a2k:auto_generated|cout_actual'
        Info: 4: + IC(0.212 ns) + CELL(0.503 ns) = 1.968 ns; Loc. = LCFF_X21_Y17_N3; Fanout = 6; REG Node = 'cache:inst|lpm_counter1:inst22|lpm_counter:lpm_counter_component|cntr_a2k:auto_generated|safe_q[1]'
        Info: Total cell delay = 0.953 ns ( 48.42 % )
        Info: Total interconnect delay = 1.015 ns ( 51.58 % )
    Info: - Smallest clock skew is -0.697 ns
        Info: + Shortest clock path from clock "address[3]" to destination register is 4.883 ns
            Info: 1: + IC(0.000 ns) + CELL(0.820 ns) = 0.820 ns; Loc. = PIN_K1; Fanout = 9; CLK Node = 'address[3]'
            Info: 2: + IC(1.035 ns) + CELL(0.053 ns) = 1.908 ns; Loc. = LCCOMB_X27_Y17_N22; Fanout = 2; COMB Node = 'cache:inst|inst129~1'
            Info: 3: + IC(0.245 ns) + CELL(0.272 ns) = 2.425 ns; Loc. = LCCOMB_X27_Y17_N14; Fanout = 8; COMB Node = 'cache:inst|inst129~2'
            Info: 4: + IC(0.332 ns) + CELL(0.053 ns) = 2.810 ns; Loc. = LCCOMB_X26_Y17_N8; Fanout = 1; COMB Node = 'cache:inst|inst8'
            Info: 5: + IC(0.220 ns) + CELL(0.712 ns) = 3.742 ns; Loc. = LCFF_X26_Y17_N15; Fanout = 4; REG Node = 'cache:inst|inst19'
            Info: 6: + IC(0.523 ns) + CELL(0.618 ns) = 4.883 ns; Loc. = LCFF_X21_Y17_N3; Fanout = 6; REG Node = 'cache:inst|lpm_counter1:inst22|lpm_counter:lpm_counter_component|cntr_a2k:auto_generated|safe_q[1]'
            Info: Total cell delay = 2.528 ns ( 51.77 % )
            Info: Total interconnect delay = 2.355 ns ( 48.23 % )
        Info: - Longest clock path from clock "address[3]" to source register is 5.580 ns
            Info: 1: + IC(0.000 ns) + CELL(0.820 ns) = 0.820 ns; Loc. = PIN_K1; Fanout = 9; CLK Node = 'address[3]'
            Info: 2: + IC(1.031 ns) + CELL(0.053 ns) = 1.904 ns; Loc. = LCCOMB_X29_Y17_N6; Fanout = 2; COMB Node = 'cache:inst|inst130~1'
            Info: 3: + IC(0.538 ns) + CELL(0.228 ns) = 2.670 ns; Loc. = LCCOMB_X27_Y17_N28; Fanout = 8; COMB Node = 'cache:inst|inst130~2'
            Info: 4: + IC(0.565 ns) + CELL(0.272 ns) = 3.507 ns; Loc. = LCCOMB_X26_Y17_N8; Fanout = 1; COMB Node = 'cache:inst|inst8'
            Info: 5: + IC(0.220 ns) + CELL(0.712 ns) = 4.439 ns; Loc. = LCFF_X26_Y17_N15; Fanout = 4; REG Node = 'cache:inst|inst19'
            Info: 6: + IC(0.523 ns) + CELL(0.618 ns) = 5.580 ns; Loc. = LCFF_X21_Y17_N1; Fanout = 6; REG Node = 'cache:inst|lpm_counter1:inst22|lpm_counter:lpm_counter_component|cntr_a2k:auto_generated|safe_q[0]'
            Info: Total cell delay = 2.703 ns ( 48.44 % )
            Info: Total interconnect delay = 2.877 ns ( 51.56 % )
    Info: + Micro clock to output delay of source is 0.094 ns
    Info: + Micro setup delay of destination is 0.090 ns
Info: Clock "address[2]" has Internal fmax of 369.69 MHz between source register "cache:inst|lpm_counter1:inst22|lpm_counter:lpm_counter_component|cntr_a2k:auto_generated|safe_q[0]" and destination register "cache:inst|lpm_counter1:inst22|lpm_counter:lpm_counter_component|cntr_a2k:auto_generated|safe_q[1]" (period= 2.705 ns)
    Info: + Longest register to register delay is 1.968 ns
        Info: 1: + IC(0.000 ns) + CELL(0.000 ns) = 0.000 ns; Loc. = LCFF_X21_Y17_N1; Fanout = 6; REG Node = 'cache:inst|lpm_counter1:inst22|lpm_counter:lpm_counter_component|cntr_a2k:auto_generated|safe_q[0]'
        Info: 2: + IC(0.484 ns) + CELL(0.225 ns) = 0.709 ns; Loc. = LCCOMB_X22_Y17_N6; Fanout = 2; COMB Node = 'cache:inst|lpm_counter1:inst22|lpm_counter:lpm_counter_component|cntr_a2k:auto_generated|cmpr_9dc:cmpr2|aneb_result_wire[0]'
        Info: 3: + IC(0.319 ns) + CELL(0.225 ns) = 1.253 ns; Loc. = LCCOMB_X21_Y17_N28; Fanout = 3; COMB Node = 'cache:inst|lpm_counter1:inst22|lpm_counter:lpm_counter_component|cntr_a2k:auto_generated|cout_actual'
        Info: 4: + IC(0.212 ns) + CELL(0.503 ns) = 1.968 ns; Loc. = LCFF_X21_Y17_N3; Fanout = 6; REG Node = 'cache:inst|lpm_counter1:inst22|lpm_counter:lpm_counter_component|cntr_a2k:auto_generated|safe_q[1]'
        Info: Total cell delay = 0.953 ns ( 48.42 % )
        Info: Total interconnect delay = 1.015 ns ( 51.58 % )
    Info: - Smallest clock skew is -0.553 ns
        Info: + Shortest clock path from clock "address[2]" to destination register is 5.532 ns
            Info: 1: + IC(0.000 ns) + CELL(0.857 ns) = 0.857 ns; Loc. = PIN_B7; Fanout = 9; CLK Node = 'address[2]'
            Info: 2: + IC(1.322 ns) + CELL(0.378 ns) = 2.557 ns; Loc. = LCCOMB_X27_Y17_N22; Fanout = 2; COMB Node = 'cache:inst|inst129~1'
            Info: 3: + IC(0.245 ns) + CELL(0.272 ns) = 3.074 ns; Loc. = LCCOMB_X27_Y17_N14; Fanout = 8; COMB Node = 'cache:inst|inst129~2'
            Info: 4: + IC(0.332 ns) + CELL(0.053 ns) = 3.459 ns; Loc. = LCCOMB_X26_Y17_N8; Fanout = 1; COMB Node = 'cache:inst|inst8'
            Info: 5: + IC(0.220 ns) + CELL(0.712 ns) = 4.391 ns; Loc. = LCFF_X26_Y17_N15; Fanout = 4; REG Node = 'cache:inst|inst19'
            Info: 6: + IC(0.523 ns) + CELL(0.618 ns) = 5.532 ns; Loc. = LCFF_X21_Y17_N3; Fanout = 6; REG Node = 'cache:inst|lpm_counter1:inst22|lpm_counter:lpm_counter_component|cntr_a2k:auto_generated|safe_q[1]'
            Info: Total cell delay = 2.890 ns ( 52.24 % )
            Info: Total interconnect delay = 2.642 ns ( 47.76 % )
        Info: - Longest clock path from clock "address[2]" to source register is 6.085 ns
            Info: 1: + IC(0.000 ns) + CELL(0.857 ns) = 0.857 ns; Loc. = PIN_B7; Fanout = 9; CLK Node = 'address[2]'
            Info: 2: + IC(1.280 ns) + CELL(0.272 ns) = 2.409 ns; Loc. = LCCOMB_X29_Y17_N6; Fanout = 2; COMB Node = 'cache:inst|inst130~1'
            Info: 3: + IC(0.538 ns) + CELL(0.228 ns) = 3.175 ns; Loc. = LCCOMB_X27_Y17_N28; Fanout = 8; COMB Node = 'cache:inst|inst130~2'
            Info: 4: + IC(0.565 ns) + CELL(0.272 ns) = 4.012 ns; Loc. = LCCOMB_X26_Y17_N8; Fanout = 1; COMB Node = 'cache:inst|inst8'
            Info: 5: + IC(0.220 ns) + CELL(0.712 ns) = 4.944 ns; Loc. = LCFF_X26_Y17_N15; Fanout = 4; REG Node = 'cache:inst|inst19'
            Info: 6: + IC(0.523 ns) + CELL(0.618 ns) = 6.085 ns; Loc. = LCFF_X21_Y17_N1; Fanout = 6; REG Node = 'cache:inst|lpm_counter1:inst22|lpm_counter:lpm_counter_component|cntr_a2k:auto_generated|safe_q[0]'
            Info: Total cell delay = 2.959 ns ( 48.63 % )
            Info: Total interconnect delay = 3.126 ns ( 51.37 % )
    Info: + Micro clock to output delay of source is 0.094 ns
    Info: + Micro setup delay of destination is 0.090 ns
Info: No valid register-to-register data paths exist for clock "address[0]"
Info: No valid register-to-register data paths exist for clock "address[1]"
Warning: Circuit may not operate. Detected 7 non-operational path(s) clocked by clock "address[6]" with clock skew larger than data delay. See Compilation Report for details.
Info: Found hold time violation between source  pin or register "cache:inst|inst19" and destination pin or register "cache:inst|inst19" for clock "address[6]" (Hold time is 1.14 ns)
    Info: + Largest clock skew is 1.573 ns
        Info: + Longest clock path from clock "address[6]" to destination register is 4.907 ns
            Info: 1: + IC(0.000 ns) + CELL(0.780 ns) = 0.780 ns; Loc. = PIN_L8; Fanout = 9; CLK Node = 'address[6]'
            Info: 2: + IC(1.045 ns) + CELL(0.272 ns) = 2.097 ns; Loc. = LCCOMB_X29_Y17_N12; Fanout = 2; COMB Node = 'cache:inst|inst127~0'
            Info: 3: + IC(0.812 ns) + CELL(0.366 ns) = 3.275 ns; Loc. = LCCOMB_X22_Y17_N30; Fanout = 8; COMB Node = 'cache:inst|inst127~2'
            Info: 4: + IC(0.522 ns) + CELL(0.272 ns) = 4.069 ns; Loc. = LCCOMB_X26_Y17_N8; Fanout = 1; COMB Node = 'cache:inst|inst8'
            Info: 5: + IC(0.220 ns) + CELL(0.618 ns) = 4.907 ns; Loc. = LCFF_X26_Y17_N15; Fanout = 4; REG Node = 'cache:inst|inst19'
            Info: Total cell delay = 2.308 ns ( 47.03 % )
            Info: Total interconnect delay = 2.599 ns ( 52.97 % )
        Info: - Shortest clock path from clock "address[6]" to source register is 3.334 ns
            Info: 1: + IC(0.000 ns) + CELL(0.780 ns) = 0.780 ns; Loc. = PIN_L8; Fanout = 9; CLK Node = 'address[6]'
            Info: 2: + IC(1.016 ns) + CELL(0.053 ns) = 1.849 ns; Loc. = LCCOMB_X27_Y17_N4; Fanout = 2; COMB Node = 'cache:inst|inst129~0'
            Info: 3: + IC(0.209 ns) + CELL(0.053 ns) = 2.111 ns; Loc. = LCCOMB_X27_Y17_N14; Fanout = 8; COMB Node = 'cache:inst|inst129~2'
            Info: 4: + IC(0.332 ns) + CELL(0.053 ns) = 2.496 ns; Loc. = LCCOMB_X26_Y17_N8; Fanout = 1; COMB Node = 'cache:inst|inst8'
            Info: 5: + IC(0.220 ns) + CELL(0.618 ns) = 3.334 ns; Loc. = LCFF_X26_Y17_N15; Fanout = 4; REG Node = 'cache:inst|inst19'
            Info: Total cell delay = 1.557 ns ( 46.70 % )
            Info: Total interconnect delay = 1.777 ns ( 53.30 % )
    Info: - Micro clock to output delay of source is 0.094 ns
    Info: - Shortest register to register delay is 0.488 ns
        Info: 1: + IC(0.000 ns) + CELL(0.000 ns) = 0.000 ns; Loc. = LCFF_X26_Y17_N15; Fanout = 4; REG Node = 'cache:inst|inst19'
        Info: 2: + IC(0.000 ns) + CELL(0.333 ns) = 0.333 ns; Loc. = LCCOMB_X26_Y17_N14; Fanout = 1; COMB Node = 'cache:inst|inst19~0'
        Info: 3: + IC(0.000 ns) + CELL(0.155 ns) = 0.488 ns; Loc. = LCFF_X26_Y17_N15; Fanout = 4; REG Node = 'cache:inst|inst19'
        Info: Total cell delay = 0.488 ns ( 100.00 % )
    Info: + Micro hold delay of destination is 0.149 ns
Warning: Circuit may not operate. Detected 201 non-operational path(s) clocked by clock "clk" with clock skew larger than data delay. See Compilation Report for details.
Info: Found hold time violation between source  pin or register "lpm_ram_dq0:inst1|altsyncram:altsyncram_component|altsyncram_l9a1:auto_generated|q_a[1]" and destination pin or register "cache:inst|lpm_dff1:inst95|lpm_ff:lpm_ff_component|dffs[1]" for clock "clk" (Hold time is 10.63 ns)
    Info: + Largest clock skew is 12.030 ns
        Info: + Longest clock path from clock "clk" to destination register is 14.348 ns
            Info: 1: + IC(0.000 ns) + CELL(0.854 ns) = 0.854 ns; Loc. = PIN_N20; Fanout = 15; CLK Node = 'clk'
            Info: 2: + IC(1.629 ns) + CELL(0.712 ns) = 3.195 ns; Loc. = LCFF_X22_Y17_N7; Fanout = 5; REG Node = 'cache:inst|inst24'
            Info: 3: + IC(0.269 ns) + CELL(0.228 ns) = 3.692 ns; Loc. = LCCOMB_X22_Y17_N4; Fanout = 6; COMB Node = 'cache:inst|inst31'
            Info: 4: + IC(0.227 ns) + CELL(0.712 ns) = 4.631 ns; Loc. = LCFF_X22_Y17_N9; Fanout = 1; REG Node = 'cache:inst|lpm_dff0:inst33|lpm_ff:lpm_ff_component|dffs[4]'
            Info: 5: + IC(0.682 ns) + CELL(0.272 ns) = 5.585 ns; Loc. = LCCOMB_X29_Y17_N12; Fanout = 2; COMB Node = 'cache:inst|inst127~0'
            Info: 6: + IC(0.812 ns) + CELL(0.366 ns) = 6.763 ns; Loc. = LCCOMB_X22_Y17_N30; Fanout = 8; COMB Node = 'cache:inst|inst127~2'
            Info: 7: + IC(0.522 ns) + CELL(0.272 ns) = 7.557 ns; Loc. = LCCOMB_X26_Y17_N8; Fanout = 1; COMB Node = 'cache:inst|inst8'
            Info: 8: + IC(0.220 ns) + CELL(0.712 ns) = 8.489 ns; Loc. = LCFF_X26_Y17_N15; Fanout = 4; REG Node = 'cache:inst|inst19'
            Info: 9: + IC(0.523 ns) + CELL(0.712 ns) = 9.724 ns; Loc. = LCFF_X21_Y17_N3; Fanout = 6; REG Node = 'cache:inst|lpm_counter1:inst22|lpm_counter:lpm_counter_component|cntr_a2k:auto_generated|safe_q[1]'
            Info: 10: + IC(0.700 ns) + CELL(0.225 ns) = 10.649 ns; Loc. = LCCOMB_X27_Y17_N10; Fanout = 46; COMB Node = 'cache:inst|gdfx_temp0[1]~1'
            Info: 11: + IC(1.801 ns) + CELL(0.272 ns) = 12.722 ns; Loc. = LCCOMB_X23_Y15_N18; Fanout = 5; COMB Node = 'cache:inst|inst96'
            Info: 12: + IC(1.008 ns) + CELL(0.618 ns) = 14.348 ns; Loc. = LCFF_X25_Y15_N25; Fanout = 1; REG Node = 'cache:inst|lpm_dff1:inst95|lpm_ff:lpm_ff_component|dffs[1]'
            Info: Total cell delay = 5.955 ns ( 41.50 % )
            Info: Total interconnect delay = 8.393 ns ( 58.50 % )
        Info: - Shortest clock path from clock "clk" to source memory is 2.318 ns
            Info: 1: + IC(0.000 ns) + CELL(0.854 ns) = 0.854 ns; Loc. = PIN_N20; Fanout = 15; CLK Node = 'clk'
            Info: 2: + IC(0.343 ns) + CELL(0.000 ns) = 1.197 ns; Loc. = CLKCTRL_G3; Fanout = 26; COMB Node = 'clk~clkctrl'
            Info: 3: + IC(0.649 ns) + CELL(0.472 ns) = 2.318 ns; Loc. = M4K_X20_Y17; Fanout = 2; MEM Node = 'lpm_ram_dq0:inst1|altsyncram:altsyncram_component|altsyncram_l9a1:auto_generated|q_a[1]'
            Info: Total cell delay = 1.326 ns ( 57.20 % )
            Info: Total interconnect delay = 0.992 ns ( 42.80 % )
    Info: - Micro clock to output delay of source is 0.136 ns
    Info: - Shortest memory to register delay is 1.413 ns
        Info: 1: + IC(0.000 ns) + CELL(0.051 ns) = 0.051 ns; Loc. = M4K_X20_Y17; Fanout = 2; MEM Node = 'lpm_ram_dq0:inst1|altsyncram:altsyncram_component|altsyncram_l9a1:auto_generated|q_a[1]'
        Info: 2: + IC(0.982 ns) + CELL(0.225 ns) = 1.258 ns; Loc. = LCCOMB_X25_Y15_N24; Fanout = 18; COMB Node = 'cache:inst|lpm_bustri2:inst119|lpm_bustri:lpm_bustri_component|dout[1]~9'
        Info: 3: + IC(0.000 ns) + CELL(0.155 ns) = 1.413 ns; Loc. = LCFF_X25_Y15_N25; Fanout = 1; REG Node = 'cache:inst|lpm_dff1:inst95|lpm_ff:lpm_ff_component|dffs[1]'
        Info: Total cell delay = 0.431 ns ( 30.50 % )
        Info: Total interconnect delay = 0.982 ns ( 69.50 % )
    Info: + Micro hold delay of destination is 0.149 ns
    Info: Delay path is controlled by inverted clocks -- if clock duty cycle is 50%, fmax is divided by two
Warning: Circuit may not operate. Detected 7 non-operational path(s) clocked by clock "address[4]" with clock skew larger than data delay. See Compilation Report for details.
Info: Found hold time violation between source  pin or register "cache:inst|inst19" and destination pin or register "cache:inst|inst19" for clock "address[4]" (Hold time is 657 ps)
    Info: + Largest clock skew is 1.090 ns
        Info: + Longest clock path from clock "address[4]" to destination register is 4.735 ns
            Info: 1: + IC(0.000 ns) + CELL(0.820 ns) = 0.820 ns; Loc. = PIN_K2; Fanout = 9; CLK Node = 'address[4]'
            Info: 2: + IC(1.052 ns) + CELL(0.053 ns) = 1.925 ns; Loc. = LCCOMB_X29_Y17_N12; Fanout = 2; COMB Node = 'cache:inst|inst127~0'
            Info: 3: + IC(0.812 ns) + CELL(0.366 ns) = 3.103 ns; Loc. = LCCOMB_X22_Y17_N30; Fanout = 8; COMB Node = 'cache:inst|inst127~2'
            Info: 4: + IC(0.522 ns) + CELL(0.272 ns) = 3.897 ns; Loc. = LCCOMB_X26_Y17_N8; Fanout = 1; COMB Node = 'cache:inst|inst8'
            Info: 5: + IC(0.220 ns) + CELL(0.618 ns) = 4.735 ns; Loc. = LCFF_X26_Y17_N15; Fanout = 4; REG Node = 'cache:inst|inst19'
            Info: Total cell delay = 2.129 ns ( 44.96 % )
            Info: Total interconnect delay = 2.606 ns ( 55.04 % )
        Info: - Shortest clock path from clock "address[4]" to source register is 3.645 ns
            Info: 1: + IC(0.000 ns) + CELL(0.820 ns) = 0.820 ns; Loc. = PIN_K2; Fanout = 9; CLK Node = 'address[4]'
            Info: 2: + IC(1.112 ns) + CELL(0.228 ns) = 2.160 ns; Loc. = LCCOMB_X27_Y17_N4; Fanout = 2; COMB Node = 'cache:inst|inst129~0'
            Info: 3: + IC(0.209 ns) + CELL(0.053 ns) = 2.422 ns; Loc. = LCCOMB_X27_Y17_N14; Fanout = 8; COMB Node = 'cache:inst|inst129~2'
            Info: 4: + IC(0.332 ns) + CELL(0.053 ns) = 2.807 ns; Loc. = LCCOMB_X26_Y17_N8; Fanout = 1; COMB Node = 'cache:inst|inst8'
            Info: 5: + IC(0.220 ns) + CELL(0.618 ns) = 3.645 ns; Loc. = LCFF_X26_Y17_N15; Fanout = 4; REG Node = 'cache:inst|inst19'
            Info: Total cell delay = 1.772 ns ( 48.61 % )
            Info: Total interconnect delay = 1.873 ns ( 51.39 % )
    Info: - Micro clock to output delay of source is 0.094 ns
    Info: - Shortest register to register delay is 0.488 ns
        Info: 1: + IC(0.000 ns) + CELL(0.000 ns) = 0.000 ns; Loc. = LCFF_X26_Y17_N15; Fanout = 4; REG Node = 'cache:inst|inst19'
        Info: 2: + IC(0.000 ns) + CELL(0.333 ns) = 0.333 ns; Loc. = LCCOMB_X26_Y17_N14; Fanout = 1; COMB Node = 'cache:inst|inst19~0'
        Info: 3: + IC(0.000 ns) + CELL(0.155 ns) = 0.488 ns; Loc. = LCFF_X26_Y17_N15; Fanout = 4; REG Node = 'cache:inst|inst19'
        Info: Total cell delay = 0.488 ns ( 100.00 % )
    Info: + Micro hold delay of destination is 0.149 ns
Warning: Circuit may not operate. Detected 1 non-operational path(s) clocked by clock "address[5]" with clock skew larger than data delay. See Compilation Report for details.
Info: Found hold time violation between source  pin or register "cache:inst|inst19" and destination pin or register "cache:inst|inst19" for clock "address[5]" (Hold time is 109 ps)
    Info: + Largest clock skew is 0.542 ns
        Info: + Longest clock path from clock "address[5]" to destination register is 4.356 ns
            Info: 1: + IC(0.000 ns) + CELL(0.799 ns) = 0.799 ns; Loc. = PIN_W9; Fanout = 13; CLK Node = 'address[5]'
            Info: 2: + IC(1.536 ns) + CELL(0.346 ns) = 2.681 ns; Loc. = LCCOMB_X27_Y17_N28; Fanout = 8; COMB Node = 'cache:inst|inst130~2'
            Info: 3: + IC(0.565 ns) + CELL(0.272 ns) = 3.518 ns; Loc. = LCCOMB_X26_Y17_N8; Fanout = 1; COMB Node = 'cache:inst|inst8'
            Info: 4: + IC(0.220 ns) + CELL(0.618 ns) = 4.356 ns; Loc. = LCFF_X26_Y17_N15; Fanout = 4; REG Node = 'cache:inst|inst19'
            Info: Total cell delay = 2.035 ns ( 46.72 % )
            Info: Total interconnect delay = 2.321 ns ( 53.28 % )
        Info: - Shortest clock path from clock "address[5]" to source register is 3.814 ns
            Info: 1: + IC(0.000 ns) + CELL(0.799 ns) = 0.799 ns; Loc. = PIN_W9; Fanout = 13; CLK Node = 'address[5]'
            Info: 2: + IC(1.520 ns) + CELL(0.272 ns) = 2.591 ns; Loc. = LCCOMB_X27_Y17_N14; Fanout = 8; COMB Node = 'cache:inst|inst129~2'
            Info: 3: + IC(0.332 ns) + CELL(0.053 ns) = 2.976 ns; Loc. = LCCOMB_X26_Y17_N8; Fanout = 1; COMB Node = 'cache:inst|inst8'
            Info: 4: + IC(0.220 ns) + CELL(0.618 ns) = 3.814 ns; Loc. = LCFF_X26_Y17_N15; Fanout = 4; REG Node = 'cache:inst|inst19'
            Info: Total cell delay = 1.742 ns ( 45.67 % )
            Info: Total interconnect delay = 2.072 ns ( 54.33 % )
    Info: - Micro clock to output delay of source is 0.094 ns
    Info: - Shortest register to register delay is 0.488 ns
        Info: 1: + IC(0.000 ns) + CELL(0.000 ns) = 0.000 ns; Loc. = LCFF_X26_Y17_N15; Fanout = 4; REG Node = 'cache:inst|inst19'
        Info: 2: + IC(0.000 ns) + CELL(0.333 ns) = 0.333 ns; Loc. = LCCOMB_X26_Y17_N14; Fanout = 1; COMB Node = 'cache:inst|inst19~0'
        Info: 3: + IC(0.000 ns) + CELL(0.155 ns) = 0.488 ns; Loc. = LCFF_X26_Y17_N15; Fanout = 4; REG Node = 'cache:inst|inst19'
        Info: Total cell delay = 0.488 ns ( 100.00 % )
    Info: + Micro hold delay of destination is 0.149 ns
Warning: Circuit may not operate. Detected 7 non-operational path(s) clocked by clock "address[3]" with clock skew larger than data delay. See Compilation Report for details.
Info: Found hold time violation between source  pin or register "cache:inst|inst19" and destination pin or register "cache:inst|inst19" for clock "address[3]" (Hold time is 264 ps)
    Info: + Largest clock skew is 0.697 ns
        Info: + Longest clock path from clock "address[3]" to destination register is 4.345 ns
            Info: 1: + IC(0.000 ns) + CELL(0.820 ns) = 0.820 ns; Loc. = PIN_K1; Fanout = 9; CLK Node = 'address[3]'
            Info: 2: + IC(1.031 ns) + CELL(0.053 ns) = 1.904 ns; Loc. = LCCOMB_X29_Y17_N6; Fanout = 2; COMB Node = 'cache:inst|inst130~1'
            Info: 3: + IC(0.538 ns) + CELL(0.228 ns) = 2.670 ns; Loc. = LCCOMB_X27_Y17_N28; Fanout = 8; COMB Node = 'cache:inst|inst130~2'
            Info: 4: + IC(0.565 ns) + CELL(0.272 ns) = 3.507 ns; Loc. = LCCOMB_X26_Y17_N8; Fanout = 1; COMB Node = 'cache:inst|inst8'
            Info: 5: + IC(0.220 ns) + CELL(0.618 ns) = 4.345 ns; Loc. = LCFF_X26_Y17_N15; Fanout = 4; REG Node = 'cache:inst|inst19'
            Info: Total cell delay = 1.991 ns ( 45.82 % )
            Info: Total interconnect delay = 2.354 ns ( 54.18 % )
        Info: - Shortest clock path from clock "address[3]" to source register is 3.648 ns
            Info: 1: + IC(0.000 ns) + CELL(0.820 ns) = 0.820 ns; Loc. = PIN_K1; Fanout = 9; CLK Node = 'address[3]'
            Info: 2: + IC(1.035 ns) + CELL(0.053 ns) = 1.908 ns; Loc. = LCCOMB_X27_Y17_N22; Fanout = 2; COMB Node = 'cache:inst|inst129~1'
            Info: 3: + IC(0.245 ns) + CELL(0.272 ns) = 2.425 ns; Loc. = LCCOMB_X27_Y17_N14; Fanout = 8; COMB Node = 'cache:inst|inst129~2'
            Info: 4: + IC(0.332 ns) + CELL(0.053 ns) = 2.810 ns; Loc. = LCCOMB_X26_Y17_N8; Fanout = 1; COMB Node = 'cache:inst|inst8'
            Info: 5: + IC(0.220 ns) + CELL(0.618 ns) = 3.648 ns; Loc. = LCFF_X26_Y17_N15; Fanout = 4; REG Node = 'cache:inst|inst19'
            Info: Total cell delay = 1.816 ns ( 49.78 % )
            Info: Total interconnect delay = 1.832 ns ( 50.22 % )
    Info: - Micro clock to output delay of source is 0.094 ns
    Info: - Shortest register to register delay is 0.488 ns
        Info: 1: + IC(0.000 ns) + CELL(0.000 ns) = 0.000 ns; Loc. = LCFF_X26_Y17_N15; Fanout = 4; REG Node = 'cache:inst|inst19'
        Info: 2: + IC(0.000 ns) + CELL(0.333 ns) = 0.333 ns; Loc. = LCCOMB_X26_Y17_N14; Fanout = 1; COMB Node = 'cache:inst|inst19~0'
        Info: 3: + IC(0.000 ns) + CELL(0.155 ns) = 0.488 ns; Loc. = LCFF_X26_Y17_N15; Fanout = 4; REG Node = 'cache:inst|inst19'
        Info: Total cell delay = 0.488 ns ( 100.00 % )
    Info: + Micro hold delay of destination is 0.149 ns
Warning: Circuit may not operate. Detected 1 non-operational path(s) clocked by clock "address[2]" with clock skew larger than data delay. See Compilation Report for details.
Info: Found hold time violation between source  pin or register "cache:inst|inst19" and destination pin or register "cache:inst|inst19" for clock "address[2]" (Hold time is 120 ps)
    Info: + Largest clock skew is 0.553 ns
        Info: + Longest clock path from clock "address[2]" to destination register is 4.850 ns
            Info: 1: + IC(0.000 ns) + CELL(0.857 ns) = 0.857 ns; Loc. = PIN_B7; Fanout = 9; CLK Node = 'address[2]'
            Info: 2: + IC(1.280 ns) + CELL(0.272 ns) = 2.409 ns; Loc. = LCCOMB_X29_Y17_N6; Fanout = 2; COMB Node = 'cache:inst|inst130~1'
            Info: 3: + IC(0.538 ns) + CELL(0.228 ns) = 3.175 ns; Loc. = LCCOMB_X27_Y17_N28; Fanout = 8; COMB Node = 'cache:inst|inst130~2'
            Info: 4: + IC(0.565 ns) + CELL(0.272 ns) = 4.012 ns; Loc. = LCCOMB_X26_Y17_N8; Fanout = 1; COMB Node = 'cache:inst|inst8'
            Info: 5: + IC(0.220 ns) + CELL(0.618 ns) = 4.850 ns; Loc. = LCFF_X26_Y17_N15; Fanout = 4; REG Node = 'cache:inst|inst19'
            Info: Total cell delay = 2.247 ns ( 46.33 % )
            Info: Total interconnect delay = 2.603 ns ( 53.67 % )
        Info: - Shortest clock path from clock "address[2]" to source register is 4.297 ns
            Info: 1: + IC(0.000 ns) + CELL(0.857 ns) = 0.857 ns; Loc. = PIN_B7; Fanout = 9; CLK Node = 'address[2]'
            Info: 2: + IC(1.322 ns) + CELL(0.378 ns) = 2.557 ns; Loc. = LCCOMB_X27_Y17_N22; Fanout = 2; COMB Node = 'cache:inst|inst129~1'
            Info: 3: + IC(0.245 ns) + CELL(0.272 ns) = 3.074 ns; Loc. = LCCOMB_X27_Y17_N14; Fanout = 8; COMB Node = 'cache:inst|inst129~2'
            Info: 4: + IC(0.332 ns) + CELL(0.053 ns) = 3.459 ns; Loc. = LCCOMB_X26_Y17_N8; Fanout = 1; COMB Node = 'cache:inst|inst8'
            Info: 5: + IC(0.220 ns) + CELL(0.618 ns) = 4.297 ns; Loc. = LCFF_X26_Y17_N15; Fanout = 4; REG Node = 'cache:inst|inst19'
            Info: Total cell delay = 2.178 ns ( 50.69 % )
            Info: Total interconnect delay = 2.119 ns ( 49.31 % )
    Info: - Micro clock to output delay of source is 0.094 ns
    Info: - Shortest register to register delay is 0.488 ns
        Info: 1: + IC(0.000 ns) + CELL(0.000 ns) = 0.000 ns; Loc. = LCFF_X26_Y17_N15; Fanout = 4; REG Node = 'cache:inst|inst19'
        Info: 2: + IC(0.000 ns) + CELL(0.333 ns) = 0.333 ns; Loc. = LCCOMB_X26_Y17_N14; Fanout = 1; COMB Node = 'cache:inst|inst19~0'
        Info: 3: + IC(0.000 ns) + CELL(0.155 ns) = 0.488 ns; Loc. = LCFF_X26_Y17_N15; Fanout = 4; REG Node = 'cache:inst|inst19'
        Info: Total cell delay = 0.488 ns ( 100.00 % )
    Info: + Micro hold delay of destination is 0.149 ns
Info: tsu for memory "lpm_ram_dq0:inst1|altsyncram:altsyncram_component|altsyncram_l9a1:auto_generated|ram_block1a0~porta_datain_reg0" (data pin = "write_data[0]", clock pin = "clk") is 4.140 ns
    Info: + Longest pin to memory delay is 6.445 ns
        Info: 1: + IC(0.000 ns) + CELL(0.854 ns) = 0.854 ns; Loc. = PIN_N3; Fanout = 1; PIN Node = 'write_data[0]'
        Info: 2: + IC(4.403 ns) + CELL(0.053 ns) = 5.310 ns; Loc. = LCCOMB_X25_Y15_N26; Fanout = 18; COMB Node = 'cache:inst|lpm_bustri2:inst119|lpm_bustri:lpm_bustri_component|dout[0]~10'
        Info: 3: + IC(1.039 ns) + CELL(0.096 ns) = 6.445 ns; Loc. = M4K_X20_Y17; Fanout = 1; MEM Node = 'lpm_ram_dq0:inst1|altsyncram:altsyncram_component|altsyncram_l9a1:auto_generated|ram_block1a0~porta_datain_reg0'
        Info: Total cell delay = 1.003 ns ( 15.56 % )
        Info: Total interconnect delay = 5.442 ns ( 84.44 % )
    Info: + Micro setup delay of destination is 0.022 ns
    Info: - Shortest clock path from clock "clk" to destination memory is 2.327 ns
        Info: 1: + IC(0.000 ns) + CELL(0.854 ns) = 0.854 ns; Loc. = PIN_N20; Fanout = 15; CLK Node = 'clk'
        Info: 2: + IC(0.343 ns) + CELL(0.000 ns) = 1.197 ns; Loc. = CLKCTRL_G3; Fanout = 26; COMB Node = 'clk~clkctrl'
        Info: 3: + IC(0.649 ns) + CELL(0.481 ns) = 2.327 ns; Loc. = M4K_X20_Y17; Fanout = 1; MEM Node = 'lpm_ram_dq0:inst1|altsyncram:altsyncram_component|altsyncram_l9a1:auto_generated|ram_block1a0~porta_datain_reg0'
        Info: Total cell delay = 1.335 ns ( 57.37 % )
        Info: Total interconnect delay = 0.992 ns ( 42.63 % )
Info: tco from clock "clk" to destination pin "cache_data[0]" through register "cache:inst|lpm_dff1:inst59|lpm_ff:lpm_ff_component|dffs[0]" is 20.921 ns
    Info: + Longest clock path from clock "clk" to source register is 14.944 ns
        Info: 1: + IC(0.000 ns) + CELL(0.854 ns) = 0.854 ns; Loc. = PIN_N20; Fanout = 15; CLK Node = 'clk'
        Info: 2: + IC(1.629 ns) + CELL(0.712 ns) = 3.195 ns; Loc. = LCFF_X22_Y17_N7; Fanout = 5; REG Node = 'cache:inst|inst24'
        Info: 3: + IC(0.269 ns) + CELL(0.228 ns) = 3.692 ns; Loc. = LCCOMB_X22_Y17_N4; Fanout = 6; COMB Node = 'cache:inst|inst31'
        Info: 4: + IC(0.227 ns) + CELL(0.712 ns) = 4.631 ns; Loc. = LCFF_X22_Y17_N9; Fanout = 1; REG Node = 'cache:inst|lpm_dff0:inst33|lpm_ff:lpm_ff_component|dffs[4]'
        Info: 5: + IC(0.682 ns) + CELL(0.272 ns) = 5.585 ns; Loc. = LCCOMB_X29_Y17_N12; Fanout = 2; COMB Node = 'cache:inst|inst127~0'
        Info: 6: + IC(0.812 ns) + CELL(0.366 ns) = 6.763 ns; Loc. = LCCOMB_X22_Y17_N30; Fanout = 8; COMB Node = 'cache:inst|inst127~2'
        Info: 7: + IC(0.522 ns) + CELL(0.272 ns) = 7.557 ns; Loc. = LCCOMB_X26_Y17_N8; Fanout = 1; COMB Node = 'cache:inst|inst8'
        Info: 8: + IC(0.220 ns) + CELL(0.712 ns) = 8.489 ns; Loc. = LCFF_X26_Y17_N15; Fanout = 4; REG Node = 'cache:inst|inst19'
        Info: 9: + IC(0.523 ns) + CELL(0.712 ns) = 9.724 ns; Loc. = LCFF_X21_Y17_N3; Fanout = 6; REG Node = 'cache:inst|lpm_counter1:inst22|lpm_counter:lpm_counter_component|cntr_a2k:auto_generated|safe_q[1]'
        Info: 10: + IC(0.700 ns) + CELL(0.225 ns) = 10.649 ns; Loc. = LCCOMB_X27_Y17_N10; Fanout = 46; COMB Node = 'cache:inst|gdfx_temp0[1]~1'
        Info: 11: + IC(0.947 ns) + CELL(0.366 ns) = 11.962 ns; Loc. = LCCOMB_X23_Y15_N6; Fanout = 1; COMB Node = 'cache:inst|inst60'
        Info: 12: + IC(1.710 ns) + CELL(0.000 ns) = 13.672 ns; Loc. = CLKCTRL_G12; Fanout = 5; COMB Node = 'cache:inst|inst60~clkctrl'
        Info: 13: + IC(0.654 ns) + CELL(0.618 ns) = 14.944 ns; Loc. = LCFF_X26_Y18_N25; Fanout = 1; REG Node = 'cache:inst|lpm_dff1:inst59|lpm_ff:lpm_ff_component|dffs[0]'
        Info: Total cell delay = 6.049 ns ( 40.48 % )
        Info: Total interconnect delay = 8.895 ns ( 59.52 % )
    Info: + Micro clock to output delay of source is 0.094 ns
    Info: + Longest register to pin delay is 5.883 ns
        Info: 1: + IC(0.000 ns) + CELL(0.000 ns) = 0.000 ns; Loc. = LCFF_X26_Y18_N25; Fanout = 1; REG Node = 'cache:inst|lpm_dff1:inst59|lpm_ff:lpm_ff_component|dffs[0]'
        Info: 2: + IC(0.630 ns) + CELL(0.378 ns) = 1.008 ns; Loc. = LCCOMB_X26_Y15_N28; Fanout = 1; COMB Node = 'cache:inst|lpm_bustri1:inst57|lpm_bustri:lpm_bustri_component|dout[0]~34'
        Info: 3: + IC(0.819 ns) + CELL(0.272 ns) = 2.099 ns; Loc. = LCCOMB_X26_Y18_N4; Fanout = 1; COMB Node = 'cache:inst|lpm_bustri1:inst57|lpm_bustri:lpm_bustri_component|dout[0]~36'
        Info: 4: + IC(1.748 ns) + CELL(2.036 ns) = 5.883 ns; Loc. = PIN_V9; Fanout = 0; PIN Node = 'cache_data[0]'
        Info: Total cell delay = 2.686 ns ( 45.66 % )
        Info: Total interconnect delay = 3.197 ns ( 54.34 % )
Info: Longest tpd from source pin "address[6]" to destination pin "cache_data[0]" is 13.907 ns
    Info: 1: + IC(0.000 ns) + CELL(0.780 ns) = 0.780 ns; Loc. = PIN_L8; Fanout = 9; CLK Node = 'address[6]'
    Info: 2: + IC(1.045 ns) + CELL(0.272 ns) = 2.097 ns; Loc. = LCCOMB_X29_Y17_N12; Fanout = 2; COMB Node = 'cache:inst|inst127~0'
    Info: 3: + IC(0.812 ns) + CELL(0.366 ns) = 3.275 ns; Loc. = LCCOMB_X22_Y17_N30; Fanout = 8; COMB Node = 'cache:inst|inst127~2'
    Info: 4: + IC(1.430 ns) + CELL(0.225 ns) = 4.930 ns; Loc. = LCCOMB_X26_Y17_N30; Fanout = 5; COMB Node = 'cache:inst|inst128'
    Info: 5: + IC(1.412 ns) + CELL(0.228 ns) = 6.570 ns; Loc. = LCCOMB_X27_Y17_N30; Fanout = 46; COMB Node = 'cache:inst|gdfx_temp0[0]~0'
    Info: 6: + IC(1.914 ns) + CELL(0.053 ns) = 8.537 ns; Loc. = LCCOMB_X27_Y16_N16; Fanout = 1; COMB Node = 'cache:inst|lpm_bustri1:inst57|lpm_bustri:lpm_bustri_component|dout[0]~35'
    Info: 7: + IC(1.208 ns) + CELL(0.378 ns) = 10.123 ns; Loc. = LCCOMB_X26_Y18_N4; Fanout = 1; COMB Node = 'cache:inst|lpm_bustri1:inst57|lpm_bustri:lpm_bustri_component|dout[0]~36'
    Info: 8: + IC(1.748 ns) + CELL(2.036 ns) = 13.907 ns; Loc. = PIN_V9; Fanout = 0; PIN Node = 'cache_data[0]'
    Info: Total cell delay = 4.338 ns ( 31.19 % )
    Info: Total interconnect delay = 9.569 ns ( 68.81 % )
Info: th for register "cache:inst|lpm_dff1:inst95|lpm_ff:lpm_ff_component|dffs[2]" (data pin = "write_data[2]", clock pin = "clk") is 12.112 ns
    Info: + Longest clock path from clock "clk" to destination register is 14.348 ns
        Info: 1: + IC(0.000 ns) + CELL(0.854 ns) = 0.854 ns; Loc. = PIN_N20; Fanout = 15; CLK Node = 'clk'
        Info: 2: + IC(1.629 ns) + CELL(0.712 ns) = 3.195 ns; Loc. = LCFF_X22_Y17_N7; Fanout = 5; REG Node = 'cache:inst|inst24'
        Info: 3: + IC(0.269 ns) + CELL(0.228 ns) = 3.692 ns; Loc. = LCCOMB_X22_Y17_N4; Fanout = 6; COMB Node = 'cache:inst|inst31'
        Info: 4: + IC(0.227 ns) + CELL(0.712 ns) = 4.631 ns; Loc. = LCFF_X22_Y17_N9; Fanout = 1; REG Node = 'cache:inst|lpm_dff0:inst33|lpm_ff:lpm_ff_component|dffs[4]'
        Info: 5: + IC(0.682 ns) + CELL(0.272 ns) = 5.585 ns; Loc. = LCCOMB_X29_Y17_N12; Fanout = 2; COMB Node = 'cache:inst|inst127~0'
        Info: 6: + IC(0.812 ns) + CELL(0.366 ns) = 6.763 ns; Loc. = LCCOMB_X22_Y17_N30; Fanout = 8; COMB Node = 'cache:inst|inst127~2'
        Info: 7: + IC(0.522 ns) + CELL(0.272 ns) = 7.557 ns; Loc. = LCCOMB_X26_Y17_N8; Fanout = 1; COMB Node = 'cache:inst|inst8'
        Info: 8: + IC(0.220 ns) + CELL(0.712 ns) = 8.489 ns; Loc. = LCFF_X26_Y17_N15; Fanout = 4; REG Node = 'cache:inst|inst19'
        Info: 9: + IC(0.523 ns) + CELL(0.712 ns) = 9.724 ns; Loc. = LCFF_X21_Y17_N3; Fanout = 6; REG Node = 'cache:inst|lpm_counter1:inst22|lpm_counter:lpm_counter_component|cntr_a2k:auto_generated|safe_q[1]'
        Info: 10: + IC(0.700 ns) + CELL(0.225 ns) = 10.649 ns; Loc. = LCCOMB_X27_Y17_N10; Fanout = 46; COMB Node = 'cache:inst|gdfx_temp0[1]~1'
        Info: 11: + IC(1.801 ns) + CELL(0.272 ns) = 12.722 ns; Loc. = LCCOMB_X23_Y15_N18; Fanout = 5; COMB Node = 'cache:inst|inst96'
        Info: 12: + IC(1.008 ns) + CELL(0.618 ns) = 14.348 ns; Loc. = LCFF_X25_Y15_N3; Fanout = 1; REG Node = 'cache:inst|lpm_dff1:inst95|lpm_ff:lpm_ff_component|dffs[2]'
        Info: Total cell delay = 5.955 ns ( 41.50 % )
        Info: Total interconnect delay = 8.393 ns ( 58.50 % )
    Info: + Micro hold delay of destination is 0.149 ns
    Info: - Shortest pin to register delay is 2.385 ns
        Info: 1: + IC(0.000 ns) + CELL(0.864 ns) = 0.864 ns; Loc. = PIN_M2; Fanout = 1; PIN Node = 'write_data[2]'
        Info: 2: + IC(1.313 ns) + CELL(0.053 ns) = 2.230 ns; Loc. = LCCOMB_X25_Y15_N2; Fanout = 18; COMB Node = 'cache:inst|lpm_bustri2:inst119|lpm_bustri:lpm_bustri_component|dout[2]~8'
        Info: 3: + IC(0.000 ns) + CELL(0.155 ns) = 2.385 ns; Loc. = LCFF_X25_Y15_N3; Fanout = 1; REG Node = 'cache:inst|lpm_dff1:inst95|lpm_ff:lpm_ff_component|dffs[2]'
        Info: Total cell delay = 1.072 ns ( 44.95 % )
        Info: Total interconnect delay = 1.313 ns ( 55.05 % )
Info: Quartus II Classic Timing Analyzer was successful. 0 errors, 8 warnings
    Info: Peak virtual memory: 190 megabytes
    Info: Processing ended: Thu Mar 21 19:26:34 2024
    Info: Elapsed time: 00:00:00
    Info: Total CPU time (on all processors): 00:00:01


